0.0044313284614542,-0.0087883858723366,0.0129990926512318,-0.00864653805688409,0.0171531540370626,-0.0169960663266515,0.0253860186319606,-0.0207199457639335,-0.0332251395315059,0.0125670487918931,-0.0249769972915194,0.0241245839307228,-0.0405767713144181,0.0371105464452309,-0.0489766526826999,0.047398207578,-0.0271866158491594,0.0612514000973608,-0.0165475746427313,0.0537602416239503,-0.0296748900309942,0.0299261766511082,-0.0833009994912993,0.0110652459470489,-0.0600669047601047,0.0693748983550906,-0.0701789363314103,0.0324604932502569,-0.0766407124339646,0.0689900679933288,-0.017716106895367,-0.0798334977855056,0.0824862300527153,-0.0288681607975851,-0.0351841177534913,0.05809808894603,0.083548004039223,-0.0845038951955933,-0.067536528680583,0.0654889423613622,-0.0772731960908728,-0.0399408360384959,-0.0696494549254378,0.0827015772386807,-0.0840290133956887,-0.0193576711838564,-0.0359176577783332,0.0611823550135717,0.0589946282796429,0.0695287362392878,-0.0618414858300586,0.0945366174517376,0.0343723176893966,0.0408327086965566,0.0319024260901037,0.0142415751433988,0.0270242795027355,-0.0717944001195906,-0.028239472987586,0.0805324931901326,0.0417541856194876,-0.00723782937222161,-0.0469150144146102,-0.080716820967411,0.0505837968790815,-0.0545544725589972,0.0785932501651728,0.0650027331437197,-0.0664213173476566,0.0519652891629384,-0.0477682118099094,0.077151674981047,-0.0382750022406381,-0.0382443523034334,-0.106435090814228,0.106474796666521,-0.086561946065016,0.145056051258717,-0.1444711726496,0.0944911182523053,-0.100803521208413,0.0545466161201534,-0.105391147968649,0.017062830409428,-0.0949586565330496,0.000887624417891016,-0.108175502967153,-0.115473670276756,0.0282836458537573,-0.0392997675027722,-0.0132175810282802,-0.0722258180652151,0.0123460579491657,0.057705692366311,-0.0901077245256987,-0.109108945117997,0.0336123046621237,0.0197103171362111,0.0955849315752084,-0.100974969396099,-0.00754523838681687,-0.0600325432548414,-0.0378632699323422,-0.00717051945644912,0.0651159933466753,0.0168465719225394,-0.103069646931029,-0.0390103733157866,-0.0756021405797539,0.0540155721080995,0.108175502967154,-0.158918885145074,-0.0722778139352282,-0.0743979952634678,0.079483900570721,0.0685865970986275,-0.0994647950319998,0.00309128666921832,0.155554730404336,0.105391147968628,-0.0822306451670763,-0.0709095927702581,0.0247929348297983,0.077424397352459,0.157485096036644,-0.0950051782395337,-0.0475422352362587,0.147604283806214,-0.100803521208417,0.102711779271114,-0.15511894155758,-0.00918546362470764,-0.0370154774238141,-0.0794601269622861,0.138205255789212,-0.0944911182523069,0.0107574691197033,0.143043893009877,-0.0958593168019998,-0.128187148858064,0.127136830731232,-0.130550687218315,0.0865619460650106,-0.121027924528918,0.105493303285266,-0.114454651043671,0.118031429051085,-0.0769110512680923,0.0771516749810427,-0.194191683927505,0.190708223984633,0.105773208797215,-0.10039780191833,0.0664213173476668,-0.0943627872034642,0.0853737149925273,-0.0846496270610133,0.054554472558996,-0.0963702336072448,0.0778881868103651,-0.0700461530827072,0.0417541856194891,-0.0556477326265053,0.0455869437815714,-0.0282394729875855,0.0300181323885353,-0.0142415751433985,-0
0.00673373924799274,-0.0130458612282349,0.0185556192087551,-0.0133476043806459,0.0258518260329442,-0.0229618128330581,0.0367536171465442,-0.0260775701666757,-0.0454598874366301,0.0199009582472869,-0.0385736527062141,0.0278607762610543,-0.05162212245953,0.0549550868524195,-0.0683833691674715,0.0552195865720653,-0.0284425324500821,0.0795158893656938,-0.0267494092946808,0.0566832270709807,-0.0477389639278383,0.0281635188232538,-0.104736287482471,0.0275831642613755,-0.0572525570517946,0.0952034270082515,-0.0699810972450114,0.0276533030625715,-0.0983138417793618,0.0623681341021267,-0.0311851594811741,-0.0700470719842863,0.0961050525739064,-0.0546161304293304,-0.0281109314355007,0.0892862446091738,0.0866400218043857,-0.0635420495441437,-0.0502978607269484,0.101037457048599,-0.070378383027045,-0.0333565843448703,-0.104427116921697,0.0527427622471997,-0.0687199500891028,-0.0369469855297983,-0.0691486978841555,0.0489859017042012,0.0904462861890439,0.0379436338834506,-0.103553776617875,0.0837076133724405,0.0248722961539889,0.0198278016243624,0.016829162369894,0.0282394729875811,0.0534408177979119,-0.120490056497232,-0.0545544725590021,0.0698935523176767,0.0771516749810429,-0.0230584769887364,-0.0386225167923774,-0.128101748159364,0.0467659600908779,-0.0944911182523061,0.117495379788038,0.0691149498359847,-0.105391147968619,0.074325682659211,-0.0507248224427245,0.109108945117997,-0.0318385270858124,-0.0318279663642759,-0.0918711496154709,0.0918026853377314,-0.10539114796863,0.135835289350585,-0.133815214656683,0.0944911182523055,-0.0771516749810451,0.0220091050378478,-0.0545544725590063,-0.0113944317759933,-0.0258094482901106,-0.0337060988975546,-0.0282394729875833,-0.00282856653371369,0.0501569292500813,0.00936644527265633,0.0248610975926593,0.0227257189774989,-0.0473694636679567,0.0551056222009188,0.0491851277531905,1.53364363288806e-15,-0.0354448501647956,-0.0104374824674793,-0.0443233217794025,-0.0324457496984113,-0.0610443275207969,0.0676554099704411,0.0209914497388943,-0.0789391370119898,0.0749869911230357,-0.0463411698824577,0.0771565258161644,-0.0601620376332228,0.0936468215448084,-0.0316817657831401,-0.028239472987585,0.00343973405478859,-0.0429864533648332,0.113074805385523,-0.110649533295334,-0.0425525161376445,0.00626894185325384,0.112488797321534,-0.0643931663583712,-0.0545544725589951,0.0540725370517556,0.115717699011333,-0.055038413742474,0.0763240640819112,-0.0309121151585831,0.0674028139356009,0.105272941677582,-0.10085889413825,0.0771516749810485,-0.0825257691308784,0.0933447073366093,0.0776348255683582,-0.0375339948063413,0.0845436209111163,-0.125791980917221,0.0944911182523048,-0.0398348750644356,-0.114549548165332,0.0190360213299493,0.0675068780078808,-0.13996710010364,0.116888849855469,-0.105391147968624,0.0630376824215425,-0.0425528895575044,0.142996503030273,-0.105614572803109,0.0195482194493259,-0.109108945117996,-0.00692591825653557,0.00757246643238138,-0.0834150918996311,0.134675428569468,-0.105391147968629,0.0535478827321252,-0.115280563023386,0.021347555381058,-0.0944911182523067,-0.00805419324218079,0.0124753691835408,0.0857058640626946,-0.0771516749810455,0.0480475436247844,-0.00880843612074749,0.0545544725589966,0.00687879828647116,0.0282394729875805,0.0105080147091193
0.010620721191283,-0.020928610499405,0.0306163034474248,-0.0188270471404,0.0371382032976069,-0.0393874307187875,0.0544289161334901,-0.0469623224224961,-0.0702185929000497,0.0229686651816636,-0.0454646814871785,0.0530841561118307,-0.0840668460172108,0.0670717926539672,-0.0875580882267525,0.0955993127708621,-0.0575261916971537,0.107607760785195,-0.02309723153836,0.104562245561888,-0.0403277257125388,0.0601017667317293,-0.137471362414169,0.00442177144684166,-0.110994516795307,0.0989233328468402,-0.122136899394652,0.060682131303667,-0.106905400767846,0.116551160095603,-0.0143134231183755,-0.134552204549883,0.113432680902712,-0.0182386537582707,-0.0592426996090296,0.053272114739944,0.113273192667656,-0.138275134209648,-0.110592221928805,0.0533080235021488,-0.103100492995918,-0.0561041033252939,-0.0515282376455265,0.131397787072687,-0.114903493021379,-0.00497597616125799,-0.00693466697386093,0.0801828596343881,0.0336994693155137,0.107618430669824,-0.0228048733381176,0.10729425069805,0.0443016171059281,0.0620681930498552,0.0469080420170133,2.36963226818432e-15,-0.000532471530382668,-0.0186523279536384,-1.42247325030098e-15,0.0827285541370042,4.44089209850063e-16,0.0097948634866468,-0.0463722339335124,-0.0180533106212891,0.0430429201514951,9.29811783123569e-16,0.0134550194831206,0.0344757824972277,4.34374758384592e-15,0.00449095030563808,-0.0197715898203255,5.82867087928207e-16,-0.0217302465651622,-0.0216956236836225,-0.0452854063649571,0.0453782020408906,2.77555756156289e-17,0.0255019670857797,-0.0259936719199283,-3.88578058618805e-16,-0,0.00625212249633665,-2.05391259555654e-15,0.0198322494036063,-0.0114181733398548,0.0340136641732337,3.60822483003176e-16,-0.0221662597563599,-0.0446906761798224,-0.0165807564570076,-0.0271807464356167,-0.0291564221835929,0.0481655962195167,-0.0518644231007795,-0.0511233124247016,-1.66533453693773e-15,0.0351861266210562,0.010239341209184,0.0398970742007062,0.0393879583253893,0.0616471637809142,-0.0617080286762055,-0.0170002484627887,0.0797116081473389,-0.0861977134803814,0.0434119965190215,-0.0559593863172102,0.0690237713928673,-0.0760623846908229,0.0187500384800272,1.98452365651747e-15,0.0403004875428803,0.0691411642176199,-0.085542961934995,0.0796641056318429,0.0157023000625758,0.0418318713605928,-0.114024796956829,-0.0132758953362297,-2.40779618465581e-15,-0.00910620486707356,-0.0764227350587321,0.0409042745243677,-0.120705874357612,-0.0744528408779497,-0.00126022886354356,-0.0714977287793811,-0.00720256733084225,-2.94902990916057e-16,-0.00317593921792472,0.0375964512512489,-0.0698794219704242,0.0726143191135059,-0.00888111329936451,-0.00652030547410098,1.87350135405495e-15,0.0289157551339814,-0.0327721916688169,0.0798201870423813,0.0772260865500075,-0.00858243480387755,0.0405388557652477,8.88178419700125e-16,0.0867774203629388,-0.0978809282210893,0.0127156359503407,-0.0553705655475849,0.0880299781339981,4.05231403988182e-15,0.295146357696473,-0.29080511466039,-0.0751393774634245,0.0188898084353239,-2.47024622979097e-15,0.0981450067582624,-0.0275012203836276,0.121456823312621,3.5527136788005e-15,0.175587922527952,-0.148592182179448,0.0394228928057398,-6.38378239159465e-16,0.0559747029592583,-0.078708480343283,6.28663787693995e-15,-0.0649641326770417,2.62290189567693e-15,-0.0105080147091193
0.00963782721326641,-0.0190493432168313,0.028011205774862,-0.0157414007424026,0.0311159865948616,-0.036305653098051,0.0457602973087501,-0.0437222287155962,-0.0593167901462073,0.0162653709280132,-0.0322287923083832,0.0500576008036022,-0.0714344416876742,0.047613229282072,-0.0622255542828984,0.08176508332136,-0.0551111629308232,0.0763025872794385,-0.0117901657080015,0.0899496336194221,-0.0196056833798719,0.0586703809288332,-0.0924054422530564,-0.00885083960300392,-0.0955716954778152,0.053990965271492,-0.0898375262112656,0.0604671512735193,-0.056856863365616,0.0976601544202077,0.000321947489636936,-0.0982498625289529,0.0597467082070675,0.00889980964660472,-0.0600269848986609,0.00987883324313759,0.059135763059671,-0.100637076867408,-0.0958030049994602,2.09366990830129e-05,-0.0530501354311413,-0.0556931671455504,0.00895681295200501,0.0951714399086728,-0.0864018916733616,0.0131148595815492,0.0286546518217135,0.0402413579080171,-0.026603367743969,0.0774501746001399,0.0282172524459575,0.0615629444090598,0.0215175255566209,0.0444166350756008,0.0559915871909163,-0.0142415751433935,-0.0455430774891313,0.0478928650880197,0.0282394729875837,0.0381418515410722,-0.0417541856194865,0.0343440175898356,-0.0195121325182277,0.0600692876183483,0.0349557194327895,0.0545544725589986,-0.069172826312824,0.00460385824500828,0.0664213173476653,-0.0603172846200429,0.00819263475462377,-0.0771516749810478,0.0692877894175193,0.0693024031698422,0.178413487504902,-0.178264507763909,0.0865619460650158,-0.205039808097995,0.203535530395052,-0.0944911182523046,0.100803521208413,-0.0274191437395706,0.105391147968639,-0.0262749055671851,0.0531518660623983,-0.0184868351213012,0.108175502967154,0.0715283590276806,-0.0055402590846522,-0.0108723376184589,0.000985849095865687,-0.0177209941736403,-3.63455036306096e-05,-0.0322282989759372,0.0569282025308692,0.109108945117996,0.0303093175206769,0.0176747764758674,0.0205108371561785,0.0666699549414123,0.00320902776848113,-0.0547744742111074,-0.0324938706387213,0.0123466584489299,-0.0548906163838542,-0.00449852954698579,-0.0229655176156794,0.00794505027662755,-0.070692904217622,0.0437195425373942,-0.108175502967153,0.113209096644102,0.0114344183524357,-0.0301661268106951,0.077897336725922,0.052335098726687,0.00500054882222614,-0.0375818564965071,-0.107915514415204,-0.10539114796863,-0.0600733719046107,-0.0763158731212743,0.0170601779996734,-0.0370683376873467,-0.0139916651685938,-0.0688414255572107,-0.0641015318509729,-0.10003721593586,0.100803521208416,0.0784770748772411,-0.00560246792151207,-0.0391892426506329,0.00368386467624864,-0.072562347974692,-0.0903995352402835,0.0944911182523067,0.0244149943037503,0.0179379558278463,-0.0488275883667978,-0.0936906861041899,-0.0786690554334866,-0.0295078766610042,-0.0865619460650155,-0.100758864257121,0.0958651128528352,0.0646906417641822,0.0419491800894069,-0.0745003799008722,-0.0771516749810501,-0.205668976449597,0.202198064486586,0.0557220806794151,0.0482887395459269,-0.0664213173476636,-0.0705912436127454,-0.0291457830714429,-0.0851919100625406,-0.0545544725590012,-0.12112867576176,0.102202280653602,0.00670687188562218,-0.0417541856194888,-0.0196232870023339,0.0492217441984351,0.0282394729875787,0.0456532214726785,0.0142415751433926,0.0102023390358994
0.00633285522437976,-0.012690037872123,0.0190952601410343,-0.00742649053402378,0.0148679029794158,-0.0255707500679326,0.0223347196107999,-0.0321357660559236,-0.0298269057976659,0.00289795185015308,-0.00578090171762913,0.038803839498411,-0.0373236530300987,0.0086234319738327,-0.011368805732052,0.0447636878856469,-0.0455773859662087,0.0138244925610524,0.0020706171369442,0.0520026028628132,0.00480535547098826,0.0524365315905266,-0.0119367972479469,-0.013013683132483,-0.058697401787203,-0.0060850362290993,-0.0194396726566953,0.0593137865298434,0.00910791142751263,0.0634751385711865,0.00332072653040397,-0.0205416814367619,-0.0114718409091558,0.0121437066657513,-0.0660265246370964,-0.00248534207404467,-0.013489154003118,-0.0205184602037252,-0.0678133004725999,-0.0123486221376593,0.0147621879358894,-0.0719660569698768,0.0218433866337801,0.0185576265904819,-0.0619645628726599,0.00096555172339545,0.00591081675324415,-0.0140981178065485,-0.0377606163215438,0.014145283977932,-0.0101213250292332,0.0401173535593715,-0.0093922126532654,0.0076061602224899,0.0759629626946621,6.12704331715008e-15,-0.0526676258651756,0.00322980390274909,-9.71445146547012e-16,0.0213403264218064,1.42247325030098e-15,0.0392401602474974,-0.0100156601482232,0.0107616930912491,0.0749041552285219,2.77555756156289e-16,-0.024211972410949,0.0566407679858211,6.68215482946266e-15,-0.0368130091200883,-0.0292591571293092,-4.09958525460219e-15,0.148291163280271,0.14827891960451,0.313660081269701,-0.313503889223591,-2.4980018054066e-16,-0.206068399763526,0.205139876865739,2.84494650060196e-15,-6.38378239159465e-16,0.0254389856310035,-1.02140518265514e-14,-0.0632394145890302,-0.0308840068267611,-0.103510598760334,1.38777878078145e-16,-0.00432697123301737,0.125157417289852,-0.0231770012667264,0.044753271558615,-0.0370465054752604,-0.0863336379596249,0.133550355670169,0.0694530673181429,2.09554595897998e-15,-0.0066718164054991,0.016633523979298,0.0327730904497087,-0.108014408239044,-0.122358713936378,0.0138695188791707,-0.0307322457460943,-0.146217463990145,0.166020082038855,-0.0690747504979439,0.000295281076390159,-0.146376274715636,0.0221652643885731,0.04132542650992,-3.06699110552699e-15,-0.102637626625066,-0.152089041641982,0.0735608033353772,-0.0322436572465836,0.0483259062983163,-0.112215682059814,0.154040028620541,0.0437758625681585,3.33760796777938e-15,-0.0512548071677705,0.0448557500133134,-0.0404963569610746,0.18944264418315,0.146582778769092,-0.0481335460993355,0.0598724569884745,0.0218752170560575,-5.55111512312578e-17,0.0337085444652729,-0.0685074808625349,0.0732274330844141,-0.0781531265126343,0.00203999152422774,0.00883672685065835,-2.04350425470068e-15,-0.0290097737136649,0.0269778156249996,-0.0728013240400834,-0.0386191091382834,-0.00102610479141507,0.000758977698052096,5.0618688927917e-16,-0.0133836732039024,-0.00123035489309395,0.00980641261534427,-0.0229995078239512,0.00744374913860694,3.60822483003176e-16,0.0413801281970274,-0.0409058236601298,-0.0429422819350255,0.0187089017232174,-6.24500451351651e-16,0.061700788207635,-0.0288009904808819,0.0786667258432239,3.63598040564739e-15,0.114682548092575,-0.0971285095392759,0.0413868000274129,4.16333634234434e-16,0.0581170621413553,-0.0808891922402057,6.46704911844154e-15,-0.0665312101455261,5.91887650003287e-15,-0.0102023390358995
0.020791152405073,-0.0400230171119506,0.056246973735863,-0.0323218227771165,0.0622584134739486,-0.0682273436642906,0.0876000595933575,-0.0750271648176159,-0.106475113083505,0.0296189896657519,-0.0571923521902918,0.0760696828903324,-0.117486705627382,0.0808665711163858,-0.0991990107432569,0.119809704206155,-0.0711673352638083,0.111672926698454,-0.0144891737486582,0.113225069700509,-0.0226617588857792,0.0605061231779201,-0.119271749852177,-0.0170081114691474,-0.0980038811422733,0.0582407160815903,-0.104357699127493,0.0445546338619142,-0.0544469518051652,0.0732461854507006,0.0118195235277997,-0.0967033088076316,0.0498122476163037,0.028555460447023,-0.0237632206851642,-0.0265465560774766,0.0417156969600954,-0.0815538048110516,-0.0498228703537632,-0.0409100573872533,-0.0307596271212367,0.0033269269144717,0.0497404701291917,0.0619501123193626,-0.0119406924083127,0.0324133118822682,0.0617221937174465,0.0188731901512154,-0.0519218345611278,0.0403822975565854,0.0905815712401286,-0.0230297778629941,0.0083943802927259,0.0194097321511829,-0.0110065582067175,-0.0282394729875818,-0.0359644967480143,0.108242123287467,0.0545544725590017,-0.0317838997308059,-0.0771516749810432,0.0139017701572436,0.021038254734704,0.116059903465339,-0.0558850275699282,0.0944911182523064,-0.104497336789697,-0.0837796736458196,0.105391147968617,-0.0591621869178877,0.061121451945687,-0.109108945117995,-0.0295873911553202,-0.0295934609992021,-0.0384638503878517,0.0384517725213959,0.10539114796863,-0.0474872046004927,0.0459975790677908,-0.0944911182523066,0.0771516749810454,-0.0458972810329074,0.0545544725590152,0.0304138425045535,0.0631398544865852,0.0630911750947858,0.0282394729875831,0.041975885211989,-0.081537482074193,0.0377619080822481,-0.0173995113385801,0.0646251199288709,0.0381656980091244,-0.0834961237196273,-0.0171052497791147,2.77555756156289e-17,-0.0287476097204885,-0.0270505438339758,-0.0736199591609457,0.0640427720069166,0.0604551608673609,0.0532649779368545,0.051157702284958,0.0651757656969331,-0.0703721025228044,0.0264449293071878,0.0603871570321104,0.0755476777270602,0.0703397091060451,-0.0705422466946556,0.0282394729875834,0.0311779035415864,0.0788101774927378,0.0231454846801081,-0.0777873814996212,-0.0845163012448081,0.0679655634712728,-0.0213415452511462,0.0233826548209807,0.0545544725589975,0.0932110424709211,0.0738578707515002,-0.0101337097128874,-0.047488171363916,-0.0627688540650024,0.097321160930403,0.0571646301026966,0.0585648436358892,-0.0771516749810466,-0.0960131122634307,0.0356402627612024,0.0297399641772625,0.00204753357151158,0.0759355143447278,0.0842285448626236,-0.094491118252306,-0.0246878560357616,-0.0126800293014287,0.0433352435252568,0.0671768774607835,0.101527234823451,-0.00571504627572469,0.105391147968628,0.0513311844126134,-0.0285053842044499,-0.110531737200233,0.0211548501493511,0.00873257932268296,0.109108945117997,-0.0312713813876117,0.0314140131300879,0.034554034261652,-0.111459607422658,0.105391147968629,-0.0463668480877356,0.105046568376641,-0.0564043361055602,0.0944911182523052,-0.0796957110270297,0.0671127500888592,-0.0927906868576615,0.0771516749810459,-0.0774099758703738,0.0651027378962961,-0.054554472559002,0.0431559817682451,-0.0282394729875795,0.000305675673219898
0.0151636034220722,-0.0300082811492338,0.0442208091777815,-0.0118933292945891,0.0234821148816169,-0.0574994011508187,0.034462456157918,-0.0695595784733541,-0.0445302119874478,-0.00637966851779956,0.0127782016382931,0.0801404649133823,-0.0533760795880375,-0.0192576647539284,0.0260273243594753,0.0606708964851242,-0.089012318388836,-0.034068621926875,0.0180275334767781,0.066024075267668,0.0338666207728396,0.0959877128300073,0.0576977721605762,-0.028789723830952,-0.0688394079836657,-0.0710182819921543,0.0366205474229512,0.100944724283196,0.0812449284681118,0.0669566856930386,0.00820635679450703,0.0456051297120487,-0.0888883424091957,0.021747349851165,-0.10390086211206,-0.0159772487835569,-0.0914125381697709,0.0516336807080322,-0.0657464221231219,-0.0291243845370361,0.0861913525712499,-0.105498575041073,0.0399537364710594,-0.0538516529282815,-0.0490054625928913,-0.0110237615601927,-0.016133934841186,-0.0700054363563441,-0.0528584473103585,-0.0478362789522476,-0.0488978190477073,0.0194901915922014,-0.0404192507549799,-0.0291613635798652,0.095773261834362,0.0142415751434064,-0.0575700133180194,-0.0416332875222392,-0.0282394729875852,0.00230152034407474,0.0417541856194893,0.0375651546932781,0.00136701313000115,-0.0405829418049283,0.0980326824195905,-0.0545544725589973,0.0288313536330109,0.0856609406611232,-0.0664213173476543,0.00448237106742152,-0.0513733510783878,0.0771516749810424,0.138256960292941,0.13821634476682,0.225781559132314,-0.225650250157993,-0.0865619460650169,-0.0241578707825787,0.0233829247758555,0.0944911182523079,-0.100803521208414,0.0405993740140388,-0.105391147968645,-0.00499790406493801,-0.0652596418307273,-0.0173799855764302,-0.108175502967154,-0.0724649525738302,0.0297288704137478,0.00661770431950951,0.00686822604597607,0.0144225188096194,-0.00553085819468829,0.0397295224232471,-0.0554342920900722,-0.109108945117996,-0.0302579626373693,-0.0178419877565573,-0.0220284593363572,-0.0592437723815194,0.0065669747539908,0.0534004308561243,0.0357333842533294,0.00340516693866496,0.0263076991952552,0.0165088020329791,0.0229047905796022,0.0253062996850407,0.065537445800653,-0.0536131551652789,0.108175502967154,-0.0849595117773253,0.043601071674812,0.00294409597031314,-0.0653277031014189,-0.0712536787557766,0.0492665469948116,-0.0389576084900091,0.0860580616607751,0.105391147968628,0.0881011306615191,0.0514587979220028,0.00602628397198519,-0.0715254361070916,-0.0840791264771411,0.102351990209468,0.0215666158657478,0.0840223153918168,-0.100803521208416,-0.106603156103038,0.063431955577899,-0.022637609124463,0.0703834502550513,0.0706198532904959,0.0819395998554132,-0.0944911182523046,0.00503070475521049,-0.0457225655107314,0.123904931907159,0.137294574668381,0.0798679793696458,0.0285926450358977,0.0865619460650147,0.117325920037685,-0.0942272512115845,-0.0780319736378781,-0.0105797475678865,0.0640885456795138,0.0771516749810496,0.144252346798862,-0.141446280839646,0.00864857426119543,-0.0769052717042938,0.066421317347664,-0.0285958525342722,0.0773134982178285,-0.0475192819172004,0.0545544725589946,-0.0782398869860178,0.0675387765071929,-0.0806392523273848,0.0417541856194876,-0.0890148745807078,0.10606773328987,-0.0282394729875906,0.0830852203028708,-0.0142415751434045,0.0102023390358994
0.0291879879040719,-0.0562909399764882,0.0793854524235288,-0.0263815799913948,0.0507532685272985,-0.096860255931498,0.0712431611659143,-0.107545362929973,-0.0862435598636092,-0.00624129797871154,0.0123149682288576,0.110811502631603,-0.0945126998223734,-0.0181590736574227,0.0240235626610945,0.0952346762527426,-0.106634593107145,-0.0316097549456719,0.0337115962699105,0.0879986604455282,0.0633608816840229,0.0956254567194242,0.0694565188705924,-0.0667112560246223,-0.0725240962091927,-0.113309931622504,0.0217438807913242,0.0790377387563568,0.122708469649014,0.0454897545516656,0.0256982251544682,0.0295171534835022,-0.123363073218123,0.0528619251514526,-0.0588169788267361,-0.0662826731572462,-0.114404227760174,0.0329450120729233,-0.0274382164638379,-0.0858759560013005,0.0960578370401213,-0.0382680534134077,0.0962149093047054,-0.0330890612644455,0.0186425625422011,-0.013658825492238,-0.0245048221677226,-0.0693963546520048,-0.0921742187124688,-0.0279897681715572,-0.0385478760902751,-0.0602831704767702,-0.0364239487232603,-0.0163187318138195,0.0099790640161815,0.0282394729875867,-0.0597478981235712,-0.042006519615343,-0.0545544725589998,-0.0628894568093142,0.0771516749810451,0.0241637578275256,0.0382268917514753,-0.0436803636899425,0.00243117081166094,-0.0944911182523074,0.0420170053370237,0.00240525911161925,-0.105391147968628,0.0335204233905252,-0.00213136704257875,0.109108945117995,0.0277836522530517,0.0277585526465233,0.00242265764429506,-0.00240426604070208,-0.10539114796863,0.121896630684748,-0.120867264276168,0.0944911182523055,-0.0771516749810453,-0.0184523759546504,-0.0545544725589912,0.0162052184839403,0.030955998885617,0.021060357248652,-0.028239472987584,0.038448720436691,-0.0189928143142425,0.0335934477824091,-0.0284637406495793,0.0545112235054667,0.0592470926019274,-0.014780536784918,0.0442276013353546,-4.57966997657877e-16,0.0351218033314049,-0.00824285030902129,-0.0538942252441483,0.0235835839056737,0.0876224424126837,-0.0686458583202391,0.0133324168711804,-0.0332597280920663,0.0231351459517624,-0.031341564348642,0.0260492726612352,0.102322303332791,-0.0984060324737324,-0.0134536773930849,-0.0282394729875817,0.0354671817501211,0.097940948993161,-0.027177537922522,0.121596187994433,-0.00783931666294095,0.065175621879066,-0.071403769730375,-0.0569143102466765,-0.0545544725589997,-0.00422430251334024,-0.13465821779753,0.0143606887460121,-0.0814555754096167,-0.049011668593696,-0.0241345129995888,-0.132530656065316,-0.0672041402080119,0.0771516749810473,0.0526931853098192,-0.00590204015161336,-0.110153157626956,0.0696814551885604,-0.0764068264965934,-0.0726314896523618,0.0944911182523084,0.047092108543909,0.0382993155826088,0.00903351835126488,-0.0544663134479833,-0.0730088841972714,-0.0577354783535449,-0.105391147968632,-0.0622587943204552,0.0481722732567481,0.0677819854814391,0.0681577569084424,-0.0264920949708365,-0.109108945117998,-0.0187913079260643,0.0177689001124667,0.0716772425727673,0.0564779051253818,-0.105391147968627,-0.0701978978416081,-0.0387059424185868,-0.0659048920277144,-0.0944911182523082,-0.0761112578219978,0.0615606884845129,0.0140827775474996,-0.0771516749810465,-0.0174956689615433,0.0541187977130802,0.0545544725589959,0.0517337029295683,0.0282394729875851,0.0605934106922866
0.0238645438935824,-0.0470261609263098,0.0687942093875884,-0.0104482229137567,0.0206101479311268,-0.0885027534679582,0.0302057696289818,-0.105523380626553,-0.0389683791536145,-0.0184194393502434,0.0364598437308995,0.119279016063833,-0.0466535798361787,-0.0537874015372955,0.0702161350239798,0.0530536160441328,-0.129260179423062,-0.0862947240391057,0.0185225415632221,0.0580276684838915,0.0323403250480795,0.135047443993576,0.110243473112426,-0.00354598538232502,-0.0615973097126887,-0.0793303535614337,0.0979461885587766,0.13635151134944,0.0857314750370742,0.0646810140992729,-0.00794335055752265,0.107902490264291,-0.0909659472893883,-0.0101216892214768,-0.133117137690652,0.0295637932884238,-0.0908380476552712,0.110888048046202,-0.0613740529050026,0.0295837211480282,0.0826801759135123,-0.126064775856858,-0.0285960145135986,-0.105372843854833,-0.0637666278574606,-0.0111809169429361,-0.0155820552488622,-0.0643016609055609,0.0187017945436684,-0.0863032806222257,-0.0512420852561088,0.0595438169511089,-0.0355271385144305,-0.0497748261999157,0.105401413662523,5.92928484088873e-15,-0.000295499405890918,-0.0419114004736754,-1.69309011255336e-15,0.0459108838741612,-8.46545056276682e-16,0.0054357391445988,-0.0257346483244604,-0.0405654207456116,0.0967165636648475,1.41553435639707e-15,0.0302331543461927,0.0774663800934703,1.03528297046296e-14,0.0100910737380776,-0.0444263590593384,-4.71844785465692e-16,0.0174263047289469,0.0173985393337182,-0.025131504527115,0.0251830022420969,-5.96744875736022e-16,0.0573023998964214,-0.0584072506298027,-5.55111512312578e-16,-3.60822483003176e-16,0.0140483917292112,-4.91273688396632e-15,0.0445626599057413,-0.0256564026063645,0.076428009644951,9.0205620750794e-16,-0.0498071335632442,-0.100419037852403,-0.00920162563198123,-0.0150841762706464,-0.0161805935933572,0.0267298893088613,-0.116538300866028,-0.114873040292783,-1.84574577843932e-15,-0.0282170827142312,-0.00821131410542788,0.0221412057741762,0.088503938989226,0.0342115948603439,0.0494859967975851,0.0136331407603818,0.179110357686581,-0.193684504077499,0.0975458707348947,-0.0310551165033543,0.0383053032418031,0.0609972965588819,-0.015036363404926,2.27595720048157e-15,0.0905543735287206,0.0383704513445576,-0.047472762368666,-0.0638856524953161,-0.0125922669591097,0.023214937191994,-0.0632789883308057,-0.0298306660416152,-8.32667268468867e-16,0.00730260931287459,0.0612862751170175,0.0227001597844304,-0.0669867065654713,-0.0413182095022258,0.00101062508142708,0.057336726732525,-0.0161840218868029,6.93889390390723e-17,0.00254690550547559,0.0208644563594842,0.0560389454343259,-0.0582321626568946,0.00712209989071876,-0.0146509934103116,-1.69309011255336e-15,-0.0231886352012337,-0.0181871942729589,-0.0640108200682767,-0.0619305129929817,-0.0192845559545516,0.0224973676724426,2.81719092498633e-15,-0.0695900880048401,0.0784944099560952,0.0285717746287153,-0.0307283456289085,-0.0705945613477287,-4.15292800148848e-15,-0.236689001822154,0.233207595211219,-0.0416992085633171,0.0424450142722927,1.07552855510562e-15,0.0544663696242669,-0.0617946812793535,0.0674034517948386,3.59434704222394e-15,0.0974439455032156,-0.0824624398650941,0.0885824360540379,2.03136119036884e-15,0.125774015873596,-0.176856349970959,1.02834407655905e-14,-0.145973081098512,3.80251385934116e-15,-0.0707957497281862
0.0164495024205502,-0.0325425283279388,0.0479284949280173,-0.00164095566692355,0.00330523724094657,-0.0622684752395697,0.00502077044143695,-0.0752406732013522,-0.00682668444625567,-0.0167421368701579,0.0330972797483579,0.0865453911438406,-0.00878545395243124,-0.0486855281216637,0.0631499217110412,0.0110093221666156,-0.0959091119610578,-0.0762411112609993,0.00469756985789958,0.0137288886599099,0.00565333068744608,0.103086945011695,0.0832078538982188,0.0270139078212589,-0.0175334988850945,-0.0279134593601137,0.0917026922400314,0.10786179758323,0.0258118152040376,0.025527210449524,-0.0178593870075043,0.0972066370430569,-0.0251736180557154,-0.0328289487067761,-0.110036543594779,0.0537015945467066,-0.0230109589536003,0.0968378512328892,-0.0249001803839779,0.0654796246536981,0.0183198448320644,-0.109389079535408,-0.0736356116922241,-0.0887914317036382,-0.0455765541341908,-0.00300370878004941,-0.000185891405049293,-0.0113300663409166,0.0708342407531866,-0.0700316560173812,-0.0266551475570014,0.0671385296777321,-0.00440092359223858,-0.0392033021436581,0.101722793296926,-0.0142415751433959,0.0472928557789861,-0.01207297419124,0.0282394729875828,0.0635577723346475,-0.0417541856194893,-0.0225223551120242,-0.0382312985117423,-0.00581164449748904,0.0941728660450393,0.0545544725589995,-0.00766385337841008,0.0707436504736451,0.0664213173476745,-0.0232491345098767,-0.0375521633701882,-0.0771516749810411,-0.163127284622565,-0.163122967757138,-0.185836562554214,0.185809966184294,0.0865619460650175,-0.110624407389626,0.109333482384847,-0.0944911182523056,0.100803521208413,0.0203555031255398,0.105391147968622,-0.0157014409224549,-0.0286793636537168,-0.0221650819156592,0.108175502967155,-0.0262792654818583,0.021375055775884,-0.0344611220604765,-0.0136563251513842,-0.064339233716909,0.0123622332199926,0.0175176608808086,-0.0191194170934097,0.109108945117997,-0.0210031983248753,-0.0121385295675662,0.0864567502947747,-0.0178388954033968,-0.00897339009908165,0.038667648785024,0.020688661753932,0.00822551180342158,-0.00333148571947028,0.011236997330726,-0.0928490300737694,-0.042546253331561,0.0517820711836187,-0.0247643213821539,-0.108175502967154,-0.0177494506746,-0.0773666088372886,-0.0609728058399468,-0.0608822499944148,-0.0257179922040603,-0.101690248620431,0.019816786284037,0.0209862850038926,-0.105391147968629,0.0260178305848815,0.0666068588478646,0.0172004413459001,0.0939213595972528,0.163711972838483,0.0290427842586045,0.0679647339289085,0.0228599159215219,0.100803521208415,-0.0386990233457671,-0.152625608768883,0.0614311115450791,-0.0436535721975463,0.0512927060519117,0.0254788791590344,0.0944911182523061,-0.033236830435687,0.135060751641733,-0.00787504277553186,0.0406376339265259,0.0290381231619597,-0.117418446670955,-0.0865619460650241,0.0605332751928172,-0.0672496611114507,-0.0337867402123449,0.0993622875866924,0.0573339946070988,-0.0771516749810423,0.176411005821379,-0.173640098520444,0.0809745499276749,-0.0401827286153275,-0.0664213173476654,-0.0629467282877721,0.049029517968066,-0.0467356602757354,-0.054554472559,-0.0424629014884473,0.0324038929233539,-0.0616828206365907,-0.0417541856194903,-0.0801175712763066,0.106965454856416,0.0282394729875756,0.0869467684089626,0.0142415751434034,0.0103649880651315
0.0078969412980974,-0.0158242183969401,0.0238113999235485,0.00330509921929763,-0.00661683931389905,-0.0318862037864718,-0.0099398853348952,-0.0400726448215721,0.0132742218702476,-0.00522192879533641,0.0104168249519637,0.0483875964004393,0.0166105882618446,-0.0155388874857961,0.0204858800596251,-0.0199217152712875,-0.0568340706906236,-0.0249108748241119,-0.0037311231554697,-0.0231433355143843,-0.00865895135712329,0.0653872853830748,0.0215093654057271,0.0234498467182289,0.0261228013329973,0.0109648564049697,0.0350290797317977,0.0739630820219656,-0.0164118892956035,-0.0282490942357337,-0.00147786233791222,0.0370148309377861,0.0206715430333613,-0.00540445789790925,-0.0823337295268081,0.00110608127903442,0.0243066156223084,0.0369729877217079,0.0301797579116495,0.00549565386229142,-0.0266005435047129,-0.0897402052013761,-0.0097212215891386,-0.0334396876403629,0.027576824805239,0.00120402330540547,0.00737066793260506,0.0254039304794465,0.0168050552212758,-0.0254889209835149,-0.012621085874049,-0.0178539019637699,0.0169241824026016,-0.0137058271295064,0.0947242651181958,2.57953380877751e-15,0.0234392985935626,0.0040274995907346,5.82867087928207e-16,-0.00949733873262677,9.71445146547012e-16,-0.0174635142137372,0.00445738810074198,0.0134196117862567,0.0934039538036536,1.94289029309402e-16,-0.0301918357622227,0.0706298824172128,8.64586180426841e-15,-0.0459050715242165,-0.0364855721622165,7.16093850883226e-15,-0.267211443001113,-0.267189380659736,-0.139591868457892,0.139522356457939,3.09474668114262e-15,-0.256963091475815,0.255805242360689,3.13638004456607e-15,-3.33066907387547e-16,0.0317218962211227,-1.22402088464924e-14,-0.0788582601435538,-0.0385117265940416,-0.12907560542272,-2.35055030994857e-16,-0.00539564487344442,0.156068746614395,0.0103147359363712,-0.0199170795696582,0.0164872459963446,0.0384220835012342,0.166534569589921,0.0866065583613412,1.67921232474555e-15,0.0120221977474319,-0.0299725745377094,-0.0145853973910101,-0.134691763981707,0.0544547506056247,-0.024992009445853,0.0553775933158893,-0.182330195303009,0.207023656109955,-0.0861348050028098,-0.000131412441797353,0.06514357071754,-0.0399404263258762,-0.074465845476454,-5.96744875736022e-16,-0.127987026975424,0.0676859911813894,-0.0327376373215299,0.0581010627329745,-0.0870802741759069,0.0499406767529886,-0.0685542620705931,0.0545876077576593,-2.47024622979097e-15,0.092357971177007,-0.0808272686168252,0.0180225743456152,-0.0843099082295781,-0.0652354736672197,0.0867336530744915,-0.107886439582885,0.0272779494957965,-4.85722573273506e-16,-0.0607406982910291,0.0304886972490764,-0.131951274970953,0.140827067834245,-0.00367593770822899,0.0110192181463928,3.51281503885303e-15,0.052273805961813,-0.0120062574579317,0.131183453004374,0.0695892300794377,-0.00127953174616866,-0.000337776852444974,-1.2490009027033e-16,0.0241165457897906,0.00221702291029825,0.0122283965169727,0.0102357439230418,-0.0134131724687215,-5.27355936696949e-16,-0.0745644145106667,0.0737097472673667,0.0191111133647931,0.0233296188568059,1.1518563880486e-15,-0.027459434035607,-0.0359142476965236,-0.0350099866118393,-6.66133814775094e-16,-0.0510385354200984,0.0432262533129284,0.0516084954973177,1.74860126378462e-15,0.0724707911182487,-0.100867172884715,6.7168492989822e-15,-0.0829630620621108,-4.8017145815038e-15,-0.0103649880651316
0.0326598822349001,-0.0629537472460724,0.0886944482282083,0.00103696000242378,-0.00185577459276784,-0.108039918798264,-0.0022320770041408,-0.119634914418992,0.00192599577626243,-0.0334706169278457,0.0644834049048895,0.122718119286547,0.000664380467794438,-0.0907614392073434,0.110367071645334,0.00189925201807517,-0.117186747974992,-0.121711771320014,-0.00064082035635196,0.00629333055693367,-0.006903885431835,0.103613420326134,0.110183979391643,0.0582307221324081,-0.0136367267255644,-0.00974271705943537,0.11806497883459,0.0832120227394729,-0.000203824722088977,0.0297705149116727,-0.0364453423098038,0.104206269333373,0.0063464838888371,-0.0673245058857776,-0.0577431829485384,0.101100573512541,0.0114709332765969,0.0834128288433571,-0.0281245974399383,0.119244145404638,-0.0149514501780013,-0.0292079743393906,-0.126563708658841,-0.0588874828784096,-0.0634058420355357,0.00347175327632202,0.00781761877818572,0.014977588175696,0.113553676427582,-0.0348227519422664,0.00939959519124778,0.0939568287301988,0.00974614553583095,-0.0151473271807101,0.00310420877897735,-0.0282394729875858,0.0694465246091807,0.0144856635053083,0.0545544725589986,0.0840387184234227,-0.077151674981047,-0.0292453467468031,-0.0479854209771357,0.016622584271335,-0.0229215294420112,0.0944911182523077,-0.0128106678315106,-0.0353565944064694,0.105391147968625,0.000551642261285457,0.0254923814831443,-0.109108945117996,0.0214761095409741,0.021497607743244,-0.0747531257917479,0.0746900366702576,0.105391147968629,0.076619713776212,-0.0764571717387654,-0.0944911182523082,0.0771516749810454,-0.0352238682762608,0.0545544725590117,0.02653100949786,0.0529246624363501,0.0449673096202112,0.0282394729875826,0.0495145061736224,-0.05151864783491,-0.00743918483622153,0.0326046086195548,-0.00603516510972291,-0.0643547972001201,-0.0490123410669293,0.0278552301621436,-4.9439619065339e-17,0.0163565526047403,0.0383059132410043,-0.0115593576387631,0.0474142807597453,-0.0879494052381614,-0.0283247637707805,-0.0711915444854292,0.0023337134687693,-0.0127655853936185,-0.0133648824146422,0.0502817126526631,-0.0937839172453267,-0.0331009546189017,0.0954309705044128,0.0282394729875816,0.0423179438578162,-0.0780602819667289,0.102774095649745,0.0295184847982813,0.109740596366026,-0.0239785794677347,0.121986678484247,-0.0352354727158471,0.0545544725590013,-0.113887957770304,-0.0173695853819911,-0.0505284886429662,0.0974582885694623,-0.00297734709876025,-0.107963858437226,0.00226583754220538,-0.0278297286293995,-0.0771516749810464,0.0904838809886616,0.0774832982244766,0.0240452618558759,-0.0412235228141737,-0.0522874478743962,-0.0207607034227216,-0.0944911182523083,0.00465110434252259,-0.108906404239851,-0.0590513892684948,-0.0535416724622472,-0.0133647090569658,0.11943228472521,0.105391147968637,-0.0294579157950926,0.0088120379141136,0.00516568117812165,-0.115029366828988,0.00381265523685789,0.109108945117996,0.049423163916551,-0.0490336292597963,-0.0987930838513524,-0.00431242852494159,0.105391147968627,0.0741830714143126,0.0157103651828005,0.0464498464798481,0.0944911182523067,0.0274137348579116,-0.0173926144767542,-0.0300022298637439,0.0771516749810445,-0.0484811174098357,0.0723733501821065,-0.0545544725590008,0.0606934273298765,-0.0282394729875917,0.0604307616630547
0.0144773757247303,-0.0286313286633773,0.042143354453344,0.0139395675418486,-0.027603678306507,-0.0547045141343924,-0.0407232544933366,-0.066019429835522,0.053042948252945,-0.0010712833477437,0.00195147356373197,0.0758089412486877,0.0643313614761452,-0.00240943362164972,0.00207703475733406,-0.0743992966776642,-0.0838099296613217,0.000138135359546099,-0.015936918212568,-0.0831437194082794,-0.0313506519237651,0.0897685434554065,-0.0206667934367117,0.0408120438273456,0.0907033234751749,0.0585956238986208,0.00419099002417181,0.0934155190337726,-0.0697575900154917,-0.098788596463397,0.0140639345387764,-0.00234410638890655,0.0776850284075623,0.0191896795976721,-0.0943781381089061,-0.0509875443032914,0.0811716980145937,-0.00853678251070265,0.0967964391908352,-0.0525273718651964,-0.0780382546073086,-0.0916137352589284,0.0518683694161183,0.0143357483082586,0.105838496005953,0.00561126536204977,0.0157989701036821,0.0649630824684239,-0.0354704061536727,0.0166692599452481,0.000866902811298371,-0.103210568723901,0.0384606554989327,0.0117142527654948,0.0875248779988592,0.0142415751434011,-0.0014032132399249,0.0198785397436545,-0.0282394729875815,-0.0815567661030999,0.041754185619491,-0.00948023724090419,0.0463066363377737,0.0301107202778134,0.07166095859586,-0.0545544725589986,-0.0426411402372418,0.0418147126959604,-0.0664213173476605,-0.0463758638655727,-0.0162933091594589,0.0771516749810513,-0.210855431748879,-0.210812895036901,0.00595284399775831,-0.00605098784125649,-0.0865619460650134,-0.175180423393834,0.173629202920351,0.0944911182523093,-0.100803521208414,-0.00392002480097954,-0.105391147968629,-0.0232951148397417,0.0135812142242265,-0.0225601119446036,-0.108175502967155,0.0251113524328362,0.00878764919374581,0.0363546120111275,0.0101609328795304,0.0658071933541767,-0.00988459448704312,-0.00816378823908613,0.0209822929428651,-0.109108945117997,0.0209106600227261,0.012439833884093,-0.0857813448849226,0.0270991935890657,0.00462265967576281,-0.0361917082130468,-0.0265260635817455,0.0114166931762289,-0.0323108290294587,0.00373956749439683,0.0928760561473387,0.0277480104340027,-0.0424922561167063,0.0425919953197752,0.108175502967154,0.0529761068169548,0.0528735115540749,0.0730877492935249,0.0382325528411814,0.059808095466322,0.0775391189318229,0.0142464801825919,-0.0482420827778968,0.10539114796863,-0.076522106738991,-0.0218159570445534,-0.0274748835052627,-0.0455925836640931,-0.120066364536795,-0.0894267352536324,0.00868053627415775,-0.042830170255507,-0.100803521208414,0.0893804704668417,0.126889065561833,0.0499770257544992,-0.0898111175669049,-0.0477924515788576,-0.0360282460327345,-0.0944911182523095,-0.0198224858558083,-0.12269543704926,-0.12740965565382,-0.119209126158171,-0.0275430894671629,0.117825763062965,0.0865619460650243,-0.0903860781749982,0.0642983364140533,0.0171503714794188,-0.113322998431428,-0.0385725176246883,0.0771516749810432,-0.0657420632477669,0.0641691670495718,-0.109622186441201,0.00449849668471991,0.0664213173476639,0.10708913882987,0.0110346403771547,0.105797697047311,0.054554472559001,0.131190259056772,-0.107945770063657,-0.0305093498285686,0.0417541856194869,-0.0553520004031053,0.0866773562434378,-0.0282394729875885,0.0735874426995141,-0.0142415751433938,0.0103649880651318
0.0296630863419367,-0.0571477927965295,0.0804364207952683,0.0250885120185037,-0.0484391554609889,-0.0978209507243835,-0.0684598066678218,-0.10802930388139,0.0838418824137655,-0.00865452789904467,0.0163828467393654,0.110318907377819,0.0936842309299636,-0.0222335667818528,0.0250944050599843,-0.0976030047816309,-0.104528630205237,-0.0225570791095409,-0.033996788158298,-0.0958463152894707,-0.0664333997524561,0.0910794753020451,-0.0204200348680886,0.0926263653723313,0.0895288162974405,0.108974014623825,0.0307999779242878,0.0709051450905535,-0.12279918018406,-0.0826129794386883,0.0197483733563875,0.0168589992688175,0.126187524262688,0.0310903605184696,-0.0452326415137175,-0.0597876799370311,0.119509273332284,0.00417718908340134,0.0625090158342167,-0.062819061180999,-0.102711858355333,-0.0143628977354903,0.0616074539636343,0.00688166588756504,0.0604232292326438,0.0199147087302414,0.0385916844482918,0.0760620084705641,-0.0494248997198515,0.0124921856012988,0.055485361366672,-0.0568790785797637,0.0407613915374717,0.00957753703143419,-0.00438547307751504,0.0282394729875841,-0.0268505016131385,0.0681087833137415,-0.0545544725589959,-0.0419051109872502,0.0771516749810476,0.0123045930693839,0.0216099494828086,0.0736332255550453,-0.0437343396755829,-0.0944911182523078,-0.0651010311234811,-0.066115640782129,-0.105391147968638,-0.0325263983832535,0.048067051212593,0.109108945117996,-0.018225884347438,-0.0181912171408095,0.0907929655321394,-0.0907326862880175,-0.105391147968629,0.0161673228751765,-0.0169037986528278,0.0944911182523071,-0.0771516749810456,-0.0450188414934387,-0.0545544725589814,0.0316020086992521,0.0644109475131759,0.0599679348336266,-0.028239472987583,0.0507733367073014,-0.0738405813171291,-0.0243169360233665,-0.0121935412861878,-0.046985495708575,0.0210020269080023,-0.0735366501037113,0.00596578903334073,-1.04083408558608e-15,-0.0278424526075823,0.0252905854898957,0.0683085084517634,0.0618539978113475,0.0220486720783905,0.0560401525435064,-0.0450156348085591,0.0374649344559898,-0.0461379359921616,0.00725887839110173,-0.0887495427790869,0.014624328628865,0.0836747218004574,0.0559244547630837,-0.0282394729875807,0.0407871181889513,-0.000601369520218512,-0.10097966314322,-0.108459226381853,0.0566784766555233,-0.0352748223566807,-0.0807111302647308,-0.00657781767889394,-0.0545544725589995,-0.0464606069455111,0.126928025074266,0.0486473059984326,-0.040072922649714,0.0527243596990365,-0.0239139242263682,0.133539048637487,0.0170567020134962,0.0771516749810461,-0.0124240698986402,-0.0907180523630771,0.120854305877711,-0.08802764878372,0.0531367230261873,0.0352219947331039,0.0944911182523055,-0.0450221723794531,0.0975047492186712,-0.0353138589341947,0.0306380275242188,0.0489265106194746,-0.0911941447241634,-0.105391147968635,0.0491487884501877,-0.0442505474433348,-0.0584737496354447,0.0752815173558403,0.0281888861791687,-0.109108945117994,0.0407866851136354,-0.0395909180687788,0.0515157179782213,-0.064248632817427,-0.105391147968629,-0.0223068791531567,0.0670150422847459,0.00798288087153694,-0.0944911182523071,0.0419268895924638,-0.0398724529766787,-0.0681449276972728,-0.0771516749810476,-0.0698642859732199,0.0762934730466686,0.0545544725589943,0.0576320740914835,0.0282394729875825,0.0321624650616272
0.0191378782960349,-0.0377120530168387,0.0551686725127666,0.0234769437823067,-0.0463105820308169,-0.0709736977285955,-0.0678717482709096,-0.0846231809341283,0.0875611531481017,0.0102220176559085,-0.0202336867731117,0.0956543440712402,0.104829642332335,0.0298497558869708,-0.038967015135327,-0.11921039315464,-0.103658615616255,0.0478899588617371,-0.0102792350674313,-0.130386987534577,-0.0179475263797734,0.108299641462443,-0.0611805119132961,0.00196787342418628,0.138407898568255,0.0440250248302639,-0.0543560338476537,0.109345422285141,-0.0475773792476692,-0.145336919428824,0.0178485466879622,-0.0598813644446495,0.0504822921912784,0.0227432292358261,-0.106751655996461,-0.066429240527607,0.0504113132492223,-0.0615382240145412,0.137906245075015,-0.0664740180216782,-0.0458840359856095,-0.101096100915471,0.0642546613593349,0.0584775165984128,0.143282312193554,-0.00896639921744372,-0.012495838105446,0.035684729626273,-0.0420225508925431,0.0478947074071192,-0.0410929618282035,-0.133793742216613,0.0197160744283593,0.027622944572864,0.084525371023172,1.4883927423881e-15,0.000663981137949084,-0.0336103336002666,-3.81639164714898e-17,-0.103160819653881,8.44810332800705e-16,-0.0122139949890469,0.0578252298939052,-0.0325309416647069,0.0775606620802128,1.38777878078145e-16,0.0242451073426244,0.0621232134531553,8.3544282603043e-15,0.00809241282535354,-0.0356271737940987,3.60822483003176e-16,-0.00967086952156048,-0.00965546088968768,0.0564699780831591,-0.056585692398361,-5.62050406216485e-16,0.04595295682912,-0.0468389783246499,-7.49400541621981e-16,1.94289029309402e-16,0.011265935455023,-4.18415302405606e-15,0.0357364785862517,-0.0205748374150453,0.0612905050067425,3.19189119579733e-16,-0.0399422199166375,-0.0805298158470558,0.0206758651160863,0.0338938364190371,0.0363574637803167,-0.0600615160866203,-0.0934564611310491,-0.0921210258374117,-7.52869988573934e-16,0.0156592995160466,0.00455693553793144,-0.0497508377762818,0.0709746484428344,-0.0768727558618248,-0.0274626563472591,-0.00756582233085366,0.143635354702375,-0.155322912660393,0.0782257147142533,0.0697802133741088,-0.0860712350985512,-0.0338509457607011,0.00834455214858507,-2.0122792321331e-15,0.0726189692748465,-0.0862176215566524,0.106670328774521,0.0354538623759816,0.00698818095037274,-0.0521634903719915,0.142186596123187,-0.0239223367829823,3.33066907387547e-15,-0.00405264242363527,-0.0340113167615359,-0.0510067960367433,0.150517763372823,0.0928411740136257,-0.000560854607429814,-0.0318194827674861,-0.01297857786812,5.96744875736022e-16,-0.0014134259219226,-0.0468820078824373,-0.0310992684823887,0.0323164122154779,-0.0039524672518934,-0.011749184482757,9.4542429440736e-16,0.012868721676933,0.0408662545801628,0.0355233251384645,0.0343688418097983,-0.015465013138194,-0.0505511262973096,-4.24660306919122e-15,0.0386195852509614,-0.0435611111285346,0.0229127842536781,0.0690459658841388,0.0391770259010637,1.94289029309402e-15,0.131352486336846,-0.129420451427004,0.093697271132926,0.034038258641732,1.49880108324396e-15,-0.122384821634264,-0.0495554867899505,-0.151454181403156,-3.92220977918356e-15,-0.218954558051478,0.185291420449642,0.0710375982012531,3.63598040564739e-15,0.100862929512752,-0.141827780858418,7.42114703022878e-15,-0.117061322144598,-4.87110352054287e-15,-0.0425274531267591
0.0108743667964613,-0.0215305258615064,0.0317546498372519,0.0164716947175726,-0.0325869555504569,-0.0413418654802785,-0.0479947503643671,-0.0501013561364601,0.0623549505438191,0.0139029172763336,-0.0274104450226967,0.057862736748508,0.0753443365251392,0.0401150610279402,-0.0515666726613575,-0.0866646926228235,-0.0644855434952617,0.0610791481214529,0.0033254373144696,-0.0960595638729948,0.00941873348119239,0.069876936910297,-0.0575299296014785,-0.0398265402916729,0.103374836572688,-0.00369264951364327,-0.0754050154109366,0.0740343103330773,0.0103455795198402,-0.109020831841259,0.00762622746393981,-0.0769104449296078,-0.0143854158857297,0.00571044700746514,-0.077186340627596,-0.0337782911900901,-0.0176714477841187,-0.0738587015233905,0.106884627788901,-0.0291621111651865,0.0200389157141645,-0.0807127839046374,0.0238141172202331,0.064825191494253,0.106685366458264,-0.0168604231657784,-0.0288864546123021,-0.0198252838191561,-0.00492083507300563,0.0487425090784884,-0.0614556777836189,-0.0914424010657384,-0.013587335263403,0.0262252744251813,0.0708546612835391,-0.0142415751433981,0.0244957766143276,-0.0629476176607009,0.028239472987582,-0.0664277212612492,-0.0417541856194891,-0.024320626600989,0.0365266610206175,-0.0673162897707759,0.0824759237489923,0.0545544725589981,0.0596161574640656,0.0836120309881377,0.0664213173476773,0.0313260880821445,-0.0550194165527116,-0.0771516749810516,0.224657420483255,0.224635028008213,-0.0957084365793137,0.0955712933364688,0.0865619460650149,0.0670934284097984,-0.0671989078577438,-0.0944911182523083,0.100803521208414,0.0528020409605556,0.10539114796861,0.00669552898790867,-0.0889144475861795,-0.00915256994225272,0.108175502967154,-0.104298067084234,0.032194517665501,0.0262089797506206,0.0050917873583261,0.0463546469270822,-0.00546536586016692,0.0540724647991435,-0.0807697256813171,0.109108945117996,0.00753713811351254,0.00419809800911631,-0.0589877108010197,-0.088914693662294,0.000784506522721755,-0.0149022212894771,-0.00478580967899141,-0.00208961299991869,0.0507363216415992,0.0185108360254294,0.0642872233935822,0.0109898137787446,-0.0226151638862761,0.0009042226627076,-0.108175502967157,-0.135342299612517,0.0229969617585766,0.0573015782135791,0.0318086869797165,-0.00599287808505789,0.0402558693723104,0.0287625569126446,0.134084983772864,-0.10539114796863,0.0131908611699368,-0.0437055393001219,-0.0247150945451733,-0.00473059962471121,-0.0588670170231059,0.0165081366487897,-0.0583666869194625,0.128543064832693,0.100803521208412,-0.00874384437170765,0.073527253939339,-0.0715057953949324,0.0749771543691892,-0.0198639146317927,0.122171177877184,0.0944911182523096,0.0354757046768612,-0.0780456450201679,0.0630179251150616,0.0204642000381584,0.114879002746685,0.0817640014948581,-0.0865619460650093,-0.0083183285846825,0.0253145892239746,-0.106822017685075,-0.0861695581570594,-0.0288119085260762,-0.0771516749810471,-0.112212671951233,0.110690581486273,-0.0917591456326141,-0.0983957825509615,-0.0664213173476669,0.0986051731489215,0.0902845919577214,0.105991235609784,-0.0545544725589957,0.140026444757169,-0.116623369687854,-0.0836240911192142,-0.0417541856194911,-0.0802816902786036,0.0841619963098789,0.028239472987581,0.0627676253424485,0.0142415751434066,0.0276938487922883
0.00351446950610163,-0.00704243971363137,0.0105970698995905,0.00595558300383119,-0.0119231324514754,-0.0141906956937752,-0.0179110544745206,-0.0178340047035916,0.0239193213014443,0.00651163869985007,-0.0129895682506011,0.0215345062858502,0.0299312458029281,0.0193766757592481,-0.0255454745985707,-0.0358976905092823,-0.0252935409812322,0.0310633528164264,0.00465263447383237,-0.0417028495957629,0.0107975357319188,0.0291000796246195,-0.0268217399498483,-0.0292414805679308,0.0470716614868521,-0.0136729522947035,-0.0436805479625432,0.0329166681796326,0.0204652912100875,-0.0509031089056733,-0.00266301591502833,-0.0461567392144693,-0.0257769925399688,-0.00973849662781149,-0.0366419567808242,0.00199308959556056,-0.0303098539164275,-0.046104561577472,0.0543820446384419,0.00990282607738266,0.0331703351981817,-0.0399381485496693,-0.0175170360194882,0.0416986084422145,0.0496917212502378,0.000535840780848067,0.00328025582448508,-0.031678183162132,0.0302816631554871,0.031784164587211,-0.00561691163247319,-0.0321716196798793,-0.0211041102656575,0.0170908868825555,0.0421562638848535,4.23272528138341e-16,0.0422361566365362,0.00179240594087773,1.21430643318376e-15,-0.0171136130520389,5.20417042793042e-16,-0.0314681652614968,0.00803193582185521,0.00597228909601859,0.0415686700712023,-1.13277442981286e-15,-0.0134366309833316,0.031433254801404,5.20417042793042e-15,-0.020429678777799,-0.0162376071869308,-8.90953977261688e-15,0.333207219302298,0.33317970801259,-0.25153585538579,0.25141059908998,2.60902410786912e-15,-0.114359334215002,0.113844042882045,1.38777878078145e-15,2.77555756156289e-17,0.014117571947979,-5.03763697423665e-15,-0.0350952273946272,-0.0171393307399526,-0.0574440485392809,-2.77555756156289e-16,-0.0024012878730707,0.069457126516051,0.0185865119185949,-0.0358893372635838,0.0297089907203119,0.0692342021491279,0.0741148559223261,0.038543544506615,-7.04297731246584e-16,-0.0149914353829087,0.0373751891194241,-0.026281977950569,-0.0599434742348679,0.0981240700101254,0.0311645260348776,-0.0690547293678895,-0.0811445706945226,0.0921341946172768,-0.0383335945107398,-0.000236797037826794,0.117384658320999,0.0498048969921618,0.0928573904827122,1.09634523681734e-15,-0.0569595855537266,0.121965941695097,-0.0589911840707619,-0.0724508401823252,0.108587325783483,0.0899899899928435,-0.123530511775264,0.0242937709213601,-3.12814010805518e-15,-0.115168506298456,0.10078995538938,0.0324755568097026,-0.151921205141113,-0.117550261714068,-0.108155096339796,0.134532189677554,0.012139829596437,-9.43689570931383e-16,0.0757424118844695,0.0549387340885378,0.164540548573318,-0.17560848124064,0.00458381934669818,0.00490401342680752,-4.45476988630844e-15,-0.0651843698430666,-0.0216345283793186,-0.163583090241674,-0.0867763505474607,-0.000569445198370433,-0.00060865285670147,3.41740524767431e-16,-0.0300728407119866,-0.00276458235011622,0.00544214842748911,0.0184441732289654,0.0167259524896409,3.2612801348364e-16,0.0929803040579356,-0.0919145514375741,0.0344370363452693,0.0103826571537241,1.38777878078145e-16,-0.0494801903926042,-0.0159833438795386,-0.0630858160058952,-2.15799600411515e-15,-0.0919682629536885,0.0778910170220251,0.0229679412362876,6.93889390390723e-16,0.032252536248372,-0.0448901150316802,-2.42861286636753e-16,-0.0369220361078746,-8.04911692853238e-15,-0.0276938487922883
0.0199350546016621,-0.0384790216814862,0.0543531941676877,0.0318603321606883,-0.0614325160827412,-0.0664962314644353,-0.0866066918741085,-0.0741551333553499,0.105617964325646,0.0306929780172017,-0.0590027284410463,0.0769573088665436,0.117191028503011,0.0826798911472814,-0.0996755804447614,-0.120654950871883,-0.0749621492869701,0.10764410693473,0.0156438921306382,-0.116025865286961,0.0351021305690885,0.0686976986401754,-0.0792729204947656,-0.0879200241244018,0.104072795476433,-0.0406849465629205,-0.108388041511548,0.0592090612782917,0.0548142312633877,-0.0864953110157078,0.00440017969044994,-0.0910699002116046,-0.0612482164252723,0.00140676340867678,-0.0482413507053902,-0.0184474320055817,-0.0623856044960888,-0.0687509191320251,0.0623394937327147,-0.012158579821275,0.0577012094019805,-0.0397486751817757,0.00658567918224571,0.044161465245806,0.0401589467843816,-0.0280841063575555,-0.0519737825514001,-0.0458618714763655,0.00138569429544582,0.0223661332327664,-0.0788604677534418,-0.0187849446982399,-0.0259563277123846,0.00788480829231972,0.0148774432397941,-0.0282394729875837,0.00505788571589863,-0.0901787963500321,0.054554472558995,-0.00561684849333644,-0.0771516749810474,-0.000886366413292506,0.000317266649534374,-0.0953318799179113,0.0273023478697318,0.094491118252308,0.0885226952938046,0.0396907215640319,0.105391147968634,0.0598500735662599,-0.0293329721860218,-0.109108945117995,-0.00911122104484201,-0.00914388962289032,0.0717321211225206,-0.0716919659555903,0.105391147968627,0.1430304249221,-0.141338112783955,-0.094491118252309,0.0771516749810457,0.0019738357283941,0.0545544725589976,0.002669785205312,0.00285612010517527,-0.00701785716433417,0.0282394729875834,0.0197676940746608,0.0172947790129534,-0.0344511593669939,0.00288909541597777,-0.0619392187752793,-0.00952511885404154,0.0223787340787273,0.0518401536481627,1.31838984174237e-15,-0.000725879645670714,-0.0419743267394546,0.0787643572763723,-0.00491813097458739,-0.0213139932783626,-0.00222551724052407,0.077125028193566,-0.0622656726004724,0.05445367790745,-0.0431106650843312,-0.0827646243528972,-0.0338099080160426,-0.0106938498870917,-0.101418420221723,0.0282394729875841,0.0215917093203738,-0.0440700837964765,-0.0688842601810996,0.0245969098378157,-0.113229420496862,-0.0572940916750614,-0.0329476340019494,-0.067320570624965,0.0545544725589981,0.11200796628914,-0.0425589593964098,0.0326210026813572,0.00411515257539515,0.0640938981792586,0.097222989690727,-0.0612475282731995,-0.0932679476137405,-0.0771516749810438,-0.0670332073721148,-0.0701235745350457,-0.0730680288826496,0.0722346877901618,0.0182832110890741,-0.110116718589588,-0.0944911182523065,0.016306855607805,0.0611479388719991,0.0630716831493806,0.0293018825870425,-0.118192754427104,-0.0474373208074709,0.105391147968626,0.00175014567673368,0.0126266405576671,0.116973236268659,0.0300380341290279,-0.0156027466676107,0.109108945117995,-0.057786082696486,0.0569415337565993,0.00941302431239953,0.106082097009565,0.10539114796863,0.013352275418016,-0.0854560634267371,0.0357322096639146,0.0944911182523086,0.0674954512594007,-0.0593723084542363,0.0553785181515301,0.077151674981045,0.0169550112948801,0.0251453536334872,-0.0545544725590013,0.0325274841918127,-0.0282394729875858,0.014833604334471
0.00288938882202056,-0.00569440172132896,0.00833109425777384,0.005689638117871,-0.0111973223268209,-0.0107160122060372,-0.0163389029107217,-0.0127653039805996,0.0209238792173644,0.00831005440783969,-0.016294635493228,0.014391738603158,0.0247459303113446,0.0235993141186959,-0.0297700116673232,-0.0275600945203078,-0.0154969544878256,0.0338197106098603,0.010689800842889,-0.0290216390770021,0.0226253019706862,0.0159518299143038,-0.0204574971888815,-0.0447510380168604,0.0284726314783747,-0.034567383863822,-0.0441724504978835,0.015542522622601,0.0444539053396061,-0.0229916241944978,-0.0144653964918438,-0.0413811959531409,-0.0510952417854593,-0.0302875607039579,-0.0137867511465787,0.038668840740573,-0.0548538075620937,-0.0362509301596459,0.0226679540183319,0.0525012642284657,0.0544287232420193,-0.00874188424709934,-0.0630373324817261,0.0280195270806297,0.00190290063333912,0.0180208950177194,0.0358349283201977,-0.0470539933777068,0.0686442631206016,0.0177993104289581,0.0499788291718021,0.0264428327010154,-0.0288844557323684,0.00805300947493751,0.0133684758480535,0.0142415751433986,0.0581945019593997,0.0664214211342622,-0.0282394729875797,0.0339946551833628,0.0417541856194898,-0.0333460522033307,-0.0219754050625175,0.0781303958446025,-0.00867292866771215,-0.0545544725589999,-0.0820039857881087,-0.0335188467939505,-0.066421317347669,-0.0623121274125663,0.0310559268794833,0.0771516749810391,0.241691398974786,0.241655365994444,-0.228430823944472,0.228343193089584,-0.0865619460650117,-0.194288544160124,0.193129149875545,0.0944911182523096,-0.100803521208414,-0.0454875649869556,-0.105391147968613,-0.0240506290064758,0.082195138962055,-0.0107520138760724,-0.108175502967155,0.103778296879337,-0.0187708511045197,-0.0227970287561786,-0.0113902665944175,-0.0437094750620513,0.00992991658876053,-0.0499095998464544,0.0815987834290479,-0.109108945117996,-0.00742174473816969,-0.00457381834633752,0.0602047492959999,0.093035914064272,-0.00862425185081466,0.0118147738962068,0.0120649306969791,0.0108312165939845,-0.0665986439741924,-0.0118456376407422,-0.064238524091768,-0.0376553260794584,0.011030953975526,-0.0231349684446455,0.108175502967156,0.151019636462426,-0.0671319980199363,-0.0354712044374322,-0.00356497659925785,-0.0365167853716052,-0.08377470132053,0.0326173283383537,-0.14621495492566,0.105391147968631,0.0497869410947538,-0.0121478016807221,0.00620118950387969,0.091816044703924,0.137513685624076,0.0587894186338839,-0.0372084017451753,-0.13743066412418,-0.100803521208411,-0.0544548864751574,-0.119902902333208,-0.0674178795058167,0.0914505915835608,0.0154991686960728,-0.126866087815952,-0.0944911182523056,0.0306881805258284,0.10032717199953,0.1056793345214,0.0775128482083474,-0.114213650158559,-0.0810300427176841,0.0865619460650092,0.0455441650172583,-0.0216343475223729,0.0994181370688917,0.061013226467269,0.00541672939339458,0.0771516749810469,-0.0257892422030393,0.0258174372578552,0.0401378883572632,0.0825148053175345,0.0664213173476665,-0.019063297843726,-0.0635535267331638,0.000434877202411449,0.0545544725589988,0.0198547290434479,-0.0194983893647928,0.0425947153684786,0.0417541856194894,0.0199920590530724,0.00201716204985353,-0.0282394729875807,0.00867681983315111,-0.0142415751433899,0.0276938487922884
0.00780127574763323,-0.0149711920382561,0.0209171237042065,0.0152161417395322,-0.0291958163008141,-0.0251204744380497,-0.0407756809295282,-0.027164975613919,0.0489304119048763,0.0218362183855773,-0.0418358379884575,0.0267539247729463,0.0528192946953633,0.0582225766431795,-0.0692421180962909,-0.0517972526908307,-0.023710476763306,0.072256207002689,0.027548499208697,-0.0453430372565566,0.0563479682477458,0.0179487912995052,-0.0326608874753324,-0.100195687070225,0.0326800245721426,-0.0830544575503379,-0.0772435232750518,0.00937953097019661,0.0985680070505419,-0.00872351986843945,-0.0344870781212359,-0.0598960204538974,-0.104018988538603,-0.0666984372706694,0.00241279743686191,0.0928906939145869,-0.100944041635893,-0.0404720467119009,-0.000380912704416883,0.113833068329812,0.0890225364449998,0.0203578128870725,-0.123632805694048,0.0206887278164391,-0.0455334293452091,0.0384920610928267,0.0726278655478156,-0.0676626486722158,0.114170368405179,0.0054796275338915,0.107736990019408,0.0855967418530575,-0.0370255408520246,-0.000939393579185058,-0.0154476594965139,0.0282394729875829,0.07169749551588,0.126936783241591,-0.0545544725589922,0.0815389856781663,0.0771516749810469,-0.0296398169110263,-0.0478442240348047,0.135499494113011,-0.0569670003691661,-0.0944911182523085,-0.123196663328981,-0.0848501146536356,-0.10539114796864,-0.0740801787568314,0.0620699995155264,0.109108945117995,0.00505825652101358,0.00502088797973123,-0.0428293286180471,0.0427841102270528,-0.105391147968628,-0.101736308812688,0.0997885721307448,0.0944911182523085,-0.0771516749810457,-0.0376852011706717,-0.0545544725589841,0.0232018418005295,0.0493631389194292,0.0537184343659386,-0.0282394729875834,0.0248645948499933,-0.0730848845148601,-0.0227713931526659,0.0338903770400613,-0.0336007107305218,-0.068593873887011,-0.0769181660201193,-0.036788384090695,2.08166817117217e-16,0.0150485626795548,-0.0373292100458203,0.0234940790484519,0.0535470897734659,-0.0974350246194405,-0.0323350072681584,0.0677829541915788,0.0799777372132967,-0.0806682110916101,0.0403932376482115,0.0134479896335609,-0.108830741862739,-0.0523706062714809,-0.0873187079988251,-0.0282394729875846,0.0153935227259153,-0.097673314378577,0.0721177158289721,0.0738405848192293,-0.0942917692305815,-0.0494768490471635,0.107323601904733,0.0487119057641097,-0.054554472558996,0.0879434233968538,-0.094058180314971,-0.0360107766764668,0.0992897037583592,0.0255471210687403,0.0672259154742586,-0.108098394878049,0.0884734997255244,0.0771516749810444,-0.0303057849271796,0.0462753716287148,-0.107618776668622,0.0889388869489992,-0.0193422398813018,0.116552598686789,0.0944911182523098,0.0340350428145368,-0.0816930113052319,0.0545998566591166,-0.000741504498536757,0.134019245020822,0.0983206908642965,-0.105391147968622,-0.026304262257036,0.0315644580114185,-0.14069755862972,-0.101661184011782,-0.0243025227656962,-0.109108945117997,-0.0547037590985859,0.0535714691508237,-0.0946038939286522,-0.136594639815448,-0.105391147968631,0.080125393007227,0.122272333289929,0.0623521758133209,-0.0944911182523059,0.0574520365620017,-0.0438157775335164,-0.0990581124827989,-0.0771516749810475,-0.069623670675346,0.0410176070728816,0.0545544725589932,0.0201323179824455,0.0282394729875739,-0.0276938487922886
0.0113193674977167,-0.0207161832701014,0.0265753085182526,-0.0221942144194839,0.0406420453821146,-0.0278507977145961,0.0521982007802399,-0.024243789229997,-0.0548319217597323,0.0323518704596971,-0.0593443591244793,0.0162721944590831,-0.0479810721203064,0.0765209488866093,-0.0811976206422702,0.0327086443888093,-0.00522733946633974,0.0740626897110928,-0.0409330565205977,0.0116900250969315,-0.0716731416255751,-0.00696150091179121,-0.0837609594825647,0.0642940740557721,0.0106973203469468,0.098102632084617,0.000739432489246364,-0.0178890996348547,-0.0797068172723249,-0.0237953006162845,-0.048060331879413,0.0348673215946675,0.0482143810997202,-0.0907283050241763,0.0246341924588832,0.107716185812171,0.0104905812347121,0.0710241610733047,0.0583057877200771,0.119329873561403,0.0223737175379569,0.0213318569700265,-0.112649952790953,-0.0966641044635654,0.0487630192862225,-0.0556825407724673,-0.103623418266623,-0.0379457198478336,0.0976371725383795,-0.0977101746168838,-0.126941626399257,-0.0327079333336532,-0.0286187109294713,-0.0631333333419391,-0.0451878289197127,0.0417541856194826,0.0781350440621539,-0.14307111922013,-0.0771516749810495,-0.0308014554312373,0.100803521208409,-0.0448126208375963,0.0233158068355245,-0.133185467104856,-0.0105962059113502,-0.109108945117997,0.103720029326801,0.0106655955743923,-0.100803521208411,0.056274780494474,-0.00731998188275214,0.0771516749810452,0.015444811157296,0.0153962219126313,0.0333316239342335,-0.0335754886050587,-0.041754185619489,-0.0194764693784645,0.0224432007419295,4.16333634234434e-16,0.0417541856194888,-0.049395568822634,0.0771516749810642,-0.0425297919322489,0.096258485632346,-0.0465805815336539,0.100803521208413,0.137027673325673,0.0261006345355659,0.0575999349177042,0.044761381198319,0.103405649021519,-0.0635662625409485,-0.00274611026533395,0.142288991317568,0.109108945117999,-0.0685256021114188,-0.0298447338078931,-0.133429527498505,0.063817714034149,-0.0492247124794846,0.115037998661679,0.052650790832644,-0.0640370737221711,0.00817155329623678,-0.0522010644535504,0.143161144983575,-0.0163467777751519,0.129883043854796,-0.0651807616344073,-0.100803521208416,0.117671658455012,0.0186918830199269,0.118096310322583,-0.116013194180208,-0.0676304784443421,0.0546012861856535,0.0550400360973644,-0.11012708502104,-0.0771516749810442,0.0617682669566661,0.083206690751075,-0.034320504356543,-0.000469591745610343,-0.0623505923432967,0.0493395822433921,0.0442513891850558,-0.0665626704687887,0.0417541856194908,-0.0306771419807255,0.0387270575631074,0.0135168163699398,-2.71078640250721e-05,0.00783819294398769,-0.0112566459803198,4.85722573273506e-17,0.00076024326578647,0.00770354652056723,-0.00359202299583627,-0.0252592972924738,0.044986314527386,-0.0509414169554894,0.0417541856194875,-0.0437810485359125,0.0490344883098127,-0.0928034622158318,0.0813887066088722,-0.0384617102455189,0.0771516749810445,-0.090675185157246,0.0888505496609405,0.0944057300391903,-0.124487194776353,0.100803521208414,-0.0898631132890424,0.134926476152587,-0.0728206376412978,0.109108945117995,-0.065215968890121,0.0489021334468721,-0.12247962624183,0.100803521208414,-0.090142191812492,0.0500317986721067,-0.077151674981047,0.0216354687236726,-0.041754185619487,-0.0105080147091193
0.0135257215087125,-0.0236654652539106,0.027938952523795,-0.0266783069354214,0.0466339377257753,-0.0254160973729179,0.0549595079901167,-0.0169155847697842,-0.0498547716619205,0.0392450313760583,-0.0685251857334149,0.00470423977701429,-0.0330253539357147,0.080644943662304,-0.073256617448166,0.00908669695603315,0.00820654081135636,0.0506668667805739,-0.0499481291556731,-0.0158012518236687,-0.0848026966735414,-0.0189432876166272,-0.0517087074219407,0.0859115942741027,0.0353843020766175,0.0815448303709364,0.0439369577087035,-0.0255242988020033,-0.0462534504119633,-0.0393721466106535,-0.061271730652418,0.0722888917437716,0.00140452155678866,-0.109939785465429,0.0270557636477016,0.115847539675571,-0.0382553197854678,0.0910567925979317,0.0701347732200231,0.107406079621842,0.0600204381156835,0.0209144462056254,-0.0733805443628194,-0.0932805310318988,0.0656911517697716,-0.0719497779139291,-0.125639227017641,-0.0577535512793203,0.0361683053011577,-0.0766372857475317,-0.136124523911882,-0.0725613846270838,-0.0344778802068717,-0.0431506518864297,-0.0549465840528571,0.0545544725589939,0.0184754272535781,-0.124650058154554,-0.0944911182523098,-0.074755103834024,0.109108945117993,-0.00914155904106507,0.0497311049203523,-0.0783424780749129,-0.0414632763578377,-0.0944911182523078,0.0231863164681273,-0.0543284220520598,-0.0545544725590038,-0.00728891026195554,0.0485397224575835,-1.22124532708767e-15,0.0262242503151232,0.0262017729832483,0.0725604024574544,-0.0725779554306445,0.0545544725589986,-0.104357155964667,0.104386627412296,-0.0944911182523058,0.109108945117995,-0.0778242606147437,0.0944911182523359,0.0252494975138105,0.108336695820918,0.0696909901856601,0.0545544725589974,0.0740852114390225,-0.0919371312682733,0.0253643167141632,-0.0592300346274987,0.0323396560741246,0.111781810601429,-0.0806702938670253,-0.00395601746645155,-1.84227633148737e-15,0.0700445148432605,0.00200439662863607,-0.0101334670080874,0.0390962511634961,0.137594798628679,-0.122804622242467,-0.00362598719523338,0.0254261844446749,0.000409268944090484,0.00184026477401006,-0.0359702343456325,0.118956930237666,-0.144831130063627,0.00429759336599897,0.054554472558999,-0.0613329922922354,0.0629339308560074,-0.0635038288966051,0.130020338767781,0.00372769842820238,-0.00851385051714898,-0.0140817669124038,0.124357800353011,0.0944911182523056,-0.00173251264520954,-0.08193291802324,-0.00432028090778887,0.0580534010043534,0.118183284049341,0.00408745528083938,-0.0149730491940878,0.145947281941354,-0.109108945117999,-0.0228598939871475,-0.107893676796973,0.0453724063016344,-0.0727667664916106,0.0638889094538884,0.125393146314863,-0.0944911182523081,-0.0629148291831979,0.0569429279515678,-0.0490158534572779,0.0336004718464267,0.0702288707850485,0.00847949231377346,0.0545544725589969,0.0712102467806969,-0.0680979978063513,0.00324157020345457,-0.0654950240037085,0.0388022932201386,1.76247905159244e-15,-0.00536362920251068,0.00698426011239306,-0.0949292100719951,0.0735866355737193,-0.0545544725589985,0.0871505769535022,-0.119625902110735,0.0479874706440035,-0.0944911182523069,-0.00253641784879782,0.0140415066741171,0.126042687017918,-0.109108945117996,0.0887588253614868,-0.0237315585193378,0.0944911182523079,0.00843613798752664,0.0545544725589966,0.0323907951233163
0.024070702792552,-0.0433740717967459,0.0540323688843257,-0.0425610281078262,0.0767604696244567,-0.0537913880567402,0.0957744934933027,-0.0424686402578024,-0.0955911872739202,0.0512150447608052,-0.0925729245984791,0.0220328864099613,-0.0758015187198278,0.116016113787583,-0.11689289806171,0.0397711066896935,0.00370625115542777,0.0960795140500602,-0.0466060519931587,-0.00581956546444651,-0.0801639741119304,-0.0297527193033903,-0.0871000438496391,0.0724683656843786,0.0518313911408715,0.097765241759444,0.0280683692540892,-0.0508109936093686,-0.0688619955461695,-0.0847068759616821,-0.0309718627347421,0.0871170204621987,0.024968227681279,-0.0644157573819169,0.0622158930391727,0.0591751285091441,-0.0232828956929777,0.142109345079814,0.119063075244807,0.0727951887508037,0.0605871002626627,0.0602218739459977,-0.0744321207540032,-0.17469127387388,0.109587630036596,-0.0116950681610795,-0.0247146492490789,-0.071343709815322,0.0788488702448156,-0.165867735475761,-0.0196973001650056,-0.0772293656823262,-0.0479892585566566,-0.103300322585956,-0.0521624172083422,-6.22939200223271e-15,0.0810571567537515,-0.0321413535572033,4.44089209850063e-16,-0.0535121908522974,-2.22738494315422e-15,-0.0499208944644638,0.0311320722381279,-0.034716532330511,-0.0241156919773765,-6.66133814775094e-16,0.0321344072160327,0.00221055530607887,7.49400541621981e-16,0.0183161389567666,-0.00861774234477644,-8.2572837456496e-16,0.0272304634338685,0.0271734551414044,0.0622632237245432,-0.0624829982035602,-2.56739074444567e-16,-0.05314065699194,0.0542544598112415,7.49400541621981e-16,-8.32667268468867e-17,0.0302227447369283,-1.14075415780235e-14,-0.0348866659737516,-0.0447900404911603,-0.0521252419949147,4.78783679369599e-16,-0.0415963519268361,0.0468245543058511,-0.0241570644537391,0.0422244353959769,-0.0458585421419497,-0.0685114019515384,0.0254104288218408,-0.0421685253774195,1.80411241501588e-16,-0.0340722034765818,0.00873310501506051,0.060635504546178,-0.0110380827396473,-0.0726176011235049,0.0437524796954563,-0.0229154296736712,0.0604115868075596,-0.0768031189741946,0.0535772898022252,-0.0706285846325288,-0.0550815010073205,0.0209745794614945,0.0429889286377821,1.40165656858926e-15,0.0255057643792514,-0.0267113898048258,-0.0932738896705442,0.025854937231045,0.0653007333592535,-0.0241600747999219,-0.12575534339931,-0.00497776642389825,-2.91086599268908e-15,-0.0861168773644944,-0.0798942534296009,0.0789243810016816,-0.134108282083576,-0.0455556822419478,-0.105840475978069,-0.121737204661582,0.00364230797796345,-8.77770078844264e-16,0.130982371632512,-0.0181418530471485,-0.134419651600889,0.110326451974595,-0.155896114378258,0.011175505563594,3.05311331771918e-15,0.101978036924858,0.0496726927148462,0.0336841541025008,-0.0725876970470143,0.0171752067718539,-0.0639394017075187,-1.70696790036118e-15,-0.0800533099691145,0.04537565015239,-0.0199817308774872,0.060102110928268,-0.00455276324380368,6.93889390390723e-17,0.146870190583164,-0.146514205625541,0.036829729412022,-0.017850469420793,-7.56339435525888e-16,0.00376097943654019,0.0092510289664843,0.0535137835384785,3.12293593762725e-15,0.123964565559897,-0.111977878688487,0.00704609643207479,-3.7470027081099e-16,0.0316963329527276,-0.0635100666650117,2.41473507855972e-15,-0.057179747157143,-6.10622663543836e-16,-0.021882780414197
0.0296555057566182,-0.0547981563674254,0.0716433498632662,-0.0472091937057046,0.0870904604516283,-0.0777423161207057,0.113501053319475,-0.072367263589601,-0.122475673134274,0.0454144570324832,-0.0835298888833271,0.0566069949904345,-0.112862428669223,0.108245030215812,-0.115719569103416,0.0864924403082428,-0.0331500853949692,0.105597879617919,-0.0238143469775396,0.0478364606482242,-0.0385638295874341,0.00577665687784553,-0.0898757592875542,0.0143275729739938,-0.00312785060483659,0.0541834199178285,-0.0248729602130097,-0.0213960883536952,-0.0350105710905259,-0.0418484158881728,0.0120362563096721,0.0200515226254961,0.0092384658690563,0.0184905314182225,0.0449502480686534,-0.0390734835112737,-0.0186909508308653,0.064264463860962,0.071228778372822,-0.039715308651403,0.0401758655723425,0.0649644628708664,0.0350594228899714,-0.0947320819164383,0.0950674612743368,0.0444297751251156,0.0784169318246958,-0.0457217577464599,-0.013963319981162,-0.0974500600886652,0.117076994194623,-0.0911378475372764,-0.0304054882863988,-0.0629976485183263,-0.0480600261424661,-0.0417541856194918,0.0209309052718774,0.117334160406801,0.0771516749810508,-0.0673296369711934,-0.100803521208412,-0.0240598439450072,0.036604237278443,0.104480400701609,-0.0656814736965713,0.109108945117995,-0.0720425985955481,-0.057595546575376,0.100803521208406,-0.0272860961020222,0.0288704588612637,-0.0771516749810446,-0.0279100193993979,-0.0279485704510822,-0.0561179938480561,0.0559687462197351,0.0417541856194889,0.0291819300508372,-0.0300127045996513,-2.55004350968591e-16,-0.041754185619489,0.0494780150681671,-0.0771516749810642,0.00683028728345139,-0.0922999465871766,-0.0101732484372626,-0.100803521208413,-0.117310446817873,0.0340340431259958,-0.0180478895595308,0.0321053868873541,-0.0327569300735057,-0.0623145012889392,0.0516304606692458,-0.10125432629621,-0.109108945117995,-0.0649251878715033,-0.00914952868768617,0.0362246769036275,-0.082646732790681,-0.0856292190783701,0.111342897617279,0.013583179980326,0.0309736810673351,0.00583792981018118,0.0424701171614839,-0.0202866604506191,-0.0923728545311981,0.131140450948374,-0.0128043606856332,0.100803521208413,-0.0978487440222655,-0.0787207129144671,0.0103930520074991,-0.126232889015544,-0.00983990564143359,-0.0463587270216417,0.024376669530542,0.0774147023959807,0.0771516749810461,0.00850464006858958,0.10289736064089,0.00716848737849583,0.0159030767376417,-0.00243321824428679,0.0108041455080864,0.0679467067130211,0.035113495275233,-0.0417541856194899,-0.0137034285631469,0.0345196082363067,0.0293177437452169,0.00225277949028384,0.00562594123296143,-0.0126109790365824,-2.22044604925031e-16,0.00777930742489394,-0.0524882396036655,0.0198272549111609,0.0101292691641153,-0.0576685382318433,0.0576369630624675,-0.0417541856194854,-0.00868081496198467,0.0231638163017113,0.0925708612180417,-0.0503757527867772,-0.025840232360276,-0.0771516749810477,-0.0957982816002083,0.0944268389363782,-0.0312976808017227,0.110962738067048,-0.100803521208413,0.00266012061170907,-0.108408221449219,-0.0301791828573482,-0.109108945117997,-0.0741572923471433,0.0673002893164899,0.0830180070731947,-0.100803521208413,0.0365013895603709,0.021460916781728,0.0771516749810428,0.0361836968509532,0.041754185619484,-0.0114455403501742
0.0315105648981862,-0.0599463705944964,0.0824956713477823,-0.0384951632655433,0.0732814835041846,-0.0968532954148517,0.100955186903404,-0.101426486614562,-0.118698576611125,0.0163899411269798,-0.0312076950089737,0.0954869593033617,-0.124512537204142,0.0429753649046523,-0.0503460238907908,0.11737208853806,-0.0792558330175026,0.0516536989612706,0.0150556718894198,0.0972526241217602,0.0312435408762641,0.0539100177290306,-0.0270443581370518,-0.059092487192296,-0.064814275677188,-0.0441269350493507,-0.0488365122045492,0.0214942835913993,0.0529813641688654,0.0175942384603064,0.0323101709285281,-0.035083103943987,-0.0558810323088468,0.062913932766457,0.0153211228617239,-0.0892161557683478,-0.0539009096930965,-0.0201238567824775,0.0164750398323809,-0.11003118768826,0.0469191807146656,0.0542845587178094,0.118888216644613,0.00609889066500738,0.0801446615274814,0.0176289400920687,0.0306074713224409,-0.0348572038590107,-0.102394854540813,-0.00307608228493245,0.0625929367223698,-0.124248730781654,-0.0185200558854405,-0.00455811093588242,-0.0768293805211521,-1.70263109167124e-15,-0.0452669299296103,0.0632058300090927,2.51323484593002e-15,-0.11377640200346,8.18789480661053e-16,0.0053965159491529,0.0673946057261823,0.0636548870532259,-0.111538103382125,-1.56819002228303e-15,-0.0463508311838093,-0.114998445454511,-1.4960255256824e-14,-0.00661985909482954,0.0729116440975626,1.85268467234323e-15,-0.0610573253324579,-0.0610747366848303,-0.126576158111072,0.126458375179004,-1.38777878078145e-17,0.0975387052013019,-0.096648263513546,-1.33226762955019e-15,6.38378239159465e-16,-0.0520909016310222,1.97342142627122e-14,0.0146524560315866,0.0753196223137704,0.0165077542808344,-8.88178419700125e-16,0.0770342279618123,0.000438509572321222,0.05243298789688,-0.00896405557138657,0.0853883133230983,0.0166463563497457,0.0277724717183144,0.0950815084335855,1.73472347597681e-15,-0.000348977677890416,-0.0184926588830096,-0.0932234717752068,-0.0278142348863476,0.0159428868211944,-0.000137318149230445,0.0305183597954364,-0.130053251772873,0.147366042656412,-0.0859816580253915,0.0867924378058126,-0.00175764361745288,-0.000745600562144941,-0.032776884949936,-2.60902410786912e-15,-0.0642421262001349,-0.0303734051833305,0.096750780933345,-0.00100448437627523,-0.0251111315803431,-0.0333415925265135,0.137834178625537,0.0321016598968916,2.81025203108243e-15,0.00970417403290054,0.00891247816655595,-0.0593558398996084,0.169092671204055,0.132873047756129,-0.00845746282077806,0.0270413470110797,0.0292508210279779,-2.35922392732846e-16,0.0185146987374577,-0.0965987459093334,0.0546410914098168,-0.0804914526838632,0.00351117405655813,0.0288937174457908,-2.26207941267376e-15,-0.0360512202644774,0.080381711589065,-0.0955099057039226,-0.0695124336896745,0.0262933218986065,-0.0617763153061106,-2.57432963834958e-15,-0.0408783388923081,0.0167986725179528,-0.0196020072297536,0.0349436667123221,9.60677118112263e-05,-2.77555756156289e-17,0.0527340685340886,-0.0524746940645145,-0.00108166004121821,-0.00765626841569125,-9.8207032783737e-16,0.0443231384253093,-0.0106280796692148,0.0890686896896892,2.90739654573713e-15,0.158244141991323,-0.138196128126695,0.0366112711590127,-1.66533453693773e-16,0.0718495788924771,-0.116957134119123,8.14626144318709e-15,-0.100379967223258,1.47104550762833e-15,0.0111398646769543
0.0397677635842393,-0.0684973086738277,0.0782316903324537,-0.06229221896221,0.10751432441028,-0.0663218823803257,0.12334795542423,-0.0361795903215749,-0.105653189175313,0.0576970964859659,-0.10007413066951,-0.00365674491333454,-0.0596118819347744,0.116073202209026,-0.10201269156245,-0.00173796377824603,0.0418906834162719,0.0631964563270464,-0.0256969529222839,-0.0611801142472956,-0.0428643587528382,-0.0676255528901404,-0.0279084009594237,0.0450730698171846,0.102225673130267,0.0397385218233434,0.0570349940768454,-0.0734635565812762,-0.0234194952588157,-0.114663503808028,0.0177537339586924,0.0960579338964477,0.00456880374488335,0.0196110507563453,0.0578267687847573,-0.0392890935811517,-0.00925549814136621,0.113048497301203,0.0839707646667271,-0.0154556751736849,0.0134484507251055,0.0276760012410352,-0.0156933712197687,-0.104284995370058,0.0299534862799488,0.0578745022987494,0.0984933666623363,-0.00920047996011306,0.0460840095347538,-0.0754553036962732,0.105742318201468,0.0403728879458634,-0.00307577834068564,-0.0379023356346408,0.0439802129764608,-0.0545544725589968,0.0411529603531688,0.0880949083079019,0.0944911182523096,0.0714719351679397,-0.109108945117994,-0.01346802359741,-0.053249957380075,0.0441858415194306,0.0749248087727082,0.0944911182523078,-0.00132208240707479,0.104781194816761,0.0545544725590108,0.00608062360696541,-0.0828082789725803,-3.59607185129789e-16,0.0243520603882943,0.0243802658382017,0.030460871800111,-0.0303176690163171,-0.0545544725589986,0.0355464892018985,-0.0368027645981411,0.0944911182523067,-0.109108945117995,0.0934005651125467,-0.0944911182523419,-0.00680195622973729,-0.129854736454185,-0.0309987571028664,-0.0545544725589973,-0.102806166573618,0.0408520246931722,-0.0693509068888525,-0.0102264620551658,-0.107071439525647,0.00968101209524694,0.0332131901636413,-0.0379856773343948,-2.12737311995475e-15,0.0636685386564029,0.0369020748687287,0.104530471734817,-0.0195083445986417,0.00306100701661002,-0.1079108010315,-0.0601924476030317,0.00112914316230653,-0.00119591079837745,-0.00142499137069552,-0.0723788879138775,0.00227520978188075,-0.12107087962353,0.0633956616183734,-0.0545544725589968,0.0344899695511031,0.00676077904767887,-0.030468445717106,0.102146643106014,0.048178816407213,0.0119550156780074,-0.00284957832460366,-0.0891600002387241,-0.0944911182523059,-0.0214489468252865,-0.0598972673671566,-0.0135214955653493,0.00338769792498977,-0.0229205736964096,0.00945493404222899,-0.0107398407677544,-0.117164649432535,0.109108945117999,-0.04204995076647,0.0499611643373846,0.0252852526209547,-0.0340175380171634,0.0710923640437059,-0.112224511609539,0.094491118252305,-0.0491351664889432,-0.0633164308530619,-0.00195661494055297,0.063486543995863,-0.0776145452909294,0.0619278365165768,-0.0545544725589966,0.0803460604824921,-0.06450485938473,0.0241755796710895,-0.0474922541211808,0.0318677597640305,1.44558021332889e-15,-0.026148504732955,0.0273357133510293,-0.0233867530607898,-0.0327586770459105,0.0545544725589979,-0.00599354640753951,0.0776359250593329,-0.0352656924130729,0.0944911182523048,-0.0735951006593193,0.0654477742380636,-0.0991680444142857,0.109108945117996,-0.0943679441141988,0.0741642176986174,-0.0944911182523078,0.0443879800039963,-0.0545544725589923,0.033328320764371
0.0437705261532532,-0.0806308143721141,0.104782217548027,-0.0373318390636039,0.0690030486589866,-0.112471692818077,0.0902706685425586,-0.102598774276235,-0.0980731722530831,-0.0128815991727151,0.0234049512302216,0.0768980895886402,-0.091508842708348,-0.0296409551625638,0.0305934875894655,0.0719357241125354,-0.0396684710912149,-0.0278584757877045,0.0499444722087571,0.0426339100431455,0.0905867089513739,-0.00290419277042823,0.0610562743912997,-0.101526345255732,-0.00788860603372731,-0.122591414817224,-0.0262053715184644,-0.043703430727227,0.108616150753379,-0.0312585108543573,0.0334251161817787,-0.0427772199023682,-0.0776408468430058,0.0588684257587279,0.0756685836189295,-0.087011696049546,-0.0375943250282253,-0.0637166521309139,0.0452802616957537,-0.092822098478951,-0.000140180349547339,0.0915648534217434,0.0851933683003602,0.0794506156142434,0.0733658760861346,-0.0250052175013145,-0.0507993572212415,0.0226540667596444,-0.0574159496253583,0.0786175907255892,-0.0412166247879746,-0.0765814477909088,0.02116364688752,0.050764687217668,-0.104408327141594,0.041754185619484,-0.0138424606869731,-0.061072607141727,-0.0771516749810481,-0.0536216997116496,0.100803521208412,-0.00411635146138774,0.0262277270524774,-0.0615991602897348,-0.0788947263448155,-0.109108945117997,0.0572941624719506,-0.0442957664326002,-0.100803521208419,0.0428874073782637,0.0197425907538911,0.0771516749810472,-0.0557406074461076,-0.055691603704271,-0.0709519620243093,0.0709112443846092,-0.0417541856194888,0.0048951699834639,-0.00202649103232839,-2.64143511800278e-16,0.0417541856194893,-0.0121172517676592,0.0771516749810507,-0.0462034958064112,0.0277324216810899,-0.0682582835390264,0.100803521208414,0.0535602669641006,0.0665810020359336,-0.0436822721869486,0.0121846981885026,-0.0787767732667593,-0.0340248530714917,0.0482061171788197,0.076177143710335,0.109108945117996,0.0585536804418058,0.0446288233758132,0.095606403056265,-0.0030673450342244,-0.0637221610890362,-0.0959484132226728,-0.0812902668409931,-0.0488792437459425,0.016027690101276,-0.022623545504433,-0.0839993638266219,-0.0850978540157729,-0.102900707014778,0.104647313351907,-0.100803521208413,0.0488854140067429,-0.0870393834484616,-0.0421647505320525,0.0828156634290262,0.112026005557966,-0.0706585854161353,-0.000118450944221746,-0.0599115264421075,-0.0771516749810458,-0.102797931035892,-0.0470359152949148,0.0224425487450354,0.0161120647252621,0.0253154058376329,-0.0781027096051267,-0.0117915413213146,-0.0478887971683151,0.0417541856194899,0.0415748711985653,0.0172844461996654,0.0049612822602914,0.00230162617340756,-0.0084979944133286,-0.0266477869803088,5.29514494895803e-16,0.00640939639588227,-0.0559166403367292,0.0262998566952347,0.0556449501353342,-0.00157152156977322,0.0803080264184479,0.0417541856194926,0.0702099085079824,-0.0651932785396186,-0.0231531633194648,-0.0865971348029833,0.0434653747147059,0.0771516749810481,0.0675927562357273,-0.0656763193446751,-0.0733121832400169,-0.0442702547430679,0.100803521208412,0.0426529684063097,0.0598423423145292,0.00222904974112318,0.109108945117995,-0.0451334557345538,0.0455367925023854,-0.069711588721305,0.100803521208414,-0.0759040850641926,0.0838495492631391,-0.0771516749810528,0.0631626850662316,-0.0417541856194927,-0.0717332753692409
0.0566340624311664,-0.0980076611579379,0.113070994278857,-0.0504192554109233,0.0867602696566839,-0.098015237410462,0.0988886733287503,-0.057272979514452,-0.0834657284705335,-0.0130200064933983,0.0234039873565637,0.00220934613960801,-0.0449142167307477,-0.0292439649779356,0.0299911718148225,-0.0057819243647352,0.0521240724250976,-0.028102082879867,0.0643064658361796,-0.0541478956203268,0.109944820481226,-0.0912474461754397,0.065267470213863,-0.109734273848476,0.0864781772392822,-0.10720018518186,-0.0221366680149312,-0.10529183658656,0.0599263424496811,-0.0971412501366918,0.045022219418469,-0.0342021480161531,0.00203794335095394,0.0685388582377929,0.0915647542164403,-0.0908460990314505,0.059678206175342,-0.051030173382372,0.052757854187255,-0.0632558774737665,-0.0947046416350891,0.0537558890823836,0.0169640433119404,0.0638007135122379,0.000718173390994694,-0.031845403251918,-0.0581761868554658,0.0948678234668631,0.029987599384287,0.0626403134618678,-0.0640021866823996,0.0726657420986234,0.0590512150546516,0.0398524523241068,-0.0245370566313803,0.0545544725589949,0.0329306216977601,-0.0673411718130201,-0.0944911182523097,0.104741086214234,0.109108945117995,-0.0093996470861432,-0.0753823812071826,-0.0535056307446715,0.023220948851183,-0.0944911182523064,0.0275907813140185,0.0370347606156929,-0.0545544725589927,-0.00300849882302031,-0.0222802350978677,2.81284232369665e-16,-0.0229024058477186,-0.022833697645306,-0.00183154524604506,0.001982559837815,0.0545544725589989,-0.0945847557880043,0.0933652306858479,-0.0944911182523056,0.109108945117995,-0.00364470054840545,0.0944911182523084,0.0246836521740982,0.00523891356864263,0.0559044862215249,0.0545544725589989,-0.0104234189720614,-0.0737917028226528,-0.0806390897776607,0.0161333831919939,-0.121463940472528,-0.0400665736934643,-0.0673810209144409,-0.0429187504270165,-3.55908825303006e-16,-0.0625473158258134,0.0332902769460676,0.109040288820528,0.0292438831840567,-0.058174439180156,0.113375481918463,-0.0536586444463886,0.0328350765651615,-0.000685560772661649,0.000869781267934045,-0.056370627631441,-0.0506656046522598,0.139905798957389,0.0556516659590332,0.0545544725589985,-0.0419910208722762,-0.0212474550955615,-0.00220658308535771,-0.132141911741778,0.041461735941733,0.0157440356152878,0.00341739752561839,0.065911640364649,0.0944911182523071,-0.0183270669121243,0.0877407494235202,-0.0115987896802411,-0.0224484960966658,-0.0755170831857775,0.00208959412826739,0.0162406615951305,0.064828634366335,-0.109108945117998,-0.000857845154532617,0.0979783677950871,-0.0564729984582669,0.0971036444365693,-0.044031472800673,0.0441381842910572,-0.0944911182523041,0.0642334383579811,-0.0886584178730287,0.0863669010567843,0.00294058583493477,0.009959424170135,0.0581541074182966,0.0545544725590022,-0.0479703703676143,0.0582034925952904,0.0282177515988162,-0.0183442262995877,-0.038051556625104,-2.44046480215031e-15,-0.0164835788720886,0.0147505114978332,0.0188607199091221,0.0590023566207102,-0.054554472558998,-0.0447792019645893,-0.0715351349490569,-0.0566221259848813,-0.0944911182523084,-0.0724662885220831,0.0591987158795044,0.0580046154948009,-0.109108945117997,0.0163125007614965,0.0445714482605721,0.0944911182523021,0.0549076720085915,0.0545544725590085,-0.00517714540456079
0.0540863782220092,-0.0974606546574643,0.121409630823619,-0.0236195886584365,0.0425988468409462,-0.120868151819163,0.053150834010658,-0.0954261684568993,-0.0530491067335485,-0.0410712770346233,0.0742377215493289,0.049507446374214,-0.0420666692381376,-0.0930376996076917,0.0937408260032843,0.0220712990795286,0.00832787075248266,-0.0770497879545349,0.0373751518101977,-0.00322961517970283,0.0642865158924358,-0.0668537534298599,0.0698488119532809,-0.0581151170944081,0.0287642520110011,-0.0784016366169953,-0.0225090844873627,-0.114171266284867,0.0552230327912994,-0.04700876965865,-0.0171880870905583,-0.0698624261395161,-0.020022963973788,-0.0357480483936628,0.139797842686086,0.0328397187834645,0.018671432654994,-0.113962846430026,0.0660750218384261,0.0403982819740874,-0.0485870820036292,0.13531732245419,-0.0413067107008545,0.14009152463528,0.060816546464993,-0.0262785796220249,-0.0555333127756748,0.0572132131132108,0.0437578217482588,0.133015596230515,-0.0442594317190703,-0.0428590645213616,0.0384843973498891,0.0828404268025071,-0.1172078875477,-9.38388010315579e-15,0.0449833283043747,-0.0722209658789036,-1.76051716415435e-15,-0.029697025479295,-1.54221022060175e-15,-0.0277040063441299,0.0172769966572829,-0.0780073400584588,-0.0541874680026971,-4.7057690889628e-16,0.0722053575919774,0.00496707268564815,6.15329575856815e-16,0.0411559906547094,-0.0193638912788054,5.59921760518096e-16,-0.0218371361910723,-0.0217914190900915,0.0345534823359111,-0.0346754479702668,7.61846160206883e-16,-0.119405972389035,0.121908664606569,1.62649481693516e-15,-2.1951762523989e-16,0.0679098909922376,-2.55966227546137e-14,-0.0783896268847237,-0.100642307433317,-0.11712435560141,8.17109811630261e-16,-0.0934661543686549,0.105213818478402,-0.013406159365956,0.0234327937957907,-0.0254495708873455,-0.0380209596537134,0.0570967152843954,-0.0947518164419001,-9.49024250224113e-16,0.0273237857098951,-0.00700340646232454,0.0336501663411211,-0.0248023467801351,-0.040299728276166,-0.0350867645028155,0.0183767477875075,0.135743603384794,-0.172575041836899,0.120387077408059,-0.0391959073996435,-0.0305679269115895,-0.0168203067628147,-0.0344744440964579,9.44215641137749e-16,0.0573109323374008,-0.0148237029915429,-0.051763103584088,-0.0207340498224392,-0.0523671222565163,-0.0134078299820578,-0.0697889504728872,-0.0111849396265895,-1.40174141620411e-15,0.0690603736482629,0.0640702166991578,0.0437997270568458,-0.0744244817225449,-0.0252814963229571,0.0848774716623602,0.0976256582695193,0.00818419173694755,1.68368533951788e-16,-0.105039706537325,-0.0100679688796947,0.107796191052486,-0.0884749450958881,0.125018976985273,0.0251111330626182,-2.54336762577108e-15,-0.0817800360333404,0.0275662647647763,-0.0270125942734752,0.0582108134171693,0.0385923393059879,-0.0354836909383894,-3.53324131236019e-15,0.0641977701403143,-0.0363884461438793,-0.0448985417286865,0.0333541552152585,0.00365103264739276,7.66769346523907e-16,-0.117780748093488,0.117495270322591,0.0204389578397749,-0.0401096407053108,1.14558654013909e-15,0.00208718612292071,0.0207868734010884,0.0296979093534411,1.39542820553634e-15,0.0687951437481437,-0.0621430343920696,0.0158324349686995,1.77644714912786e-16,0.0712210136574137,-0.14270582442701,1.24772655625416e-14,-0.128481725607815,-6.61790434489175e-15,0.0769104207738018
0.0482991783141452,-0.0890483665816004,0.115913104539741,-0.0011841466700469,0.00188314418536306,-0.12479388026289,0.00168548000089092,-0.114484290903076,-0.00032511941419789,-0.0494821534182223,0.0911712997219545,0.0868599626398906,0.00224743395181001,-0.118529855772599,0.127321837696268,-0.0057841128063223,-0.0465648198153777,-0.116218114393411,0.00197891395177678,-0.00959920270427792,-0.00218352185482952,0.000241872392551423,0.0781895627117905,0.0384766796514352,0.0120893448226603,0.000467483079722761,0.045558958098239,-0.044569585411251,-0.0166199480722291,-0.00517100344022735,-0.05341696987015,-0.00126427368456358,0.0315672408293203,-0.0989573656652394,0.080686234982534,0.125105521899881,0.0441705108549138,-0.0447764014290338,0.0266059991438992,0.137004848708348,-0.0500206907054742,0.102341217136507,-0.128252863841751,0.0740372087330152,0.00645401874298448,-0.000279517393690006,-0.00583910369510834,0.0444420407828187,0.103851434545061,0.0778887660133279,0.0190509974259857,0.00785222457186713,0.0261700857893706,0.0503845067902252,-0.10511770127347,-0.0417541856194978,0.0688199148828487,0.00324218562646355,0.0771516749810467,-0.000836948027697667,-0.100803521208415,-0.0341049829466188,0.00702538870360592,-0.00290053844172013,-0.0924996639530791,0.109108945117996,0.0138843782793471,-0.0611548762700718,0.100803521208406,0.0222495751901784,0.0286808914672079,-0.0771516749810477,0.0657369283201141,0.0657578056702286,0.0583064807398822,-0.0584839239674167,0.0417541856194884,0.0169128021920392,-0.0149820297462333,-6.30306660235152e-16,-0.0417541856194887,0.0123025067997746,-0.077151674981051,-0.0340125630022538,-0.0188376651860747,-0.0592664148384706,-0.100803521208415,-0.00925606115919731,0.0685403921457193,0.0656320013991615,0.0304731398479106,0.117983854368516,-0.0358337004892763,0.0616360211197567,0.0160269116380467,-0.109108945117996,0.048465543918466,-0.0133578528007264,-0.149551025372231,-0.0392410760697183,-0.0111161248729513,-0.0855949701687469,0.0281747462538696,-0.0254135251791413,0.0154513326974677,0.000758305414312765,0.152189558244231,0.0247630099498445,-0.106423883399554,-0.04210810093211,0.100803521208412,-0.00434372959012446,0.0537258961387933,0.113470967043854,0.111450612036565,-0.0498995811522867,0.0752328606534148,0.0441913975560117,-0.0135925301053908,0.0771516749810466,0.0464434350876342,-0.102207946302466,-0.0375107813695734,-0.00754712672248962,-0.0612677083508194,0.0298711847492437,-0.0781843456648024,-0.0227768580453459,-0.0417541856194882,-0.00598441694288597,0.0233643866340192,-0.0393119324132113,-0.00408647623801423,-0.00229940286310616,-0.0269822796218452,-1.59731744846058e-16,-0.0132575843415587,0.0310630107172231,-0.0393195018176635,-0.0435116096354143,-0.0269251764239239,-0.0765922786576154,-0.0417541856194935,-0.0281387604783757,0.00729473361050448,0.0226305136216263,0.103808025726605,0.00810077954643838,-0.0771516749810458,0.0819473534834242,-0.081300734691281,0.108334508364525,0.0138810763659049,-0.100803521208413,-0.0910469783349502,-0.000256364869876227,-0.0593896377303856,-0.109108945117997,-0.0322128689846043,0.0189506869783981,-0.0189578646802838,-0.100803521208414,-0.044625703523358,0.0767931241759923,0.0771516749810373,0.0667558006839129,0.0417541856194979,-0.0486874884679819
0.0392930317296532,-0.0747519014482249,0.102870419565664,0.0171319593653002,-0.0326133283020954,-0.120774083935158,-0.0449292849549582,-0.12647676008508,0.052825836253586,-0.0295336534043252,0.0562343232841288,0.119070290672277,0.0554132921358885,-0.0774389317316786,0.0907204002965679,-0.0522354935237955,-0.0988304072484735,-0.0930767493522136,-0.0271293833154514,-0.0432814894985521,-0.056298915305095,0.0672246925441528,0.0487322494677747,0.106480982574364,0.0288450663147933,0.0795139894308524,0.0880003542264722,0.0268029332349892,-0.0954691193902983,-0.00783017274887677,-0.0143793788226004,0.0632175688858264,0.10069414083304,-0.0279993341561133,0.0191051277146214,0.0397049246111289,0.0971260831701965,0.0362619369262797,-0.00733208250092891,0.0489684852974289,-0.084545442262803,0.0676917375180793,-0.0529102340082401,-0.0109898212358274,-0.0356677298694148,0.0219829287299688,0.0381668924604494,0.0628105109981996,0.0455699973294922,0.00554290874765055,0.0780521154295735,0.0552958872328344,0.0333719875692098,0.00821343209938075,-0.095804670476127,-4.4367243798471e-15,0.0201456790505435,0.0788163808573697,2.28309194626797e-15,0.0506352624719985,-2.51320260859231e-16,-0.00240167553822807,-0.0299934212196163,0.0793763458323131,-0.139085739954839,-9.41124209171324e-16,-0.0577985411015626,-0.143400715940991,-1.84114224588318e-14,-0.00825482927073561,0.0909193330631683,-3.07415012571067e-15,0.110021498563866,0.110052872736738,0.0563316898389548,-0.0562792715028594,-1.33347772871924e-15,0.121628775959034,-0.120518413336103,-1.57564141178803e-15,2.0196052068284e-16,-0.0649562918731375,2.46314597585903e-14,0.0182713138157554,0.0939220327849749,0.0205848328913808,-5.33908276574663e-16,0.0960601110565016,0.000546812492726453,-0.0233348748738676,0.0039893800355629,-0.0380013744592212,-0.00740832552383366,0.0346317057775576,0.118564701707371,8.53618458587879e-16,0.000628836046739196,0.0333226198766636,0.0414883480121382,-0.0346837835962829,-0.00709525213082717,0.000247438754895778,-0.0549921841502858,-0.1621737523579,0.183762449473103,-0.107217373851473,-0.0386262686417902,0.000782224998635841,0.00134352578876613,0.059061905853422,3.18369852217206e-17,-0.0801086210710109,0.0135174369776559,-0.0430581482685832,0.00181001830263513,0.045248695583381,0.0148384046171812,-0.0613419803177064,0.0400301151369232,-1.79900985268079e-15,-0.0174863173846995,-0.0160597307278606,0.0264158338604445,-0.0752533182429892,-0.059134069368631,0.0152398214059246,-0.048726823606258,0.0364751772138792,-5.43901705947632e-16,-0.033362334322082,0.0429904863175256,-0.0984598445369435,0.145040586000802,-0.00632691702949156,0.0360298763304751,4.01638713274433e-15,0.0649620542163777,-0.0357732270715846,0.172102903231036,0.125257077373055,0.0327872361215435,0.0274930467565908,-1.11485353943425e-16,0.0736602214270675,-0.0302701619215259,-0.0244433032074246,-0.0155513947053683,-0.000173108035105238,1.05486869757028e-16,-0.0950235080540925,0.0945561314096629,0.000481384005188389,-0.00954721055495629,9.99455419473778e-16,-0.01972565231655,-0.0132529985741972,-0.0396392960320309,-1.58216089985194e-15,-0.07042526853805,0.061503062999796,0.0456535084014591,2.22289278030804e-15,0.0895949594146052,-0.145843160755798,1.08395721499163e-14,-0.125171771749235,-3.18519758859141e-16,-0.0117432731950729
0.063115311583717,-0.109080212079713,0.125492274732706,0.0010443385479435,-0.00121443803712924,-0.108118131981356,6.45035049139873e-05,-0.0620307959716436,-0.00283467900041318,-0.0647215440283757,0.11180216669784,0.00014435345409975,-0.00649557064967653,-0.128511739513845,0.110563901009238,0.00986016360223948,0.0604433686172192,-0.0632092126442754,-0.00364381998980229,0.0114264605000595,-0.00756379111573475,-0.103270972760755,-0.00141950658718496,0.0046927289019498,-0.0101104024419138,0.00993848833232117,-0.0588365503797753,-0.117131855475395,-0.00405297815160003,0.0116579133054791,-0.0691728855758395,-0.100801524167692,-0.00682817831860791,-0.118667524125763,0.0991645648711781,0.133332831271521,-0.0215774884208777,-0.112649560665145,0.0327642672626827,0.114284502170985,0.0357871672660016,0.0554258552656332,-0.0663963371212893,0.0946345374036368,0.0523605962852532,0.000218546027913957,-0.00282000768822919,-0.0411748592517113,0.0156589916169095,0.0593284733494003,-0.00426600986484899,-0.0905290100915361,-0.0289355191478351,0.0251469969687602,-0.000104155504040236,-0.0545544725589993,0.00016063690786236,-0.0147975043032394,0.0944911182523073,-0.106563107364493,-0.109108945117995,-0.00314772466218082,0.0734295654190456,-0.0232436349270892,0.0519664319941617,0.0944911182523071,0.0215377066720714,0.0763315907375822,0.0545544725590074,0.000293503353813381,-0.054720512440171,6.32123301741823e-16,-0.0176566462431409,-0.0177299480395587,0.0590040391732851,-0.0590853233808647,-0.0545544725589977,-0.0600314089461362,0.0584943305979993,0.0944911182523075,-0.109108945117996,0.0386443390562617,-0.0944911182523216,0.0167675968299489,-0.0535895119835581,0.0310361723377923,-0.0545544725589979,-0.0541119814146593,-0.0409954897053329,0.0562283738574169,-0.0546788308523341,0.0799909295207113,0.107473354895273,-0.0392541231585759,-0.05132338233584,2.87849058522856e-17,-0.0446822275452584,-0.064490844606822,-0.0566539034027377,0.0147697433466969,0.136232522348312,0.0716439222371186,0.104837055551124,0.0268342029377263,-0.00108200742935018,6.33295992774792e-05,-0.003758598871004,0.117944366626433,0.0733310566370977,-0.109937441590461,-0.0545544725589968,-0.0183247037291729,0.0599251011200862,-0.0499440949022704,-0.0540415520307352,-0.0830875289223671,-0.0138343330254127,-0.0128135852520688,0.0131770985878769,-0.0944911182523071,0.0369171540325469,0.0259982283172325,0.00169735073558473,0.0565457335918914,0.12838389898082,-0.012949747159398,0.0043794751618672,-0.000154646177724037,0.109108945117996,0.0529114990876924,-0.130128486696763,-0.000190044555404636,-0.0114692810593088,-0.0642151040440415,-0.0145485306993835,0.0944911182523067,0.0256236814682767,0.0851213906079715,-0.0454901551614426,-0.080798327495549,-0.0265548841445484,-0.0190809877253425,-0.0545544725589973,-0.0735683515259693,0.0481357424617767,0.0333880249613511,-0.0443589825182352,-0.0186214256542306,-1.03904956276917e-15,0.0417543482106743,-0.0422729933099726,-0.0845211258054092,0.0327372334527026,0.054554472558997,0.0898179560421351,-0.0228154870460068,0.0636821802687493,0.0944911182523071,0.0302164832178432,-0.0150854930235126,0.00238215829275522,0.109108945117995,-0.0289160761936722,0.0687497082764994,-0.0944911182523107,0.0637870437027151,-0.0545544725590003,-0.0282229323058198
0.0432615858593715,-0.0798287976830539,0.104085979596423,0.0388084458089649,-0.0713512910489573,-0.112399109225136,-0.0923724277261404,-0.103694789658877,0.0984785895313614,-0.00914003081286923,0.0171700942980479,0.0796181548227684,0.0887063384097659,-0.0231097932538886,0.0260700608849491,-0.0647230534174903,-0.0442384348950581,-0.0238634509272219,-0.0490637726472214,-0.0306639000589562,-0.0915584675962758,0.00334003176181538,-0.0262586453507728,0.118650078638882,-0.00718656038243543,0.122799464360245,0.0464810153306562,-0.0366081870944818,-0.116012723488056,0.0377066466750711,0.0331847557386869,0.0422145651802217,0.0916895906665316,0.0645293908634372,0.0697229879561149,-0.0689923380720357,0.0572520516857517,0.0437892788005387,-0.0784573999647178,-0.0780201534707586,-0.0221211212762954,0.092847647664389,0.0747353370289266,-0.0465009579446652,-0.0814139058206458,0.0245015445618096,0.040277655929762,-0.00287549791578913,-0.0720846710691333,-0.0439538288096189,0.0755453359545778,0.0667898839059677,-0.00951686302436697,-0.0283414722018739,-0.0850072254841459,0.0417541856194911,-0.071974569501511,0.0669148237685468,-0.0771516749810454,0.05466535683156,0.100803521208415,0.0466445695809545,-0.034988243474058,0.0563725706174326,-0.087783908681506,-0.109108945117997,-0.0322753773122041,-0.0659015128468678,-0.100803521208423,-0.00279505823745713,0.0319385898773968,0.0771516749810435,0.0849962928165291,0.0849565803695883,-0.0017550302228704,0.00201701594812338,-0.0417541856194894,0.0255806465045735,-0.0249701937263591,-1.19190450824149e-17,0.0417541856194891,0.0342856030152747,0.0771516749810335,-0.0150850249587915,-0.0616767214343353,-0.0385361058242757,0.100803521208415,-0.070239112851776,0.0569245169983075,-0.038159494908949,-0.0501840820400877,-0.0683466866987509,0.0787087467073326,0.0628581551617385,-0.047297646841331,0.109108945117997,-0.0369844842469276,-0.0505736271375503,0.0908806752979392,-0.0676426307293959,0.0775837420779779,0.0578550678148446,0.0938292085417767,0.00308565372582245,0.0118146493547606,0.0239899646457459,-0.105777911202707,0.0542188856816792,0.0555376231561214,-0.123387181244985,-0.100803521208412,-0.0567125442693174,0.0200442867719435,-0.099331230985728,-0.0332154748682666,-0.13423340836204,-0.0231552573479922,-0.0549873204678978,0.0354186335201526,-0.0771516749810471,0.123467204139571,0.00154909995695241,0.0243326305423326,-0.00670095163565034,0.0510841768423501,0.091396637462691,-0.0230037659148756,0.00684631715333927,0.041754185619489,-0.0442381872931941,-0.0464193597856393,-0.022456738092732,-0.00412027919155426,0.00747466386804735,-0.021972600868333,-1.11982516186355e-15,-0.0123095764952609,0.0171816995422811,-0.04379868122955,-0.0750094381633643,-0.0469459698716982,0.0152009828698414,0.0417541856194919,-0.0827328350320221,0.0684397404115625,0.0639319397949197,-0.0428493559802706,-0.0398601886538207,0.0771516749810436,-0.0311227529709657,0.0294940885149952,-0.0617787390693025,0.0692830900603693,0.100803521208414,0.0708807565574809,-0.0603042958476883,0.0718286171808388,0.109108945117999,0.0853022463355783,-0.0691679126408794,0.0355506969636218,0.100803521208413,-0.00450865410139213,0.0545268790399352,-0.0771516749810521,0.0571271112699474,-0.0417541856194878,-0.0204191918665543
0.057095799218613,-0.0985480892180905,0.113058271113994,0.0491169865422637,-0.0852458901943724,-0.0968069045314704,-0.0989691078837434,-0.0545026525288626,0.0870005153671346,-0.0157837903551786,0.0263526577473217,-0.00194923020338486,0.0530140608453997,-0.0279491396240068,0.0192143932140357,-0.00651349853661571,0.0567911143654383,-2.86631846286534e-05,-0.0659281182907765,0.039899332434071,-0.11331102420788,-0.0948404166554399,-0.065899210076939,0.111822734684605,-0.0738707116088376,0.1116232285935,-0.00404806026762335,-0.105772473859395,-0.0617300874168784,0.0826040700228518,0.0412349580248561,-0.0106587505878971,-0.00507676858431256,0.0794371239706839,0.0871236172796034,-0.0754172220700379,-0.0692810919270312,0.00089640248442713,-0.0936142271945839,-0.0792545657544613,0.110631429402452,0.0461180510598398,0.0658308348399993,-0.0216843822170763,-0.0660107689971893,0.0322392095866285,0.0530947085867924,-0.113192359739281,-0.0495140425453689,-0.0362366588620473,0.0563151025256113,0.0402220870302568,-0.0719287325452179,-0.0286609858207378,0.0243493748982393,0.0545544725590041,-0.0331309326454645,0.0406769904132873,-0.0944911182523055,0.0281409351780434,0.109108945117997,0.0133247955379983,-0.0161827891802037,0.0116220478522678,0.0704193259542291,-0.0944911182523071,0.0112188250810833,0.100510013168394,-0.054554472558985,0.00353737359184136,-0.0763227211906537,-6.86726007284299e-16,0.0150444590225971,0.0149431284517858,-0.0717452881399872,0.0716956332971737,0.0545544725589984,-0.0135881053255723,0.0120379109493325,-0.0944911182523069,0.109108945117996,0.0732793933692502,0.09449111825228,0.0055305132925466,-0.101803877455183,2.07638888862809e-05,0.0545544725589983,-0.0870830022981841,-7.9617075165325e-05,0.010523454427253,0.0520500036359904,0.021716882877799,-0.0939505078040248,-0.0033524648909404,-0.0495627889330724,3.03276936479772e-16,0.0426618538165787,-0.0619914028931487,-0.0383940268063335,-0.00262972529947908,-0.111704737551172,-0.0814909369414666,0.100315523475321,0.0155184863185858,-0.00126414924470786,-0.00075566527320112,0.061057523762138,-0.0964086149042888,-0.107270408535624,-0.104578430317986,0.0545544725589958,0.00897104572523352,-0.0534779237518899,0.0644858507546203,0.108091158481122,-0.0784391650135876,0.00150709549843662,0.0125608819342083,-0.0421673291707349,0.0944911182523076,0.0347567461007856,-0.0761704493307982,0.00948222793261313,-0.0480628803696645,-0.0845750202890297,-0.00785277379308105,-0.0142916117886165,-0.0651072971496798,-0.109108945117995,0.0244056775425747,0.0642892009783973,0.056388420674398,-0.102207954702817,0.0154530629487098,-0.0703537307587919,-0.0944911182523096,-0.0528298272945423,-0.0174862200551977,-0.106611924681434,-0.0388992244277692,-0.0578096719801209,-0.0343605049060124,0.0545544725589954,0.0152293737852475,-0.0367810718567403,0.0319453905030349,0.0736589727414886,0.0297642425687508,1.57504042863385e-15,0.0350660119932398,-0.0335637634027588,0.0865354000534627,-1.19002964284203e-05,-0.0545544725589976,-0.0672219572675446,0.0304230478800855,-0.0227882539305065,-0.0944911182523066,0.0347869502533609,-0.0403874137671627,-0.0537121145744265,-0.109108945117997,-0.0684174696262767,0.0793112454084187,0.094491118252301,0.0600326090947998,0.0545544725589971,0.0149522925731905
0.0433739076892416,-0.0781573767260636,0.0973629644475937,0.053072733963706,-0.095718739993455,-0.0969287320007911,-0.119428839942518,-0.0765258454688544,0.119200260825715,0.0227928391855786,-0.0411988272814439,0.0397018894507955,0.09452294777444,0.0516320279879912,-0.0520222336991172,-0.0495937588592815,0.0066784338153264,0.0427594064009767,-0.0207416444350697,0.00725687943665559,-0.0356763247780751,-0.053612547655594,-0.0387631662101154,0.0322514568287504,-0.0646326875849352,0.0435096258095695,0.0124915994821009,-0.0915582467784601,-0.0306464711260598,0.105627746618839,0.0386212811193817,0.0387707215134736,0.0111119066857441,0.0803251356132654,0.112109165434082,-0.0737901782982626,-0.0103618633896013,0.0632446083821761,-0.148469226386139,-0.0907741156210082,0.0269637962723047,0.108516067183979,0.0928153364418347,-0.0777449308328656,-0.136653539475376,-0.0210737846422512,-0.0445342591090657,-0.0317509378800098,-0.0983229329714516,-0.0738180868225768,-0.0354933084607975,0.0963034438138959,-0.0213572292677827,-0.0459729685196247,-0.0939934279584918,1.49249230339647e-15,-0.101076621207261,-0.0579167178545675,-4.93103369967812e-15,0.0667286105430528,-1.42154554164555e-15,0.0622503371965157,-0.0388210591024013,-0.0625570296626416,-0.0434549753990797,4.82825489732373e-16,0.0579042009802891,0.00398328302310639,4.18929803879897e-16,0.0330045419604432,-0.0155286351284955,-7.60685981277852e-17,0.0121186963107341,0.0120933252337692,-0.077640970046203,0.077915024338954,1.08980942337226e-15,-0.0957561551392383,0.0977631584695837,1.34627123274295e-15,-2.87799712875628e-16,0.0544595042210681,-2.08857364564016e-14,-0.0628635998945215,-0.0807088641492481,-0.0939264405385952,4.68958241944129e-17,-0.0749540362087841,0.0843749313659446,0.0301233666595097,-0.0526530097172773,0.0571846667072291,0.0854323208556549,0.0457880105770657,-0.0759850571408133,-5.20045370381596e-16,-0.0151635570791186,0.00388659736857882,-0.0756112374302022,-0.0198899378195113,0.0905526674719021,0.019471685289478,-0.0101983256259868,0.10885791794839,-0.138394438307107,0.0965429402767812,0.0880724044761981,0.0686855082982698,0.00933456602223257,0.01913187310052,-3.652232537003e-16,0.0459597993155195,0.0333085582735641,0.116310637978562,0.0115065295600664,0.0290615603502684,0.0301271204997935,0.156814348277424,-0.00896962515928229,3.41576274383391e-15,-0.0383256159610942,-0.035556287781802,-0.0984170933451232,0.167230292447805,0.0568070065891423,-0.0471034431300427,-0.0541781529570527,0.00656321219091744,-4.37890441522258e-16,0.0582926393349595,0.0226225207234903,-0.0598223728326166,0.0490998902669466,-0.06938029794322,0.0201375651917331,1.54764211550341e-15,0.0453844960390986,-0.0619408346771327,0.0149908588608524,-0.0323045642812794,0.0309486532024557,0.0797311298031742,5.66350647462113e-15,-0.0356270746012421,0.0201940641015696,-0.0360058348948415,-0.0749461064679139,-0.00202617025818829,-5.1647750977875e-16,0.0653633839578156,-0.0652049557473268,-0.0459259213872188,-0.0321654344511611,-1.46427833483406e-15,-0.00468986464736641,0.0166697781897286,-0.0667305965902358,-3.87379141374593e-15,-0.15458128483689,0.139634130792092,0.0126966270510757,1.81134668818749e-15,0.057114818434153,-0.114441185727159,1.11374479736262e-14,-0.103034344126229,-8.51504780779251e-19,0.00546689929336366
0.0305725844774338,-0.0562433405041865,0.0728979273013602,0.0477361885516258,-0.0879285384574107,-0.0778731072358782,-0.114251162487399,-0.0703923121125899,0.122620364885662,0.0437493024606963,-0.0807551165080609,0.0517056068011494,0.111862226465314,0.105338389720338,-0.113706454833516,-0.0839182679406651,-0.0249152951655677,0.103819926291651,0.0202484672519232,-0.0435644135462434,0.0424984000146067,-0.00547504693763175,-0.051016964308901,-0.0836601539863884,-0.00225241399688182,-0.0550257953200346,-0.0572214455881618,-0.0341812756002744,0.0649586826889934,0.0441497289181944,0.0117365317395702,-0.0177733801648855,-0.0661206683346494,0.0255496394411488,0.0556638412553202,-0.0166037116412329,-0.0609015594883798,0.0164198235475548,-0.0830695619295058,-0.0212575851308452,0.049958304580857,0.0626529475177948,0.0220184711994531,-0.0386783583532428,-0.0979397698312589,-0.0447783276139313,-0.0856981750364897,-0.0343600325962951,-0.0322549164341806,-0.0429006465860118,-0.093320788973942,0.0876432788465379,-0.0167513768466884,-0.027792095566861,-0.0830196033352381,-0.0417541856194909,-0.0515586487409387,-0.113291221059138,0.0771516749810396,0.0677021138847874,-0.100803521208417,0.0392379892606996,-0.0397308293899058,-0.108097312978234,-0.0496637206036379,0.109108945117998,0.0893561351201923,-0.0186633368012782,0.100803521208411,0.0550308625555534,0.00689402781477725,-0.077151674981043,-0.0905438323765146,-0.0905429010098314,0.0301691687481685,-0.0299409514544164,0.0417541856194891,-0.00809201067565579,0.0113304190838095,1.34789094776126e-16,-0.0417541856194891,-0.034137040014274,-0.077151674981034,-0.0492432596174176,0.0688097623184834,-0.0637307620517689,-0.100803521208414,0.105768327341592,0.051434427910517,-0.0111610989379884,-0.0456672099664372,-0.0197508248581911,0.0782619982889032,0.0252284005213931,0.121239558219433,-0.109108945117997,-0.0224067046014903,0.0332195477186382,0.0303317907762768,0.0337139113038102,0.0905763600557768,0.0428939091248747,-0.0643523184519027,-0.0626638286242893,0.0134295669138132,-0.0415245257764474,-0.0474440648271879,0.0813522783279646,0.060628760540178,0.0886805367382794,0.100803521208416,0.0924322018193153,0.0548104397415784,-0.060892383134551,-0.0745941744916871,0.0997558439205959,0.0128769541880355,-0.0440436916445461,-0.0943643102003106,0.0771516749810452,-0.0921928183334006,0.0812749947006373,0.00952538082907699,-0.0125442893636875,0.029699913611462,-0.0646301605209441,0.072936616089596,-0.0635157726945458,-0.0417541856194879,0.02448697527932,-0.0449177385065572,0.0415199107375654,0.0051107962494634,-0.00148256044411361,-0.0210353733136611,5.33610569973529e-16,0.0161100340857783,0.0386638992910935,0.051024039167124,0.0682759421835491,0.0240933924047175,-0.0235501923009921,-0.0417541856194917,0.0593851093067395,-0.0363084720671247,-0.0643510723102236,0.00417683511308655,0.0112431320061263,-0.0771516749810449,-0.0518657469909146,0.0520720228525027,-0.016915711160222,-0.0936533189611256,-0.100803521208414,0.0378595966942751,0.108088539685375,0.0566100581675346,-0.109108945117995,0.0884933677308779,-0.0757341384475868,-0.106658077659544,-0.100803521208416,-0.0921487316555454,0.0742985427714832,0.0771516749810428,0.0470594250317157,0.0417541856194844,-0.0296589453997141
0.0174870442369147,-0.0332677258505384,0.0457816436764588,0.0308707240686079,-0.0587671869577526,-0.0537495239099444,-0.0809597740030686,-0.0562874535558004,0.0951888677707825,0.0368278634184557,-0.0701230541641799,0.0529912645736741,0.0998513021648185,0.096564768403073,-0.113126488810942,-0.0941251069288653,-0.043983669048421,0.116064808022532,0.0338297876558091,-0.0779905491892834,0.070203599096875,0.0299178027396989,-0.0607681211295865,-0.132779613454025,0.0519770134843653,-0.0991523230304963,-0.109734646840323,0.0119284274724427,0.119048044664571,-0.0141094837540635,-0.0259107453179103,-0.0788310189972229,-0.125563539832655,-0.0504530567933114,0.00850258172482222,0.0715458019540827,-0.121114244702197,-0.0452178957383616,-0.0132119561404933,0.0882381615226398,0.105426442088978,0.0301256573073642,-0.0953409472697972,0.0137040829295769,-0.0642710284021933,0.00978332366417766,0.0169858651130048,-0.0783234261138503,0.0821142978085163,-0.00691189415357745,0.0347364592453095,0.099639745839661,-0.0416141878342951,-0.0102419823044288,-0.0426370895034589,-9.73948343819048e-16,0.0363012592945877,0.0350765893588759,1.38730777624259e-15,0.091241590210677,-4.53233254738968e-16,-0.00432766978149558,-0.0540462775215149,0.0353257972172917,-0.0618989775095123,2.99830000009078e-16,-0.0257227706944644,-0.0638193224823866,-8.86814852545686e-15,-0.0036737446379486,0.0404629098158018,3.5155189702266e-15,-0.137194564679572,-0.137233687633226,0.10150619764247,-0.101411743064611,-9.11369653605127e-16,0.0541298976447356,-0.0536357397889663,-5.3194384574312e-16,-1.58640112232715e-17,-0.0289082694678988,1.11315323476481e-14,0.00813149962978136,0.0417992369087761,0.00916111248064894,8.21309258187126e-17,0.0427507712564799,0.000243354453162707,-0.0420479915955064,0.00718861442854693,-0.0684761106505203,-0.0133493413205182,0.0154125590282447,0.0527662563163512,9.1054877706323e-16,-0.000784145724367161,-0.0415526273286295,0.0747594198792751,-0.0154357358379677,-0.0127852025595846,-0.00030855108053492,0.0685741319992672,-0.0721741096757641,0.0817819837657097,-0.0477162203315468,-0.0696021310589765,0.00140952074293097,-0.00167534925566034,-0.0736489919558977,1.32217964893209e-15,-0.0356516903573469,0.0243575797814036,-0.0775881021990365,-0.0022570559057391,-0.0564242004872967,0.0267378812188385,-0.110534429123478,0.0178150772133016,-2.6810378658426e-15,0.0218050811228474,0.0200261566588435,0.0475996878558866,-0.135601793886572,-0.106555911067039,-0.0190037464574843,0.0607613551909423,0.0162329809997092,-6.77835897619065e-16,0.0416021504320403,0.0774661795760758,0.122777417922795,-0.180862652454229,0.00788953649019092,0.0160348034627765,-4.33877498496976e-15,-0.0810063566234155,-0.064461127791913,-0.214608810069639,-0.15619302070546,0.0145916928072211,0.0495407584229495,4.62510147338131e-15,-0.0918527937248638,0.0377462745173682,-0.0108782933173869,-0.0280226449639976,0.000215862189015413,-5.58110066123954e-16,0.118492376417136,-0.117909567274278,0.000867424004368201,-0.00424890841873028,-1.4962420116045e-15,-0.0355443972725562,-0.00589813924090512,-0.071427543340854,-2.56453120415073e-15,-0.126901948932901,0.110824690086917,0.0203177226557494,2.51387401433716e-15,0.0398735080934312,-0.0649063126850444,4.57345681113202e-15,-0.0557066791092096,7.42565739786501e-15,0.014825341065243
0.0389357426429284,-0.0675234909587494,0.0782546166833393,0.0618274445841014,-0.106973848637753,-0.0684992229924569,-0.123376662184543,-0.0411715470574209,0.106914740012588,0.0589270960183205,-0.101386412448071,0.00383675072629671,0.0625026828298654,0.115496950714895,-0.0972165738838768,-0.00265022184919223,0.0334809644293909,0.0507026091871848,0.0322628896643892,0.0560948609227172,0.0564938393900136,-0.0611512437985858,0.0304662634450936,-0.0535290751095125,-0.0977261207421711,-0.0576470589862073,0.0489848062970478,-0.0725974781421278,0.030722709532577,0.10947524429459,0.0130310962469046,0.0855801363279743,0.00773514843421872,0.0332009658411525,0.065829421021121,-0.0200495987020057,0.0481367887708376,0.0899389969831518,-0.0985522353700864,-0.0354057131459513,-0.0779346978792811,0.0414389097937027,0.0452425211148658,-0.0662405486879901,-0.0532561438557577,-0.0576019798594672,-0.102009858731873,0.083395012612222,-0.0530529164135625,-0.0314509112396999,-0.11106194549219,-8.36881944455687e-05,0.0552157821982645,-0.00741098714553721,-0.0441100927656198,-0.0545544725590024,-0.0412244505027103,-0.106547094359968,0.0944911182523015,-0.0240468908158709,-0.109108945117997,0.0148688928607408,0.0205707264259705,-0.0731701801897644,-0.0101237279980171,0.0944911182523078,0.0281791633379976,-0.00959725804769291,0.0545544725589969,-0.00571463091113642,0.0145729160547192,3.59455349055466e-16,0.00746411676497996,0.00756799658813974,-0.0567201396081806,0.0566131116999595,-0.0545544725589967,-0.110404431740153,0.109744001786952,0.0944911182523085,-0.109108945117996,-0.045211862510272,-0.0944911182522903,0.0277108074800421,0.0630297080375156,0.0697002309855543,-0.0545544725589992,0.0353296294327984,-0.0919725642001199,0.0443269263576528,0.0345608310729709,0.0714721268356829,-0.0575111547086724,-0.0821622811042065,-0.0260135336321879,-9.93328558509413e-16,0.016846053277215,0.0793064116422297,-0.0793171127399201,0.0379259133041244,-0.0636901832329508,-0.0211870859886298,-0.1287173989052,0.0323325605830793,-0.000153330397095116,0.0015039620893083,0.0740516217761615,-0.0547653910150685,-0.0110671185372857,0.134704762961316,-0.054554472559,-0.0573405013455497,-0.0334299579850174,0.0526956590036169,-0.00476713120037268,0.101539737332776,-0.00579815826705216,0.00855216023985027,0.105591573413981,-0.0944911182523071,-0.0450734661244779,0.0130500786982636,0.0127661034234823,-0.0285529168252167,-0.0342156365159199,0.0138797040334203,0.00284829921056638,0.116971808803124,0.109108945117995,-0.0532932760976428,0.0079514604507863,-0.0249428041651305,0.0546844683604823,0.0446192551418859,0.0940827905633451,0.0944911182523083,0.0029628879210118,0.0254338481775842,0.0839270421335437,0.0821070113082854,0.044501146383601,-0.0534359980976653,-0.0545544725590021,0.0522195282931017,-0.0222327513981298,0.0174586064641238,0.0672338585598007,0.00168688981681145,8.88419657321788e-16,-0.0490902309417937,0.0488375884996345,0.0610021927673039,0.0735813394435679,0.0545544725590004,-0.0339792045215448,-0.106086372054585,0.00692445595352025,0.0944911182523095,0.0601475005262998,-0.0587340982444945,0.102138547218178,0.109108945117997,0.0583101868811512,0.0115652662837014,-0.0944911182523134,0.0351531624747245,-0.0545544725589937,0.0241920461063504
0.0101757890378553,-0.0189140681279426,0.0250108760416652,0.0200604558499973,-0.0372487368125627,-0.0276877038616646,-0.0491610707636912,-0.0267065134401593,0.0542460768186449,0.0293513656008449,-0.0543443920732234,0.0223841255609826,0.0520308081667898,0.0712833636933939,-0.0775701140728076,-0.0431312555225989,-0.0154959549233015,0.0708589285199927,0.0384653911852227,-0.0289871906834176,0.0743959488428197,0.00706914425316908,-0.0137398304426258,-0.112273708799881,0.011086926290159,-0.0986855739501213,-0.0575505240043706,-0.00194623190865731,0.100431553533241,0.0144774743853649,-0.04819372186196,-0.0332907980964742,-0.0875780865595192,-0.0875867064038561,0.0112745602725803,0.117716175056785,-0.0655703073565708,-0.0151889017634464,-0.0103634338638978,0.127544333314406,0.0400010635356119,0.0242142694690073,-0.118453722290661,0.00434121525732081,-0.0371332793656504,0.0555581438294638,0.101024772651197,-0.0174725985559587,0.0894966462858339,0.000584472039562419,0.135420117879314,0.0468571530997222,-0.00401485227739327,0.000304881031182235,-0.00159394920573306,0.0417541856194898,0.0458741575401413,0.144514027567456,-0.0771516749810394,0.0292933271972211,0.100803521208416,-0.0166424349128988,-0.0106564938218022,0.131894606058796,-0.0305700173156203,-0.109108945117997,-0.0975408996825541,-0.0378820759415578,-0.100803521208419,-0.0463727879915771,0.020084179394719,0.0771516749810478,-0.0974174199835144,-0.0973948643686213,0.0717330239529391,-0.0718089009297721,-0.0417541856194895,0.0270033744576466,-0.0291108312453158,-2.51709660712133e-16,0.0417541856194891,0.0548706994288818,0.0771516749810256,0.0273927773612293,-0.10464203533387,0.0202045455694561,0.100803521208414,-0.141147008073474,0.00440270961242596,0.0606648450798348,0.0101493194220935,0.109193910380812,-0.00100383458420437,0.0301767202351694,-0.135156344625304,0.109108945117995,0.0080900573620171,0.0465017037998639,-0.136052108548022,-0.0812816358271155,0.029194147594998,-0.00830281668044926,-0.0877841247511367,0.0527269910061993,-0.00129506333081603,0.0525385421115833,0.131074963012167,0.0609681798558689,0.00282536809285914,0.11768870464802,-0.100803521208416,-0.119604799985508,0.0781188366224973,0.0863713071119987,-0.0229634458512187,0.129854238375293,0.0809636443982845,0.024590110756776,0.104077840033273,-0.077151674981046,-0.119682283237521,0.0442445336259483,-0.0332715880928262,-0.0131298606925398,-0.0480500033203323,-0.0865883403645729,0.0532428951889507,0.0564260150191101,0.0417541856194876,0.0381395878486451,0.00337411238663562,0.035504361532073,0.00512286038390514,-0.00497088447296489,-0.000751598143128466,3.8042655605619e-16,0.0157716940027051,0.0482700646785318,0.0526226397907732,0.079517387032753,-0.0569691453369661,-0.0870731002289565,0.0417541856194817,0.0788695089263371,-0.0581308723366632,0.102874988269822,0.105666892227296,0.0283602033769011,0.0771516749810479,-0.0115114932152113,0.0125298082663366,0.100806308672703,0.13066485493087,0.100803521208417,-0.0741978727037083,-0.135040569253143,-0.0341957917008635,0.109108945117997,0.00717038468822451,-0.0147541754610667,0.114042582732882,0.100803521208414,0.0702818853595387,-0.0158556432459675,-0.0771516749810437,0.00807365750668194,-0.0417541856194869,0.0128685077270456
0.0145632346523922,-0.0248797960823505,0.0279103638318532,0.0285601399739158,-0.0488222794526891,-0.0227009980392878,-0.0548432766905209,-0.0106907165375412,0.0447468566021819,0.041461413948429,-0.0708898357902117,-0.00463999644617541,0.021320740066477,0.0796065743497132,-0.0646143120177812,0.00868070392011934,0.0186932888609904,0.0281537321538775,0.0544918983625735,0.0363910221854057,0.0942345899216361,-0.0270166190019747,0.0534788031835023,-0.09176333150061,-0.0536026177608802,-0.0939379226131188,0.0294310205679685,-0.0266042809508411,0.0513074315013229,0.0603789805165347,-0.0633735021611492,0.0534085529170082,0.00711007753706355,-0.103891704271312,0.0170766195333115,0.124409920414281,0.0651620077457492,0.0494149119192248,-0.011095603653371,0.0985274774577349,-0.10464630577122,0.00375237995252051,-0.0462615210153132,-0.0247268069176748,0.0286593825458655,0.0720470400464118,0.124384205528544,0.109097760952135,-0.00795177740197066,0.00265588956113548,0.134225970913094,-0.0905662548419151,0.0705598824071884,0.0117928595716422,0.0549002304927844,0.0545544725590011,-0.018185969547522,0.118064549199005,-0.0944911182523016,-0.11726498057068,0.109108945118,0.00346955519035614,0.0825843999319746,0.0679980873698767,0.0645905143212725,-0.0944911182523078,-0.0136011352602338,0.0882991757746741,-0.054554472558987,0.00741953154277403,-0.0728926415270925,-1.95216705125507e-16,-0.00420677257986945,-0.00409288940294636,0.0337612022937958,-0.0338901184015683,0.054554472558997,0.077640665593851,-0.0783542012606627,-0.0944911182523082,0.109108945117996,0.0950226094526747,0.0944911182522716,-0.0177872149002048,-0.132186272334607,-0.0558785940755896,0.0545544725589986,-0.098167308724255,0.0736924219538111,0.0759557119624629,-0.0392978140350147,0.111799018351353,0.0818784831779084,0.0632005655732658,-0.0188850364758822,-5.94019845480401e-16,-0.0143266884456666,0.0784143712225807,-0.0919533394139505,-0.032523096995896,0.107887724234621,0.0334661124824597,-0.127103682790807,-0.0134838406453107,-0.000890807551542786,-0.00181208045085163,0.0291974732062218,0.0935714747121218,0.0533887981181427,0.132792153982183,0.0545544725589987,0.0531777319156581,0.0450473701741916,-0.026492320388416,-0.0626316256322167,0.0998807554612743,-0.0164147562110325,-0.00900751588426176,-0.118493439783791,0.0944911182523069,-0.0443024254606709,0.0495136575788583,0.00737880124913388,0.0438384901536457,0.113156508193956,0.0120606153002265,0.00951193299225217,-0.146016105965158,-0.109108945117993,-0.0431196661773217,-0.126589753885104,-0.0451354246173483,0.0870687260418707,0.0161860155396223,-0.1318678515927,-0.0944911182523057,0.0309626210201128,0.0964405179091563,0.105741149113484,0.0671533945550071,-0.0820469060269407,-0.0428622441325121,0.0545544725589947,0.0205279870513035,0.00807370874671824,0.0116174987912585,-0.0144371005178089,-0.0155817552371751,-9.97594092735287e-16,-0.046703191382717,0.0457293003332254,-0.0573725959894816,-0.0590171960476377,-0.0545544725589996,0.0746957873916786,0.109472055138444,0.0667638530805825,-0.0944911182523063,0.0569846392023435,-0.0412246258164088,-0.124982526841647,-0.109108945117997,-0.101627689923421,0.0543280571091532,0.0944911182523024,0.0199517670905784,0.0545544725589961,-0.0128685077270457
0.017580861762594,-0.0273965881225553,0.0250775461322013,-0.0345174632853128,0.0538472212692624,-0.0115955325797972,0.0494330997982366,0.00708329200141263,-0.0231540167422817,0.0503085669558925,-0.0786445565221193,-0.022521000542116,0.013345607710229,0.0726395991031496,-0.0351582450007995,-0.0435663025832955,0.027471572443579,-0.0153544105250877,-0.0629207931975087,-0.0532638537381281,-0.0998333288981942,-0.0191577580306551,0.0205117328511298,0.111726845043112,0.0365825263608633,0.0323131264626789,0.0914715973854272,-0.000759726857271612,0.0247169101249147,0.00639419368238724,-0.0783261299077773,0.0632794302003703,-0.0696147373503314,-0.122311761672072,-0.0196771862976827,0.117369932311474,-0.0787448088628185,0.0043336934503138,-0.0102890665812093,0.0610114577713067,0.0517854935913646,-0.0347089243127635,0.0227722619794436,0.063660086438819,-0.014799809173628,-0.0884442228620664,-0.137799975467397,-0.0126404090950893,-0.100375018476917,0.103133723436099,-0.131499783017763,-0.0366657855547613,0.00722161281482059,0.0798886857339858,-0.0124264099873155,0.0664213173476686,-0.123020864500578,-0.0663677380005768,-0.105391147968632,-0.0573593724376227,0.100803521208414,0.0779812405948715,0.0356487119382027,0.026046196012634,-0.0389039761782004,-0.0545544725589987,-0.0972218899469409,-0.0994559107566828,0.0142415751433864,-0.0856461329232365,0.0875727332816876,-0.0771516749810463,-0.00597244383846505,-0.00589987167841731,-0.00209058298925518,0.00254989471160773,0.108175502967155,-0.0434531587831031,0.0387711239406518,-0.0944911182523067,0.0417541856194887,-0.0211488180867098,-0.028239472987575,0.0899027014012579,-0.00899609277320459,0.122854019743952,-0.0865619460650153,-0.0793952242855839,-0.0906934648502624,-0.0287867087260745,-0.0973805235378763,-0.0546677109021913,0.139285887429601,-0.0271953877312769,-0.100205558449743,-0.109108945117999,0.102058652879434,0.0210914792606167,0.0732632730011485,-0.0554675680547997,0.110849005033463,-0.14662431191521,-0.0293531425934176,0.000886355714303369,0.0685611037182165,-0.00169619872856968,-0.0651349792208355,0.0444056036571307,-0.117171092200037,0.021162957372434,0.0865619460650153,-0.126296366365351,-0.0147539927822469,-0.00132209017271749,0.0394720705297242,0.000870429234850613,-0.0263239442328235,0.077712260724976,0.0530125342089611,0.0282394729875854,0.0252960034260926,0.0420911665419096,-0.0421409390287886,0.101300055501387,0.0288360841894845,0.053655208229414,0.0881230503846538,-0.0439280038122163,0.0417541856194902,-0.0812311567336279,0.0704915066982895,0.0825943363401469,-0.0413367926329238,0.087222439757332,-0.119965335326753,0.0944911182523048,-0.0388780396813666,-0.116022092900039,0.0204561263248888,0.0599095260035483,-0.144218514793543,0.104655617645464,-0.108175502967149,0.0356863506606943,-0.00375735276675348,0.108375133515721,-0.0521610044078296,-0.0112596613443266,-0.0771516749810468,-0.0482342754169151,0.0472908967504736,0.011063811802583,0.0297819217770493,-0.0142415751433973,-0.0539967677444385,0.0558887523530174,-0.0616482684219236,0.0545544725589973,-0.0543391900996114,0.038536913148951,-0.109726083456757,0.100803521208414,-0.107470917664296,0.0590376464511232,-0.105391147968633,0.0192202816695132,-0.066421317347664,-0.0323907951233162
0.0194379587163291,-0.0280325395505536,0.0211030591061009,-0.0382968506488341,0.0551431167337654,-0.0026841168683225,0.0413456207812657,0.0169628465690273,-0.00500982045829864,0.0561328748789805,-0.080609792970104,-0.0272892881969625,0.0334830034413062,0.0600608092772054,-0.00695119942306572,-0.0533510200141704,0.0232508124876064,-0.0468162819533111,-0.0711856799097161,-0.0448819657054391,-0.104361544293758,-0.00757401706981054,0.0416256510812653,0.103907163949097,0.0135552300800082,-0.00234973495403564,0.0721023334582477,0.0115889778394697,0.0616295073029507,0.0299421234420405,-0.0890118512857055,0.0183228398496726,-0.0858965150002796,-0.124053389888909,-0.0258755058153841,0.0954038746590771,-0.0626682146641201,-0.0453131798456617,-0.0223689117200174,0.00783129661962321,0.0135330617869865,-0.0331951142615809,0.0826300869732754,0.092159779895043,-0.0155928878799455,-0.101900883464121,-0.142516194154731,0.0243335913924433,-0.130650340159613,0.100787826633721,-0.101957095924595,-0.013238982348125,0.0267177298154685,0.0650834913067564,-0.00926491205495116,0.0771516749810491,-0.114587863678753,0.000135804764239662,-0.109108945117997,0.000733451155079865,0.0771516749810475,0.0627803881661322,-0.0153086476796965,0.101228197815853,-0.0227658763320296,-6.01608046184899e-16,-0.141262703722205,-0.0501293372947524,0.0771516749810394,-0.0938319081673235,0.0291481290614756,-0.109108945117996,-0.0159840067455434,-0.0159339698209812,-0.036390533845758,0.0366906440214973,0.0771516749810457,0.0247382860643406,-0.0300360401494473,-3.63113274779408e-16,-0.0771516749810456,0.104982248430517,-0.109108945118035,0.0298548488495673,-0.15050580518097,0.00912956917345826,-0.0771516749810448,-0.108099156798944,0.00704011361771033,-0.086992510324012,0.0566169325838143,-0.112108199827227,-0.100961688568992,0.00241408757556331,-0.00111850913588723,1.38197979113592e-15,-0.0964670492255967,0.023040403819742,0.0574559733706468,0.0234201327188641,-0.0918482392160735,0.143824606788609,-0.0361325692502956,-0.0469408456619026,0.0476901207502051,-0.0635949594781695,0.0333086066647073,-0.016751066962971,0.11618317984367,0.0339666551469504,-0.0771516749810452,0.0844119559406863,0.0714794871032415,0.0663081992558415,-0.026708242785076,0.0183320449883349,0.12180656992062,0.0179290140738553,-0.144394988926211,-0.109108945117995,0.000419515524356837,-0.0747140432260911,-0.0619836469335979,-0.0201186261416657,-0.0772643177505116,0.00621727919187105,-0.124763893924263,-0.10204977199664,0.0771516749810475,0.00590565427163288,-0.00380436049968345,-0.0872038076426929,-0.0054511106653793,0.00758080923935806,0.0026067615714323,-4.92817818038193e-16,-0.0480307306513337,0.0913110340387683,-0.0829256581053038,-0.0511145127529853,0.104635269088694,-0.116254507841761,0.0771516749810383,0.0212294276255448,-0.0659246552695733,-0.142806048125403,0.0667408618660015,0.053898160863189,0.109108945117999,-0.00262516987426869,0.00569598236427343,-0.0183876113951438,-0.0953430140895141,0.0771516749810438,0.0760682168255603,-0.0062517787611284,0.0658419459809946,-7.54153788352642e-16,0.00458508073035844,0.0148536502376202,0.0945780960649937,-0.0771516749810448,0.107294568480023,-0.0379047527362289,0.109108945117997,0.0096204024454846,0.0771516749810462,0.0187422874511306
0.0358884422482225,-0.0542127531122311,0.0458193138413516,-0.063467849928009,0.0959613929298347,-0.0144374336495223,0.0812506877918814,0.024922054860913,-0.0257497110310855,0.0762383066175125,-0.115474791892928,-0.0529793994928606,0.0441701433235731,0.0981477390249402,-0.0317358882318426,-0.0943616322217273,0.0554124522846503,-0.0507584651173894,-0.068403947806065,-0.0990734169430522,-0.107112873544669,-0.0299872399095195,0.0697233804606609,0.133338134049981,0.0535279254014272,0.011224389003538,0.134368323393214,0.0118678600210319,0.0508078995579158,0.0260127669445275,-0.0508739247511155,0.0715623682220946,-0.0923486049404621,-0.0746858936970429,-0.0500339390269156,0.0767454077774188,-0.0874966204515659,-0.0353936305961789,-0.0722771712318191,0.028555490603944,0.042705302334001,-0.0654614261335281,0.0417408950764401,0.142864157707739,-0.0824393780838322,-0.0176932351798098,-0.023742393423885,0.00673340973261217,-0.116742831980833,0.191765331031273,-0.0306075105846765,0.0117207819705566,0.022293567164844,0.138295653624821,0.0393850258287112,7.14747895023967e-15,-0.144738776517192,-0.00411089426226763,-2.08808871669772e-15,-0.0346836400490499,2.35669666437594e-15,0.0892649314462269,0.0301614168707209,0.0242764859011264,-0.00484281804203014,3.52359941384387e-16,-0.043912654803508,-0.0540388165951923,-7.06599555786938e-15,-0.0287801199125361,0.051552144589552,4.90209736526228e-16,-0.0185991324891527,-0.0185247690678569,-0.038863878271518,0.0391725660441564,2.11378966618276e-16,0.0312884944301182,-0.0314633452294019,-6.33285600789504e-16,2.52632037258575e-16,-0.0381154330716069,1.41475548012439e-14,-0.0106461538800013,0.0386422783144541,-0.0362511688723116,-5.40053085563161e-16,0.0168284706579968,0.0673690994587751,0.0563437787667194,-0.0144769099840774,0.0749011454572315,-0.00183830537385511,0.0767287024590321,0.00291914116330093,7.77872455702395e-16,0.0256369596766541,-0.0252568260698396,-0.0507151057962217,-0.0587028899860953,-0.0546029793434663,-0.00649401841702297,0.042852697558695,0.0214191752194406,-0.0599032409264501,0.0620496188084614,0.0160571838113295,-0.112293196555522,0.0559009837465746,-0.0433308169669505,-1.73542634346864e-15,0.0116823615820772,-0.129074484832556,-0.00231511551394311,-0.118699601846724,-0.022400498229029,-0.100562555688888,-0.0424609433029566,-0.00643216905649469,-7.55169278657906e-16,-0.0125196621108898,0.133321896087188,0.0903279452924695,-0.0960027740711792,-0.0602116664930364,-0.0476594791364724,0.0771320871794246,-0.0117377096397305,6.54195403244718e-17,0.0847327258115018,0.0521937661548135,-0.0279040458168124,0.117393600187055,-0.154523556691605,-0.0131498053041373,3.38633618322241e-15,0.150407813754858,-0.0287621317165832,0.11084585645124,-0.0501283349555674,-0.00635598079493469,-0.0184264937654309,2.90925270364798e-15,-0.136614225965684,0.139024481413306,-0.00787665879169619,0.0698974718359332,-0.076951168995558,-3.15872582182481e-15,0.0795783943445157,-0.0829148954132555,0.096732122662602,-0.0237970876833069,1.23463815570796e-16,-0.0764162949864606,0.0324075099409716,-0.00982845436218058,2.14763927963631e-15,0.0924166800256505,-0.0962419782378854,-0.0246087565155921,-1.3350310059505e-15,0.00484187664366994,-0.0517029991718319,5.65840671374099e-15,-0.0552479443952713,-1.36977607164212e-15,0.0136485076721857
0.0475303627860284,-0.075604867120668,0.0728800416810732,-0.0753598844325017,0.119501964172171,-0.0407884927662285,0.114350557914689,0.0072122280259437,-0.0625124678521164,0.0716568227628392,-0.112856627175255,-0.0514437904970264,0.0139888184626826,0.106210172005538,-0.0549540541799493,-0.0832177031503384,0.0743318529132716,-0.0176202455347417,-0.0345221846933547,-0.116971363811442,-0.0547826259609237,-0.0676456030822418,0.0566945830778058,0.0801275874137769,0.102723983106577,0.00242937297569526,0.115800308539246,-0.0355492748956076,0.0252800393083912,-0.0497102011948595,0.0149060711976783,0.089512743199745,-0.0417287699697376,0.0217128906478629,-0.00769011333594659,-0.0232412069487809,-0.0329797338226038,0.0222686207728279,-0.0269456420086669,-0.0133007514700097,0.0038015973207626,-0.0423839283201026,0.00432683826841147,0.0563298187408424,-0.0815825608970798,0.0683707802281564,0.111626370937287,0.0237634974035903,-0.0129643689128192,0.102406753627129,0.0902073668876785,0.0934274365264237,0.0255075543591224,0.0806543029557204,0.093007481947973,-0.0664213173476585,-0.0431466811636193,0.05784304744886,0.10539114796863,0.0729047545747858,-0.100803521208411,0.0385950026773444,-0.0401382197653326,-0.00120981433647868,0.0916383825284172,0.0545544725589998,0.0430390619884524,0.0936593116201129,-0.0142415751433873,0.0373415873989438,-0.0616714028623562,0.0771516749810459,0.0107191586188613,0.010783686290606,0.0039847552507597,-0.00378995491085255,-0.108175502967154,0.0590716434423927,-0.05690506616714,0.0944911182523063,-0.0417541856194887,-0.0316130552240225,0.0282394729875946,-0.0472146480234348,0.070910370945552,-0.0682877135385558,0.0865619460650143,0.109099091735821,0.0601529034280849,0.0653009617718435,-0.0287773185248425,0.10069561504985,0.0488500318447586,0.0310565576650844,0.103351530189617,0.109108945117996,0.0913635637734652,-0.0161749388481521,-0.0902168786168188,0.0273906673732055,0.047821422391864,-0.134337609471237,0.0313028350275186,-0.0133234396954412,-0.0524478675247592,0.0105838011381211,0.0434716254051841,0.019614840814215,-0.113804513202039,-0.0397894479927945,-0.0865619460650157,0.0856299408270452,-0.0179143923417969,-0.00169141028439192,0.0481403722663028,-0.0366651459877173,-0.0466373714952846,-0.0113492058656301,-0.01926913672727,-0.0282394729875834,0.0251197523570152,0.0292947975844823,0.0357027268464386,-0.00175344855964806,0.0517706419123587,0.0180681779352508,0.0850333514945103,0.0573306187033409,-0.0417541856194895,-0.0299283338409997,-0.0580883999559154,0.0945789283665186,-0.0583803636633886,0.049131391426915,0.108808659164345,-0.0944911182523066,-0.0247421791607736,0.0312137655671159,0.00573310762601894,0.0596368519301882,0.113301652720875,0.0112646191269739,0.108175502967153,0.0593090406059251,-0.0351966731634121,-0.0688529115553857,-0.0510309128093957,0.00953130857674139,0.0771516749810467,-0.0505696547571991,0.0506283869252338,-0.0694773816847866,0.00509941848824499,0.0142415751433982,0.0549765238673982,-0.0747222484299307,0.0110278087521953,-0.0545544725589989,-0.0533402139427493,0.056688268213829,0.104945873112723,-0.100803521208414,0.0750073426025241,0.00320208022132945,0.105391147968625,0.0355356390838664,0.0664213173476663,-0.0106776605008176
0.0544863590037206,-0.0910223696867228,0.0973727885478,-0.066665604869368,0.111462568460534,-0.0709764062668566,0.119420093794351,-0.0199130185847529,-0.0872686488696143,0.0285341732597791,-0.0477529006688147,-0.0394655240494397,-0.0246673644920938,0.0512005270824944,-0.0372414621244685,-0.0485759640256996,0.0875774793100509,0.0090086685782352,0.0275350595720979,-0.108545756437232,0.0463011232407124,-0.107835445443967,0.0391341960136418,-0.0365549189418486,0.134906031330925,-0.0431806035084725,0.0371401455888392,-0.0921615904955152,0.0158826316968774,-0.121103588741884,0.0496247518142389,0.0494983792131799,0.0191280957609401,0.0737048845836446,0.0440938141753386,-0.0932661688201302,0.0528070741999698,0.0413466554063057,0.0366946186177879,-0.0562053332053573,-0.074372695418113,-0.0208128672513817,-9.39024535471956e-05,-0.019103924890617,-0.0576170161620466,0.0242334815150988,0.0433070765258568,0.0738778306345551,0.0450560239847476,0.00294139684373793,0.0284726988347899,0.156509194591019,0.0466972222274043,0.00962496705424229,0.0950821291079887,4.53753542132927e-15,0.0217282075364142,0.0276980132389002,-2.5515630889463e-16,0.183387956061556,1.30205686170244e-15,0.0107050406719947,-0.124069697191996,0.0114538574161111,0.131183854283153,2.16704571935365e-15,-0.00533369615326817,0.128708822985919,1.64668690051194e-14,-0.0191490455871258,-0.0807899195880404,-9.47112743344296e-16,0.0240429560536237,0.024112005663418,0.0291231243153594,-0.0287567246038418,4.64952928384725e-17,0.004423338580895,-0.00804660179385926,9.80185293471453e-17,-2.52468377309095e-16,0.000304199632611895,-1.92954495545829e-17,0.071907360498907,0.0152713243343141,0.119845015375782,-1.73482458507203e-16,0.0275548222699051,-0.133116213719088,-0.0358268470231534,-0.0473472195104146,-0.0316133633348111,0.0826001491119592,-0.10623193688055,0.03925426325805,-6.90623300636032e-16,0.00714375258239698,0.0162203982436598,-0.0114837911797531,0.0676353815239728,0.110180834825055,-0.010067121656873,-0.015625645393317,-0.0781834693667981,0.123618951173917,-0.106383439785204,0.0623289465377359,0.127322670059138,-0.0101504251618833,-0.00557251003880349,-3.33949774605973e-16,-0.0227798475057848,0.120900015131715,0.0958474506554352,0.0124174725744797,-0.0376566791479294,0.111374771204558,0.114143779240232,-0.00864987593105681,2.57628867956947e-15,0.0642214512627918,-0.019105485123056,-0.114087161268731,0.118016731569476,0.0115532032805958,0.0703856294467574,-0.0236129975532503,-0.0103098921451402,7.06658214092964e-16,-0.0522645398189632,-0.000463268212833513,-0.0108256804330033,-0.0219597519281484,0.0334441184799582,6.61561441992065e-05,-9.83527626661039e-16,-0.0351416522162167,0.0368117428033694,-0.0572267311940864,-0.068859523158326,0.0178782605794288,-0.0796393608521529,-2.95780924704867e-15,-0.0700317423234277,0.0525267679664204,-0.0366263738584231,0.106080073881313,-0.0237128715036932,-7.75980779216889e-16,0.0383075102935266,-0.0391389888073555,0.0990021708488551,-0.0481050721648724,4.27583223758654e-16,-0.0517626989648402,0.0440385895757508,0.0251310044079596,2.82662557970014e-15,0.13147350089162,-0.126386719828003,-0.0178585761123627,5.23968629970496e-16,0.0331968310435889,-0.103531934204804,6.35715868525605e-15,-0.100430697127868,-6.33813041449137e-15,-0.0226506602635534
0.0560011182172369,-0.0785436995228357,0.0542609699669157,-0.0879961556859703,0.123898339347077,0.0021051183253354,0.0867102435284388,0.0565943831589295,0.00102468934284977,0.0819713467864661,-0.11641887897315,-0.0765070759995864,0.0868877965755215,0.083818763993239,-0.00398343685410542,-0.120119313795799,0.0501694034947888,-0.075276689073342,-0.0374261321893685,-0.0820381020965861,-0.0589032471984942,0.00593199057180761,0.083897126606375,0.0899034333768712,-0.00293031135310668,-0.000984368648468401,0.0884650932086825,0.0570162851523626,0.0244207997617047,0.0808355642400317,0.021777275706077,0.012286806430606,-0.0373508585646865,0.0361669360145761,-0.0709793302340108,-0.00121832637171697,-0.0349686852254479,-0.065818289314179,-0.11257994139802,0.0117580749351002,0.026753555441689,-0.0363345072102696,-0.0162651953123878,0.10594684170014,-0.068174452725549,0.0836560380359523,0.118396954072861,-0.0212410419643161,-0.00167886124661032,0.0951424982256864,0.0807102042731442,-0.0198419905425499,-0.0145813369986523,0.0517457657904279,0.00737037741086807,-0.0771516749810446,-0.00261530200330547,0.000421695743065439,0.109108945117997,-0.0820099437311599,-0.0771516749810461,-0.0157750534396582,0.074440835264125,-0.082106812308643,-0.0385666996378376,-9.05176897278069e-17,0.122279201652468,-0.0301922975995333,-0.0771516749810502,0.0984851590607279,0.0210312875333722,0.109108945117997,-0.0147936070574549,-0.0148755589320364,-0.0155852013193539,0.0150188938294929,-0.0771516749810458,-0.00555643109232259,0.0133663459350419,1.16110818184156e-16,0.0771516749810459,-0.0719684182289639,0.109108945118023,-0.0778075800516112,0.103740857975722,-0.0762570448590629,0.0771516749810455,0.0820378920287473,0.0365205707639039,0.0608213605369759,0.0670002518939561,0.0727491995305028,-0.0872927733814064,-0.00196557866891352,-0.0019646729298892,2.3434311652488e-15,-0.0971525024546071,-0.0277030457655589,-0.0381539053924,0.00869269599249105,-0.0624596148654887,0.137780672376199,0.0296657354946324,0.0570704685587361,-0.0534900902972292,0.043918569209532,-0.0149475477083454,-0.0217604595895665,0.101790315945778,-0.00496644659731732,0.0771516749810464,-0.0469609385895047,0.00789625738135578,-0.0624379633763045,-0.0146312076150335,0.0262319975961332,-0.00021356791655762,-0.0631940601082551,0.11386319763599,0.109108945117994,-0.0439891218679896,-0.0705530263497731,0.0169270375946648,-0.0243965301144229,0.0369420360347519,-0.0447601460239342,-0.10318910413557,0.0972403633815223,-0.0771516749810485,0.0345536750690175,-0.0526572741229761,-0.0664097167866812,-0.006088046687745,0.00320380789428781,0.0211390219693863,-9.59802695520972e-16,-0.0410170190214106,0.0231195805282796,-0.0575748545832443,-0.0118331921382337,-0.0662919359805417,0.0225543045133086,-0.0771516749810464,0.0528838755230733,-0.0801922008520378,0.113999785519201,-0.0588833336698665,0.0554645035667856,-0.109108945117994,-0.0166816208847717,0.0195268036346709,-0.0682006632685146,0.0968609309820958,-0.0771516749810457,0.045795034705036,-0.029114100995111,0.00135916935658156,-1.58159460640158e-15,-0.0575663960135054,0.0581129300855855,-0.0458373971665318,0.077151674981047,-0.0838819082064209,0.0749234251602783,-0.109108945118,0.0425289060490621,-0.0771516749810452,-0.0029708471713682
0.0694533388197592,-0.109767853720942,0.104151230219213,-0.0599981680964006,0.0955376962365961,-0.0552478853874886,0.0923507588437708,0.0160449486788777,-0.0522079609914512,-0.018996082469248,0.0288559669375945,-0.079527018828335,0.00804946427888803,-0.0246818627321628,0.00839891421165518,-0.0638288744706327,0.108588343432458,0.0100474462014514,0.0788571669360132,-0.0932667188515958,0.125110816671746,-0.0915349365994357,0.0197337176266073,-0.121197230771827,0.0864432272419666,-0.0557968689592484,-0.0490258145439029,-0.0364966387910134,-0.0192582937581879,-0.0525558850950636,0.0497644783581917,-0.024512849978513,0.0837126522299705,0.0761467455300859,-0.0322271633077049,-0.0754757408614587,0.108913508766049,0.0144595750092963,-0.0223665765982805,-0.0404534046006263,-0.089512637748793,-0.0856652490050672,-0.00580777173956063,-0.0583816932778579,-0.0749960261777033,-0.0419173617474832,-0.0602073878633354,0.0465407275480947,0.0317067168019127,-0.0834337944664448,-0.0737701804287418,0.109745246218198,0.0124946577147326,-0.0633001345322032,0.077512002146323,0.0664213173476691,0.0116027541659535,-0.0249161681827259,-0.10539114796863,0.0984320768267187,0.100803521208413,0.00389008570085972,-0.0560033891149888,0.0312692608457054,0.0431259177306886,-0.0545544725589975,-0.0781946518102473,-0.030360180562617,0.0142415751433956,-0.0694573934936064,0.0475300093816981,-0.0771516749810472,0.021481130546364,0.0214148877043436,0.00491515220932519,-0.00492476481628784,0.108175502967154,0.00488644072276656,-0.00855826539994462,-0.0944911182523072,0.041754185619489,-0.057985200020888,-0.0282394729875613,0.0648921869430357,0.0596924267442148,0.0849087433168535,-0.0865619460650158,0.0100948664191247,-0.0529399974306535,0.078112252394342,0.0145610915687727,0.125025035224267,-0.0131380196707777,-0.002855536151016,-0.0216027573763399,-0.109108945117994,-0.0925397741153933,-0.0541804712318077,-0.122822102482645,-0.0417762586589367,-0.00151102586448725,0.129870271155197,0.0841953703310592,-0.0122181721980871,0.0330464304202163,0.00846867591974266,0.0724594182240775,-0.000147511983159242,0.0973304993786788,-0.0779237794834138,0.0865619460650141,-0.0718590520541775,-0.0113482478348159,-0.00110302480437744,-0.0229858411315578,-0.0382336052723437,-0.03492211418308,-0.0459344155383803,0.0468364121726914,0.0282394729875812,-0.0204620707815093,-0.0465508637514353,0.0544572090674034,-0.0468362144796402,0.0389373771413842,-0.078615166495798,-0.0737588983878277,0.00255329391748056,0.0417541856194883,0.116445152800404,-0.0894600717688701,-0.0542509230485244,0.0161059628590163,-0.108038014180787,-0.0407856671412379,0.0944911182523071,0.0453136276351917,0.0828484545104719,-0.0311275583271586,-0.0483163837097781,-0.0665358937051028,-0.0353115124374962,-0.108175502967156,-0.00499554130275493,-0.0284261574262726,0.0662886694888761,-0.0278170819755349,0.0298205172454786,-0.0771516749810447,0.0363455062757441,-0.0345868644894957,-0.0744012411556414,0.042236867503737,-0.0142415751433992,0.0790073462456269,-0.00503011416850056,0.0384638692842657,0.0545544725589978,-0.0291569992799576,0.0395377284024333,-0.0318803149536535,0.100803521208414,-0.0590066997176526,0.076820821197366,-0.105391147968632,0.05950293830345,-0.0664213173476694,0.027827805668114
0.0802398562744013,-0.113499704582779,0.0805760542482681,-0.0709524537380422,0.0993573436733579,-0.00124192066346841,0.0683097112259367,0.0777467068514925,0.00325426919751797,-0.0191765986771804,0.0288349488551041,-0.110536261781142,0.0719864581806715,-0.0244070746863341,0.00854219169541028,-0.0963758761936525,0.0791626924366943,0.00908333602840697,0.0908460306888774,-0.0620637482434419,0.129149757631297,-0.00351265423246636,0.00889029514559773,-0.0973308063634681,-0.00896295626789916,0.00324970743434501,-0.0414588222893175,0.0714675041461211,-0.0866317350865405,0.067510065694115,0.0613912762686267,-0.0207298101216078,0.117429313188449,0.0913758883716292,-0.103245558221666,-0.0436770449560957,0.07795553561335,0.0158332393790309,-0.10262483914296,0.00827282005932546,0.00236782072674414,-0.0777281376374163,-0.0530390435648008,-0.0601193434162012,-0.061234964777312,-0.0434122852445979,-0.059317833237553,-0.0650886585419586,0.0564660101814375,-0.086470889895382,-0.046428214799089,-0.0139500891090794,-0.062725022568175,-0.0655306331731416,-0.0041827789519282,0.0771516749810444,0.0483810948884149,0.000591041514159664,-0.109108945117993,-0.0823363602032432,0.0771516749810434,-0.0437149546573897,0.0812538244227109,0.0441226856888061,-0.0669552830846346,-1.32972829382313e-15,-0.0538725086551059,-0.0927025587539702,0.0771516749810344,-0.0185213166018139,0.0573784099595566,-0.109108945117996,0.0140085778666955,0.0138364625695544,0.000610109837699791,-0.00130997892075176,0.0771516749810456,0.0252917070608388,-0.0240879835077581,-2.38813928754075e-16,-0.0771516749810453,0.0589423043162604,-0.109108945118019,-0.0405791924641322,-0.0839368113260215,-0.0648726583090318,-0.0771516749810461,-0.0527595516785928,0.0452994488530275,0.0995366698259827,0.0418033464613722,0.122642042189935,-0.0423605949130472,0.0010447392994092,-0.00335943100890384,-2.45942467366058e-16,0.0766751138067405,-0.0692204188565312,-0.0637242191040101,0.0378971238092715,-0.0215833029202825,-0.121382313933493,0.0947743755183121,-0.00146380856289617,0.00597851757709772,-0.0353830481589856,-0.0297712722359765,-0.014305533458822,-0.107564540080331,-0.0661722442656749,-0.0771516749810454,0.0582990487784304,-0.0239151070765087,-0.0919478882310469,0.0334953829164321,-0.0068012060428161,-0.0544225913180606,-0.0711732220215331,-0.0661944084340039,-0.109108945117998,-0.0447450627220802,0.0640770275338755,0.0445123556060267,-0.0154428991564986,0.0713278923294339,-0.0559632960137989,0.121627664392516,-0.0300136208623012,0.077151674981047,0.0239120537823464,-0.0509641744200143,0.0907261149105521,0.00373451532224997,-0.0104563383420496,0.0243896004807164,1.39277275574054e-15,0.0455313670175094,-0.0175176526213445,0.0918520180231256,0.080271977238642,0.0641861104025519,0.0742924278364578,0.0771516749810501,0.0146297687750737,0.0385999231981376,-0.0640764437806703,-0.0885858115008106,-0.0416566263830908,0.109108945117994,-0.0119512282254268,0.00926299807000585,-0.0600174063467669,-0.0220298629444755,0.077151674981045,0.0119414934002079,-0.0369099415971934,-0.0279432532698008,-1.38987635986219e-15,-0.0596069489062766,0.0515024338385164,0.0720995595849465,-0.0771516749810432,0.0499122302778351,0.0276569716142464,0.109108945117989,0.0545253516781407,0.0771516749810477,0.014953088526138
0.0806405977409478,-0.121814950504553,0.102955063657847,-0.0352219994436495,0.0532545553728456,-0.0324406189405208,0.0450907299277966,0.0559993489551952,-0.0142900115356008,-0.0611383749904422,0.0926035931531648,-0.119043630077624,0.0245125802328711,-0.0787083756080227,0.0254502063523821,-0.0523667551584963,0.124510650075576,0.0407051285891653,0.0548557070237171,-0.0549815984062252,0.0858978552859575,-0.0673807164484854,-0.0559138098592818,-0.106928881316484,0.0297057574952836,-0.00900126110330374,-0.107755029025845,0.0266668394070443,-0.040744771932474,0.0144359965539599,-0.0282328982518446,-0.057388563540846,0.0740578311506938,-0.0414475440593878,-0.112425240487121,0.0425904881464397,0.0701668416955128,0.0283834879822176,-0.0401108039393568,0.0158471017264039,-0.0342469934605814,-0.147090489352244,0.0231644491631835,-0.114568159159805,-0.0457504032718499,-0.0397563385728125,-0.0533486737669267,-0.00539977535519269,-0.0647873839706614,-0.153783855373095,-0.0687744520043296,0.00650454326898662,-0.0178780527751979,-0.110904503339553,0.0884973497289435,7.16851724789055e-15,-0.0803239610565936,-0.0092370955603615,-1.27978559977466e-15,-0.0192479680956114,3.3672846097702e-16,0.0495382996163051,0.0167383235676822,0.0545487686697697,-0.0108817133649585,5.88177864759728e-17,-0.0986708396885686,-0.121424118698426,-1.54396263062099e-14,-0.0646683424360109,0.115836617420618,-4.94436395617128e-16,0.0149153461962848,0.0148557113625838,-0.0215678252912329,0.0217391340809343,-2.8684570567936e-16,0.0703046088155031,-0.0706974949951873,-1.04333022033113e-15,3.91205068352757e-16,-0.0856446006987587,3.19607910094574e-14,-0.0239216906264001,0.0868284112137524,-0.0814556370670011,-6.21613924386066e-16,0.0378132303302769,0.151376992404689,0.03126843821913,-0.00803407892316655,0.0415669997741501,-0.0010201825164872,0.172407829445151,0.00655925065430819,1.00692623060454e-15,-0.0205592453960153,0.0202544019120628,-0.0281447603812862,-0.131904196478032,-0.0303023674228578,0.00520779842562431,-0.034365195253347,0.048128449846539,-0.134601360558305,0.139424227881059,0.00891106473451984,-0.0623180226065659,-0.044829108335002,0.0347486172490503,-1.08484176100926e-15,0.0262500281981797,-0.0716309350028156,-0.00128479218118311,0.0951896899458963,0.0179638048306865,-0.0558080080630377,-0.0235640457820777,-0.0144529526776127,-2.55103086598726e-16,0.0100399894862452,-0.106915859481363,0.0501282277948036,-0.0532775201737499,-0.0334149539668425,0.0382199347883414,-0.0618551313505697,-0.0263743941548336,5.51997778576381e-16,-0.067950370285848,0.0289653549718707,0.0223773073221469,-0.0941423579319854,0.123918271181777,-0.0295473443112592,-2.9583871949135e-15,-0.120617701609927,-0.0159617788923111,-0.0888914751458468,0.0401998034339349,-0.0142817592078377,-0.0102259325609846,-3.67360924863236e-15,0.109556103049651,-0.111488977846028,-0.0176986916503856,0.0387901704076967,0.0617100462318351,3.33189315978771e-15,-0.0638169173796253,0.0664925834922024,0.0536822781056812,-0.0534715706522724,1.3394253352331e-15,-0.0424078443267243,0.0728190138446346,-0.00545438067414217,4.45685580316909e-16,0.0512873881207516,-0.0534102684712908,-0.0552953739633845,-1.64970462709696e-15,0.0108795980620423,-0.116175584590129,1.0942887941443e-14,-0.124141004203493,1.81829385387778e-15,-0.0427808941942519
0.0768502547140627,-0.121674315363797,0.115957471626579,-0.00097915955179198,0.000663843914857994,-0.0624579511256864,-0.00145768609296762,0.0160767932471212,0.00466664871845217,-0.0788125660083449,0.124716058720645,-0.0866703580297951,0.00711999781169631,-0.118744517759949,0.0638655389615035,-0.00653094052988803,0.120161876932952,0.0163961748181063,-0.00071396587611679,-0.00120669949519397,-0.0011184479127332,-0.103510445355385,-0.0816483758124922,-0.0326580783967753,-0.00913394696031571,0.0279355476234008,-0.117193348389286,-0.0450889475790309,-0.0208361466675047,0.0285173144764608,-0.0849599556768485,-0.0980169596066622,0.00557790792685716,-0.131974907083781,-0.0292666007778837,0.127713242464505,-0.0193173819710662,-0.0357929746445699,0.00170287227043508,0.0669308490501614,0.0449352519227533,-0.0875608184533503,0.0208466377942498,-0.0378427396013528,0.0215078461171082,-0.00318725442730876,0.00139583232838903,-0.0554607518013464,-0.0946053315196364,-0.0813968703258967,-0.0190130364037666,-0.0782449064207619,-0.0387414119330034,-0.0654453463169899,0.1035520229949,-0.0664213173476572,-0.103818784921299,0.00576136238500863,0.105391147968628,-0.0898050405932942,-0.100803521208411,0.0608048485112517,0.053511900237251,0.0245375822107628,0.0753672177523946,0.0545544725589987,-0.0435530574842085,0.0173353405318177,-0.0142415751433967,-0.0390819350663204,0.0106697517796863,0.0771516749810467,-0.0252877002498662,-0.025331402936533,-0.00386396590922899,0.00423658332443873,-0.108175502967154,0.0302079757476313,-0.0321883329179645,0.0944911182523064,-0.0417541856194889,-0.0605696531622521,0.0282394729876061,0.0310269983193353,0.0794276934879384,0.0377006337768716,0.0865619460650152,0.0566491178930862,-0.0156840211710439,-0.0578483707294994,-0.0845734119480697,-0.0994814755145876,0.117545578009813,0.0115315062387554,0.0286716917096922,0.109108945117996,-0.0625728003615889,0.0502377119454404,0.113413561178028,-0.0213119645082055,0.0895664698859515,0.0954436959288238,-0.0857589022671786,-0.0157277018372808,0.00315968265636633,0.0115015854204692,-0.0844816725923592,0.0356761782623552,0.0878975546436204,0.0928610651974949,-0.0865619460650143,-0.0195175766864929,-0.00678133815193222,-0.000569341780346433,-0.0472738828726203,0.0669387393789124,-0.0055683613080245,0.0827631325027396,0.0289843137288116,-0.0282394729875812,-0.019968226260086,-0.0106962346883325,-0.0580301472741023,0.102080413523661,0.00579598100977247,0.0210974765906489,-0.065101754475263,0.0275621083793498,-0.0417541856194902,-0.027302162615767,0.0963432767187585,-0.0878310036954861,0.0638609876821462,-0.00130926846742298,0.0157168433590336,-0.0944911182523065,0.00570582661447946,-0.129913525432617,0.0101254233501304,-0.0475523679340704,-0.00293366478313605,0.0996423905078553,0.108175502967162,-0.0711848476814914,0.0596648607811921,0.0225169571495927,-0.0294501116498496,-0.0284344859403715,0.0771516749810439,0.0428890937767044,-0.0439383041530333,0.0419841555252606,0.0361407926227144,0.0142415751433989,-0.0784636226177274,-0.0372883673830165,-0.0665561050279826,-0.0545544725589982,-0.030600561651672,0.0133082603743367,0.0211392798091284,-0.100803521208415,-0.0139382913098992,0.0630305751765883,0.105391147968625,0.0635324988121716,0.0664213173476649,0.0488314851328797
0.0679433783584666,-0.113503038481374,0.121421881276201,0.0296689853165893,-0.0496055096700028,-0.0885061309599576,-0.0531469416085381,-0.0248311280236337,0.0388382025031443,-0.051416803556788,0.0860477537092877,-0.0492127035396669,0.0109780099700358,-0.0922601618430433,0.0671067959386251,0.0216183377656411,0.10920733044462,-0.0162330598604853,-0.0496164629005858,0.0483074061988124,-0.083431741177604,-0.134468601026409,-0.0705173845573668,0.065869687870601,-0.0600388321761833,0.0778087589167061,-0.0669242298498218,-0.114923623594069,-0.0286195133984918,0.0538961673446102,-0.0220850922421206,-0.0891929973654214,-0.0344676375657319,-0.0328017595093898,0.0549840869267542,0.0415073499847666,-0.0951550597183775,-0.0745040986259429,-0.0163306416120117,0.0250137264763638,0.13401496638742,-0.0259532209573431,4.17905232947382e-05,0.0344240831623831,0.0256419844963104,0.0302186571763917,0.0540030411243589,-0.133123250859822,-0.0200518170748956,-0.00530021396870578,0.0355048747097719,-0.0696531443062801,-0.0841454868888471,-0.0173435913409487,0.118565475675688,7.24213380676075e-15,-0.00966996206839659,0.0345388575724075,2.94959191470803e-15,-0.0816153185183133,2.52605374553023e-15,-0.00476419129674605,0.0552162097896772,0.0142827265817793,0.163583590628136,6.29488540108862e-16,-0.00665101031555096,0.160497277081924,2.06777356571956e-14,-0.0238784692778022,-0.100743381912261,9.96789292293802e-16,-0.0433239097933208,-0.0434483328908517,-0.0129610096447592,0.0127979464327431,1.53744474674807e-16,0.00551581299071261,-0.0100339483161787,-1.42833016972841e-16,-1.23008135144948e-16,0.00037933073732501,4.35549324996383e-16,0.0896670118992959,0.0190430299666438,0.149444289780805,1.04904903752319e-16,0.0343603013546314,-0.165993203431799,0.0159444469205896,0.0210714950113966,0.0140692702695246,-0.0367605246506409,-0.132469058553454,0.0489492656417425,1.2253138852535e-15,-0.0128725973534776,-0.0292281476850311,0.00511076787735813,0.0843399412500491,-0.0490350845387131,0.0181403264044502,0.0281564400805122,-0.0974931916482687,0.154150310746817,-0.132657979585455,-0.0277389907921802,-0.0566639189107436,0.0182904341336723,0.0100413161220708,-6.97154819596397e-17,-0.028406005215508,-0.0538055685648849,-0.0426561284743598,-0.0223755124152766,0.067854991161752,-0.0495664362152176,-0.050798760723681,-0.0107862188606968,-1.21851591955651e-15,-0.115723056478572,0.0344268946040869,0.0507735633558824,-0.0525223866626227,-0.00514165916837059,-0.126830521758489,0.0425491513466702,-0.0128562252215178,-3.15320798721939e-16,0.0941774465442647,0.000206173750779732,0.0195072020879921,0.039570105668244,-0.0602642191297644,8.24953624771608e-05,1.97978382758433e-15,0.0633230692269312,-0.0163827667783154,0.103119006435373,0.124080573248515,0.0222938262924973,0.0354428499130088,-7.63118434130305e-16,0.126192839196744,-0.0946499653385571,-0.0456723411595843,-0.0472100742284504,0.0427291179867981,2.40701778102664e-15,-0.0690277483626376,0.0705260208732175,-0.0440601110419806,-0.0599860438249571,-3.04721552806428e-16,0.0230365682355105,0.0549152229774441,-0.0111843491442394,-1.55149282925366e-15,-0.05851121241782,0.0562473818716044,-0.0222692801635514,2.59851399660652e-15,0.0413957712194124,-0.12910221028681,8.38442027940909e-15,-0.125235030905575,2.71699394948092e-15,-0.02060855282706
0.0892702109185938,-0.125974930856042,0.0887653819327715,0.000865122846780386,3.1683594690297e-06,-5.90772532426565e-05,0.0027559320342104,0.0875348880531809,-0.00546585011747092,-0.0915743881502962,0.129169778211733,-0.122692051508467,-0.0051857038454905,-0.090975384530729,0.000226705762518432,0.000107103769892573,0.0858110353762842,0.0888276247143898,-0.00374612001246646,-0.0083715755083664,0.00177843959464872,-0.000176945817328138,-0.109551747276357,-0.0580932252311019,0.0148593413181593,-0.000575963940415416,-0.0873062562959642,0.0826871225042131,0.0176247466737988,-0.0060330870611136,-0.0987036507439875,-0.00381722031016611,-0.018592593487859,-0.140149190649513,-0.114385282902721,0.0959460809032729,0.000343178815109771,0.073287279375687,0.027733875689262,0.0025984609874527,-0.0346751793303351,-0.0785035036639421,0.0898687798770092,-0.0987498321537811,0.0147475979049579,0.00241648969451982,0.00512239271640158,0.0626086264557284,-0.129903176614436,-0.0706530311978896,-0.001313117384111,-0.00440846581396198,0.0529923911918208,-0.0281591567391346,-7.42017519120604e-05,-0.0771516749810428,-0.113423944790058,0.000661650754810343,0.109108945117993,0.0372313097006092,-0.0771516749810453,0.0698009474153357,-0.0484379360546172,-0.00115732245928449,-0.07085776416311,3.10299009191096e-16,0.0112169666972776,-0.0877785165907308,-0.0771516749810578,0.028977076450275,0.0553737156555087,0.109108945117996,0.0106731520599553,0.0108708611598535,-0.029454466738799,0.0300066074576382,-0.0771516749810457,0.0178095298227524,-0.013368479392218,-2.24940483592688e-16,0.0771516749810459,0.0152390987872199,0.109108945117991,-0.0671696164894063,-0.0211430712130934,-0.0859614104055591,0.0771516749810465,-0.00579957870712061,0.0525805204764207,-0.114060562226371,0.026799015330308,-0.14448463947543,-0.0621127496480558,-3.69489340669797e-05,-0.00356841620742586,-2.04194086115059e-15,0.0785957110752328,0.0729595673814305,0.0744360586946404,0.0342597473228168,-0.0640510955472313,-0.104447586030621,-0.0895883774984691,0.0242248646054599,-0.019010930851446,-0.00882939944942807,0.0399608912175446,-0.00706675138058337,-0.067236631598528,0.042915882683515,0.0771516749810456,0.0258526233481456,0.0679653219687233,0.0940957071054934,-0.000343717663150552,-0.0289363813656814,0.121901616585128,0.0460530166254293,-0.00240990386009014,0.109108945117998,0.079685174183203,0.0524181173287974,-0.0695168873629541,-0.00926114880895357,-0.0937050704719128,0.0868722753725328,0.0611764467415124,0.019206977798197,-0.0771516749810455,-0.0563579167459701,0.0196303311351713,0.032462367059322,0.00551917039860938,0.00180774689637108,0.0289666908097928,9.07034013502504e-16,0.0258793837335719,0.0810218527351212,0.0208206450017137,-0.0297918373040693,0.0219705770300162,-0.126292117651822,-0.0771516749810521,-0.0740640232950947,0.0785766975629493,-0.000650640754792683,0.0929464106713634,-0.0460454211114675,-0.109108945117998,0.0274340722923891,-0.0294901019646902,0.0119645391787566,0.0254405912422478,-0.0771516749810464,0.0556875090393066,-0.0425564688826023,0.0652370587117313,1.36272972835714e-15,0.030204537141209,-0.0110090367175471,0.037419796710832,0.0771516749810482,0.00269553982571521,0.0555232302792925,-0.109108945118003,0.0626530808570704,-0.0771516749810472,-0.00605059093862767
0.0690260351557238,-0.109481686611302,0.104796913653239,0.061219160086271,-0.0963654960584562,-0.0572974536469398,-0.0905330540172156,0.0129244317438443,0.0463887452218263,-0.0160788091220925,0.0266479007941527,-0.0766475698812788,-0.0169279563286155,-0.0281644192561082,0.0200239245430282,0.0719728241044659,0.107935877018169,-0.00275046193378046,-0.0791749116431461,0.0947714485099167,-0.125608572819998,-0.0949844409363979,-0.056070663310232,0.106663018559687,-0.0750533816810078,0.0682293572547255,-0.00313013213020205,-0.0447508373193717,0.00998533612517993,0.0169953755901216,0.0561788535035542,-0.0191088008119766,-0.0812302496671613,0.0884232718058955,-0.0205094290326996,-0.0837800676164004,-0.117510552521636,-0.0303889473032628,0.0202431296093038,-0.0430079990244184,0.109510706199622,-0.0721138939439295,-0.0201875603961849,0.04154008975874,0.048176180749775,0.0361741277213069,0.0627225908087024,-0.0712230841256221,0.0862642020060015,0.047208779254375,0.0395098726605597,-0.0121754438167119,-0.0297362080469784,0.0341742153610848,0.109082295707109,0.0664213173476674,0.117857153113643,0.035297784473929,-0.105391147968625,0.0135529771041378,0.100803521208414,-0.0797124916015208,-0.0107248590370311,0.0129459344852804,0.0926811159799661,-0.0545544725589982,-0.000285245980226377,0.0615973848299193,0.0142415751434071,-0.000965820090669703,-0.0283037810182113,-0.0771516749810454,-0.0327352159007802,-0.0326884225840703,-9.68655310563305e-05,-0.000358168178737035,0.108175502967154,0.0495464506991677,-0.049443106337584,-0.0944911182523076,0.0417541856194888,-0.0511575436568234,-0.0282394729875642,-0.00898346784267152,0.0834313314196404,-0.0169745486505527,-0.086561946065016,0.091983316812484,0.0246783678333895,-0.00597651398637234,0.0909002281472682,-0.000973664309858491,-0.133438918614643,0.0236345923932836,0.0732673606173972,-0.109108945117997,0.0646922581619468,0.0765383563956631,-0.0186022950913198,0.0033734255874816,-0.11017653526027,-0.0873938304385469,-0.122361672386181,-0.0161221672399974,-0.0273528790085397,0.0122564648709842,0.0328875043865322,-0.0443399546485979,-0.0582124074751341,0.119250841395263,0.0865619460650149,0.0366895941113189,0.0198044381961864,0.00181298239201088,0.00194698399444429,0.0680241468812511,0.0418657471603173,-0.0572695226322941,0.00539151648168484,0.0282394729875815,0.0115753740678155,0.0417905914861133,0.0179052009841228,-0.0804559791234099,-0.0461648472441035,0.088004426885945,0.0447858919717672,0.0471119092496166,0.0417541856194891,-0.128595758248978,-0.0306780292546924,0.0151624491032039,0.0123148503857902,0.107455334896445,0.0691064402776131,0.0944911182523068,-0.0427742959006934,0.0791510619510349,0.0356337956482564,0.0271535890607307,0.0612496124281699,-0.0889405161914441,-0.108175502967159,-0.0266846962764994,0.0549795185170813,-0.025714514705525,0.0645407705301007,-0.0424750539815085,-0.0771516749810478,-0.0172580638682799,0.0150324795363163,0.0220478555363405,0.0228865905250278,-0.0142415751433979,0.0188351907924652,-0.0621612021255076,0.0445302361885061,0.0545544725590001,0.0673152755218937,-0.0561328576501921,0.0699719809494619,0.100803521208412,0.0338907666337016,0.0367563507228204,-0.105391147968631,0.0549786687561395,-0.0664213173476671,0.00565626025386939
0.0806195054630699,-0.113499277092129,0.0793736370895213,0.0698736631933967,-0.0993612945529924,0.00113546713152382,-0.0717463022618285,0.0799857111309879,0.00356153441594403,-0.0215778380781827,0.0286510105181209,-0.110547175715291,-0.065519991254466,-0.0160807803792899,-0.00844129813938752,0.0962423199771108,0.0754634503563166,0.0304486759967266,-0.092513210936652,0.072502932153351,-0.128358277552125,0.0031938088870286,-0.0576454093865597,0.0714768888935495,-0.00956633928052395,-0.00350603550223293,0.00260388290690472,0.0775295421593342,0.0944754852677338,-0.0599869291814503,0.0616901630215788,0.0190309872645117,-0.125703795723628,0.0833872938458223,-0.102869599461461,-0.0759657609869119,-0.0778028066724421,0.0167826683285616,0.0680412618264223,-0.0115130479117316,-0.0177997273061238,-0.0637302880072969,-0.0590254919530088,0.0161715336584234,0.042845010986003,0.0477666492133401,0.0685480659708141,0.0929521186072345,0.105520601514893,0.0550273329173965,0.044062059033114,0.0194473560627729,0.0863088553293405,0.0529986294591121,0.00404907201507598,0.0771516749810419,0.0930562508379666,0.000601211948871446,-0.109108945117995,0.0359096763868942,0.0771516749810436,-0.0433254030896895,-0.0208527061164316,-0.0462081087006802,-0.0607259960356391,2.77663916939867e-16,0.0740847842281947,-0.0654688626838764,0.0771516749810377,0.0707362041308675,0.0424015778518299,-0.109108945117996,-0.00925857833741878,-0.00899847421316037,0.0361190094239571,-0.03610764855568,0.0771516749810456,0.00679995678372309,-1.18397941032327e-06,-4.25857789075104e-17,-0.0771516749810459,-0.0314823971520617,-0.109108945117986,-0.0804562741876651,0.04583831345634,-0.0900244509237538,-0.0771516749810464,0.0423090719544612,0.0494473751616654,0.0426945248588593,-0.0752211719779867,0.0575273562863988,0.119813926854984,-0.00111131897799517,-0.00307063281231745,-8.73130019309671e-16,-0.0416967317399013,0.10169048100606,-0.0290960278693209,0.0238368077108472,0.101453712663443,0.0748987651474625,-0.13464495438349,0.0451155062402241,-0.0402350312710961,0.0194730201065636,-0.0200591440586752,0.0231176282949633,0.0776414239615709,0.0852716088582663,-0.0771516749810463,-0.0117142311978559,-0.0608362631785805,-0.0253875393268755,-0.0336483516672754,-0.0060766951708015,-0.0975862382237824,0.0137460495999639,0.0618519117288542,-0.109108945117996,0.0802083014855147,-0.0407487706854028,0.0421737850495025,0.0269913628282573,0.0455204193139501,0.094625095715409,-0.0944015842624171,0.0646233989476394,0.077151674981045,-0.0489936863226355,0.0264855518802232,-0.0762790024376144,-0.00127825341872506,0.0112608613975244,0.0278065727708391,-1.29044061692243e-15,-0.0340139577402982,-0.0835149451947462,-0.0825859592803873,-0.0935305921609944,-0.0245964985747581,0.083191266985648,0.0771516749810525,-0.0475913600474403,-0.00363000294031644,0.0629040296521575,-0.0273164668451253,0.0211644861628063,0.109108945117997,0.0241605390028825,-0.0223873281333058,0.0450978700229793,0.0678722243250631,0.0771516749810476,-0.0813826813540528,-0.0397741655849748,-0.0534060283502454,6.26113961388916e-16,0.021942507151461,-0.0377743895951582,-0.00467141582555387,-0.0771516749810469,-0.0450550353475139,0.0723924322397855,0.109108945117991,0.0583715989826891,0.0771516749810447,0.031085031235198
0.0646687383663239,-0.0976880055947988,0.082563550639417,0.0791431143520286,-0.119661899727816,-0.0260153565012867,-0.101317950464491,0.0449079911076769,0.0321093644573813,0.0339292383835541,-0.0513911170808452,-0.0954655791664409,-0.0550792678177882,0.0436798531070612,-0.0141237989785319,0.117667030753991,0.0998497888052009,-0.0225896421282191,-0.0304426207042199,0.123542530198575,-0.04766971331981,-0.0540351391856035,0.0310298234773952,0.0593410522415877,-0.0667482312048834,0.00499532304833043,0.059799529631205,0.0213851448151526,0.0226116425239715,-0.0324373898160816,0.0634387465257155,0.0318482500257975,-0.0410989956418304,0.0931317861256235,-0.0901580428035581,-0.0956999581774206,-0.0389396594018191,-0.0157516474727401,0.0901281583404569,-0.0356081143572649,0.0190056475204984,-0.1179574139895,-0.0520500448014041,0.0635805316040146,0.102800223013693,-0.0318821081389721,-0.0427823146488518,0.00299664924480465,0.145575930360294,0.0853436011230535,-0.0551528283215738,-0.0146155760569003,0.00992157077346888,0.0615473560133824,0.0709693642663756,-5.66658810526433e-15,0.180486302183961,-0.00740757549909143,2.77586812095993e-15,0.0432497917238422,-1.7526811194862e-15,-0.111311548840678,-0.0376106716570092,0.0437447160379815,-0.00872645657757341,-8.21665825609737e-16,-0.0791278697698132,-0.0973745828211136,-1.19318360294052e-14,-0.0518599841113873,0.0928937546975809,8.97420938224573e-17,-0.00827739266452654,-0.0082442978286085,0.0484624635259413,-0.0488473908823387,-6.67751618496581e-16,0.0563799188101496,-0.0566949890635147,-6.53824982096419e-16,-1.48529572378156e-16,-0.068681637168272,2.51637901672276e-14,-0.0191837064175594,0.0696309794922886,-0.0653223491580513,-1.44240835724298e-16,0.0303238563145289,0.12139492254197,-0.0702595429184551,0.0180524114749873,-0.093400200680243,0.00229232930659228,0.138260344380272,0.00526011061829252,-5.39404315599866e-16,0.0114095204220999,-0.0112403450516677,0.0632407025282578,-0.105778952666754,0.0680888015435033,-0.00289011008657138,0.0190712445666184,0.0385960200977284,-0.107941910322376,0.111809549623274,-0.0200229807058704,0.140027325740964,0.0248782782247437,-0.0192840277211535,2.44062493366192e-15,0.0210508881780627,0.160953249946539,0.00288690182613562,-0.0528262925263499,-0.00996915957401901,0.125399455841745,0.0529479302533887,-0.0115903681459848,5.4925858078973e-16,-0.0055717738114615,0.0593338256682897,-0.112637105425422,0.119713501167061,0.0750827200226535,-0.0212104636186391,0.034327008154332,-0.0211506219317507,3.01437898572903e-16,0.037709610568479,-0.0650845618362395,-0.0124184686726558,0.0522450671082353,-0.0687694523065358,-0.023695130396014,1.90179358466496e-15,0.0669377743821185,0.0358657916100461,0.0493310470054238,-0.0223092078239757,-0.0114530816424443,0.0229774618935216,3.09325663379314e-15,-0.0607990503072057,0.0618717148937621,-0.0141932487088164,-0.0871607217308221,-0.0342464919878457,-2.30551748043816e-15,0.0354157172645715,-0.0369005999324973,-0.120622983984556,-0.0428808702988122,-2.93857885360503e-15,0.0952895612397727,0.0583963150861078,0.0122558821257072,-3.02526561299835e-15,-0.115241715035271,0.120011783884064,-0.0443434469966776,3.10863890904845e-15,0.00872476023634156,-0.093165585262013,5.80381537409163e-15,-0.0995533558314905,3.31874897998394e-15,-0.0367412914890675
0.0483003373829,-0.0761205224342735,0.0717165603359175,0.0757956514284163,-0.11979740250803,-0.0370952983774836,-0.113701826573043,0.0128352052464033,0.0604356137895633,0.0703585139832095,-0.111873945294303,-0.0566323782130456,-0.0171575155883477,0.107760055466066,-0.060127670492284,0.0861242451229988,0.0755075567665347,-0.0119246405928589,0.0358087067476083,0.117508395608791,0.0567979994603969,-0.0614298110476371,0.0904307063658972,-0.0212797635717571,-0.0986589942899492,-0.0527674904086717,0.0953748083087305,-0.0206757230885383,0.0122653996405499,0.0370188022924007,0.0229046661745407,0.0871077150643778,0.031677727189493,0.037021468518299,-0.028804740904216,-0.0335965330348011,0.067788453353225,0.0422280909159255,0.0261877925526222,-0.0164862786122511,-0.0847721234282573,-0.066802626376007,-0.0136044648921886,0.0118604417730742,0.0720106688863462,-0.0723452214908667,-0.109885796493569,0.0761733241233778,0.0550677023668125,0.0442653385895085,-0.113916235487915,-0.0586051772182734,0.0443020577412766,0.0372741362056468,0.0361197786503772,-0.0664213173476721,0.0893503871294031,-0.0506587460651338,0.105391147968629,-0.032937751561176,-0.100803521208414,-0.0656557060369335,0.0163231837281899,0.0318076788778458,0.00234300079775228,0.0545544725589974,-0.0973488363507952,-0.0720424955534387,-0.0142415751434076,-0.086075963300456,0.0749763657083535,0.0771516749810449,0.0348477027130963,0.0348619245616181,-0.00226512864496717,0.00190449795457753,-0.108175502967154,-0.0214029138155048,0.0167668715407704,0.0944911182523074,-0.041754185619489,-0.0439160668735387,0.0282394729876,0.0859046820922218,0.0281343428042291,0.115299634905536,0.0865619460650152,-0.0384587971545564,-0.0797105579326484,-0.0395560148066868,0.0664160277539576,-0.0564221933641318,-0.101162735447116,-0.0166770045852244,-0.0675985154235516,0.109108945117997,0.0213887264330657,-0.0743502900668291,0.0397430955035257,-0.0539662524300787,-0.0876822514522508,-0.0376459878675986,0.123229367148907,-0.00628868370899885,0.0563879273514667,0.00375844129161605,-0.00587374403030147,-0.0354922338280652,-0.0445814073952647,-0.127540409573605,-0.0865619460650156,-0.109967960869091,0.0209323717398808,0.0019447912137996,0.0370442211998888,-0.0839542944863498,0.049115525413019,-0.0254838532176828,0.0554119847748582,-0.0282394729875839,0.0108617480581251,-0.0100208486685563,-0.00987688170832697,-0.0436766093522151,-0.0543500961273349,-0.0560845171342025,0.0322759565615667,-0.0229612317188411,-0.0417541856194891,0.0791251309274294,0.0152116081241463,0.0636870715660245,-0.0566931598868368,-0.0467721711691653,-0.0892100760608071,-0.0944911182523079,0.0144606348701817,0.0266031924585292,-0.0239784900515753,0.0260495542770888,-0.116959872869588,-0.0556096547218857,0.108175502967149,0.0689616226488847,-0.0723156909797591,0.0969310978587068,0.0641374455082787,0.041705864637413,0.0771516749810481,-0.0267138217735178,0.0285457013753887,0.0507926746870881,0.0399674127744584,0.0142415751433997,-0.0200569266944129,0.0282244148473864,0.0185924445504491,-0.054554472558997,0.0669587450593843,-0.062611001269492,-0.0785856223534619,-0.100803521208417,-0.0923881075766402,0.0753957614344567,0.105391147968629,0.0436880911081209,0.0664213173476594,0.00564141317581893
0.0302376480169462,-0.0505136042595092,0.0540378208486258,0.0534616642250014,-0.0893860397782218,-0.0393889338441466,-0.0957674796270423,-0.0110508915980136,0.0699840226812452,0.0641157053236639,-0.107299793821178,-0.0219017135083367,0.0197816904290575,0.11504654005395,-0.0836808058062761,0.0389548986053258,0.0486018343308294,0.0202422945519509,0.0618707172456257,0.0870469381485005,0.104037679551098,-0.0598441573763988,0.087933740250536,-0.0821381572778774,-0.108186237311963,-0.0970259353596663,0.0834531496172262,-0.0511458241115946,0.0356879494762369,0.0971175377535026,-0.0397959611097648,0.11122184850912,0.0429804410327957,-0.0591067282607634,0.0244702207513541,0.0747936602508053,0.118656418659341,0.0929050913799067,-0.0294267993705469,0.0450731776508628,-0.167113929677991,-0.0115502699332147,7.53039209640271e-05,-0.0429261295801661,0.0462052594848238,0.0134485676355892,0.0240336142949699,0.16600197860276,-0.0361321258586698,0.00660925871430748,0.0158011557608407,-0.12551062914296,0.10492770589524,0.021627104657355,0.052766600764677,-1.06258364783195e-15,-0.017424669554847,0.0153712376895944,1.20015180866431e-15,-0.147065722257883,2.30255136149641e-15,-0.00858477607819955,0.0994961720481382,0.00635641131684108,0.0728015467330011,-6.30653621333906e-16,-0.0029599780543387,0.0714280079874303,9.14373764837202e-15,-0.0106269185702876,-0.0448350228660675,-1.46081842543879e-15,0.0540240318655671,0.0541791849304203,-0.0233549323730228,0.0230611026179689,2.54665428604752e-16,0.00245476771644344,-0.0044655271011706,-1.63783165448123e-16,4.07934303057868e-17,0.000168818059896078,2.75852813834201e-16,0.0399055744658068,0.00847494562707115,0.0665089658729262,-1.94346403079324e-16,0.0152917726969056,-0.0738739253160885,0.0287309005827627,0.0379695220108466,0.0253519490138943,-0.0662401765559807,-0.0589542772592581,0.0217844726141526,1.20953694233016e-16,0.0160518663466539,0.0364469040176787,0.0092092854971491,0.0375348049935659,-0.0883581692086886,-0.0226206170311302,-0.0351105064937,-0.0433885521199055,0.068603342234075,-0.0590383550282266,-0.0499839342615731,-0.102104853743849,-0.0228077983078406,-0.0125213163986985,-6.40821393798013e-16,-0.0126418616210461,-0.0969542843934973,-0.0768636875612844,0.0279018076045776,-0.0846137899891363,-0.0893156318455665,-0.0915362038801197,-0.00480031898947239,-1.5673160185413e-15,0.14430429110862,-0.0429296353906209,0.0914907997922524,-0.0946420705019154,-0.00926494968013291,0.15815507376168,-0.0530579238847859,-0.00572155848688923,8.98180284269279e-16,-0.117437354970889,0.000371512261679172,-0.0243250831293215,-0.049343114685245,0.075148252088776,3.67138902100314e-05,-2.79905923480433e-15,-0.0789625757707745,-0.0295207256747994,-0.12858729778051,-0.15472594405847,0.00992168609612974,0.063865808722722,7.11317375991709e-15,-0.157359896613537,0.118026576269746,-0.0203261040216033,-0.0850696142623897,-0.0532823386143766,-3.50692984129571e-15,0.086076194298752,-0.0879445095602566,-0.0793935767302909,-0.0266963009925466,-2.16548228454236e-15,0.041510461607011,0.0244395734107201,-0.020153500773421,-2.83480075343711e-15,-0.105433561623362,0.10135427993467,-0.00991076204105624,8.3256879648347e-16,0.0184228513471705,-0.0574558888176888,4.93188934516356e-15,-0.0557348320823154,1.41936908949074e-15,-0.0298334592821693
0.0553170140178058,-0.0785444698343672,0.0564276508194409,0.0876111397982652,-0.123899749399692,-0.00217878645517115,-0.0879367486687836,0.0525598368570831,0.00140784280315919,0.0830399988547938,-0.11633701871208,-0.076487409769756,-0.0845799412497017,0.0801132144220407,0.00357492718571061,0.120071648133984,0.0568352073933144,-0.0847851598814282,0.0441764072026866,0.0857638036982024,0.0556986097820471,-0.00615263839698124,0.113508300834249,0.014776941361662,-0.00368271766307645,0.00202221980716388,0.0688553445828715,0.046092870100472,-0.0561794958772237,-0.078150587905074,0.0221499813908257,-0.00540841310781327,0.0708535543769467,0.0262053215785254,-0.0716567845111352,-0.041481696692372,0.0343502983683689,-0.0662408249473459,0.100237205556808,-0.0129144988666564,0.035728958689454,-0.0615577606788878,-0.0237301743512207,0.071994207262155,0.0616111542067048,-0.0806427246742876,-0.112009434833306,-0.0915758046331501,0.0594912136148672,0.0321698648387768,-0.0823476348684186,0.0218039424030275,-0.0809076524004236,-0.0010047186537374,-0.00746290548206705,-0.0771516749810479,0.0530937062586782,0.000403369252963801,0.109108945117997,0.0654404521171711,-0.0771516749810465,-0.0152892905801315,-0.0528839257245447,0.0806636548069974,-0.0497914870385832,-7.66108333329003e-16,-0.108291872965384,-0.0792657222336757,-0.0771516749810563,-0.0623513357518738,0.0480186064710978,0.109108945117996,-0.00443874839936053,-0.00471305601259003,0.028693672215159,-0.0283730904621613,-0.0771516749810464,0.0277645515330925,-0.0300365670698547,-3.83417095514311e-16,0.077151674981046,0.0909712635956926,0.109108945117963,-0.00595156170020326,-0.130105836538396,-0.0309350806234569,0.077151674981047,-0.08926984838668,0.0290462658230255,-0.0100596348685808,-0.078926935734781,-0.00844748569367528,0.114935547505966,0.00191950410175665,-0.00248506929835163,8.52669038349909e-16,-0.044472075204267,-0.103765551887037,0.0050267427908839,0.0340285101475701,0.0909650340696812,0.0504273743061012,0.131766942609391,-0.0268625564929373,0.0297838472777936,-0.0549286502360446,-0.00283672196256027,0.0249054598240444,0.0193659077600154,-0.072365301875481,0.077151674981046,0.0791986326072323,-0.0381436712235994,0.0205614341235166,0.0152505654427278,0.0259095599243302,-0.0540377552300552,0.0426985395662555,-0.116868298596438,0.109108945117998,-0.0995986004769046,-0.0239011573048332,0.0140108878088153,0.0285181290793758,0.00476064356095309,-0.111778285165059,-0.0070470437904163,-0.073289653818122,-0.0771516749810452,0.0669997818268907,0.0439209548868464,0.00791455258894722,-0.00385715472384683,-0.00646125524364232,0.0149818506576151,3.83437634644336e-16,-0.00561601910748306,-0.0591776972112647,0.0200573486708367,0.0655162279953932,0.0936887974188771,0.0336509754291094,-0.0771516749810461,0.0805748829178784,-0.0613981156415658,-0.114811121269776,0.0175182894489088,0.027506478295012,-0.109108945117994,-0.0327528692256841,0.0336125239282377,0.0628759424036866,-0.0651370325965002,-0.0771516749810448,-0.0705783077472908,-0.023952947707732,-0.0303923918227782,1.30766767748066e-15,0.0441241123847478,-0.0532134478208913,0.0924991204401922,0.077151674981046,0.0872431913900939,-0.00568708946949243,-0.109108945118,0.0355982078897627,-0.0771516749810431,0.0310998783132485
0.0166207191449135,-0.0267535764639391,0.0265283836389169,0.0327530787395647,-0.0526510158684032,-0.016200870655173,-0.0520597593761132,7.1554095333942e-05,0.0315630271678059,0.0479690953731511,-0.0768738249585413,-0.0160509374881372,-0.000515814974471397,0.075432392596775,-0.0444807794646142,0.0317979543922349,0.026005493718553,-0.00509128505207765,0.0638110940827777,0.0510894563819619,0.101228010633186,-0.0269087239187748,0.0813021264637059,-0.0710028873857284,-0.0530413300655091,-0.0671481845677313,0.0546661177473674,-0.0193067425955202,0.00126533978953062,0.0449922313965569,-0.074766420258598,0.05894571924758,0.0626591999341341,-0.115498803581527,0.00665232362004089,0.112761378647307,0.10283319017796,0.0402994158878367,0.0133575363845755,0.0595937648216377,-0.107818836226934,-0.00425930588770107,0.0147920813267757,-0.0164709620071388,0.0535556087079285,0.0870257611982206,0.138421179294133,0.0817988353982373,-0.0700978983966349,-0.00163348633329111,0.123038185781937,-0.104326663959338,0.0410881376848289,0.00172032628151004,0.0585113957271147,0.0664213173476715,-0.0640541217344991,0.0689317854781356,-0.105391147968627,-0.104463719072924,0.100803521208417,0.0315853104574479,0.0607764004139262,-0.0151259445915037,0.0724455435461027,-0.0545544725589984,0.0778389558908625,0.107170863087861,0.0142415751434128,0.0682530355396814,-0.0828242470194919,-0.0771516749810469,0.03750569027497,0.0374876144738218,-0.00487204299244696,0.00508416465158006,0.108175502967154,0.0568969727356883,-0.0530962797474557,-0.0944911182523076,0.041754185619489,-0.00580721349546397,-0.0282394729875812,-0.0760943881134987,0.0443447418470691,-0.106075659266403,-0.0865619460650147,0.104606453528325,0.0837134187719177,-0.0754524534462375,-0.0550154988971191,-0.12459171384109,0.0725239252632755,0.0323273908076263,0.112965661684443,-0.109108945117996,-0.0240316470810503,-0.083736881394021,0.131100902637546,0.0459828515611746,0.050544196916859,0.0276079697885529,0.136292744557788,-0.00788584151794264,-0.0671549126468152,0.00681488578805236,-0.0870957346072414,0.0198806482231205,0.0075646343428092,-0.136958811653186,0.0865619460650175,0.117610227579666,0.00253444366702612,0.000296171734146173,0.0194774972009609,-0.084341671938914,0.0162901038652938,0.0714217508651199,-0.0401133010869373,0.0282394729875853,-0.000396032557345681,-0.0287531800489936,-0.0624257731587273,0.0826424937134608,-0.0183920872919673,-0.0799633312278622,-0.00694249038778004,0.0561942960089747,0.0417541856194869,0.115276396652868,0.103113079212262,0.0269291338422324,-0.0382965564799634,-0.0855898086826608,0.126959988652947,0.0944911182523083,0.0317629902707487,-0.118073990968443,-0.0330823227214191,-0.0006126930812929,0.14291291113863,0.074893765896465,-0.108175502967151,0.053079702491861,-0.0706435116860356,-0.0983541448461592,-0.000906263097701305,0.0467168853541633,-0.0771516749810433,-0.005247549744561,0.00749927235029449,0.0645890223442807,-0.0136977559203934,-0.014241575143397,-0.0873897947383954,-0.0724836370245679,-0.0582816887761906,0.0545544725589993,-0.000801116677357425,-0.0145562565825178,0.11913394802934,0.100803521208415,0.101267794464227,-0.0309864015389222,-0.105391147968628,0.00905434027498727,-0.0664213173476649,0.0427019670092151
0.0202910226998363,-0.0280315789877838,0.0184012522752374,0.0398557481525548,-0.0551374075472767,0.00265782501718946,-0.0363796028515086,0.021993843517686,-0.0048393011266255,0.0580585193673457,-0.0804622858766179,-0.027313811584414,-0.042827318887184,0.0533836396729685,0.00666850196116622,0.0535440143387895,0.0149386909837713,-0.0639499543122031,0.0758570151583419,0.0297969078887799,0.102143866392788,0.00749526877274688,0.094983143323963,-0.0314660969717482,0.0132203777703912,0.00306795024020316,0.0367667874197531,0.0252102536121219,-0.0836072069258634,-0.0408133706808608,-0.0888459816515851,-0.0135628439799503,0.10908109985986,-0.128486725384954,-0.0250307341493571,0.0774849891231138,0.0622402776812422,-0.0460745627477687,0.0723436288846051,-0.00314903171132202,0.0297061795932009,-0.00174223164680671,0.0793078587579363,0.0309792466712471,0.0421671410573662,0.102976322551562,0.144795873377423,-0.102405271599457,-0.103427095782893,-0.0126849377891638,0.101372703711179,0.00529520144094386,-0.0927981607838793,-0.0299695971951701,0.00923188916866922,0.077151674981056,-0.0897950225822764,0.000158657523596845,-0.109108945117998,0.0663550507478804,0.0771516749810462,0.0629965729764887,-0.0719734971416189,-0.101743254764917,-0.00876879538723627,1.25230684010122e-15,0.146254723533474,0.0110642223085889,0.0771516749810476,0.106727920397402,-0.00450450721288628,-0.109108945117996,0.00267480381940196,0.00237822767979635,-0.0166845812588909,0.0173793942799037,0.0771516749810463,-0.016812299645376,0.0240865071095822,3.86986894461262e-16,-0.0771516749810461,-0.0982002114410437,-0.10910894511796,-0.0597481404389865,0.141096253274885,-0.0473859958287534,-0.0771516749810457,0.10551810145802,0.0163604194309449,-0.118537520918807,-0.00832677557771593,-0.148244124287709,-0.010961618896442,-0.00243053139820131,-0.000469585478558939,4.56613419223398e-16,-0.00154019942488477,-0.114019496240435,0.0766731696958111,-0.00817311077610301,-0.0235678468701274,-0.0135805973508984,0.147847448721027,0.0577219246558337,-0.0561507809270902,0.0596655070546483,0.0386984311765745,0.0040172209807318,-0.0323404716176422,-0.0874818855288265,-0.0771516749810465,-0.0729064561553848,0.0509897912783271,0.103246406154785,0.0271368517004615,0.0177510323800651,0.0978525530597382,0.0650556544311631,0.143322480810819,-0.109108945117996,-0.0997853024494802,0.00934972005180776,-0.0632814556814056,0.00343061262590446,-0.0915863847690812,-0.114545234709944,0.0484781126096915,0.110597681272907,0.0771516749810429,0.0643715184185991,0.0391769949385171,0.0467238980313445,-0.00143118225112821,-0.00983503274781582,0.0102846286138052,3.45544672397884e-16,0.015759666978799,0.0546852998294581,0.0569627384518705,0.0882643262284278,-0.0948574424481382,-0.11131602468978,0.0771516749810376,0.0711268987926918,-0.0320588839188995,0.142516485748551,0.100742782930339,0.00351954010739239,0.109108945117997,-0.031584558721252,0.0310775732972446,0.0399469660328558,0.106665142336763,0.0771516749810471,0.0242772071253403,-0.0126876316421501,0.0517111718845911,4.34249040028195e-17,0.0498416145369024,-0.0346912489338263,-0.0779247198398946,-0.077151674981048,-0.106094940400954,0.0626149148522625,0.109108945117993,0.0182628416896526,0.0771516749810454,-0.0427019670092151
0.0226557877076376,-0.0267599015646314,0.00893009549288654,-0.0445211808162474,0.0526886369147707,0.0161864139078424,0.0178230932062707,0.0277903932194354,0.0314612602458475,0.0649376386534149,-0.0771027141017272,-0.0160630272950264,0.0544516148083305,0.0267045836775371,0.0447615433291751,-0.0318325377638673,-0.00936098324206588,-0.0769113417904602,-0.0831095247741052,0.0177208040460747,-0.1027693760179,0.026805933807156,0.030796461163662,0.0554743959671566,-0.0521423259633337,-0.0501126088207388,-0.0284565379409667,0.0204292000313282,0.0894992409243001,0.0452451384194174,-0.0994005680388968,-0.0878835680895441,-0.0562374538323463,-0.116076773288385,0.00546852006946568,0.0399822024237555,0.0162892624996433,-0.0771596700357144,0.0292775046509473,-0.071110012035959,-0.0641089757506848,0.0258189336089356,0.120507738306948,-0.00132437902069948,0.0631650068661173,-0.114549565370001,-0.140345679181587,0.0572803055777092,-0.057817099706848,-0.0838944408332155,-0.0462182474408096,-0.00180304785923843,0.0242539589378206,-0.0876498382791101,-0.045468794083179,0.0865619460650103,0.0434186231949568,0.0707418310455437,-0.105391147968626,0.0934330211134469,0.0417541856194891,-0.0521985850749597,-0.0935444204791202,0.132972609262401,0.00332717396113087,0.0545544725589973,-0.0942343630841237,0.073606782482534,0.108175502967163,-0.0278901892651567,-0.0961080169681879,-0.0771516749810458,0.00220074447228852,0.00212479208450935,-0.00593985013963734,0.00554933748139321,-0.0142415751433993,0.0396795950844172,-0.0405325809013417,0.0944911182523067,-0.100803521208413,0.113656758356374,-0.0282394729876256,-0.0644928908565682,-0.0886505288307982,-0.0834394200296438,0.0664213173476657,0.0391681759274295,0.024684976497875,-0.0435264021783239,0.121793548298088,-0.0302151084130974,-0.143958072048681,-0.0493977208520608,0.097262358558142,0.109108945117998,-0.126953078026528,0.00393372929779866,-0.0252087786509204,0.112560282287654,-0.0489076957143497,0.138869728995551,-0.00969078840183888,-0.0172486520614488,-0.0168684524709019,-0.0492959383436207,0.0422276003907909,0.0716928242509393,0.0342468552255853,0.0140359912347743,-0.0664213173476635,0.0913807832881212,0.117962652193378,-0.0209009146609813,0.089639279090998,0.0143534573840869,0.0679812856085851,-0.0441598924024168,0.0255165956673668,0.0282394729875816,-0.0130057457469265,-0.134009840291685,-0.0128509114842729,0.00623527263491945,0.0830690545612768,-0.0103241975562944,-0.076619694607734,0.13037660408587,-0.100803521208417,-0.00842918948897039,-0.11947388315103,0.0189369917976716,-0.0708906785917442,0.0600826155461689,0.130619529435616,-0.0944911182523078,-0.0627772931234254,0.0507424580120336,-0.045783783705262,0.0479309511486053,0.0283162918197561,0.0539591878596739,0.0142415751433997,0.0746489079166264,-0.0475075198663714,0.0937848943676377,-0.108765500690867,0.01282157348905,-0.0771516749810459,-0.0274478263600538,0.0271645408817524,-0.0802328303411485,0.139848762615055,-0.108175502967153,0.00812960809141,-0.0778405837393174,-0.0395989962030764,-0.0545544725589979,-0.0460483710278101,0.0317469369760875,-0.0346171876089871,0.0417541856194886,-0.0979365801245803,0.0654341501794954,-0.105391147968632,0.0174121044430163,-0.0865619460650155,-0.0187422874511306
0.0240286402027783,-0.0248939696492409,0.00191546930352984,-0.0473161977654965,0.0488930872356581,0.0227099298934117,0.00354477427904139,0.025650151379065,0.0447513455865696,0.069252097971933,-0.0712246465868842,-0.00461868687401563,0.0501268199143488,0.00460544144922984,0.0653772114464834,-0.00860462682543863,-0.0203936350801174,-0.0705913586242915,-0.0898319536349042,0.0400715093858076,-0.0948793311284116,0.0268112040004204,0.010892010157789,0.0120619937046114,-0.0520610344414046,-0.0734621563889818,-0.0699843651773965,0.0098407056542583,0.082110738077444,0.0230879086783629,-0.107002794925434,-0.0909805307385836,-0.0135966581936617,-0.106873866947374,0.0154497098406327,-0.00279040744238483,0.0582722095813064,-0.0388427427956821,0.0399413631500812,-0.108157898050638,-0.0688631804983554,0.0278494450402566,0.105891374311917,-0.0464700034402187,0.0436381889710782,-0.124654220641543,-0.126751028515686,0.0282610599131844,0.00613980281613396,-0.100739505477264,0.00410463915281427,0.0313788215146488,-0.00378348284083253,-0.0810425196878553,-0.0319694027654726,0.0944911182523012,0.0999829006938222,0.119591943285728,-0.0944911182523011,0.0776594192158978,1.63545379338207e-17,-0.0829991085290561,-0.0487210521514872,0.116568317554268,0.01502245713181,0.094491118252306,-0.0029690761096579,0.0977930764979145,0.0944911182523185,0.0649719104931008,-0.105645321671261,1.99289936208087e-16,0.00856733093041726,0.00844993698478557,0.0120169184639362,-0.0128539545901397,-0.094491118252307,0.0243495009509805,-0.0159321281211785,0.0944911182523068,3.09514124721703e-16,-0.0441873574876845,0.0944911182523226,-0.118101980833074,0.0923491511375806,-0.101499776567316,0.0944911182523065,0.0803286579309137,0.0111919855038237,0.131611434496293,0.001718062552124,0.132549613471695,0.0190960511186346,-0.0595292547825268,-0.0415597771155928,-1.033039822216e-15,0.109236097194169,-0.0584774041805215,-0.00408438939791256,0.0449927925091519,0.0130142762184038,-0.124735983052172,0.0681242257021041,0.0719667898010312,0.000134330541854997,0.00310545078040396,-0.123782989663921,-0.0232782718569055,-0.0300016338370637,-0.0223391833536635,0.0944911182523079,-0.116001049608611,-0.033666004780016,-0.114343692846326,-0.0906510484367709,0.0365364575620424,-0.00951291057378981,-0.00278095917272397,0.124640893566406,0.0944911182523058,-0.0519767341793373,0.119591156899413,-0.0603509951341927,0.0768227157736233,0.00389758529368167,-0.0101328946300749,0.0231394673821155,-0.00303180807374987,2.29616127144715e-16,-0.0313966156182998,0.108594129445237,-0.0896643778450017,0.0857981641458394,0.0231903825226161,-0.127912401720366,0.0944911182523059,-0.0320933954060328,-0.0965066239380018,-0.0157727805671763,-0.0793467254387993,-0.122842282109964,-0.0167563380195597,-0.0944911182523069,-0.0462295579041868,-0.0368342314371841,-0.00527505398188777,0.104345341084145,0.0625635874541415,2.89353867201382e-15,7.46258716236832e-05,0.00525666137722678,0.075253776747137,-0.124251502896028,0.0944911182523048,0.0251809624373857,0.113262901704487,0.070137863598407,0.0944911182523062,0.0119157515979072,0.0161339212553161,0.00902018021793575,6.4142332046917e-16,0.0985609078098137,-0.0500657605076629,0.0944911182523076,0.0108386426994795,0.094491118252303,0.0256455454363105
0.0452605119039496,-0.0505229219413383,0.010761518911357,-0.0800548141041006,0.0894476752913341,0.0393532599659662,0.0191273153571856,0.0553509329851461,0.0697957356939261,0.0961349847411198,-0.107587603023712,-0.0219881112546345,0.0984767056090056,0.0231437474231832,0.0840945548104995,-0.0393340127100272,-0.0324582057425021,-0.117557290688575,-0.0893351051897698,0.0579612483832369,-0.105749597427119,0.0598251480158423,0.0370267443399301,0.0444840744639688,-0.107544567335788,-0.0644145970398931,-0.0800190215926579,0.0341647353775217,0.0959100116140233,0.0643090061983227,-0.0592663239292366,-0.152572506323201,-0.0433654421773161,-0.0620165273699431,0.0240028050063416,0.00549298144790508,0.0433728647353053,-0.100121349665882,0.0521743986860181,-0.0672667140801392,-0.0885949888140571,0.0631756944451198,0.0813130560972287,-0.048638594222538,0.109985309719879,-0.021525204477045,-0.0280230845461101,0.0683360666918629,0.00284272226435979,-0.175685743505075,0.00341624988630384,-0.0217827186285338,0.0258765800093112,-0.159835596027626,-0.0496068586226448,-6.97030943065575e-15,0.0996102838566901,0.0173746866204437,7.41578844353438e-16,0.098677824076443,-1.42359324318895e-15,-0.0754372867332613,-0.105442372161714,0.0229788185693766,0.0136506421897287,-4.88902160697171e-16,-0.0127795086056976,0.0696387207595368,8.9304110814235e-15,-0.0134415240923454,-0.0653391904002249,-2.49326664032171e-16,0.0104967849097899,0.010457713749026,0.0167192846346953,-0.0166869876813257,-2.87739811590938e-17,-0.00495452299858814,0.00113246502877421,3.50138517219318e-16,-7.84878641425547e-17,-0.00190802064400738,1.07610163599619e-15,0.0563544601191375,0.0234020727855902,0.0634581273444016,-1.56586017081474e-16,0.0362486372268336,-0.0134613446979899,-0.0526091243694576,-0.0369605649141859,-0.0231316482413142,0.0725825361001392,0.0543406082023113,0.0447703645218467,-1.15239295521532e-16,-0.0117918537367026,0.0353974558893499,-0.052204242074522,-0.0761516447089518,0.0827415045310039,-0.0328463488599198,-0.0309701417462642,-0.0231677683232656,-0.0449202870840051,0.0690607687847237,0.0817899219300046,0.0237433444294635,-0.0941470832062649,-0.0149877918638353,-2.09455550531226e-15,0.00643779898609858,-0.0804998737836884,0.055770120153756,0.0824149644067538,-0.060487580453205,-0.145169161880603,0.00679412836520211,0.00701356321415114,5.70827995998057e-16,0.0586691740868949,0.0293852200650317,0.129660784504948,-0.0602783207085068,0.0177896175290228,0.0111033196015103,0.156057006009881,0.00963254556002892,3.198937245222e-16,0.0325241949672602,-0.0039378128678405,0.160879442804455,-0.0131625088404006,-0.0879822928498648,0.000255630376917612,2.41567952954268e-15,0.143844763773951,-0.0470643636052329,0.145913580747713,0.0763435772903925,-0.0148783797475864,0.0679428533221441,6.02849226392392e-15,-0.067404443755068,0.166001407134675,0.0204895505810571,-0.022739026971082,-0.13439573496024,-5.82314637877598e-15,0.0432887693229376,-0.0512963934292777,0.063403173026742,0.00568636396364986,9.15726771636047e-16,-0.114317929968151,0.0231720062400859,-0.0691760888069787,1.18059750782868e-15,0.0635514310839504,-0.0864682812196638,-0.041758968038844,-7.73026550335902e-16,-0.0227827326851036,-0.0376486790097615,4.31568299965655e-15,-0.0541516112222062,3.88942272991569e-15,-0.00690325798517988
0.0621553588816555,-0.0761265063378651,0.0313761386501355,-0.0983587896946484,0.119839101527571,0.0370252811646589,0.048109398668738,0.0761957146327545,0.0600990553637153,0.0930632611356387,-0.11203876897231,-0.0567420486632962,0.120225747493929,0.0421709979911502,0.0601342634359959,-0.0866101765344023,-0.00508945880269098,-0.111980454807378,-0.0464334447086843,0.0123937934781891,-0.0591321393568035,0.0613644276202026,0.0620296804032477,0.0494821417727998,-0.0983052480469794,-0.0288604808251959,-0.0253633803779747,0.0704729383169937,0.0416531781964633,0.10382878851645,0.0237735932811468,-0.105641660175473,-0.0180267569694736,0.0408596857411519,-0.0282866120856032,-0.0170490804659093,0.01694332279766,-0.0986995181938297,-0.0397747878511469,-0.00512282109340092,-0.0269046981686981,0.0332885654978618,-0.0145706856252709,0.00792824868560535,0.0454923403321,0.0924727506445969,0.111945747977491,0.00741490080966888,0.0450734525458172,-0.0876263088437245,0.0589951162603392,-0.0647814256305267,-0.00853455327653754,-0.0936521542761527,-0.0454176250122601,-0.0865619460650206,0.083727271496868,-0.0486987496555271,0.105391147968628,-0.0413480495640337,-0.0417541856194914,-0.0654982983780543,0.0170728190311137,-0.115148891086941,-0.0461662896992395,-0.0545544725589986,0.106384007212197,-0.0302508800220902,-0.108175502967158,0.0478820359787521,0.0293960985732587,0.077151674981046,-0.0038824408763445,-0.00395183802064346,0.00954727788073867,-0.0096993533558851,0.0142415751433989,-0.0567407575411054,0.0564586969451123,-0.0944911182523062,0.100803521208413,-0.0444355157272211,0.0282394729876004,0.0835407736536631,0.0266453760966868,0.116021240560752,-0.0664213173476653,-0.0458092741287895,-0.061954736273026,-0.0915976507448896,-0.0206600187504253,-0.107176685582173,0.0301244515722763,0.02745813550199,-0.0584943172653721,-0.109108945117996,-0.104095287067033,0.0520579107155745,0.0430217103508669,-0.0978962082991542,0.0319443255072577,0.11638321972636,-0.0705988846587831,-0.017208668584424,0.0260514367663233,0.036630698051245,0.0418661966842457,0.0258321901815095,0.0336785736110226,0.0433072424179744,0.0664213173476643,-0.0591743285329177,0.0099877033400861,0.0828563862082177,0.0701358367623701,-0.00787649702379519,0.00900511020376193,0.0481499180361752,-0.0426026546869419,-0.0282394729875811,0.0406249756010786,-0.115193905306335,0.00712714135781916,-0.0150259755283355,-0.0453900522549777,0.030544129462214,-0.072408384621642,-0.113815757501228,0.100803521208416,-0.00332001201462143,0.006880669505716,0.0162329723942216,-0.0712045877888347,0.0172432654292167,-0.0934683102137428,0.0944911182523052,-0.0328335065302258,0.045385924666364,-0.0596490046868123,0.0155932562061348,0.00150464233574544,-0.0612900441005509,-0.0142415751434041,0.0686741774426081,-0.0716324105338697,-0.0942249476010854,0.0239865300799873,0.0390965249762415,0.0771516749810477,-0.0281485894205649,0.0296767471011688,-0.0396843939583697,-0.108847394075515,0.108175502967153,0.075832008457494,0.0332392002821915,0.0474524770958557,0.0545544725589973,-0.0357981931970353,0.0509933403653376,0.0662076749841961,-0.0417541856194883,0.0937246310694054,-0.0143611575933743,0.105391147968625,0.0358335372245946,0.0865619460650146,0.0327411380071241
0.0737436318895712,-0.0976930529507271,0.0551785408626979,-0.0902561617644781,0.119678591072201,0.0259231695487275,0.0677387317902663,0.0911708947208478,0.031730738514321,0.0386681810754734,-0.0513361705491994,-0.0955380525048065,0.112168607522528,0.0290839071160248,0.0138724326851309,-0.118024576394181,0.0339893788958036,-0.0496118851334097,0.0366199758289485,-0.042409524114222,0.0462194429626923,0.0537644305770519,0.0554933170612014,-0.00291264857039597,-0.0661544466386251,0.0124522312609573,0.0173719225128611,0.10836811248959,-0.0523500491781615,0.129508127482186,0.0681227542330726,-0.0239445176990541,0.057222668124469,0.103388072791901,-0.0902137976366865,-0.0394445923377032,0.0198601496444264,-0.0453665903109667,-0.129197943316245,0.0175797178597042,0.0404597211783503,-0.00682633477389784,-0.0679172078595862,0.0287754479303366,-0.0304478465901247,0.0380238158257799,0.0509672142872129,-0.0827560948234045,0.0811008250304812,-0.0073599539866422,0.0463175018499081,-0.080455567805232,-0.0686113494132784,-0.0215140687519892,-0.0722497565273672,-6.42924363242079e-15,0.0990379274191893,-0.00421612877000911,3.30934805890188e-15,-0.152295179274352,-3.0081055892888e-15,-0.0912700558032571,0.127766571375162,-0.0565897157129528,-0.109102428698425,-1.61433879058972e-15,0.0982285866658887,-0.0574851644250798,-7.43939118905097e-15,0.0929306029664509,0.0117611713855467,6.19580779451855e-16,-0.00894236230236119,-0.00912566469401338,0.00524812537362053,-0.00633308996796017,1.58228604002097e-16,-0.0397994696157482,0.046695092200509,5.54143064647539e-16,1.12814033181428e-16,0.0768763409648187,-2.88764460948589e-14,-0.0641569509364372,-0.0955274267057524,-0.0379057175706109,9.94112922273093e-16,-0.0623607955348862,-0.0585091000995879,-0.0188820308263803,0.0756726058009831,-0.0619427718884905,-0.082765231356475,-0.135353797764123,-0.0478186134940205,-9.09293568184403e-16,-0.0121574257235417,-0.0103476562984704,0.0996770654232995,0.128610792611467,-0.0201724794880934,0.0107985751018722,-0.00668373973895,0.00296480252257027,0.0955088155583276,-0.116900395792521,-0.0983209170358476,0.0717893481796934,0.000549364526923932,0.0410020265744124,3.3149837246583e-15,-0.0252126260897262,0.134143805613174,-0.0557439658631461,0.00612711674113352,0.0566728636654482,0.138298097648304,0.037060118514454,0.0114516378255076,6.64248758004683e-16,-0.0291704149027842,-0.00832541777200035,-0.142807703981881,0.126766965337843,0.0291151125910388,0.0302091759695713,-0.0164488904029867,-0.00296706224674077,7.37476342257729e-16,-0.0803156299270032,0.0434637549689608,-0.0268372876271261,0.0179611175107293,0.0850982107860684,-0.0224282134288053,-6.23658694871038e-16,-0.0511987526945356,-0.071648549367283,0.00244488294693564,-0.011741206278328,-0.0309933240143319,0.0412542648081366,4.15318231426439e-15,-0.0568315973284499,0.0745573209022053,0.015861209946618,0.0374589234955662,-0.0492568201422189,-1.54480532193793e-15,0.023898809664784,-0.0263907095384165,0.114662724074002,-0.0206102901192328,1.79062000574367e-15,-0.128010040972622,0.0577669095818766,-0.0509447575417194,2.40306894174431e-15,0.0967973691945443,-0.112997352520163,-0.0646619718530179,-1.77514740980744e-15,-0.0167734897698709,-0.0809744388489763,9.8811939300712e-15,-0.0984150167879734,-1.66857203064662e-16,-0.029770290835756
0.0684144542624669,-0.0675330290314638,-0.00151389485022456,-0.10769597415521,0.107050059500133,0.0684438972096272,-0.000774997617992807,0.0654813460948532,0.106693026004591,0.10068959738978,-0.101626260074521,0.00364731207053933,0.104502516424682,0.00262023511343288,0.0974836927466662,0.00188833603043326,-0.0677943149160261,-0.099655563248456,-0.0497312751209969,0.103659631271701,-0.0570540814943223,0.0614687654831661,0.00394154965541393,0.0116464751962071,-0.0987231402901696,-0.0278114614517286,-0.0952513894031502,-0.0077696190945738,0.0435530872108299,-0.0053824377351914,0.0304217394092629,-0.106510860318313,-0.0222992930005159,0.025579400146481,0.0669615255150077,-0.00666429487456932,0.0122775624596381,-0.0244137780959638,0.0948492984795772,0.0258553672634424,-0.0390195269698701,0.054545879270395,-0.0297565571108561,-0.0684309236367459,0.088048607433052,0.100113840864961,0.0957904474300614,0.0513154781816686,0.0125859466733617,-0.0955470849528288,-0.00990119827002084,-0.00880417167545979,0.0401404113157132,-0.0582292517534087,0.0237472939359853,-0.0944911182523051,-0.0321110007553339,-0.107961711416936,0.0944911182523002,0.0572660540169508,-2.5735047116118e-16,0.0624541292053069,-0.0658346379756413,-0.0927839726461591,0.0520526583787035,-0.0944911182523055,-0.0304735130345367,-0.0301701672478002,-0.0944911182523096,-0.105350744134696,0.075929546232513,-6.49585932497301e-16,0.00780541346784297,0.00801284860514646,0.00592079911694828,-0.00449535002686473,0.0944911182523068,-0.012798961047483,0.00125870472201127,-0.0944911182523069,-1.60508563350961e-16,-0.0260224525246659,-0.0944911182522966,0.126922197617226,-0.0211694424142986,0.0909064412979468,-0.0944911182523073,-0.0658413694372979,0.0234761607040499,-0.00614490930045622,-0.109338068820058,0.00278262940331877,0.099418036588851,0.084521030015154,0.00375473022436823,-1.3514620228112e-15,0.121903033177664,0.00212992532387154,-0.0113111225657628,-0.0544213055658791,-0.0026616420266382,-0.12726290128729,0.0154300378040802,-0.0350136343123869,-0.00158359473521183,-0.00244805192382746,0.0228684074559051,-0.079640364297494,-0.0160259568307818,-0.0314158621212197,-0.094491118252308,0.0820226798667386,-0.0651543756218676,0.0317498396887675,-0.101252119760261,-0.0193337972131862,0.00272979359777012,-0.00458493541392391,-0.111056733026953,-0.0944911182523067,-0.00772466608260003,0.113328597801413,-0.00784321144936389,-0.0334788089173241,-0.0534786806616385,-0.0178171660428627,0.0150217462897987,-0.0205810489542404,1.69708437922929e-16,0.0160079455832598,0.00732312557142608,-0.0813381431492704,0.068771480817795,-0.0167388878890768,0.0905164520108721,-0.0944911182523058,-0.0183021015457899,0.0488501038789407,-0.0292697716124222,-0.0703751418578695,0.110405581767508,-0.0578433396933479,0.0944911182523038,-0.0136565544704912,-0.0650086933254502,-0.0221603152217177,0.0114477876397868,0.0735023643766896,3.42576840039281e-15,-0.0087276561266494,0.0140855158935101,-0.0503781661937048,0.0845524555917308,-0.0944911182523065,0.0746291983356085,-0.107415136692658,0.0387090914767018,-0.0944911182523079,-0.0405494451498935,0.0522371232460756,0.0339865447996544,5.96396099257626e-16,-0.0517612211169803,0.0712699600857234,-0.0944911182523086,0.0406995311254193,-0.0944911182523102,-0.0258378800219443
0.0904066640592325,-0.109495557786447,0.0425117855890147,-0.0785450002225099,0.0963904521372478,0.0572094091650565,0.040177375976238,0.110849768156678,0.0460974773370179,-0.0239503204280093,0.0268955211005695,-0.0767723160741226,0.0959924991287672,-0.00594899905636157,-0.0205232506017183,-0.0724433644675605,-0.0167624139762818,0.0266089942762359,0.103324744186581,0.0045072937446162,0.126051877374971,0.0947908803363157,0.0065363749031982,-0.0504792656913999,-0.0750997299029342,0.0614393200485336,0.0259135291682162,0.0959477340763218,-0.119618881350922,0.0836928076003039,0.068011007752773,0.0527190575222728,0.083309633256619,0.0925187097466863,-0.021467479096459,-0.0348428345158397,-0.0124089139888833,0.0403374029257726,-0.052804503208821,0.0265241114903742,0.0886156844402563,0.0654842490981223,-0.0682016745792818,0.0103146972195146,0.017381267689683,-0.0503682209864927,-0.0630624514318439,-0.095800643329195,0.0708044825966175,0.0635462499178895,0.00136190438207805,-0.0639789938433198,-0.0522386771292394,0.0642873968561837,-0.102116283839594,0.0865619460650084,0.0644041663280029,0.0395148707879007,-0.105391147968625,-0.0829296558050869,0.0417541856194886,-0.0422677425738922,0.0587040026539421,0.0506652405163646,-0.0420173716316893,0.0545544725589965,-0.0111243215230117,0.0615352764288872,0.108175502967162,0.0131035388212824,-0.0904486383398042,-0.0771516749810455,-0.00784804538782595,-0.00778058105846548,0.0121907598820033,-0.0121690408742814,-0.0142415751433987,-0.00726111178706862,0.00591539527511052,0.0944911182523071,-0.100803521208414,0.0972921437678131,-0.0282394729876195,0.00311945417074643,-0.0839000252140857,0.0119739856377728,0.0664213173476658,0.00303264236753206,-0.0311730740619456,-0.0722265794159282,-0.0748632469847163,-0.0937296972948243,0.0941918208579268,-0.0341398148706481,0.0627898600660952,0.109108945117994,0.124666254905543,0.0449695754514363,0.0542406722894718,0.0424641679022321,0.0537102977632789,-0.133851385311713,-0.0531366873478123,-0.038717385896656,0.00501682058882826,-0.0248403316093649,0.0230731465288578,-0.0060741182390539,-0.0280321271525967,0.0180152601526094,-0.0664213173476663,0.0547756443990957,-0.0425106157359824,0.0921581683100215,-0.0913885628420391,-0.0337405335234467,-0.0212494081265859,0.0678029190377713,-0.0107839803334363,0.0282394729875853,0.0640605196447508,0.126283482884432,0.0128463350091561,-0.0178009329087213,-0.0823592594626637,0.0491476906308041,0.0656555343978743,0.0487612085958008,-0.100803521208415,0.0118688626078002,0.0600515496300334,-0.0178903077286703,0.0565360010824416,-0.0910218667892784,0.069411578839648,-0.0944911182523045,0.0802872669005601,0.0228034063702216,0.022850522859617,-0.0707753333815567,0.0368144806878919,-0.0853041418566697,0.0142415751433954,-0.0658385066689794,0.0139731822478388,0.022722902812155,0.0723917316719031,0.0159928478739374,-0.0771516749810454,0.0213106846634304,-0.0192720641894705,-0.00397742527542885,0.0655411605105873,-0.108175502967155,0.0722139924870937,-0.0638264199821986,0.0650756883335367,-0.0545544725589983,-0.0153047401404823,0.0368646242329913,0.0230407480977277,0.0417541856194879,-0.0284002868037877,0.0672338930670425,-0.105391147968633,0.0575460763228288,-0.0865619460650171,0.0148172023096178
0.0983776785003969,-0.0985753014396284,0.000874656302824405,-0.08663828511913,0.0852905886287564,0.0967627165885556,-0.00235257058446679,0.0974665616968124,0.08677680357314,-0.0240983712295006,0.0267161183297505,-0.00211209625728894,0.0821939828574786,-0.005678483623974,-0.0203219716204499,0.00571775522553439,-0.0932247619065816,0.0275456696783884,0.112140312014803,0.0858261318845696,0.113912565613889,0.0949017900227882,-0.0156851744666748,-0.0100884864291735,-0.0755538002768828,0.104562770299188,0.030856079126347,0.00450154014246721,-0.104405350245703,-0.015657523739609,0.0780424631347684,0.0574303912431166,0.00220103847948725,0.0731427455237869,0.0862269985696297,-0.00542244673417429,-0.0927253309336536,0.0455784259097361,0.0770737196162844,0.0739901602414039,0.0850676365776517,0.0892735692106093,-0.0768826521304252,0.015305129145166,0.0686277863010332,-0.055327429792338,-0.0622654998792165,0.000390807870287463,0.00985347735943277,0.0859792314529734,-0.00478279696584511,-0.0227690610152415,0.046958011819395,0.0878043226768597,-0.0161178992555577,0.0944911182523076,-0.0766075776394207,0.0411670026293103,-0.0944911182523067,0.0227043610280939,3.17240155262051e-15,0.0993922075001653,-0.044151729919479,0.0525743417836709,0.0707853560197909,0.0944911182523081,-0.0341758903851651,0.0917758045298723,0.0944911182523184,-0.0243320969352429,-0.0558080151197213,2.08414350718406e-16,-0.0076323834308029,-0.00721341171290945,0.000572767277203517,0.00122519793399541,-0.0944911182523067,0.0175643699990887,-0.0186083340889118,0.0944911182523069,-2.06975015446047e-16,-0.081123186053955,0.0944911182523369,-0.020348563640249,0.0939880654748863,-0.035661709863376,0.0944911182523066,0.0343268285965491,0.037432338352434,-0.0647175079473452,-0.110102678587448,-0.0562074981672211,0.0909194943292618,0.0102892634768409,-0.0480694641738263,-1.42977101207606e-16,-0.0749336124685538,0.107502566608664,-0.00949339827883199,0.00168378900732098,-0.00845353982440166,0.0975035735871396,-0.107325575211014,0.0547274847145173,-0.00141608728936037,0.00142438185968695,0.0779570203917491,-0.0692805587085245,0.0380351193160184,0.00883795535080954,0.0944911182523041,-0.0626282630050184,-0.0501715939694134,0.0826375703371273,0.0620954252082297,-0.0851702188268675,0.00696343708881352,-0.00334729214909126,0.0443679190394715,0.0944911182523073,0.0859341726190446,-0.102167220684203,0.0190155081555494,-0.0676681338433408,-0.0552132693010879,0.000441679164002544,-0.02667413317246,-0.0243616517845939,-3.50166239276949e-16,0.0725826920424355,-0.0410058086412591,0.0802314828471398,-0.0858314688193702,-0.0585265132643294,-0.06898770399694,0.0944911182523065,0.0395281987064404,0.091799592062253,-0.000848203109834435,0.0726027169228547,-0.0427762384977214,-0.0503860677217338,-0.0944911182523122,0.0696462304266271,0.00136429827058098,-0.0287381999456386,-0.0349902578642795,-0.0392333247442513,-2.11549124822777e-15,-0.00886212730079213,0.00461333939353413,-0.0838692475647282,-0.0703866342508596,0.0944911182523058,0.0634226157766382,0.0338213915906942,0.00749480564946541,0.0944911182523055,-0.0458524534986115,0.0450568527938596,0.0452345255532751,2.8006897181526e-16,0.0711422206457346,0.00883897788806256,0.0944911182523026,0.0542150975036575,0.0944911182523088,-0.0209520358228097
0.101699447101986,-0.113523975122396,0.0241809134988395,-0.0444270700998137,0.0496397147992292,0.0884259724832999,0.0106148592024689,0.124372417464355,0.0387337111083648,-0.0770942719949276,0.0862785587695132,-0.0494068375133901,0.0546504485988865,-0.0185598444065861,-0.0674385968782625,-0.0218287302210357,-0.0729329262766556,0.0942736275221494,0.071641191983765,0.0321660661362192,0.0848045927229855,0.134425887380966,-0.0296931435201865,-0.035673457955008,-0.0596827322047949,0.0516564961029813,0.0641702729973376,0.0767674635596892,-0.0769138575547668,0.0356888059562121,-0.0328903284234225,0.122353650266911,0.0347763845118546,-0.0344165761877668,0.0539338132812585,0.0030483747239182,-0.0347823369412077,0.0802910884567801,0.0289546068375785,-0.037330209997565,0.0710476647331961,0.141954496869,0.0451253417261238,0.0390051241235503,0.0610372420391935,-0.0483666954257642,-0.0629672994083736,-0.054801270596674,0.00157759183784593,0.140889027359651,0.00767624381571862,-0.0120884968418777,-0.0207514059830267,0.128178195979428,-0.111465599529532,-7.40667356221939e-15,0.055279537065802,0.0390405664571273,1.66527916953653e-15,0.054762060927909,1.51808319941358e-15,-0.0418645357352277,-0.0585161018977259,0.0516329366429117,0.0306727145779663,-1.27067864462899e-15,-0.0287152951825341,0.156476785175655,1.96552894591346e-14,-0.0302028304783773,-0.146815828152717,3.91933733287596e-17,-0.00841776792378614,-0.00838643528558849,0.00927850297070795,-0.00926057951379323,1.84167307534239e-16,-0.0111327121239764,0.00254462582157879,1.39458526887272e-16,-1.43259465104452e-16,-0.00428728347055605,2.37622433159857e-15,0.126627322466212,0.0525839802339326,0.142589117832975,-9.37551757741884e-16,0.0814499485112489,-0.0302473669749966,-0.0291958613908277,-0.0205115660656694,-0.0128370963001018,0.0402802686562934,0.12210223828419,0.100598095931584,1.46431470275052e-15,0.00945633248655143,-0.0283865556291584,-0.0289711686687159,-0.17111119245055,0.0459180708006198,0.0263407266341771,0.0248361253495503,-0.0520575028860363,-0.100934968870892,0.155178138876321,0.0453899822978477,0.0131765620740718,0.0755000987390658,0.0120192758719967,-1.40771642196531e-15,0.0144656030145965,-0.0446740595882647,0.0309500817068144,-0.0660916699527905,0.0485072733129571,-0.0805628069139466,0.00377045678671558,0.0157593334915862,-6.26404888908148e-16,-0.047049024628789,-0.0235651168450735,0.0719563067738484,-0.0334519442657573,0.00987249291445591,-0.00890417098115266,-0.125148002056048,0.0216441334052603,-9.2780377891913e-16,-0.0260823792709192,-0.00218532127359171,-0.12901529610015,0.0105555125369819,0.0705563207189391,0.000574396243021671,-2.48533424724144e-15,-0.115354544168266,-0.0261187513142779,-0.117013606567984,-0.0612227955154976,-0.0334314158291934,0.0377054389683429,6.69361535011145e-16,0.0540541670081243,-0.133122792578,0.0460396022449706,-0.0126192079333574,0.107777011395842,5.29534608555693e-15,-0.0347148976566141,0.0411365136016299,0.0351861064713304,0.0127771438456313,1.66475919537438e-15,-0.0634416648792212,0.0520670253986871,-0.0383898330294311,4.13885914623276e-16,0.0352683834858283,-0.0479862758304705,-0.0938315494555702,8.80550448870923e-16,-0.0511923356603752,-0.0845958138418386,9.00696867688477e-15,-0.121677565924737,3.39592207687854e-16,0.00613483351319194
0.100162252494801,-0.121688102270217,0.0480555004330171,-0.000747401324916164,-0.000644780678037129,0.0623561843420533,-0.00358760344141863,0.122804895257156,0.00471466438699489,-0.102756563403953,0.124784171582616,-0.0868192046512526,0.000946123572428901,-0.0492849289592647,-0.0635966551709979,0.00671261698126114,-0.0157074345629712,0.124870465399545,0.000560651449877769,0.0122050470460199,0.00378305728800231,0.103326123443341,-0.0809771606948625,-0.0336893425416943,-0.00839237474688408,0.00189218065168091,0.0172466942696844,0.108307516726658,0.0144428073158872,-0.000963019565050466,-0.109980812399711,0.10247612585371,-0.0237543601948686,-0.134261044152949,-0.0298043082595486,0.0475697570404957,-0.0142415502193775,0.100690716303508,0.0469789505320578,-0.0688301421675652,-0.0156283848500697,0.0673290958217638,0.126992303454431,-0.0156105895061412,0.0429190107490058,0.00076206858346299,-0.000751614730753937,0.0439191160014836,-0.077876673221109,0.0740027117215844,0.0273474592547706,0.0270273988094142,0.0396326925450565,0.0811055125505208,-0.102103646122722,-0.0865619460650209,0.00615648189274938,0.0100154834985577,0.105391147968627,0.111834634325973,-0.0417541856194888,-0.0230491000196946,-0.101142539751257,-0.010615709313701,-0.0542412476731306,-0.0545544725589986,0.0384243240712178,0.0358845521004932,-0.108175502967151,0.0318177329848129,-0.0594516816184655,0.0771516749810456,0.00919666119440611,0.00924575813970141,-0.0101887885211615,0.00986595581644054,0.0142415751433989,-0.0310749722688195,0.0298702626416792,-0.0944911182523067,0.100803521208414,0.0582465765638697,0.0282394729875621,0.039680749968327,-0.0554242883048496,0.0612367005476121,-0.066421317347665,-0.0179550545722735,-0.0525713159882914,-0.00276161259441723,0.130988121633894,0.0174830039350767,-0.15736471424625,-0.0151579859249709,0.0243211379948504,-0.109108945117996,0.0606201478589977,-0.0898713844677585,-0.0443552409862716,-0.00951429274266165,-0.063124258007316,-0.0708455864438475,0.117524005970553,-0.0387075107933558,0.0156171578242362,-0.00361820500378666,0.0235953900160384,0.0601964180802862,-0.0264398374521952,-0.0640009631118234,0.0664213173476673,0.0175916025438972,0.113517706042749,-0.0577754755475779,-0.0367411318033669,0.0285464145972195,0.0639736345427434,-0.0655886218650818,-0.027608045791459,-0.0282394729875854,-0.0862094222986627,0.07356240461453,-0.0160227877870395,0.0129224608512621,0.103269528201483,-0.0653628170415646,0.0538557060306762,-0.0115493240998106,0.100803521208415,-0.0024467345564961,-0.122536069160339,-0.010313813723752,0.0574155551073848,0.0290113248807628,0.0140664530051426,0.0944911182523079,-0.00361335870781714,0.0305438213215886,0.0617000087430853,0.0198328743666973,0.0301925501233205,0.0812358235706335,-0.0142415751433924,-0.0490976838925685,0.0815696237812771,-0.023711693452263,-0.119440510842407,-0.0576279302044882,0.0771516749810427,0.023274179126543,-0.0263111095957848,-0.0625716135269328,0.0041182822850911,0.108175502967154,-0.0256188106000771,-0.0363919789435446,-0.0607173352468962,0.0545544725589979,-0.0301166762595071,0.00905276552879721,0.0479424327058596,-0.0417541856194912,0.0189361231849127,0.0475260795747839,0.105391147968625,0.0620957944911476,0.086561946065017,0.0295798259799958
0.0919568048703437,-0.121821244454446,0.0688065150186752,0.0401677708222873,-0.0532619837199281,0.0323256636909497,-0.030146571725973,0.11368824616957,-0.0141215071386611,-0.0696776546548296,0.0925045829243445,-0.119134002852351,-0.0499197266130015,-0.0524073897370052,-0.0249972599427755,0.0525258779380664,0.0423840622260996,0.0893975279663055,-0.0659869163304416,0.0188740138290745,-0.0832845584023491,0.0670431483350742,-0.0999955020975595,0.00524841137013641,0.0294414985027757,-0.0224381454040689,-0.0313031227193938,0.135132825967881,0.0943315290853657,-0.0576365389645362,-0.0303174777912352,0.043146530007563,-0.103111685036915,-0.046012021035195,-0.112494765626844,0.0175544950530236,-0.0357867530830073,0.0817477710261387,0.0574984940239335,-0.0078237104736582,-0.0729058983714138,-0.00851230023130217,0.0302260010492302,-0.0518515654903617,0.0135505665203877,0.047414922790253,0.0635550766744832,0.14912133013011,-0.036093262660804,0.0132621788223234,0.0577569801019819,0.0358060961800048,0.123633379612296,0.0387670123349338,-0.0900939727631573,-3.83102563006228e-15,-0.0440760242128321,-0.00525742658284828,-2.86007824175084e-15,0.0677777310583465,-1.51275144542089e-15,0.0406189961191694,-0.0568614735815912,-0.0705662212742285,-0.136048503302973,7.18788106578604e-16,0.122489044074356,-0.07168282755442,-9.70043333823066e-15,0.115882566460331,0.0146659408336024,-6.75013730141295e-17,0.0161135800798624,0.0164438795764443,-0.00233563551931535,0.00281849018899932,-1.92894404906286e-17,-0.0496291268496108,0.0582278275677414,6.47291246785724e-16,-7.46822528278973e-17,0.0958632291915588,-3.6029190935511e-14,-0.0800024092544392,-0.119120752697689,-0.0472676566748264,1.4965072596745e-15,-0.0777626401035982,-0.0729596544560587,0.00840329426894962,-0.033677477835481,0.0275671269049392,0.0368339931611174,-0.168783425097555,-0.0596288357050902,-1.21662178811708e-15,0.0219069241814961,0.0186458323613552,-0.0443604673840307,0.160375035204438,0.00897759795181715,-0.0194583599689855,0.0120436828519141,0.0036970482746946,0.119097544976448,-0.145772409219773,0.0437569245725154,-0.0319492656101211,-0.000989920671771296,-0.0738830989289051,-1.14492844222629e-15,-0.0314396304900438,-0.0596996098189952,0.0248083986925936,-0.0110406828675271,-0.102120971634895,-0.0615484437061649,-0.0164933043687342,0.0142799587975706,6.20560200457186e-16,0.052563271382416,0.015001884449701,0.0635554073324104,-0.0564166070435694,-0.0129574440920029,-0.0544350541471405,0.0296398763292618,-0.00369986610464706,-7.56245267165595e-16,0.144723764340404,-0.0193431906978921,0.0483591213019827,-0.0323648154198079,-0.153341677264891,-0.0279675246935387,7.57165075375084e-16,0.0922569645064202,0.0318866042436424,-0.00440552684168734,0.0211569226567901,-0.0386480428972793,-0.0183598750695754,-3.15840212606235e-15,0.102406999812199,-0.134347650014195,0.0197786052937131,-0.0166707892824641,0.088757722960017,3.6709571649294e-15,-0.0430641669757915,0.0475544153919388,-0.0510297129018455,-0.025700611405387,-7.63319094759004e-16,0.0569698277460266,0.072034158018392,0.0226725500567218,-2.11073059870964e-15,-0.0430788819953683,0.0502885528347556,-0.0806321600368663,-2.85554829470838e-16,-0.0209161996261933,-0.100973473667141,1.08262325117598e-14,-0.122721518634115,-3.20407210957764e-16,-0.0235292350413681
0.109340069267536,-0.109106279428735,2.76733031273767e-05,0.000613019739207795,0.00125132879554847,0.108058073712732,0.00388968066657911,0.107304054383311,-0.00273151799976419,-0.11218428716771,0.111899546390114,-7.05631136162954e-05,0.00361882480313731,-0.000116059078345956,-0.110282333139347,-0.00944501541964281,-0.104931763028388,0.108981761375991,-0.000219292344696854,-0.0060613665424815,0.00792857129790056,0.103461500823616,0.00378958309615151,-0.00892422944054738,-0.00812510368045849,-0.0233476345112049,0.101652707775982,0.000152149114663735,0.00363078672144904,0.0254833188219525,-0.120541742657262,0.100945407742014,0.0265852793457318,-0.118257770968646,0.0989493663916561,0.000175482796913782,0.0361488064815742,0.0051493652289936,-0.00227054581547059,-0.119664618993126,0.00144757758190632,0.0958670439572375,0.119134288071256,0.0768382601568082,0.00445287225197124,0.000185696966884792,-0.00730229433943745,-0.0642062366532556,0.000538529599164162,0.0714303924453903,-0.00824195314226739,0.0352970465225254,-0.0761140047213569,0.0238829663742791,-0.00235701158380361,-0.09449111825231,0.114273640450506,-0.0150341088336237,0.0944911182523083,0.0521736275682121,1.68374388947815e-16,-0.110793810849445,-0.0194218818934525,0.000868596112632763,0.0799310604493263,-0.094491118252308,-0.040968925317343,0.0601714932991719,-0.0944911182522989,-0.0663983186793235,-0.0109627261997946,-1.26520220032796e-16,-0.00549753814084806,-0.0059887172881201,0.00938191496539518,-0.0108533356172628,0.0944911182523064,0.00838945757599471,-0.0143625490057276,-0.094491118252307,-2.21048190830091e-16,-0.0766368250246748,-0.0944911182522784,0.0401674108546049,0.0659512882248785,0.0118587015777617,-0.0944911182523076,-0.0017741868382237,0.0404662790753756,0.134346176409523,0.0503780809337608,0.131311226884332,-0.0251491375890823,0.0458667457315539,-0.0368777051083539,2.54737072593077e-15,-0.110425578397734,-0.0623153969960527,0.00094953371694413,-0.0228694655391807,0.0141988183576507,0.104583841145397,0.0403202583180298,0.0283055019614505,-0.00184037979350702,5.27799625505416e-05,-0.133960388434287,0.0121650246312941,-0.0011238574713055,0.0342702441054055,-0.0944911182523045,-0.0137204407725396,-0.00466957975057939,-0.128473700807341,0.0917989669894738,0.0713747563368828,-0.0107277830155557,-0.000740470951866355,-0.0138445873737047,-0.0944911182523073,-0.0380573668686068,-0.0846199200247993,-0.0568604376603308,0.0917221874296759,0.0276978372288403,0.0219725292076605,-0.00392878411515973,-0.0286959563427993,9.80249183420695e-16,-0.0602419368374878,0.105335031961943,0.0569018916559654,-0.0381237622869238,0.0533528162653518,-0.0150402322619393,-0.0944911182523075,0.000885852013862624,-0.118246965416002,0.0369695254196271,0.0474648983375086,0.0148312264906834,0.00898636992385773,0.0944911182523079,-0.0216212970627244,0.0803073862213093,-0.032908515075318,0.0992505962894666,-0.0698830965870936,-2.61195273351773e-15,0.0158013187913577,-0.0201245612395648,0.097674169931996,-0.0188163153289098,-0.094491118252307,-0.00803215539071575,-0.0206815828817822,0.0529106972224152,-0.0944911182523061,0.0299619524102389,-0.00711378564850388,0.0514007083839341,1.23857091103158e-15,0.0340157208134301,0.0388064260769925,-0.0944911182523122,0.0615901278937328,-0.0944911182523085,-0.0357146594931877
0.0900794784143619,-0.109778825692735,0.0440812340542246,0.0794769944304707,-0.0955864237828834,0.0551525524616931,-0.0357037076585646,0.110437006748753,-0.0519765676659742,-0.0217806524895682,0.0286386597064985,-0.0796704849795454,-0.0971722959262114,-0.0159848577876106,-0.00777992360858155,0.0640728680043827,-0.0115414050954241,0.0289635908922969,-0.103075230818079,-0.0197267384734177,-0.124368258493092,0.0913963605906687,-0.0425746017570997,0.0354860977578968,0.0855648500390512,-0.0605972204368844,-0.0182380281351162,0.0992156673847558,0.126046535296685,-0.0824919418447042,0.0691328221099703,-0.00711289105591691,-0.0938813180888165,0.0749020738858518,-0.0322380286459825,-0.0244756822674553,0.00607082787728931,0.00447418153940359,-0.0057772899086979,0.0593056719135565,-0.0955709700263996,0.0558385893810674,-0.0901551376573155,-0.0172620631325445,-0.070900398705426,0.0517414211243085,0.0617080884856874,0.115346488751549,0.0263061405154768,-0.0306119448627086,0.0479165144274779,0.0302763787864289,0.0698768846499139,-0.0281920480526741,-0.0818681290722308,0.0865619460650146,-0.0720811736789151,-0.0214675931294982,-0.105391147968631,-0.0565258521886041,0.0417541856194882,0.0710095001824957,0.0674186814840609,-0.0697940877210567,-0.0557219793876638,0.0545544725589989,0.0803625610397319,0.00312645213339447,0.108175502967155,0.0442300349118157,-0.0166795902255655,-0.0771516749810459,0.0119409446643438,0.0118953305312227,0.000514451590476128,-0.000133604799997677,-0.0142415751433985,-0.0487340533832036,0.0479089581573309,0.0944911182523077,-0.100803521208414,0.00766456052402978,-0.0282394729875856,0.0683827865822207,-0.0159710913625487,0.0983707358951515,0.0664213173476653,-0.0353865327497473,-0.0635571640382976,0.075670253994525,-0.0884762690220021,0.0719287479760718,0.102038768151976,0.00682606803366525,-0.0189646837354563,0.109108945117998,-0.0976877510692358,-0.084966104266861,0.00106940853838096,-0.0596083310247372,0.0250043644716384,0.102322133187374,0.105439790489519,-0.0310311384609623,0.0231243254206809,0.018320551477163,-0.0524961166206174,-0.0689895873239092,0.0162652925055575,-0.0464983683241016,-0.0664213173476662,-0.0230766719419666,-0.0990436483601208,-0.020113328707117,0.0750372209150433,0.0464448831980022,-0.0585244093238897,0.0139847546639139,-0.0389639991900429,0.0282394729875838,-0.102427321976217,-0.0935451329266366,0.00713375455596919,0.00168688779736267,-0.0464157358901118,-0.0782368808190137,-0.041687490388229,-0.069572371514298,-0.100803521208413,-0.0129577619251118,0.0927484293326257,0.0133002288038003,-0.0309836751902088,0.103933121004834,-0.0440647063607529,-0.0944911182523082,-0.0818953628093245,-0.060890928577809,0.00460856428164554,0.0796017928357882,0.0175906147194984,-0.0159952732271013,0.0142415751433957,0.0439879817192467,0.0223287154847103,-0.065449898023626,0.0765481492061737,-0.0416396895760707,-0.0771516749810474,-0.0109527005108223,0.00756251882811068,0.0820029511152085,-0.0581202722543792,-0.108175502967154,-0.0402678581972967,-0.00174966015679006,0.0106375903114186,-0.0545544725589961,0.0528596211678504,-0.04815323820464,0.0633485305412467,0.0417541856194901,0.0625220017405324,0.0184051431536305,-0.105391147968634,0.05434667900551,-0.0865619460650138,-0.00755579619382988
0.0986463183482908,-0.0980274206762768,-0.000824790733645097,0.0858738620076605,-0.0868509701143841,0.0979512040927968,-0.00249778187173635,0.0958886631013316,-0.0833706563402468,-0.0258283334820647,0.0230838648142817,0.0019849459200962,-0.0867065835764195,0.00562683247495755,-0.0287582839176514,0.00605998635959887,-0.0958557415788075,0.0209557769727923,-0.112237906289507,-0.0782677314354406,-0.110384019433587,0.0915293925142888,0.0173716976063971,0.00611683068927203,0.0856856388444964,-0.1149534451734,0.0143836318206514,-0.00422737691128295,0.10602120235021,-0.0161196550663992,0.0722706313554214,-0.0125054584244426,0.00963052389950935,0.0743222828552085,0.0920735986654724,0.00520362326561752,0.10881306329303,-0.0432867427896645,-0.0742423952950799,0.0752291789296448,-0.0844234039466624,0.0834728749163106,-0.0716753751975806,0.0188911136821764,-0.0741804271772013,0.0556620441643894,0.0491072201510321,-0.0289652713620947,-0.0105250127856097,-0.0541897161733458,-0.0100686894179418,-0.0212456360698106,-0.0808319306548946,-0.0771754027103549,0.0118707111389697,0.0944911182523124,-0.0658893212448991,-0.0682575306607949,-0.0944911182523085,-0.0877638104576076,9.52323287359939e-16,0.0387654148472228,0.0683704205064231,-0.0510091856711522,0.0732454380667477,0.0944911182523075,-0.0396475621395274,0.0166494798655884,0.0944911182523091,-0.0953135390870247,0.0360538650930129,-2.66217726653474e-16,0.00518574878767914,0.00454818178460396,-0.0122718238828634,0.0123086902130318,-0.0944911182523065,-0.00244708980997022,-0.00727208494685519,0.094491118252307,-4.32907559224873e-17,-0.0569716009101486,0.0944911182523285,0.0927277370087369,0.0248520495024638,0.0570303517339958,0.0944911182523066,-0.0375238028107112,0.0354853769411155,-0.102809433872751,0.0472822391886143,-0.107534923496658,-0.0595590327046001,0.0723597564754156,-0.0183818642707928,7.26566820062549e-16,0.0257896067930948,-0.135235527287504,0.00830934910075967,-0.0428931419600567,-0.00925209706447991,-0.0509593855703138,0.125269778287591,-0.00372273259927352,-0.00190016250877056,-0.00132927565347059,0.0890888516918781,0.0541110211145781,-0.0385352829443186,0.00641373809968116,0.094491118252306,0.0379048830251001,0.0559944646763162,0.0775665141837276,-0.0212410414667873,0.116934973708846,0.0064138895246917,0.00427064432320748,-0.0693150034647952,0.0944911182523063,-0.10287129425809,0.0645078134137549,0.0518882978653337,-0.0467075630898172,0.0206746312096379,0.00933701627734212,0.0249256597512249,-0.0273466748145033,8.34260687025369e-16,-0.0993928761392669,-0.0903448277722371,-0.0549077586968518,0.0688647984393387,0.0822707502734594,0.0418861419288812,0.0944911182523068,-0.0391339574714925,0.0556519620130004,0.0173011897583818,-0.0514788499064483,0.0695011851795498,0.0391802477152272,-0.0944911182523023,-0.0792686128581213,0.0343758509005328,-0.0305608951978787,-0.0887732113654808,0.00813242090361044,7.52788876337747e-16,0.0158943757311827,-0.013569611718515,-0.0379284501505038,0.0364808056108859,0.0944911182523082,-0.0534066818305235,-0.0710883162215509,-0.0734733659042874,0.0944911182523068,0.0084905099554898,-0.0361861071849546,0.0473863505308346,-2.24397860452218e-15,-0.00984800970141553,0.0610877856517861,0.0944911182523019,0.0567664781011437,0.0944911182523068,0.0140553153673482
0.0815566243415706,-0.0910391595692188,0.0193915870209519,0.0998267203672064,-0.111539426688248,0.0709121241595829,-0.0238513721242837,0.0997389348579409,-0.0870338588367807,0.0427840931809403,-0.0478809878139146,-0.0396212074087579,-0.122798443335724,0.0102999365837099,0.0374255977541567,0.0490487115817446,-0.0584876657639234,-0.0523179162347925,-0.0397578620838193,-0.0722764945399039,-0.0470629983699707,0.107801191759853,0.0164784514637661,0.0197972755918095,0.134105881958322,-0.0286671925875097,-0.035611814838139,0.0615627259105404,0.0426839707202282,-0.0801920190646419,0.0739038971270305,-0.0679011532062061,-0.0192994373894541,0.0773333447237029,0.0432515601060932,-0.00684963582913448,0.0193027407385318,-0.0445581924732348,-0.0650604109976936,0.0838802204670217,-0.0394284793095149,0.113838667806555,-0.101395722469009,-0.02164621082544,-0.137149437929241,-0.0387870782180978,-0.0504958535172898,0.0304124107663496,-0.00354481668266577,-0.0781875114551182,0.00615586958506722,0.02716260584329,0.011516161502543,-0.0711335322150568,-0.0893884705068583,1.5132058785077e-16,-0.124211992289802,0.0313081034691717,2.74479018090293e-16,-0.123049233962544,1.66468704616731e-15,0.0940687579161631,0.131484487453241,0.0414064003043697,0.0245976072796446,-2.34637774959993e-16,-0.0230278788016487,0.125484638809786,1.56714515013691e-14,-0.024220789488727,-0.117737152809102,-8.66099846429849e-17,0.00467150876333052,0.00465412046096243,-0.0208486069282126,0.0208083332860976,2.61122259051748e-16,-0.00892774195406879,0.00204063146982778,-9.1617851992863e-17,-2.03302767584687e-17,-0.00343813439913125,2.20389154581668e-15,0.101547228269583,0.0421690780484059,0.114347594305385,-1.36996979034159e-15,0.0653177872905315,-0.0242565049859893,0.0656025050581455,0.0460890705898677,0.0288446935572866,-0.0905089421029686,0.0979183925063213,0.0806734092776515,9.58681502209564e-16,-0.00524786861313265,0.0157533498883508,0.0650976250944543,-0.137220522244657,-0.103176968531065,-0.0146180004507302,-0.0137830097322787,-0.0417468759960779,-0.080943560399856,0.124443205336886,-0.10199036443636,-0.0296074662275671,-0.0418993937686448,-0.00667019488696622,2.04308676217292e-15,0.0116005129285784,0.10038170071009,-0.0695442023286043,0.0366781097035373,-0.0269195057904102,0.181022983953868,-0.00847213949644354,0.012638004218039,-1.17529298033955e-15,0.0261102388245286,0.0130776532267588,-0.161684353679675,0.0751658364698496,-0.0221832902166268,0.00494144209548753,0.0694519014554909,0.0173572473364748,3.74592530248944e-16,0.014474628480584,0.00491037232938561,0.0715980877344398,-0.00585786752074827,-0.0391558039531401,0.000460630022585409,1.89342202535367e-15,0.0640169423594127,0.0586883014777135,0.0649376525297644,0.0339760882404483,-0.0268099139148126,-0.0847233523110797,-4.38977113226057e-15,-0.0299977995543682,0.0738775763073402,0.0369208943816878,0.0283551028413229,-0.0598117289261964,-3.54924694463066e-15,0.0192653147591189,-0.0228290427489479,-0.0790624635753136,0.0102464738056184,-2.3242631561837e-15,0.142552127009487,0.0417545124583174,0.0862611718072506,-2.06815229412791e-15,-0.0792473383487428,0.107824183049427,-0.0752470603174601,9.52466707902025e-16,-0.0410530657500444,-0.0678405754108927,9.18965679333592e-15,-0.0975778317159271,-1.46921348693149e-15,-0.00649951917351825
0.0627449270417604,-0.0756160752081808,0.0285480902362725,0.0986914145763689,-0.119552147130233,0.0407316088755294,-0.0465127649318403,0.0769394849895818,-0.0621972784090845,0.0920976680635653,-0.112814538633528,-0.0515197287478184,-0.120646812095892,0.04663737530701,0.054462949387593,0.0836227809344654,-0.0144973917240696,-0.113028348883572,0.0454231857045142,-0.0178255504135078,0.0523153056728539,0.0674811408448354,0.0838861211911597,0.0112239558475368,0.102040206180553,0.0254508891059752,-0.00571408884445163,0.064584325970438,-0.0676782177099189,-0.10340020449038,0.0251724729037491,-0.0790139380193883,0.0608306349945119,0.0188921001365749,-0.0088787524169622,-0.00412145306354239,0.00871906395898856,-0.0827388831586822,0.0188671879537773,0.0357551161323422,0.0550660745797169,0.050669443728804,-0.0419462063145193,0.0202010616236682,-0.0645930970448,-0.0915224666643817,-0.112882996216617,-0.08655441325592,-0.0104150724286762,-0.0457219699592893,-0.0248933923561414,0.0527531015795615,-0.0628810909919226,-0.0524949293703904,-0.0819035391679939,-0.0865619460650148,-0.0864671636982031,0.0611878532995965,0.10539114796863,-0.00842304499371735,-0.0417541856194877,0.0757561129045251,0.0279398457852134,0.101911318093762,-0.0214714398293404,-0.0545544725589989,-0.058469658808757,0.0749981845799534,-0.108175502967145,-0.00820597191016199,-0.103531132958189,0.0771516749810463,-0.012689369973266,-0.0127084424674021,-0.00501284040551384,0.00530858995059247,0.0142415751433986,0.017990900935801,-0.0192110886732538,-0.0944911182523076,0.100803521208414,0.117067808688742,0.0282394729875398,-0.0340596877829467,-0.0957583331633898,-0.0396603239789261,-0.0664213173476658,0.0234196872935307,-0.00360062250497121,0.0928266839723541,-0.0376351795758845,0.099396016854181,0.0399094347994116,-0.0463598347838536,0.0888222802841461,-0.109108945117997,-0.00513844491016475,0.109884728325903,-0.0232817710506219,0.0860320793052516,-0.00385138781308212,0.0112761159020309,-0.141172056562515,-0.0310588078855569,-0.00657715949146309,-0.041142525893033,-0.052367133131108,-0.052622116525614,0.0139643672226404,0.0720185081410736,0.0664213173476664,0.0811106981018592,-0.0605078352785072,-0.0571438806509816,-0.0039306049097034,-0.0435623646608649,-0.0374760560178249,-0.0189602352475275,0.00817598468648266,-0.0282394729875828,0.114719035620817,-0.0173609675051303,3.67004809748708e-06,0.00927493941305926,-0.000569211474266107,0.0872355970834894,-0.0246362443634454,0.0994139859120408,0.100803521208412,0.00772887534147202,0.0476530116000693,0.00235187775462806,-0.0322546675813459,-0.0695198664975562,0.111008890207806,0.0944911182523075,0.039344553938838,-0.0589792039605332,-0.051530569366855,-0.0513308609369651,0.0361448518522515,0.0251367014372567,-0.0142415751433969,0.0197967919040287,-0.0753509726530144,0.0646569494965118,0.0291694979697552,0.064745417095539,0.0771516749810497,-0.013790032217432,0.0177342341503704,0.0675313817207003,0.113982808087374,0.108175502967158,-0.0644305651343333,-0.0786192557637069,-0.020430720802898,0.0545544725589992,0.0492013750548843,-0.0550222000460461,-0.00642443924739032,-0.0417541856194908,-0.0701116716843368,0.0736252094677826,0.105391147968626,0.0415986519825019,0.0865619460650154,-0.0230777644172185
0.0409246282067748,-0.0542155541834476,0.0306217799684696,0.0723798220078404,-0.0959747783487567,0.0143862737505283,-0.0543222451981778,0.0505960294350183,-0.0254460765995903,0.0868866141894425,-0.115351328157032,-0.0530196191613238,-0.0899522391450094,0.0653509460861177,0.0311710732974988,0.0946483615628658,0.0188626822228271,-0.111476893996744,0.0822843387762684,0.0340097977447294,0.10385414563235,0.0298370079657788,0.124692351579145,-0.00654466193047786,0.0530517471508097,0.0279799096641038,0.0390343555637527,0.0601397652850578,-0.117629492756931,-0.10385745452139,-0.054630207286467,-0.0538028428906018,0.128578168145975,-0.0829107970039641,-0.0500648806249632,0.0316321070690419,0.0446253511777667,-0.10193780311897,0.103608706133668,-0.0140978391365025,0.0909121682598552,-0.00378832999520115,0.0544653718930926,0.0646578445873005,0.0244172771546199,0.0211016258055094,0.0282846700385229,-0.185951257151462,-0.0650378119968725,-0.0165376664922966,0.0257042743095792,0.0645203558786229,-0.154168302715169,-0.0483416736787094,-0.0400955899262126,7.41385267723173e-15,-0.0794222512733497,-0.00233977494684674,-2.30328268041698e-15,0.122131251241268,-6.14794764012888e-16,0.0731929018976434,-0.102460834960141,-0.0314049229274212,-0.0605472800366737,7.08485259941468e-16,0.0545127529736841,-0.0319018594720782,-4.38629678950633e-15,0.0515725938360155,0.00652695770328244,7.89381122111266e-16,-0.0200933057024573,-0.0205051824378134,-0.00420866977934042,0.00507874382955412,2.6075031982225e-16,-0.0220870393160236,0.025913821145242,2.10098823926785e-16,2.48070676714161e-17,0.0426631505835473,-1.6318269866759e-14,-0.0356044216521063,-0.0530137222877377,-0.0210360862184176,4.32594689084463e-16,-0.0346076306055228,-0.0324701009013873,0.0151422130482998,-0.0606847181584885,0.0496742462377315,0.0663725622373831,-0.0751156907781047,-0.026537328423649,5.18660588355815e-17,-0.0273174876345137,-0.0232509726489425,-0.0799348001572284,0.0713736052339368,0.0161770725262561,0.0242641780031191,-0.0150182268699775,0.00164534126993235,0.0530033938801268,-0.0648748252892922,0.0788472535899836,-0.0575705873341282,0.00123441088698831,0.0921307174237856,-2.9977451735085e-15,-0.0139919518797736,-0.107574979745676,0.0447031897690716,0.0137675063469171,0.127342768740523,-0.110906463294197,-0.0297199075301382,0.00635517953698871,-7.52410891030656e-16,-0.0655453273185438,-0.0187070439260962,0.114522886786716,-0.10165921315788,-0.0233485074689595,0.0678794022487407,-0.0369603212392974,-0.00164659532223756,8.44204255013737e-16,-0.180467582305697,-0.0348552252493649,-0.0603028379172868,0.040358264706581,0.191213943949144,-0.012446719430509,-2.08001859344722e-15,-0.115042553040388,0.0574576754533084,0.00549360211519219,-0.0263822510304446,-0.017199997202173,-0.033083351712528,5.41333172240431e-16,-0.127699440043712,0.167528779375074,0.00880230744462154,-0.0300397242937199,-0.110679070203548,-5.61745016047883e-15,0.0537001378698959,-0.0592993860604574,-0.0919523653251172,-0.0114378481063497,-3.22177893405795e-15,0.102656082417869,0.032058216238019,0.0408545235141331,-1.62077918893009e-15,-0.0776254630837385,0.0906168410319613,-0.0358846871166369,1.14621930980448e-15,-0.00930858455127382,-0.0449374233304511,5.42414250014929e-15,-0.054616213886002,-3.15173227415059e-15,-0.00802211389602992
0.0679303819832053,-0.0685202760536678,0.00154840289479159,0.107423154705405,-0.107606953204695,0.0663023167271488,-0.000956073131447355,0.068324621117328,-0.105477386131738,0.10145950302208,-0.100009755185268,-0.00373530283402153,-0.106113044974717,-0.00241110388058119,0.101238204929708,0.00231509127436449,-0.0630534533625024,-0.0967227850894184,0.0501264262720796,-0.100962069383528,0.0427672896816297,0.0675456158138815,-0.0107701424393353,0.00443443059569716,0.102339151609108,0.0698824451192487,-0.0879204606851332,0.00795934593728982,-0.050095538814869,-0.00595870607394091,0.0232243829043463,-0.0753864791482028,-0.0256057250694717,0.027050259140589,0.0564263161761522,0.00658619768284532,-0.0774154609630954,0.0151349425744035,-0.0938388105286846,0.0274003982963116,0.0364110822995225,0.0649983692131373,-0.0232631889846788,-0.0700268368933987,-0.0900303220176478,-0.0998822805347869,-0.104896259531667,0.0643801625178531,-0.012825614892086,-0.0331660346778669,-0.000376349193178682,-0.00690449184072515,0.0970122860149212,0.0151936334006349,-0.0266864393066946,-0.0944911182523119,-0.0187455536439495,0.0892144843413403,0.0944911182523093,-0.0804855026856825,1.3284816277491e-15,-0.0131462446717107,0.0744781885718796,0.0938670942824732,0.0476197437051167,-0.094491118252308,-0.0206139012224136,0.105202792117099,-0.0944911182522931,0.0225533950204476,-0.0895998422047961,-5.28919462116433e-16,0.0021008079621788,0.00277844706538465,-0.0100961440777451,0.00932553878305366,0.0944911182523065,0.0232604435310014,-0.0191685103895461,-0.0944911182523074,-6.50350204667147e-17,-0.0695421051747932,-0.0944911182522814,-0.0768342555473946,0.103409353669615,-0.0761188823039047,-0.0944911182523065,0.0636289946368484,0.0269844639412937,-0.0536447639957534,0.0869177135794399,-0.061221623093821,-0.0882256174198155,-0.0273261335990079,-0.0497404763263844,-2.1289966885115e-15,0.0770769835352893,0.110158540044974,0.0108885403067272,0.0259035484906067,-0.00365742661740403,-0.0611906686280178,-0.0880846327847325,0.0703100179313195,-0.000711321330385709,0.00251386746061319,0.0367495740391866,0.0742264190123825,0.018051078017996,-0.030336983947554,-0.0944911182523065,-0.0991317896641091,0.0672325341164339,0.0254263360961791,-0.0641639029659725,-0.109279069614121,0.00204451899403467,0.00491447598948132,0.0937928149500605,-0.0944911182523069,0.0763016715685144,0.0391512292920557,0.0331484868360451,-0.00734140470540985,0.0411519834441746,-0.0217759634874972,-0.00794232193686181,-0.0152022233143979,-1.76199276541014e-16,0.0925442736821813,-0.0542016249523858,-0.0211955226642572,-7.48349221321318e-05,-0.0793995650509228,-0.10927131487668,-0.094491118252308,0.0167058513736709,0.00377474648478663,-0.0373470113159604,-0.0151536495826279,-0.091911344835515,0.0538440288366657,0.0944911182523087,0.0526167855448694,-0.07970021637058,-0.0188759318658335,-0.0556184584038952,0.0524226244584902,2.25715021068346e-15,-0.0197453364789825,0.0221776904205795,0.00690907116035376,-0.108016017024,-0.0944911182523078,-0.0710545528971621,0.0816256246664828,-0.0622565670011261,-0.0944911182523063,0.0272151218829333,-0.0490711907931393,0.0301090901717408,1.00028627123322e-15,0.0941781311770763,-0.0228791382745424,-0.0944911182523116,0.0361021021484103,-0.0944911182523054,0.0295772835907367
0.0219206082369851,-0.027396398772449,0.0124566141832995,0.043174410165091,-0.0538504915498341,0.01156469884765,-0.0242877312284652,0.026862926754626,-0.0229657285752657,0.0631977000594138,-0.0785006027285624,-0.0225751537136725,-0.0527467590404207,0.0347527175053304,0.0345421885337149,0.0439282556083693,0.00237051722404134,-0.0787995816694789,0.0824104038513106,0.00427193079342774,0.0980519807400738,0.0191785171742387,0.0701804065897849,-0.0134644729550121,0.0370197892139075,0.04775309814155,0.00695026195512348,0.0277721795216829,-0.107509127067632,-0.0469804397139984,-0.0987780080386616,-0.0399020707179629,0.085858656494715,-0.125853268619376,-0.0187326850891384,0.0457355378705826,0.00146966014922178,-0.0483995994784658,0.0553756391012594,-0.0529176184965965,0.0835972528977767,0.00414533296030377,0.108324485444292,0.0207904657368618,0.0141723781859306,0.114888717795863,0.14001117915786,-0.112046547444832,-0.0825118165092112,-0.00838543130339568,0.0583890117902174,0.0505047376745744,-0.0736751181818873,-0.0134870816204198,2.83966920013777e-05,0.0865619460650217,-0.0323250261525906,-0.0662845215612921,-0.105391147968632,0.108086026648454,0.0417541856194877,0.0106655419731278,-0.0887081385938105,-0.137697044364588,-0.0274668001434961,0.054554472559,0.111334796042058,-0.0576366543865568,0.108175502967147,0.0420504125854642,0.0696495295301578,-0.0771516749810453,-0.0136687934040142,-0.013654063905623,-0.0124197123787789,0.0122285006040346,-0.0142415751433979,-0.0535092587882641,0.0538260983824343,0.0944911182523078,-0.100803521208414,-0.0877345931228979,-0.0282394729875502,0.0821524859426472,0.0639844000358799,0.110692315626159,0.0664213173476646,-0.047158926952747,-0.0480814131639192,0.0385501482327744,0.114238891016214,0.061718392938939,-0.139603344835784,0.0426517824822087,-0.0864384338751567,0.109108945117996,0.0513609900720255,0.108134054091353,-0.0547166038629554,-0.116794540901713,-0.0648382868337087,-0.0505267276866725,-0.136859249990614,2.21891557326867e-05,0.0238187415604863,0.0476856856302451,0.000289823270137717,0.0367773730482137,-0.00127691719707818,0.0657719043839411,-0.0664213173476645,-0.0835517836324075,0.0865891860070536,-0.0832068949322668,-0.0438238371147009,-0.0499502541460815,0.0472952205705733,-0.0740267203757078,-0.0378033319358055,0.0282394729875816,0.120507137001627,0.0422790221369543,-0.0160211544619759,0.0170501972124258,0.103016205263738,0.0918302972486418,0.00946272764367846,-0.135516536856383,-0.100803521208411,0.0114802175766298,-0.101328483866182,-0.00607587644770572,-0.000705347563282239,-0.0962591459493042,-0.1243593689153,-0.0944911182523062,0.0672830777329925,0.00429560622297647,-0.0311548687465737,-0.0726621409669694,-0.0148793429158284,0.0924227081314291,0.0142415751434042,-0.0134250975128236,-0.0542081372717881,-0.104337590713005,-0.106458862979874,0.0590392800803983,-0.077151674981044,-0.00157460030401182,0.00564487613536419,-0.0325173212632288,-0.138015954574305,-0.108175502967154,-0.0542931096581306,0.0616446294532446,-0.0698098613958214,-0.054554472558998,-0.00822000440121005,-0.0154344171563605,0.0559535774126791,0.0417541856194905,0.106363947757818,-0.044283054950964,-0.105391147968629,0.010223123926818,-0.086561946065012,0.050724080905245
0.0246322684617423,-0.0236628927487207,-0.00190315352501501,0.0484208211663686,-0.0466382706590437,0.0253804370747441,0.00346418809430026,0.0221046454182834,-0.0496733709463741,0.0706394199837829,-0.0683118054268243,0.00458728333410974,-0.0436059229423053,-0.00446071814570762,0.0721426086286441,-0.00841470287453987,-0.0263053927414097,-0.0653066749887729,0.0901054067159928,-0.0509937144892451,0.0849925644333173,0.0192334955831667,-0.0156175429852809,-0.000933661613354091,0.0374201035122711,0.102576180419509,-0.0567744880819044,-0.00977299292806331,-0.0866382550645398,0.0228314451404651,-0.110205919908409,-0.0348963338045919,-0.0195546429095893,-0.106219273113198,0.0285869010070814,0.0031066165161302,-0.103349033962565,0.0324215893830443,-0.0440327453358635,-0.107470294553783,0.0670580807789239,0.0148154032735934,0.108781194991812,-0.04934573976046,-0.035614390427535,0.12473686356655,0.123501201802822,0.0518028076248868,-0.00516940600951406,0.0116672630123308,-0.00777265337449868,0.0322242585767392,0.0986960942856227,0.0512609477428592,0.0309204339275188,0.0944911182523019,0.105931084241761,-0.126282751163439,-0.094491118252309,0.0163542091130832,-2.17442321179989e-15,-0.116644440134185,0.0137240302673311,-0.116181755917833,0.0205502113147937,0.0944911182523078,-0.0152638109399466,-0.0710142427249883,0.0944911182522981,-0.0945219422644045,0.100766449525889,1.58080143774028e-16,-0.00171201299812068,-0.000982128674068709,0.00488870814632009,-0.00670308041796032,-0.0944911182523065,-0.0206158410805858,0.00954019248368259,0.0944911182523073,-5.45849468537095e-17,0.0100807617278937,0.0944911182523041,0.135978160389021,-0.0629980666347368,0.106777395268502,0.0944911182523055,-0.081118245355421,0.00681720292334795,0.110472010437118,0.0890601025398518,0.104065041386017,-0.0644132311633416,0.0799418769779689,0.0251476543498434,-4.45430314481448e-16,0.0284623467965102,0.136183433232154,0.00579539003389063,-0.0551706621708717,0.0125711103840875,-0.00567793373456448,-0.118402765441302,-0.0593696563358925,-0.000953376602825878,-0.00308196148728143,-0.11760528935889,0.045198888797025,0.031403061181271,-0.0203951120601931,0.0944911182523105,0.109894879018615,0.0252517128171003,-0.117157916696921,-0.0238203910414313,-0.125539322934445,-0.00981788646346791,0.00144667662228248,-0.130802314591677,0.0944911182523077,0.099433494435687,-0.0140718425602938,-0.04210797316034,0.0884549549664781,0.0460121928091452,-0.0172664011339668,-0.0182403537231032,-0.00973909393858902,-3.19543532419202e-16,0.106517082143084,0.0812130395492413,0.0187088795371533,-0.0382586101570708,-0.0897202562063919,0.121218868660673,0.0944911182523078,0.0309887560128217,-0.11656704518953,-0.0303274635901337,0.0201589653194031,0.129442798850813,0.0329492170932824,-0.0944911182523061,0.0731908743473198,-0.0633074412086495,-0.0093706130374643,0.0744980536709758,0.0245792086345872,2.54231460419065e-15,-0.0197785481162851,0.0198382560222769,0.100748995866737,0.115877454774815,0.0944911182523086,-0.0396544063357629,-0.122467071981585,0.0252039183544073,0.0944911182523077,0.042073821088489,-0.0289525200597758,0.0138552870532824,-2.02396842500155e-15,-0.0834224878806128,0.0673362448559772,0.094491118252305,0.0165715428633472,0.0944911182523036,-0.050724080905245
0.0261873285522902,-0.0189532180519084,-0.0124459311115304,-0.0514924112313707,0.0374095014897849,0.0277706005600665,-0.0242181442665262,0.00727803700070398,0.0545517598238279,0.0751651290710023,-0.0549542079074872,0.022554112870697,0.0146960682875516,-0.034704720924344,0.0793046697957003,0.0437870267876092,-0.0226689693904737,-0.0211886859478299,-0.0981582363079116,0.0445061996106199,-0.0730560753266925,-0.0075532027888793,-0.0361533792220483,-0.0650705578735222,0.0138642187131474,-0.0910366325001437,-0.0831097898151697,-0.0278142126936895,0.0344569639685256,-0.0496778110325377,-0.116138150248601,0.00728890418776032,0.0650636409250814,-0.0916250428946367,0.00888655738181813,-0.0523221544711827,0.0797713022736538,0.0845144916953676,0.0136991111457732,-0.116531692741398,-0.00189436650690597,-0.0266166021626468,0.0352855382168712,-0.0535055728968548,-0.0777904618624575,-0.133889218431774,-0.100124377116947,-0.0659513577030036,0.0678947141152596,0.0486767335854973,0.0511888701359856,0.0869835647503648,-0.0577447567667483,0.0849427577955035,0.0312046369894876,0.100803521208414,0.0527183997435362,0.143660725714708,-0.0771516749810377,-0.0449336788404731,-0.0417541856194885,-0.0244633336210281,0.110720088806482,0.0551204293091846,0.00969376915385799,0.109108945117996,0.102066860321682,0.0126011192243817,0.0417541856194896,0.139875708875417,0.0055356530519752,0.0771516749810463,-0.000706898825896928,-0.000756682257916136,0.0047060518929593,-0.00542323511946001,-0.100803521208414,-0.00764256401438633,0.0217765608813118,-3.39391493439971e-18,0.100803521208414,-0.134642714514575,0.0771516749810959,-0.0502647152716096,0.101453046357643,-0.0151887703865474,-0.0417541856194889,-0.0580292922909717,-0.00906060708097561,0.120295614614667,-0.0845314681669619,0.0651484537089096,0.0726069401720103,-0.00828651185454179,-0.142926658903813,-0.109108945117997,0.137904110211289,-0.0387433313050362,0.0776021563808747,-0.0395019720374988,-0.0348736006961714,-0.0936658751541512,0.0334798943569045,0.0326635277020182,0.0617656124807206,-0.0203047862106954,-0.0985605097314379,-0.0901481944815755,0.0668783615583615,0.00629996627887964,0.0417541856194887,-0.0658909003576817,-0.0252802763022112,0.00744500794606729,-0.136715495854661,0.0318308652657351,0.0817882852356382,0.0387475680341097,-0.0947638256232248,-0.0771516749810446,-0.0172408969317048,0.0383524838933111,-0.0824045324253089,0.0100061383536731,-0.10346634045672,0.00627539706116566,-0.095876177460886,-0.137789555451916,0.100803521208416,0.00210202483267989,0.0317437089721631,-0.104111661608943,0.00274051412162859,0.00581762733453764,-0.0084168478418259,-7.21086754011383e-16,-0.048491812796941,0.0957146405426368,-0.0838639051669591,-0.0346860876083638,0.130093775554919,-0.101696005463192,0.100803521208407,0.0499810562797341,-0.0694597629725053,-0.107097891341934,-0.0108139150251329,0.0340642670972008,0.077151674981048,-0.0159517031204657,0.0163248576964283,-0.0959760595149227,0.0445159614516041,-0.0417541856194891,0.0657086681331554,-0.134755990714012,-0.00954787023289401,-0.109108945117997,-0.0382178619998202,0.0265258240712112,0.0602627234645266,-0.0417541856194891,-0.0635204858637344,0.0683297893981075,-0.0771516749810493,0.0157666435313876,-0.10080352120841,-0.0256455454363105
0.0269816689948748,-0.0150839812672471,-0.0183932749318696,-0.0531097838177007,0.0295344066372346,0.0253856582171457,-0.0363271124814941,-0.00370017451919348,0.0497064455930474,0.0776632883119929,-0.0427797364312296,0.0273004446616561,-0.00763424944879912,-0.0534322873173814,0.0718544942857828,0.0534458803243967,-0.0126985772608611,0.0129194577873301,-0.101746422623993,0.024300870694342,-0.0544613531519777,-0.0192096720621945,-0.0392725697982655,-0.0960534479541221,0.0374375644955258,-0.0859290316631589,-0.0518403412102665,-0.0253508881031711,-0.00884380774381546,-0.0458051795260486,-0.12125990586612,0.0521050620793787,0.0883777503319543,-0.0689937406820986,-0.00166888705504737,-0.0830637492454238,0.0458262127713149,0.0866812996916521,-0.0166416949709835,-0.102292110340728,0.0441132357483027,-0.0291188246749486,-0.0257580378114669,-0.0163581107383988,-0.0877115859121662,-0.139599561538467,-0.0715314280272995,-0.0655571725651565,0.0938163876916882,0.0772422702429606,0.0940048375660209,0.0496920828547674,-0.028381910806821,0.0877540895832536,0.044937452054379,0.105391147968631,0.00716544751507118,0.12551309029492,-0.0545544725589911,-0.08088040740829,-0.0771516749810452,0.0404817389882437,0.102381228529119,-0.0275564525446468,0.0229058587837238,0.0944911182523075,0.132999078190459,-0.032024204009366,-0.0282394729875878,0.0768568788722821,0.0888378007983555,0.109108945117996,-0.0043226023777626,-0.00404921626126376,-0.000799693215802503,0.00229820756448382,-0.028239472987583,-0.0271941908222065,0.0256083360835977,-0.0944911182523069,0.0771516749810456,-0.0752185831477456,-0.0545544725589697,0.128862638111167,-0.0133583080648756,0.0746978408911734,-0.105391147968629,-0.103029094558056,0.0598210059800822,-0.120747535517498,-0.089358005602355,-0.0784509595807295,0.0384626680727833,0.081191061340354,-0.0113968821841976,2.73551364278003e-16,-0.105978501830135,0.0955994020572235,-0.0683987102863955,0.0174640439234017,-0.0502123856973498,0.0779651731351579,-0.0653950979347632,-0.0135718996139196,0.0132365628482819,-0.0721221860747577,0.125833159261845,-0.0581626307000434,-0.0515965276520257,-0.0463364169031196,-0.10539114796863,0.128030890474504,0.00702536681400745,-0.000215606735157381,0.107647146607709,-0.0852851749402192,0.0519498457318648,-0.103538601478589,-0.068881213151685,-0.0545544725590004,-0.000301419462837488,-0.00692295929845154,-0.0274139533092694,-0.0249907686877917,0.0862141836406291,-0.0771798020006624,0.0959258172042741,0.106346172593625,-0.0771516749810471,0.0219150306907333,-0.0953053036720797,0.0319478491286979,0.0729749914989892,0.0568196842559046,0.123337113068673,-0.0944911182523065,-0.0494268438494919,-0.0489328561465973,0.0603714526485733,-0.0147229875627979,-0.0428707840271141,0.115062463310229,-0.0282394729875748,-0.0774152028395885,0.00731612494187496,0.142732407021139,-0.00585044862437454,0.0636209252715541,-0.109108945117994,0.00294436160479155,0.00601508230446687,0.0983420561009247,0.0292893939224697,-0.0282394729875824,-0.0389114916762991,0.121066173826965,0.0598501683704891,0.0944911182523069,0.0193153135031601,0.0180761726879707,-0.0816969594910136,0.0771516749810464,0.0647486422184585,-0.0595147414992529,0.054554472558998,0.0121317667758181,0.105391147968626,0.0319342724147436
0.0515474139149962,-0.0332921102991045,-0.0306016620252991,-0.0911825415561551,0.0589481509205589,0.0537795107872099,-0.0542053764753838,0.00370583550797551,0.095472627927518,0.1094933244343,-0.0708961490819025,0.052993791531327,0.00665117069487751,-0.0652891994126083,0.115274031363106,0.094487035967239,-0.0385909418641827,-0.00705975019724304,-0.104105943388179,0.0691170346718496,-0.0674691069410766,-0.0298792057215367,-0.0767397278791099,-0.104217559016509,0.0534570712273043,-0.0953500355661691,-0.105692083622269,-0.0601812292899571,0.018997765824956,-0.106117489658556,-0.070003800604797,0.0575556538560181,0.0904984683709634,-0.055367169434221,0.00828234390303616,-0.0425314861850904,0.0867779204581585,0.154003934043214,0.00933528016090276,-0.0641939157129085,0.0204970784391122,-0.0583472876433433,-0.00112383628830069,-0.0563055941963403,-0.12591732258665,-0.0257104661972325,-0.0138081970955046,-0.101941011862204,0.0429185224007996,0.125404536008902,0.0064830381009144,0.0946707654581251,-0.0840452975223014,0.163653606995757,0.0493750565300953,4.57418552825785e-15,-0.00393585190464556,0.0333191317385132,3.48332885823405e-15,-0.0819356044291738,2.74844791871597e-17,-0.00231267347834122,0.14692862159841,0.0107954550649817,-0.0207175368370644,-6.80153465005227e-16,0.0400316264100454,-0.0456872681383791,-6.38363620201911e-15,0.0703230640105154,0.0249770475290467,1.10535697862423e-16,-0.00523408716746382,-0.00545970979066254,-0.005152816743705,0.0035685140893908,2.3193597415416e-16,-0.0056556815336263,0.0144122512373324,1.04613162599325e-16,2.66163521895277e-17,0.0496460057141736,-1.85301177519666e-14,-0.035617289524252,-0.0392171588094367,0.0215389683027758,4.08861125089982e-16,0.0101397197375484,-0.0727640942777563,0.0112189288110085,0.0728049046337885,-0.0482980914139901,-0.0528766782696832,-0.0221272413124393,0.0498823583905642,6.72169229121536e-16,-0.00431908282967263,-0.0367325240614261,0.068889579752642,-0.0597410056410072,0.0399843794339463,0.056050221442781,-0.00625827348877281,-0.0619136913676582,-0.02400479601781,0.0725472006728361,0.0182196279231964,0.101919283831119,0.0660428039727181,0.0671673417535822,3.98563628449281e-16,0.00610571665632259,0.0357886500732289,0.111804187800135,0.0363000797577449,0.0362876003903724,-0.0819894525079038,0.0870666550694463,-0.00844374601905781,2.70676788749426e-15,0.0617060244440851,-0.133921449991835,0.134742732295918,-0.0575677428968538,-0.0208879078335326,0.0829437665190271,-0.0509524100125538,-0.0024382899686854,-2.54572425903928e-16,0.00772767587808156,-0.0400847669325932,0.145619326878501,-0.161370396875959,-0.0855496536041333,0.0126332483566299,1.26613851960636e-15,0.130740730960691,0.046862413453954,0.0418871068776428,0.133232923457521,0.0137085703360128,0.0243264640276061,-2.73873504494779e-17,0.0617754267617971,0.121983688598164,0.00824613379242737,-0.0837456038979899,-0.173831403463673,-7.92924660023217e-15,0.0206566241162647,-0.0355168054870899,-0.029727330029735,0.0268719312984265,1.42953920590141e-15,-0.091899433896781,-0.00895876476765661,-0.113880723244741,1.9852782289937e-15,0.0352083395417944,-0.0805664257892725,-0.0349750951092152,-4.45671372466928e-16,-0.0445707743084438,-0.021597681365324,5.92782333139233e-15,-0.053478995082287,-3.70109401983765e-16,-0.00628872697843306
0.0725426679240016,-0.0562429689865625,-0.0285156753718205,-0.11464748814139,0.0880341208752311,0.0778094773642159,-0.0463447709049947,0.0322083629960436,0.122569504000924,0.108134905983891,-0.0812052448121089,0.0514564151117883,0.0481077331373513,-0.0465025493487848,0.114735710950056,0.0833177310946516,-0.0716517167273503,-0.0385606954335855,-0.056175830646398,0.110380727335501,-0.0405968468099985,0.00612881853508687,-0.0627795331837888,-0.0599226067061368,-0.00364675488162975,-0.041172423866843,-0.107799026794988,-0.0644606654141046,0.0142946155306811,-0.10304321388117,0.02881961805687,0.00534786493456248,0.0329043184290206,0.0169799340294664,0.0578042168705169,-0.00515701547876665,0.0341835254901434,0.106354271122083,0.0782524319587697,0.0373019603214331,0.00310372629184984,-0.0125110556151647,-0.0415876134013403,-0.0690623541539121,-0.0264253740399418,0.105163576935005,0.0833786834819277,-0.0247491827562107,-0.00909316448932389,0.0561269554983861,-0.0539186410385818,0.052044569175483,-0.0158201922899839,0.0992746737866163,0.0595551693337655,-0.100803521208407,-0.0883926355663839,-0.116086048727847,0.0771516749810397,-0.000754276432295261,0.0417541856194893,0.077042967552199,0.0270952148265134,-0.0435194479054707,0.0230131673298624,-0.109108945117995,-0.0826983144501333,-0.0603041988721835,-0.0417541856194964,-0.0964899544141518,0.0550648094385482,-0.0771516749810465,0.00134877114690353,0.00130204430815924,-0.00864043569047505,0.00832943227317206,0.100803521208414,0.0184919453828457,-0.0231701980719207,-1.63213245507137e-16,-0.100803521208413,0.115986930860406,-0.0771516749810895,-0.0328868175876278,-0.0928925692293883,-0.0373237239244475,0.0417541856194889,0.0464076632953022,-0.0155739962909174,0.0689989637616354,0.0866769314470026,0.0450173459934282,-0.079552066834347,-0.043189562427582,0.110233605881306,0.109108945117996,0.100707791067573,-0.08973412750239,0.0280961534826139,0.0464840980487155,0.00246910979088021,-0.0694364388826104,0.0747862374067711,-0.0344562952577667,-0.0422993856078825,0.0244486169553838,-0.0659243664833856,0.0654054977288308,0.0472839349527763,0.0221001218636554,-0.0417541856194866,0.0315804482860331,0.0427484197572454,-0.0340047934572466,-0.10130255699138,0.0821469759266987,-0.0253916928389587,0.0341590640834858,0.0928906769294681,0.077151674981046,-0.0394236529730423,0.0312606007506468,0.0192922736327212,0.0360483463142791,0.0152077197262077,0.0376149891834131,-0.0729720248896343,0.102105862895212,-0.100803521208416,-0.0422872139568975,0.0480265919797476,-0.0821509753112832,0.00362124280644719,0.00306650654473321,-0.0166014838879571,-8.58850592791413e-16,-0.0150077169681426,-0.0494443835425103,-0.0652051208827095,-0.0581464335211754,-0.113943525813775,-0.0165200615442537,-0.100803521208416,0.0193127018624528,-0.0764008803266399,0.0674191053496993,0.0656004668221561,0.0625660162301954,-0.0771516749810434,-0.0153334723412331,0.0187969075164946,0.0277211670118776,-0.0630294414211261,0.0417541856194873,0.0565199887112096,0.108472984718098,0.0736901908702386,0.109108945117994,-0.0187589230943227,0.0477470758605717,-0.0104721255173091,0.0417541856194896,0.0885321309332267,-0.0310745921756123,0.0771516749810434,0.0364441464334278,0.100803521208418,0.0279369663551371
0.0879737417115469,-0.0781793192975069,-0.0193486219238523,-0.107686631121659,0.0957896855362719,0.0968950930171947,-0.0236756110571693,0.067073319723081,0.119004035391318,0.0461464665281236,-0.0411030644222302,0.0395115280458626,0.0826468601819922,-0.0101963403293051,0.0514231409770689,0.0486350558637499,-0.105177825147831,-0.0363503181723347,0.0421377132448579,0.130175151819243,0.0361581890640924,0.0539796781264877,-0.0248163630565056,-0.000357535884762337,-0.0670264092557638,0.0566247008850789,-0.047573536554184,-0.0613206388558324,-0.0352366090585764,-0.0790534301093683,0.0848023557431841,-0.02010238412105,-0.0281584626837049,0.0687318229743308,0.112728817630013,0.000360581035301766,-0.0651220276383658,0.0341601727708629,0.135304365839584,0.0960239549675771,0.0247968445145734,0.0382202991111225,-0.0917840568963147,-0.0425932924663632,0.0633549391221776,0.0407056972402987,0.0356088652924099,0.0573359337480778,-0.0123376860791586,0.00715225143933761,-0.0287235140283749,0.0167316189779134,0.0792603041276067,0.0374257595914313,0.0829135470049141,8.89962229783309e-15,-0.157812088800436,-0.0618269586900086,-6.29193178799041e-15,0.0519529411398136,2.88954360698125e-15,0.178342321854161,-0.0579966182050141,-0.0323156960048652,0.101919247030998,2.84082450612793e-15,-0.0616805024429985,-0.0271639235498047,-3.08610711514081e-15,-0.0977378129035221,0.0929352422648837,-3.93297773280527e-16,0.00296115399884942,0.00340619127733283,-0.00999634599496943,0.0122651521693371,1.93023909079847e-16,0.0289678086640316,-0.0330286293866145,-2.21891298408677e-16,-5.08513295118153e-17,-0.0831259256543941,3.04600593491626e-14,-0.0442435447838692,0.0345458454722341,-0.110656212334566,-1.33421517872453e-16,-0.0510987046143773,0.0955272092918678,0.0740797820866361,-0.0482448758713804,0.0855387422246039,-0.0167439728685657,-0.0338618249034705,-0.096428890244202,-2.38193395474497e-17,0.0142410271470576,0.00225734946705406,-0.0183898380616336,0.131305316449831,-0.11694228460967,-0.00149258701292522,0.0251562948607112,0.0786047074057804,0.0614408761786049,-0.129714432298541,-0.0624348324012968,-0.0968896467687791,0.0169120805537344,-0.0428983827665814,1.30136092298381e-15,-0.00141952509418409,0.05134074841779,-0.116371110355491,-0.0117768517312289,-0.00621412182736354,0.160235626257712,-0.0868249461225085,-0.00185054114159646,-2.3968466435557e-15,-0.0556464036121688,-0.00825361823288873,-0.151608883642671,0.0584469310142348,0.0481724743459537,-0.0668581310023073,-0.0213484270618799,0.0171447859198521,-1.19372552601994e-16,-0.000273842894486266,-0.0571511472366209,-0.0262866125948084,0.0155697162155482,0.083611410992724,0.023157265959222,-7.63657738883871e-16,-0.077426415904219,0.00081181553732484,0.00912539005187437,0.0456684459620793,-0.00168310376818184,0.079619043350276,4.8521612831591e-15,-0.00367759214594313,0.0685721541333673,0.036464739568193,-0.0824618084808158,-0.0700771533599596,-2.86151299809427e-15,0.0131469309944776,-0.0180965371630709,0.0240771295493685,0.0368617647865672,2.09504672696906e-15,-0.138004227804966,0.0147603841799195,-0.117269025844946,3.36175034189313e-15,0.0614984038835593,-0.103561341078559,-0.0746893245820139,-1.21976954689933e-15,-0.0627168345067356,-0.0537382363488599,6.22236492184658e-15,-0.0968800017063225,-4.30503861701694e-16,-0.00209908633319257
0.076164039143422,-0.0384217203619974,-0.0564026255609292,-0.120049870003184,0.0614921168056196,0.0663217862609117,-0.0878070462001054,-0.0227227826220799,0.105575063546688,0.112548203819224,-0.0596000635876325,0.0764984720287359,-0.0329279969800812,-0.0800443539371435,0.1011371589241,0.120102730242004,-0.0150118880566829,0.0252623149522949,-0.0575202453145825,0.0281179842159882,-0.0321149722363353,-0.0674926915781468,-0.0849244833042731,-0.0803905441233875,0.102077937710581,-0.0486730193791372,-0.0465876778120355,-0.0461466998768841,0.0109621508858671,-0.076679588277824,0.0287943735954324,0.0827632320366821,0.0435453149545215,0.00390832745089907,-0.0444588360342964,0.0361811578841094,0.0478607005631593,0.0902512108365424,-0.0530707128678748,0.0302285035818223,0.000693491664571971,-0.062441529967196,0.0295436785600152,0.0135578961976966,-0.0832319711886156,0.112643975721867,0.059027605891209,-0.0589611066651053,-0.0623020468041635,0.0804950295238438,-0.0780284906627135,0.00255268003858131,-0.067193381805547,0.0562598246055062,-0.0370518431109225,-0.10539114796863,0.0208031465937157,-0.0885130451557256,0.0545544725589956,-0.0287128666246579,0.0771516749810445,-0.0972994401072059,0.0259903532748521,0.0355029502249181,-0.0923956961075023,-0.0944911182523092,-0.0856677808712463,0.00691838261766084,0.0282394729875838,-0.0135824527714541,-0.112577091957441,-0.109108945117996,-0.00364477260371519,-0.00413709800847045,-0.0019060507186004,-0.000606772745824303,0.0282394729875831,0.0100543297805785,-0.00827237779833922,0.094491118252307,-0.0771516749810455,0.119596531868234,0.0545544725589538,-0.0633243725812156,-0.0105768763608849,-0.0147220111982774,0.105391147968629,0.116845514217802,-0.0492491919602754,-0.0664875690058867,0.0999896013344028,-0.0360151125120678,-0.0349272811801927,-0.030957824492277,0.0451628867535375,7.94489731702364e-16,-0.132600154230149,0.0332473165894836,-0.0404896665735586,-0.0203388696083519,0.0794222745867276,0.0795842853923599,-0.0422113436019653,0.0220345520719977,-0.0285699939275022,0.0553643155847831,0.0349046972802954,0.0597529840754557,-0.0779267825448726,0.00185597057250501,0.105391147968628,-0.0954009523286631,-0.0374441204703363,-0.0145990478138544,0.116219946264848,-0.0428985016857197,-0.0686966370173122,-0.012629741616723,0.0749703559767874,0.054554472558998,0.0232231525951855,0.0115232263932237,0.0137110810989072,0.0119357096610561,0.0160194324765149,-0.0244560170175877,0.109120272925362,-0.0688774019165086,0.0771516749810473,0.0118222609380151,0.0493719137458268,0.0313665406758908,0.0735972740405882,0.0157571807891993,-0.110413357374149,0.0944911182523071,-0.0197789779202286,-0.0456012738340212,0.0455009316582453,-0.0428745161619695,0.0107031321221031,-0.0261810516717485,0.0282394729875839,-0.0683476176772278,-0.0238414773701757,-0.114272240101442,0.0652859962983764,0.0828929008583033,0.109108945118,-0.00231786915012694,0.0116113699664983,0.0144742247918918,-0.0518783526495259,0.0282394729875818,0.06441576095116,-0.0798002376544527,0.0681249070490966,-0.0944911182523071,-0.0235460631903082,0.0484482107938038,0.0943850271059709,-0.0771516749810461,-0.00644418694163884,0.0637223474188693,-0.0545544725590037,0.0391397409592959,-0.105391147968633,-0.0216482393767041
0.105197732504555,-0.0798772453221019,-0.044035497617171,-0.0917312092636557,0.0713853264545316,0.112438849845598,-0.0355666827432431,0.0412839266910222,0.0982916869110069,-0.0273079765057911,0.0178188161576517,0.0795809338415061,0.0415673674556906,0.0160331968953656,-0.0281663661803507,0.0638306709027741,-0.0999194591945598,-0.000380002652071764,0.120699199436873,0.0905736051271078,0.091045652150968,-0.00328987128539722,0.00236660511328252,0.0573304870160345,-0.00981691267485263,0.122869919575759,0.0419596396877717,-0.099144421336603,-0.0477946881054708,-0.0809345080654385,0.0805059573794222,-0.007786286574005,-0.0843363113827368,0.0577569142668698,0.0688855726729074,0.0181285338803024,-0.109559394311054,-0.045935580686164,0.072155753945695,0.0891634425300837,0.00651725678608562,-0.0457014156321927,-0.0572911552397158,0.0273513567247897,0.00819463841310792,-0.0617935476070939,-0.0414743726178014,0.0940910574164041,-0.039309154880566,-0.031585487605036,0.00991283595834114,0.0133332410412773,0.0882322639728921,-0.0537868868684355,0.0984667152010567,0.100803521208422,-0.111854530661596,0.0630559460936443,-0.0771516749810459,0.0192430919310526,-0.0417541856194869,0.087930175242271,-0.02217986031138,0.0252146031912292,0.0351010997478687,0.109108945117998,0.0445769785864826,-0.0445908602153707,0.0417541856194831,0.0779322016090155,0.0619676558876173,0.0771516749810464,0.00262255881668416,0.00266553862271939,-0.0107348258154121,0.0107429989608657,-0.100803521208414,0.00896182393680003,0.00398472918618719,-1.15180981881337e-16,0.100803521208414,-0.0519097879284025,0.0771516749810648,-0.0955658923179915,0.0336173103135953,-0.0562638108020201,-0.0417541856194884,-0.0259536806096987,-0.0268723885181713,0.0154623787318239,0.124296973937425,0.0160235564631948,-0.11186519511192,-0.0535226736961641,-0.0679930225992398,-0.109108945117995,-0.147786829044735,-0.0199210568130596,-0.00644005514717941,-0.00277405538866735,0.0179893221855429,0.0993436361148411,0.0144575523743091,0.00627445757210426,0.0347210733666948,-0.000871037307194252,-0.0220608131300843,0.105525218589867,-0.073226708448047,0.0107479748914461,0.0417541856194902,-0.0505841605305749,0.0539992011441277,-0.0373181337001857,0.145050254058404,0.0247897386410508,-0.061790904073598,0.016914774028502,-0.0252778807929286,-0.0771516749810452,-0.00835663019267866,-0.0378481872385595,0.055965740667749,0.0315951958107672,0.0612545731491495,0.0263071144117422,0.0997908772418615,-0.0697149023586212,0.100803521208416,-0.0460749318245012,0.0338993124442654,0.105451756479225,-0.00131699300482192,-0.00741649568221962,-0.0270971214743073,1.07552382600606e-15,0.0723715103882529,-0.092041405956168,0.0859124145095628,0.00435573664776166,0.0482807588738094,0.0287389186863234,0.100803521208418,-0.0707500495233758,0.0487612876935817,-0.0661297807548422,0.0704131117643892,0.00118432790519908,0.0771516749810462,0.0134105034618896,-0.0106194695983426,0.0704345318132917,-0.00751894545109849,-0.0417541856194901,0.0272768803071799,-0.0595649871810154,0.0779393928732747,-0.109108945117998,-0.00175037440229395,0.0359419735679931,0.0646742615074223,-0.0417541856194882,0.00932338064292718,0.0541312615301395,-0.0771516749810493,0.0561048293361481,-0.100803521208415,0.0230511221560022
0.109809630054287,-0.0572311373451105,-0.0793386642465377,-0.0964137926085181,0.0483480693080885,0.0979771842846309,-0.0716399602054698,-0.0273368247777096,0.0834536141526607,-0.027396206076848,0.0174863578155781,0.110541569694249,-0.0295304363452731,0.0162373008904113,-0.0283401658166127,0.0963170758302191,-0.0308467548972016,0.00198225643916812,0.125820473094735,0.0173030793302849,0.0660209951512037,-0.0914467608338126,-0.0141577578027488,0.0926917883993096,0.0854166540774163,0.106165745375867,0.04682538925174,-0.0777587402776678,0.0268981417876525,-0.0562943656214761,0.0827601086049876,-0.0111268455505791,-0.115705888374162,0.0346134306783386,-0.0465399041528515,0.0731480040041201,-0.0347152815184969,-0.0659430940664511,-0.0456644618527699,0.0757527754405824,-0.078795812478755,-0.0987521104211218,0.0410070838213558,0.043034193223694,-0.0441966431566908,-0.0614338302045086,-0.0301706258835949,0.0591688364327151,-0.104054267223277,-0.0586907320261769,0.0391936244328944,-0.0195623773355749,-0.0160509457084924,-0.101867580885762,0.0189842430438974,0.10539114796863,0.0176142224471942,0.0679992184415862,-0.0545544725589949,0.00728230096586003,-0.0771516749810476,-0.115315508842889,-0.0195735799089389,0.00114061595093572,-0.0638325573985664,0.0944911182523067,0.0801793569454807,-0.0330151466073027,-0.0282394729875877,0.082256507587665,-0.00179816632277658,0.109108945117996,0.00414428773765585,0.00315933757314385,-0.00155015375608308,-0.00162957133317379,-0.028239472987583,-0.0238562715143142,0.0236606949830502,-0.0944911182523067,0.0771516749810458,0.0258004928624535,-0.0545544725590068,0.0973647088246349,-0.0272344140579594,0.0784246728347481,-0.105391147968629,-0.0116296652855726,0.0253463823707421,-0.0127498602533259,0.139757655060618,-0.00110115092072199,-0.0520447788242125,0.0702857730033152,0.0309512071238753,8.252223142264e-16,0.0583665074016327,-0.139016853497805,-0.0100493767848868,0.00143843696255444,0.101768888509823,-0.0609041021584389,0.0756265511033345,0.00511067006973732,-0.0120642700323699,-0.0345705794259581,-0.0210963269629458,0.0856377898849128,0.0150469476678058,0.0853513087322218,-0.105391147968628,0.0642509567388275,-0.0405707028400141,-0.0145030937897096,-0.0777535093592994,0.11078007334378,-0.091816493399593,0.0334492709863626,-0.0109231119026963,-0.0545544725589975,0.0237662916995823,0.0239979679965458,0.025911438086533,0.0230576480384425,-0.022349488851471,0.11461718064935,-0.0637320769329389,0.0637341062411565,-0.0771516749810469,-0.0276672598449412,0.091786764114042,-0.0262014942469426,-0.0578991169114776,-0.0866283524080299,0.043385507003883,-0.0944911182523066,0.0692851171739047,-0.0238241041322604,-0.0632846670345523,-0.016344609288776,-0.0427558611550855,-0.0773886652699582,-0.0282394729875901,0.071149757644411,-0.0370246789828112,0.0637121602434186,0.0678896908822963,-0.0317480451753106,-0.109108945117998,-0.00762342543365844,0.000772566178109277,-0.0292921075496311,-0.0153550758229614,-0.028239472987584,0.0817330038900448,0.0711668118078876,0.0414890763226078,0.0944911182523085,-0.0321421863910733,0.0404035571360414,-0.00748941506505539,0.0771516749810466,0.0742960492731783,-0.010491321351216,0.0545544725589941,0.0542678066858037,0.105391147968627,0.0110593483612952
0.115825987691379,-0.0748066928067997,-0.0687613104107017,-0.0506024929409829,0.0327137557248674,0.120841463836755,-0.0300817144778735,0.00832693680115228,0.0529833112601278,-0.087806828682589,0.0568542972720097,0.119075968694568,0.00369112126503081,0.0523578727494563,-0.0924425957084064,0.0524363489868818,-0.0867130592570563,0.00566148008852696,0.0834864845245369,0.0383570604569174,0.054106022857098,-0.0671379658315815,0.0615404836216519,0.0835759933088054,0.0296664363951939,0.0764647916308293,0.0847584702325333,-0.135225994741188,-0.0152350253110136,-0.0588907638427125,-0.0388491784226679,-0.0461560507360503,-0.0725741368192154,-0.0307264609281806,0.0186102578210943,-0.0236031941281758,-0.069590489050072,-0.123501566171652,0.00518068964058243,-0.0356249355554137,-0.016437380674072,-0.131105165266829,-0.000623682087412357,0.0451535807229614,-0.0698788421401299,-0.0577708931472544,-0.0310267372376849,0.0817503442384262,0.0238179830235227,-0.100566629666632,0.0145672543828895,0.0525383111619209,0.067399095600067,-0.131240003050489,0.110944744955498,4.34410366344975e-15,-0.00218423302117384,0.0748674094300113,2.87634963294467e-15,-0.0454708299854634,-1.05932409654873e-15,-0.00128343695366937,0.0815392333924242,0.0242571673438568,-0.0465518827121503,-2.49693482709167e-16,0.0899502480470084,-0.102658359656508,-1.30556279722934e-14,0.158014490502546,0.0561229163588499,-4.72898001840808e-17,0.00419741201208016,0.00437834730767497,-0.00285959755507508,0.00198037591337567,3.08146368863973e-17,-0.0127082010511796,0.0323840345739382,5.8386149478448e-17,2.97694613424074e-16,0.111553562245789,-4.18351543678666e-14,-0.0800313231006941,-0.088120155960553,0.0483976224614544,4.76807434977093e-16,0.0227837434376822,-0.163499435725098,0.00622603577697057,0.0404036738823733,-0.0268034185944923,-0.0293443426035268,-0.0497194599155805,0.112084641888926,-5.76573737335642e-16,0.00346363550518327,0.0294571971762163,0.0382308324998087,-0.134236821180907,0.0221896565233319,-0.0449487876751901,0.00501874567162489,-0.139118801693981,-0.0539382870434197,0.16301208021866,0.0101111306795836,0.0565609353786068,-0.0529622166840726,-0.0538640259658991,-2.86132962794847e-16,0.0137194207928367,0.0198612023945679,0.0620466432211079,-0.0291104037704632,-0.029100396094842,-0.0455007134146524,0.0483183482644335,-0.0189729250837743,1.28095277532078e-15,-0.0494843895282127,0.107396664382159,0.0747765750272849,-0.0319476870665203,-0.0115919143145111,-0.0665157363213928,0.0408606603192666,-0.0054787878275833,-3.87965827397439e-16,-0.00619711489670322,-0.0222453673820207,-0.116777633286384,0.129409010696634,0.0686054955101868,0.028386651386042,-4.06243680149995e-16,-0.104845925764084,0.0260066774355064,-0.0335908516488861,-0.106844508972184,0.0308028779411421,0.0135001690370513,2.2996726517292e-15,-0.0495400458657328,-0.0978233230395342,0.018528894441107,-0.0464753039097592,0.139401962105434,6.54144839076499e-15,-0.0165653263731682,0.0284822665753378,-0.0164974235452495,0.0603806815400587,2.080267087162e-15,-0.0510003381752449,-0.0201301617074268,-0.0631990334526614,-7.22710403318553e-17,0.0195391543460123,-0.0447109931649699,-0.0785883253484848,-8.5445038283156e-16,-0.100149620792969,-0.0485295495154743,8.07029512847781e-15,-0.120166211177209,3.33492850173296e-15,-0.0341104705172972
0.116646555852769,-0.0890870532306656,-0.0480043966864183,-0.000469478957435712,-0.00176936810458861,0.124797431809145,-0.00359278085498698,0.0474412087258984,3.19881413193336e-06,-0.119687238579081,0.0913725870647092,0.0867192129955464,-0.0067138871289305,0.0490899775583567,-0.12744193740959,0.00670714811103487,-0.112017198720811,0.0482952862728288,0.00306711277400592,-0.00461784546432154,9.69148949340178e-05,8.93089192537818e-05,0.0769714306580326,0.042906248378058,0.0154871773175003,-0.0168464882599279,0.111137344449752,-0.108195347707143,0.00869895682497017,-0.00381926665114295,-0.128964086901161,-0.00234761544382646,0.00577210787688568,-0.099181824452142,0.0809672368282144,-0.0500270666696573,0.0181747177501103,-0.107129282803539,-0.021126497341877,-0.133132626839654,-0.0074870880337954,-0.0422176333357904,0.0537937673670104,0.0709404891765955,-0.0660300640394267,-0.00275238293984933,0.00384714056983579,-0.0213548713642715,0.0719415530248399,-0.0524605455228836,-0.0160465754992828,0.063821552469805,-0.0292377552917608,-0.0939440231103431,0.105468718444612,-0.100803521208412,0.0920568233857055,-0.00109620932507358,0.0771516749810481,-0.0445979942481191,0.0417541856194878,-0.0587506798099924,0.0986615837885986,0.000852565406019692,0.0383907194311326,-0.109108945117997,-0.00105625105944818,-0.0625969867877486,-0.0417541856194961,0.0195547037573419,0.0742003473044342,-0.077151674981046,-0.00313730045246843,-0.00310288503048569,0.00855140753222776,-0.00913018121696402,0.100803521208414,0.0154165147110799,-0.00711620352846757,9.4773826349445e-18,-0.100803521208414,0.00999062256611733,-0.0771516749810507,-0.0912739060345583,-0.0143820928083161,-0.0617306928551148,0.0417541856194887,-0.000159882705542153,-0.0284810628041209,0.0895881868981515,-0.12310633164307,0.0451138499595255,0.108010940592279,-0.062143015295213,-0.00546760072559771,0.109108945117995,-0.0435650588029213,0.122951979231046,0.0650981917538163,0.0184627501264504,-0.0359724579295816,0.0314542643083283,-0.10128024894522,-0.0103027697040802,0.0090191413779099,0.0101821404717711,-0.0692214065307175,-0.119256379362562,-0.0183243451303789,-0.0335230772731274,-0.0417541856194898,-0.0265107254687432,-0.0443051128812883,0.0225785647442662,0.0458254043216273,-0.116192870538836,0.0930886516461505,0.0235453543482587,0.0210689538833351,0.0771516749810475,0.0537980710436937,-0.0179771722432104,-0.0909904019190926,-0.00603688502519585,-0.110234412450364,-0.0615044713803195,0.0356148678458335,-0.0104656270016155,-0.100803521208414,0.0783009514036662,0.0103698647679905,0.0439192808376477,-0.00378473994181948,0.000291973474489601,-0.0291185596415517,1.46574482769884e-16,-0.0214488412637671,0.117719461352203,0.0336316627193269,0.0700901651559147,-0.0119914771105113,-0.0943438864154898,-0.10080352120842,0.0151807700134211,0.0682098663367731,-0.0230276420699793,-0.0400088693156039,-0.0786757985269512,-0.0771516749810498,0.0116782593121226,-0.0175459992739791,-0.108313139462604,-0.034080466434244,0.041754185619488,0.0405549067827178,0.000507608783813566,-0.0423430904246238,0.109108945117996,-0.0298693558258959,0.00527637624286076,0.0472041965368728,0.0417541856194885,0.0468772756836434,0.0295804067612814,0.0771516749810418,0.0612117508087732,0.100803521208418,0.0308808751856081
0.109701461577007,-0.0974880165965062,-0.0241273368990841,0.047925059463601,-0.0426304205778431,0.120826204692732,0.0105366381688529,0.0836390616483033,-0.0529617781996928,-0.0831530594110837,0.0740651628396253,0.0492700695849266,-0.0367813130325016,0.0183731704064817,-0.0926612982201944,-0.0216446361076211,-0.131154602722701,0.065501010023247,-0.0759295355964438,-0.0579333927214495,-0.0651548053329458,0.0673115576389692,0.0447175410569515,0.000644257402658486,0.0298295583746465,-0.10203418530347,0.0857245507426707,-0.0764655859401512,0.0634941755444519,0.0351820862007717,-0.0377405988033341,0.0362232445273409,0.0507397964920115,-0.030588538881535,0.140570536335815,-0.00016047365748529,0.117345839033685,-0.061554504377444,-0.0602161077099768,-0.0427346802831306,-0.0446823698597006,0.0476599334394149,0.0408477481257907,0.0767504609873086,-0.0281956004484225,0.0507591742137557,0.0444035287311443,-0.103315782638273,0.00549078685838269,-0.0128879117645081,-0.0358176361404758,-0.0074462709631238,-0.142822132958926,-0.0674388884989889,0.103391501986961,5.4224968704595e-15,0.0702329867789406,-0.0770969564463266,6.69165813568702e-17,-0.0231212339684182,2.84972808522014e-16,-0.0793698000458536,0.0258109232985755,-0.0402970137979902,0.127091222273895,1.46438956845967e-16,-0.076914328493464,-0.0338728586235477,-3.43753261862848e-15,-0.121877059202646,0.115888351570851,-3.05821741309106e-16,-0.00533581513205599,-0.00613774459799574,0.00444879249390178,-0.00545850623167426,-2.05958460192621e-17,0.036122266568437,-0.0411860271838517,-4.06561496735798e-16,-9.34161312440007e-18,-0.103656333831164,3.75843170997137e-14,-0.0551707979416457,0.0430779646970518,-0.137986039805832,3.42129179502696e-16,-0.0637190424305123,0.119120481587021,-0.0329686045943861,0.021470989675003,-0.038068321618535,0.00745176896170798,-0.0422250049992787,-0.12024485934363,-7.11118419327848e-16,-0.025661444212905,-0.00406760318758122,0.00818424788156339,0.163735051472599,0.0520442127806658,0.00268954886257083,-0.0453300770025373,0.0980184668911892,0.0766155194292524,-0.16175125138407,0.0277861144346856,0.0431199493793749,-0.0304745161407577,0.0773002147121052,1.95660551969133e-16,-0.00177011883941409,-0.0228487825758861,0.0517900163236752,0.0212211535434831,0.0111974606156116,-0.0713115624158829,0.0386407362037748,-0.00230758705942747,1.92437438966051e-15,0.1002713545306,0.0148725061507634,0.0674723007684835,-0.0260113313523358,-0.0214387679648958,0.12047418919844,0.0384685363228793,0.0213791983521586,1.49351549744025e-16,0.000493447845257199,0.0254346533195276,0.0473668391810483,-0.0280556591845689,-0.150662556611676,0.028876638329014,2.33625799328603e-15,0.139517580565931,-0.000361291903138671,-0.01644338468841,-0.0822916961146346,-0.0020987960698648,-0.0354338077740234,-1.70297022273787e-15,0.00662679206467496,-0.123562752158342,0.0454707864964044,0.0366989572777552,0.126274667057093,5.65381729946153e-15,-0.023689951068971,0.0326088332015328,-0.0107153307086265,0.0459658688458779,-6.09209711237173e-16,0.0614176593221607,0.0184058980153953,0.0521896263103288,-9.56964207723421e-16,-0.0273693645379839,0.0460891326771386,-0.0931360643692039,-3.74729836091347e-16,-0.078206613439624,-0.0670104846667778,9.47760407202772e-15,-0.120807386135898,-2.20089366672637e-15,0.00483378430757958
0.121956672343461,-0.0629950828983935,-0.0887261986024607,0.000317434571184593,0.00216784011214724,0.108087572966604,0.00275069937528895,-0.0320350209886335,0.00272112210723497,-0.125141567246923,0.0646158672036727,0.122692478997052,0.00702008783384905,0.0908026545800744,-0.110388368871616,-4.86308388535584e-06,-0.031418095480828,-0.0326016608189966,0.00190147798110305,0.0117871904769259,0.00340782720499157,-0.103371681860144,0.11375606136143,0.0488053071036937,-0.00799139157584513,0.00177671867164154,0.0321077534627541,-0.0828948816285207,-0.028596921090644,-0.0116795523281131,-0.134074607676422,-0.0970291288646986,0.00991180409789554,-0.0707331100312613,-0.0571081487948358,-0.0991658793334081,-0.0404157896354914,-0.0759457628167879,0.00697699421517582,-0.115745060038988,0.0428636069484572,-0.106982138968912,-0.0389062117029195,-0.0407885955151515,-0.0506698739843304,0.000865178668343134,0.00207479257531743,0.0406870704795118,0.121543406976214,-0.0678047610007813,-0.00329509879923688,0.0485560333622113,0.0926963794649384,-0.0136226113831663,-0.00126544058507683,-0.105391147968632,-0.00209282370347205,0.0151391283228067,0.0545544725589981,-0.0681019796125233,0.0771516749810441,0.0837840635604101,0.0908144331599706,0.0167150022576156,-0.0923096897336082,-0.0944911182523079,0.0261731027482772,-0.0233971219944317,0.0282394729875801,0.0599198372978237,-0.0515435367183989,-0.109108945117996,0.0022450509152981,0.00340557675691334,4.85791563399163e-05,0.00256824684068418,0.0282394729875831,-0.0146566466567751,0.015292849694823,0.0944911182523073,-0.0771516749810459,0.0739158527673023,0.0545544725589711,0.0498984370841854,-0.0265474571579402,0.0563397932012215,0.105391147968629,0.0426748784574224,-0.00159173189396311,-0.0911577836141533,-0.133857564552054,-0.0624227266352745,0.0540067705303305,0.0425872856230222,0.0449203164424721,-1.034430709136e-15,0.132958719850711,0.0356898076803817,-0.0503791134433426,-0.00789811164087516,-0.0855586231332979,-0.0654407538903955,0.0106671149806466,0.0139047373969158,-0.0223896368576457,-0.00308401376675801,0.110299107585301,-0.0847552103463494,0.0888226824454431,-0.0496807603142606,0.105391147968627,0.00906784874543684,0.023689568130472,0.00628158077366426,-0.101773960220132,-0.00798474594323493,0.0825227253893655,-0.0979178376782194,0.0246052916348065,0.0545544725589943,-0.0421480944684587,-0.0276870957746247,-0.0335159584526292,-0.0303026592102101,0.07908486548838,-0.0331115820691847,-0.100702120321258,0.0204574572466873,0.0771516749810451,0.000612052583995464,-0.117277872387934,-0.0245727041568302,-0.0596427138471165,0.0284262255819463,-0.0143460915548593,0.0944911182523055,-0.0137863571593859,-0.0286383800603239,-0.0216183931206892,0.0625342210138285,-0.0295241965749569,0.126714127450136,0.0282394729875898,0.0457429486053725,0.0502769826925383,0.000237254343538067,-0.034905450365541,-0.0857469208153694,0.109108945117992,0.00712101749306396,-0.0149078834025581,0.0919004200629556,-0.0354018537059501,0.0282394729875834,-0.0675792022530146,0.0215569051000559,0.0295317324859864,-0.094491118252306,0.029794297447365,-0.00348530954073172,0.0359992442064521,-0.0771516749810451,0.0567128725396938,0.019945726033077,-0.0545544725590022,0.0609382254468418,-0.105391147968637,0.00322959533168905
0.104992098238216,-0.0806520776658891,-0.0424654362566311,0.0923166399479518,-0.0691789605166824,0.112438351862833,0.0400468071900322,0.0442021775443697,-0.0982956757669848,-0.025957855716749,0.0228458106656258,0.0766816884744531,-0.0331952871442286,0.00581389841299274,-0.0285506316948266,-0.0721943477962992,-0.101928558239626,0.0218734270663072,-0.119334205838831,-0.0848152460199796,-0.091002520965098,0.0034508003971455,0.0318889041626752,-0.038235410092741,-0.00949528155922897,-0.130367312178721,0.00750113168099215,-0.0958168585354219,0.0516660880997472,0.0856970556805679,0.0803096285983712,0.00674149941170879,0.086905141054053,0.0659207978844391,0.0770123467316978,0.044254197890574,0.11764790464735,-0.00174143544087,-0.0458114426623917,0.0768502277282897,-0.00984932442987129,-0.0303721309917969,-0.00978857547417913,0.00422013108899849,0.0741435046762175,0.056833924924387,0.0484066803855437,-0.103594869257381,-0.0504004944011653,0.00823834843380779,-0.0388277658809434,-0.0929174152486958,-0.10124428920152,0.0119778633441699,0.0915813485112746,0.10080352120842,-0.00293845048339301,-0.0650312470428271,-0.0771516749810478,0.0363696972630595,-0.0417541856194883,-0.0146692758146767,-0.100849122343466,-0.0236783334138863,0.0340765862997847,0.109108945117997,-0.0464802772289876,-0.0682050124251704,0.0417541856194803,-0.0426958429961772,0.0717367499300666,0.077151674981046,-0.00401878887025436,-0.00404645237260071,7.13950396478683e-05,0.000642150794933021,-0.100803521208414,0.0188177756756823,-0.0168076848597983,-3.85437322068269e-16,0.100803521208414,0.0699122677345795,0.0771516749810199,-0.068904003259986,-0.0595329460647486,-0.0549710541109893,-0.0417541856194881,0.0256655819292798,-0.0244487133043642,-0.127177020527853,0.0292141107099653,-0.0722796072078942,-0.0228222447849836,-0.0584551705809915,0.0581407465274698,-0.109108945117998,0.128398553899359,0.0746398353135984,-0.0747360622087161,0.0360427815482541,0.0268675991482349,-0.0853451715732439,-0.0595315035475452,-0.0248394070851997,-0.0184691421732753,0.0192186204545458,0.108378495214523,0.0431850540884426,0.0650716076629637,-0.0256671478192601,0.0417541856194879,0.00281348390488305,0.0012483709592398,0.00916312398287546,-0.124656030521257,-0.0765004307837842,-0.054288745866713,-0.0462753506630736,0.0632428238492462,-0.077151674981047,0.0322990242200577,0.0298475929236563,0.0574974346594181,-0.0240673233143622,0.0762054908042312,-0.0536791792398192,-0.0839407699302914,0.0508564941355584,0.100803521208412,0.0809221334965266,-0.0468303223032769,-0.0859058376978631,-0.000367374728449273,0.00754643610268807,-0.0253727099560897,-2.78110274894982e-15,-0.081917142768848,-0.0547523613106208,-0.0709449165119026,0.0268373213755326,-0.0698886539872793,0.0889059834092254,0.100803521208418,0.0775061277665081,-0.0184050413689928,0.0246354035423393,-0.0205228677600327,-0.036198352241158,0.0771516749810444,-0.00821318912365552,0.00281076530706019,0.0646297439111829,-0.0538919330705904,-0.0417541856194885,-0.0778480218958918,0.0604796666035922,-0.0251384227554038,-0.109108945117995,0.0389968518933642,-0.0425215071243823,0.020384761520718,-0.0417541856194869,0.0751465513631604,-0.000829210346526349,-0.0771516749810499,0.0541949343208309,-0.100803521208411,-0.0188890996749277
0.109948699974582,-0.0562820796996588,-0.0805404211697512,0.0960179581727364,-0.0510513217120935,0.0967898922154503,0.0682098941885202,-0.0303882884090069,-0.0868467979196067,-0.028297030764238,0.0112704084215241,0.110542638109976,0.0207765300001935,0.0241736821153288,-0.0207872800618417,-0.0963110116637656,-0.0257666969368277,-0.016491360467109,-0.124974235782229,-0.0320014654401447,-0.0645043693663771,-0.0948225735235913,0.0647839678374215,-0.0709713833618336,-0.0754515517770138,-0.105375031179487,-0.0325360946762001,-0.0716126750338403,-0.0396249689663819,0.0708585291551839,0.0844281925439084,-0.0320551792013362,0.120117056184271,0.0535893148381458,-0.056365424182521,0.0505098249093486,0.0167285630059596,0.032144049922415,0.0369642923711757,0.0685789536590886,0.0978719121805777,-0.0940230428441788,0.00750816862981687,-0.0611868259612877,0.107380942538085,0.0629928282952043,0.0339092729190408,-0.0410613865865978,-0.0475078822423762,0.0285147745370069,-0.0451311873024464,-0.0409860059045326,0.0573047155743114,0.0958049484699553,-0.021264488186589,0.105391147968627,-0.0150045139747844,-0.0407194518295299,-0.0545544725590008,0.0776394785837383,-0.077151674981046,0.0108384904664913,-0.0936701659647076,0.0289787773711355,-0.102503755912859,0.0944911182523068,-0.0330170554402621,-0.00914501042367941,-0.0282394729875858,0.0257153083625671,-0.0910800775269488,0.109108945117997,-0.0031451460847521,-0.00164371333192074,0.00148957653896132,-0.00157298009447157,-0.0282394729875832,-0.00255409317689004,0.00389606797004621,-0.0944911182523071,0.0771516749810462,0.107391271513068,-0.0545544725590372,-0.00745083208495677,-0.0206024507845957,0.0230961265619728,-0.10539114796863,0.088527139148886,-0.0282145841357568,0.126421757140266,0.027159997739087,0.0789410178433409,-0.0153005624897632,0.00645386402630059,0.0499924061781038,-1.3986875115911e-15,0.000805689635999544,0.154900312173323,0.0728711037021016,-0.015670342369859,0.00492096945954815,0.0317802268094477,-0.0708792383271068,0.0199448009522172,-0.0282804615123889,0.0290133786418941,-0.116444410504165,0.0200502287257573,0.0244828648407373,-0.107461327101801,-0.105391147968626,-0.0479112579018501,0.0110302945604421,0.00667009068584412,0.0324598359980658,-0.114333619593164,-0.0110876620041224,0.088652275438503,0.0552603153999036,-0.0545544725589958,-0.0425239583907845,-0.0363198848171612,0.0158822785029374,0.0147291499350902,-0.0762677253752783,-0.129353220982963,0.0189154172024039,-0.0268710420497414,-0.0771516749810455,0.0279396488701832,0.0544563507211012,0.0152656120893721,0.0313556121335807,0.0992792129387242,-0.0692362707378916,-0.0944911182523072,-0.0754206233158243,0.0595355799509865,0.053663576978843,0.044174955817232,-0.0104449027726519,-0.080621267163216,-0.0282394729875874,-0.0507922303532487,0.0594000412733076,-0.0632846426888164,-0.0243633062178931,-0.00641292463210673,-0.109108945117997,0.0107925763602105,-0.00740719845421014,-0.0853058418419379,-0.0484368602872365,-0.0282394729875836,0.00253688295496187,-0.0323226110409312,-0.0783145443950733,0.0944911182523071,-0.00501069483288118,-0.036057447226105,0.0723578116611148,0.0771516749810444,0.0278970158619812,0.0464322777582401,0.0545544725589925,0.0555390812998646,0.105391147968632,0.0101285077392404
0.0928852303165833,-0.0599903098525331,-0.0551422895817318,0.113702769535645,-0.073507141874813,0.0969073299005813,0.067592998876628,0.0066776848445084,-0.11905241973892,0.0487291136302042,-0.031551754615229,0.0954915127236844,-0.00829387419733723,-0.0290564272611087,0.0513017702396236,-0.1178234066669,-0.0695384744053227,-0.00314188441477958,-0.046331503506274,-0.0861875325052417,-0.0300265773794559,-0.0538404683055169,-0.0341523918384265,-0.0463811771340019,-0.0666598774949531,-0.0424347579338854,-0.0470374023188326,-0.108442828044704,0.00845480118890343,0.132326345201915,0.0872933115369026,0.0256146757009989,0.0402756074070439,0.0690417310000432,0.014924268019793,0.0530358957885969,0.0386198078142767,0.0685381984724837,-0.0116409039556038,0.0800485035767609,0.00912205807529862,-0.1051381793864,0.00140140092927734,-0.0250583468150707,0.157016333020263,-0.0463286592459356,-0.0248815114098071,-0.0453680183360486,-0.0535185220555216,0.0558102689501127,0.0116820309967037,-0.118052513594591,-0.0374036761986093,0.0728327069480276,0.0889707775690736,4.31237932623321e-15,0.0049079270483479,0.060039000803873,9.4359651490591e-16,0.102172027541443,-5.73829199798795e-17,0.00288385665755239,-0.183216994335539,0.0194527378567663,-0.0373317114196363,2.26026902040811e-16,0.0721344982539009,-0.0823256125043794,-1.07428012866263e-14,0.126717782737967,0.0450070844715802,5.71406973793971e-16,-0.00232938792982642,-0.00242979944349801,0.00642545738109468,-0.00444986428504856,-2.1562480381565e-16,-0.0101911859771356,0.0259699793624498,9.28441292844308e-18,2.17186111021065e-17,0.0894590111283515,-3.37550446487297e-14,-0.0641801380408359,-0.070666878349775,0.0388118797750762,2.11701856638747e-16,0.0182711436255734,-0.131116367290759,-0.013989775402901,-0.0907862311289177,0.0602267348917269,0.0659361393146277,-0.039871911110137,0.0898849039349012,1.42862115876767e-15,-0.00192217269018812,-0.0163475111214423,-0.0859039008602148,-0.107649572439451,-0.0498597056214383,0.0249446952478089,-0.00278519372335607,-0.111564616838355,-0.0432551477847926,0.130725538519388,-0.0227195044075466,-0.127091268162905,0.0293918128421926,0.0298922792367415,-1.74598260902722e-15,0.0110021212471605,-0.0446277166858983,-0.139417541796966,0.0161550553007664,0.0161495014597947,0.102239174997318,-0.108570343035506,-0.0152151045832606,-3.33926528046787e-15,0.0274617643800639,-0.0596006522579409,-0.168021438922165,0.0717858012244235,0.0260467950327457,0.0369134487833362,-0.022675955726637,-0.00439364670540714,2.57224824856947e-16,0.00343913930740485,0.049984886784651,0.0648066972382053,-0.0718165828514785,-0.0380731776392606,0.0227643269396051,8.22720886994768e-16,0.0581850991190062,-0.0584364737580487,0.0186415162862995,0.059294229122995,0.024701990192394,-0.0303346044729924,-2.69506600195846e-15,0.0274926513171699,0.0542878486285987,0.014859019655068,0.104429059961798,-0.0773622524993451,-3.0691825292816e-15,0.0091930625814703,-0.0158064654562632,0.0370693742200601,0.0484215470405893,-8.8308828601816e-16,0.114596719662468,-0.0161431363010372,0.142006939142787,-1.5009566894698e-15,-0.043904081289377,0.100464689703639,-0.0630229436906574,-6.4773545839011e-17,-0.0803137601404271,-0.0389176770580689,8.74598097744174e-15,-0.0963658193116952,-5.40819599899612e-15,0.0087605919356872
0.0729132080682923,-0.0548467693473698,-0.031344828184906,0.114856425933552,-0.0872466779889617,0.0778103746981107,0.0479437088076958,0.0269498566608573,-0.122570927607139,0.107534045706029,-0.0834424678379269,0.0566806747440637,-0.0451197722685207,-0.041954533663435,0.11490672519235,-0.0863026928183815,-0.0680314453430829,-0.0484644033629203,0.0506490843989487,-0.108325592764326,0.0404222122036554,-0.00601745213434527,-0.0759181922978058,-0.0173917813481015,-0.00324568744044181,0.0715287467781946,-0.092463548026168,-0.0704567263938157,-0.0299695940957316,0.104742947445649,0.0285748000712689,-0.00111760807714905,-0.0433052974275173,0.0271601303876988,0.0431602760236262,0.0274211546756204,-0.0669332352416709,0.0866860261713274,-0.0688502561192832,0.0219476326074058,0.010387540167545,-0.0401334720717104,0.0176471346902061,-0.0587679902898514,0.0558115170784376,-0.108595742322623,-0.0785813776586965,0.0632293313107415,-0.0229238386493864,0.0384036811202105,0.0339088886814592,-0.0804478320997209,0.068504806860395,0.0700066065091946,0.0719621713969324,-0.100803521208415,0.0474234949326946,0.114719098058074,0.0771516749810494,0.020602251097638,0.0417541856194893,-0.0508964552684216,-0.0710037503670109,0.044582579577604,0.0248592767727989,-0.109108945117997,0.0813811909225962,-0.0177529669063075,-0.0417541856194906,0.120874271156294,0.0374615102388326,-0.0771516749810462,0.00430444892695561,0.00428916131812949,0.00483470130905114,-0.00426611936999349,0.100803521208414,0.000732134022281983,0.014296437416019,1.14294608049101e-16,-0.100803521208414,-0.103528828292039,-0.0771516749810087,-0.0809298815890905,0.0749583928386463,-0.0396531909892281,0.0417541856194898,-0.0466070337681004,-0.0199413081179966,-0.108869457801698,-0.0318894596606967,-0.0650948980481451,0.0314826760781647,-0.0343015101590595,-0.117051592467397,0.109108945117997,-0.0222062676480302,-0.131817683565921,-0.057067574338466,-0.023461425212499,0.0135401400795078,0.0127578130734511,0.107714465059326,0.0216089515749691,0.0535460709491824,-0.0117516954649007,0.0967307905453549,-0.0123314158968195,-0.0142646059784485,0.0383063760950947,-0.0417541856194918,-0.06463878222531,-0.0230307895624786,0.0239563868286691,0.0187280316857258,0.127225342128714,-0.0160366545711109,-0.0446377325633002,-0.0666181211652803,0.0771516749810446,-0.0575171213540969,0.00113314429745448,0.0212022647994697,-0.0333616797262912,0.0338512090989545,0.0732122387175135,0.00879625056252613,-0.115156286306342,-0.100803521208411,-0.0988062251267917,-0.0526416159660808,0.00301116584051973,0.00319862291492532,-0.00359262456627195,-0.0197087660746897,5.77696754613879e-16,0.0536571934306197,-0.00294570542735336,0.00460295871085986,-0.0681516799820612,0.0989903984385216,0.058507040980755,-0.100803521208409,-0.0466675042082212,-0.0465090517797954,-0.0961341053326706,-0.0477948448888674,0.0792028740301091,-0.0771516749810422,-0.00571002380179341,0.0128198906876893,0.0204827148940396,0.0205317948924467,0.0417541856194909,-0.0745686201788122,-0.107840006918016,-0.0548457428144725,0.109108945117997,0.0320520370044247,-0.0500952841995001,0.0693347958086608,0.0417541856194867,-0.0300771242778838,0.0679607560765949,0.0771516749810423,0.0398856583329529,0.100803521208418,-0.0103948508017274
0.048821743372977,-0.0433862490052064,-0.0107376750813258,0.0863579731381537,-0.0768173635324284,0.0537727198292418,0.0189863659249806,0.0372228842264219,-0.0954338266933518,0.103690169072327,-0.0923577474070348,0.0219272438002557,-0.0662776359257185,-0.0229109687525115,0.115546748934543,-0.0390022865801442,-0.0583692893810568,-0.0816784235218841,0.0946825822085161,-0.104392366507963,0.0812467133343698,0.0299564613437527,-0.0557618616264163,-0.000803375840659179,0.0537510068777277,0.127234547955337,-0.106896766313957,-0.0340303871978365,-0.0791759418587885,0.0633959287495133,-0.0680062091556169,-0.0451696471060456,-0.0632714913223129,-0.0551186424937727,0.0625597740643711,-0.000289163539023002,-0.146327867856105,0.0767572114756251,-0.108505676785917,-0.0770052330297191,0.0557180038608081,0.021210665802422,0.0736050987704538,-0.0957062594270885,-0.0508067164316939,0.022589957705791,0.0197614293684348,0.128832673692029,0.00989405603941388,0.0160709631048528,-0.015940347692174,-0.0134177166394992,0.178096286759185,0.084094918455596,0.0460135471706042,-8.92389703515786e-15,0.126555469175256,-0.0343113735072503,4.92308900392198e-16,-0.0416630239860675,-6.95131773580667e-16,-0.143019437785905,0.0465096766876668,-0.0179338582919544,0.0565609149560736,-8.17168803937882e-17,-0.0342300964219768,-0.0150748402733638,-1.28813915117646e-15,-0.0542403940832438,0.0515751684524068,-5.01187839886571e-16,0.00665365263888094,0.00765364232652791,0.00801644707352722,-0.00983588835997976,-3.15400063680943e-16,0.0160759209868551,-0.0183295064698018,-1.00084666402462e-16,-2.24201583456707e-16,-0.0461314084291962,1.6868901540553e-14,-0.0245533149701804,0.0191714978746501,-0.0614095649010533,9.26532584298562e-16,-0.0283576416648793,0.0530136016321445,-0.059407372715464,0.0386893865204733,-0.0685967452631929,0.0134276236905981,-0.0187918950974985,-0.0535139968091798,-9.34177892568005e-16,0.0319992975354256,0.0050722182109303,0.0147475050969668,0.0728689531501334,0.0937804309397302,-0.00335381257482224,0.0565256814571153,0.0436223215951833,0.0340971138778918,-0.0719860790531721,0.0500688481312498,0.0776994639526804,0.0380011000606932,-0.0963917911089766,-3.15403190290222e-17,-0.000787776994719322,-0.0411720835406883,0.0933223847515775,-0.026462345636083,-0.0139630050010955,-0.128498995316379,0.0696282007048607,-0.00102697285530607,2.20406445454394e-15,-0.125036333936786,-0.0185457118261585,0.1215808848763,-0.0468707995222977,-0.0386313250051113,-0.150228856704854,-0.0479694801794963,0.00951463836911772,-1.06926315243365e-15,-0.000615319398533599,0.0458316616136031,-0.0590654823513139,0.0349848347720064,0.187873135138689,0.0128513130609781,-2.47841195164689e-15,-0.173975577325726,-0.000651025513877577,0.0205045653225271,0.102616066610265,-0.00093405212329899,-0.0638495153512668,-4.24761258226605e-15,-0.00826347454272743,0.154080231720647,0.0202364037578166,0.0661292359834795,-0.157461934286408,-6.94593435617442e-15,0.0295408857960711,-0.0406625499033358,-0.0193083587554977,0.0204567361313975,-1.23927616134221e-15,0.11067079797741,0.00819139523338181,0.0940424570661366,-1.04319704027583e-15,-0.0493178907659928,0.0830497473814518,-0.0414494480569016,8.34727508164792e-16,-0.0348052173282918,-0.0298224712658335,6.81666958667278e-15,-0.0537643447835625,-5.92306669310137e-15,-0.0191824327890092
0.075913443806128,-0.0401318631467905,-0.0542371344117254,0.119908598328683,-0.0624568964184852,0.0684612126437664,0.0865828698120577,-0.0172242351554048,-0.106786076812109,0.112949108520763,-0.0568337058584518,0.0764965468101052,0.0298037639776167,-0.0835763758619477,0.0977758085396051,-0.120100565966095,-0.0241658361955703,0.0334838479273654,0.0540939003866298,-0.0333637774832828,0.0259742797985452,-0.0614096873034198,-0.12005685633942,-0.00755358045430313,-0.0985214338764453,0.0454714829588,-0.0112684947644239,-0.0572215267664548,0.0405677203551983,0.0818774780623086,0.0308744402445551,0.0920772167369159,-0.061405768788419,0.0275708679606835,-0.0267538607189267,0.00795181028762837,0.0249660359033766,0.0465983250575129,0.0499656583299492,0.0212828941395897,-0.0779310425176936,-0.0709630152891646,-0.0122287854304976,0.0599406132515362,0.105782186553501,-0.111565115568874,-0.0564403818678404,-0.0143544609912969,0.0082101419309926,0.0416849279907024,0.0739195696678306,-0.0241621478245221,-0.099839722324819,-0.0317127270939791,0.0354738645116001,-0.105391147968623,-0.0198717524235247,0.107391229392321,0.0545544725590008,0.0590210988399686,0.0771516749810451,0.060012023958973,-0.0664065782417908,-0.0146596833335807,-0.022712604215798,-0.0944911182523067,0.118305106164349,-0.0360941165304099,0.0282394729875791,0.0883012677399093,0.0483033529661346,-0.109108945117996,-0.000400669359365486,-0.00199953926200157,0.00188443096012196,-0.000536204625414115,0.0282394729875833,-0.02833086922047,0.0273422494505001,0.0944911182523072,-0.077151674981046,-0.0274249710760093,0.0545544725590089,0.125546705882574,-0.0225272612456302,0.0849765841978598,0.105391147968628,-0.0636308111902739,0.047264334753918,0.107056599300305,-0.0404173807719219,0.0637958393740302,0.0108920071434402,0.0840633010418713,0.0108518316427519,1.63922467223055e-15,-0.106983180373154,-0.0975581278323808,0.0629104813241662,0.0104900854842863,-0.0413451051314518,0.0383358785022628,0.0229898665861701,-0.00469562814300432,0.000650573431378035,-0.059210017849512,-0.0839924181491491,-0.0220333669475819,-0.0821261607489917,0.087665666181238,0.105391147968631,0.106708374763818,0.0269012708195074,0.0118034813729016,0.0671703931781084,0.057286516711649,0.031970569164786,0.0562072789990039,-0.0442880591646814,0.0545544725589996,0.0527250893197984,0.0383671962779159,0.00120492365573417,0.00155024239657722,-0.0512155087370825,0.0841210262402515,0.0723386777570706,0.0943874338470544,0.0771516749810449,-0.0129251415854113,0.00282164964650985,0.01291194221503,0.0338751827063395,-0.0669794693518091,0.0925240738121772,0.0944911182523088,0.0446211351250038,0.058346551990064,-0.00654593330660849,-0.0698082564620067,-0.0475192030672227,-0.0302120402995819,0.0282394729875826,-0.0140783275617707,-0.0667545149859134,0.114568091428726,-0.0497516094673661,0.0716177114879617,0.109108945117999,-0.0105137609879513,0.0152517076975503,-0.055373759398666,0.00773296314441207,0.0282394729875829,-0.0343401865484329,0.106681258633495,-0.0812677644373552,-0.0944911182523064,0.0102863534011891,-0.0468971021255454,-0.0494947038312817,-0.077151674981044,0.077163982266867,-0.0388504338742852,-0.0545544725590017,0.036848983259646,-0.105391147968628,0.0016342588660404
0.0257252725500012,-0.0206942505246989,-0.00891803525781239,0.0506464393818011,-0.0405977926459532,0.0277694816029744,0.0177441768674514,0.0138352871467041,-0.054545995759933,0.0740824162623759,-0.0589855445011167,0.0160395676647416,-0.0267940748591133,-0.0265094798378774,0.0796128268122921,-0.0317011635067797,-0.0271833739665843,-0.0390345509900832,0.0943336092364261,-0.0528272696108943,0.0729352244294132,0.00759294899712696,-0.0598284248774717,0.0115673412740473,0.0140427105163634,0.11204385975453,-0.0554762119249987,-0.0203372469493493,-0.0453043857028815,0.0427957303307453,-0.116247104502214,-0.0043614756118761,-0.0722613417180079,-0.0870944292916504,0.0271472529359354,-0.0378235047724975,-0.102434804611367,0.0490735389215379,-0.0517677439314663,-0.12336501142779,0.0112306125762906,0.00782798776397148,0.0616474811529023,-0.0349557701841005,-0.0411916022277987,0.132664292787015,0.101836515742267,0.0925804467342382,0.0617394850526029,0.0167404966814435,-0.058330268069792,0.0280188990026163,0.0942036412740425,0.0322035229142345,0.0157333584734596,0.100803521208408,0.113162264153509,-0.144148584760354,-0.0771516749810483,-0.0354291299364281,-0.0417541856194902,-0.0814017333327842,0.0670619420964665,-0.054741002008362,0.00739170833228376,0.109108945117996,-0.102536936266163,-0.0404593991501162,0.0417541856194835,-0.131173046988772,0.0274866081121561,0.0771516749810465,0.00461904850085935,0.00462591660361367,0.0107030520336065,-0.0110287829501239,-0.100803521208414,0.0145035585181059,-0.0249435693920662,-3.61625668279179e-16,0.100803521208414,0.139088959843079,0.077151674980995,0.00964400563830694,-0.107853679805549,-0.0122839724692331,-0.0417541856194891,0.0579581377930501,-0.00361465830952508,0.0411367200394524,-0.137298476337192,0.0161438949405951,0.122022049560989,-0.0193697317501555,0.140493347663895,-0.109108945117995,-0.083579370449296,-0.114575279032774,0.0397007318729817,0.0477186688405797,-0.0299465286967994,0.0544430491117278,0.0928145103372095,-0.0372486915758039,-0.057751716954928,0.0248362650256004,-0.0261721548217445,-0.12474437572729,-0.0440282769293294,0.0355026273345585,0.0417541856194878,0.0540925175753518,-0.0545547784876785,0.0332401598869321,0.0795721513334862,0.113059274393575,0.0859516689407521,0.00367969446892011,0.104140392214427,-0.077151674981047,-0.0498442003791184,-0.0159353167735187,-0.0815545063887596,-0.0208842292872863,-0.0951692071218626,0.0704194242875193,0.0514651636680401,0.133131913262246,0.100803521208412,-0.0997417141847233,-0.0130578583314931,0.0493452141944656,0.00197897939119533,-0.00618171230205423,-0.00454213033197584,2.1560286304625e-15,0.075238080376244,0.116408499106491,0.0419259077167741,-0.052714918762251,-0.135430484927215,-0.0683058036113882,0.100803521208411,-0.0689111668551972,-0.0155965491217444,0.0968496265014885,-0.0612795763615406,0.0640428489720852,0.0771516749810471,0.00138915195132649,0.00555464552506024,-0.0991974737662391,-0.0596831958928353,-0.04175418561949,0.00736874877066922,0.134981897875329,-0.0667517422538325,-0.109108945117997,-0.0156048574070422,-0.0170181226109026,-0.0392548796644414,-0.0417541856194875,0.0843828361966422,-0.0551652699194485,-0.0771516749810489,0.0114751483867322,-0.100803521208405,0.069906513694254
0.0272941562692676,-0.012951468095165,-0.0210935982269569,0.0536817811501669,-0.0256280937339478,0.0227178371540545,0.0412837014856855,-0.0105567510602074,-0.0448031529842874,0.0783856936221565,-0.0377949320482841,0.0273028453700121,0.0202840106252631,-0.0597967709073755,0.0657975501847606,-0.0534546432988265,-0.00128379063819079,0.0277341483012744,0.0993753183646365,-0.00306108737485066,0.0502118621343523,-0.026795054322112,-0.102578918518671,0.0351942254426477,-0.0518375545376378,0.0837134997180831,0.0118026275210212,-0.0115408048571805,0.0445035850729666,0.024759353448712,-0.120334189119211,0.0688882825814365,-0.100737567878064,-0.0584629194540657,-0.0237466301576387,-0.0956269908297158,0.00457145257226782,0.00802151752965165,0.029213804129828,-0.106273281076518,-0.0975632793547912,-0.0184927062850227,-0.044348533213106,0.0672206574100741,-0.00359237208867272,0.139984602269109,0.0724547975905359,0.0148212255421469,0.125197263877007,0.00730888375997321,-0.0954712944905914,0.0378028659616049,-0.087208583724408,-0.0707669710390808,-0.0455006260961201,0.10539114796863,-0.0109365855207244,-0.118775544347563,-0.054554472559001,-0.0418351195385336,-0.0771516749810452,0.11049192680033,0.0612607255375592,0.0349953283715449,-0.0639875355292013,0.0944911182523068,-0.121350951654296,0.0216115051331936,-0.0282394729875819,-0.0501900425562386,-0.111776832658334,0.109108945117997,0.00152306967708001,-0.000197468493499297,0.000887229830784035,0.00232961333260654,-0.0282394729875834,0.0206713694167373,-0.0188023776897052,-0.0944911182523075,0.0771516749810461,0.108114232331612,-0.0545544725590389,-0.1066557444653,0.00154357814297593,-0.0496242740870904,-0.105391147968629,0.122021202179691,-0.0605293933153907,-0.043513114689178,-0.151844991186921,-0.0340309071152033,0.058854169734768,-0.0622379361973513,0.0313883037209785,2.17431224931525e-15,-0.0598183099600886,-0.140103864295256,-0.0223813153235528,-0.0209790342810349,-0.103958925950045,0.00363811221806164,0.0520934231233867,0.0197600899178745,-0.0232008886572956,0.0707496708273314,0.0729189649217016,-0.0945609811290916,-0.0591635457049364,0.108287311712178,-0.105391147968632,-0.123995318130885,0.0356617599452068,0.0115346241717308,0.0192629059763474,0.0952419902722986,0.0967509672086919,-0.072903245242205,0.0798315981013892,-0.0545544725590003,0.0528592336005672,0.0414482030155805,-0.0329797169781889,-0.0296127364383194,0.0562918198139334,0.118469269487752,0.0296476728874378,-0.0972417476078189,-0.0771516749810436,-0.0226782477793802,-0.11602212015866,-0.00130618823703813,0.00139825617872138,-0.0922666077672652,-0.12972172445149,-0.0944911182523075,0.0666181500368091,-0.00267172157640774,-0.0334137573619073,-0.0632559105758052,0.0297312804347748,0.113268504601762,-0.0282394729875768,0.0203746789147955,-0.0700104968959267,-0.142626818904923,-0.0570469995745581,0.043303736066793,-0.109108945117994,-0.0118241251763589,0.0125747442331242,0.0672567787468279,-0.0450447010233339,-0.0282394729875826,-0.0828620230189971,-0.111472448514822,-0.00663582520029922,0.0944911182523081,0.0343721553790408,-0.0243564834703711,0.0977181303760957,0.0771516749810438,-0.0395090394887069,0.0683914246698841,0.0545544725589991,0.0149882949043386,0.10539114796862,-0.069906513694254
0.0279338648657641,-0.00606689218056938,-0.0265290086006808,-0.054951978991505,0.0120989694051058,0.0115759424398172,-0.0520576780168886,-0.0240273598093812,0.0230363177932972,0.0802721582336239,-0.0180875929952394,0.0160529560825882,-0.0468762152722107,-0.0757020990103093,0.0342057082585379,0.0317882509238802,0.0211048404044134,0.0677175110607934,-0.104228916366948,-0.0407365570255406,-0.0211007270589609,-0.0192252530998378,-0.00129660123761409,-0.108535298968532,0.0375411247867658,-0.0540623255865995,0.0468866062780621,0.0190075281248263,-0.0771356099520874,0.0370038480983329,-0.125278265543359,0.0686915928317802,0.0689417076741986,-0.0271277852329573,-0.0213123430810364,-0.108964282250178,-0.0568965074150898,-0.0315010362159278,-0.0626793616911711,-0.0603582197127646,0.0804318167593732,0.019742669172123,-0.091837730034515,0.0733887481046074,0.01203704174943,-0.142731469510348,-0.0375904390921354,0.0294874524085699,0.0866099301065893,-0.0123705160916747,0.134405047947765,-0.0812564028164791,0.0846717693353593,-0.0725926490799642,0.00919992255498556,0.108175502967154,-0.0347539785202961,0.0662729677579629,-0.0282394729875809,-0.0264121769283156,-0.100803521208414,0.100960422373548,-0.0721672156974568,-0.115812732307204,0.051691919448755,0.0545544725590008,0.079501744269464,-0.0179487935457866,-0.086561946065017,-0.0936286448162745,0.100594284427037,0.0771516749810458,-0.000108824452154073,0.00054944835285039,-0.000583752119562636,0.00481570487738809,0.0664213173476653,-0.0169482426211469,-0.00786177910891572,-0.0944911182523068,-0.041754185619489,0.0460250980142289,-0.105391147968645,0.149606452223665,-0.0674728828513427,0.0195328913310348,0.0142415751433982,0.0255884339897124,0.0933860382279375,-0.15368033094351,-0.00395551882826587,-0.0238353276551105,-0.0172500060831275,0.0349740726807854,0.0927991576859423,0.109108945117997,-0.132769280474961,0.0745148263944271,-0.143324399809664,0.0980422936167817,-0.0010989973660625,0.0298916995497501,-0.02032826488502,0.0307122475170657,-0.0400396948679074,-0.0397022735162949,0.0544622346032855,0.00144133863344428,-0.120920237046458,-0.0623740272578858,-0.0142415751433981,0.0245464547385336,-0.013050598385334,-0.119169407966193,0.0584510327382171,-0.0347311061425274,-0.0249215892289938,-0.0743679254522803,0.137600220325939,0.105391147968626,-0.0443003017632287,0.0994053643268903,-0.0367098510989993,0.0618870057406403,0.0666728936882479,-0.0354866016896961,0.0786804475635762,0.0623715492767917,-0.0417541856194902,-0.0281153888960939,0.0887914965534337,-0.0684816400412283,0.0894699921824436,0.0256279119563857,-0.122294510741744,0.0944911182523057,-0.0320793448402315,-0.0921808200093554,-0.0202820733766994,-0.0819234718372772,-0.0937111568018208,-0.0613813145572727,-0.0664213173476686,-0.0159276351484717,-0.062263229685125,-0.0953314250162484,0.102539048517744,0.0507783063290317,0.0771516749810484,-0.00907495980714142,0.0102585748358548,-0.0217117517606182,-0.116188004241412,0.0865619460650131,0.0887429304642281,-0.0587602593491924,0.0224610357269148,-0.0545544725589993,-0.0305689631633374,0.0224508174618073,0.12065384781642,-0.100803521208414,-0.012943306897,0.0675231200677243,-0.0282394729875854,0.0142372825225901,-0.108175502967152,-0.0319342724147435
0.0280954901798578,-0.00123125156099289,-0.0279245144412187,-0.0552810720161536,0.00225555163435615,0.00266858935115202,-0.054899269591041,-0.0275644029648766,0.00490831729720254,0.0807801112582853,-0.00287398659394965,0.00460402402268982,-0.0540736485634774,-0.0801006448078216,0.00620849181906285,0.00852609102784887,0.0269735285672996,0.0785201155927116,-0.104254194694963,-0.0526413222105434,0.000691482510237554,-0.00757571306308927,0.033265008858131,-0.0986474506137005,0.0140546458054184,-0.0184436922130205,0.0731203106536054,0.0260697081414627,-0.0973814103415321,0.0500510561702532,-0.125766500660368,0.0373287807079282,0.0231347119050771,0.00220671962852522,-0.012834859986994,-0.119444408248333,-0.0883224898296362,-0.0646197760558798,-0.0488682865706051,-0.0100678532471713,0.0394520500275866,0.0246225200276919,-0.114351524097449,0.0600339501230771,0.0406481973357075,-0.143982468089601,-0.00210502593862788,0.0617374739294179,0.025067130079892,-0.0410113196780671,0.144153624979041,-0.0991301803523142,0.0615455165149653,-0.0839751975680756,0.0125329224201453,0.109108945117998,-0.0607532390726956,-0.000197022954398834,-1.33573979099054e-15,0.0133387731284058,-0.109108945117998,0.042856509160822,-0.109072012556721,-0.14356043968676,0.0223222879530592,2.59158150277104e-15,-0.00171348566500689,-0.0234318923516875,-0.109108945117999,-0.148357180950959,0.0180196495261777,-6.04581570355728e-16,0.00225099025295853,0.00163524334415237,-0.00233605588279619,0.000849588493186813,0.109108945117996,0.00317325304863025,-0.0215814503718237,1.25497899931775e-16,-0.109108945117996,0.14963411701661,-5.52618870408378e-14,-0.022270753437526,-0.00229227708296253,-0.0130751869130895,0.109108945117996,0.151574875200209,-0.0165719723203784,0.0505666434374667,0.152908446204757,0.0213035776846953,-0.00838819806218696,-0.00323985332597048,0.0010665943153479,3.98164840351356e-16,0.0879646374212732,-0.125273488974803,0.0451078708155741,-0.0113411394243202,0.133214176010075,-0.0275404449718437,0.0199241562972836,0.0898629392018371,-0.000470074325394799,0.00354649615460182,-0.0501453582667198,0.0145338327401948,0.0802523329673349,0.113168055813994,0.109108945117996,-0.134946629357891,-0.113893926144489,0.0351127198978688,-0.0380715408432545,0.0255129513743936,-0.00343110181403127,0.00949448410868568,-0.00642660734850619,1.45924335106329e-15,0.104147097710967,-0.0714667732751015,-0.0887868358776573,-0.0167396704225742,-0.103955170690506,0.0157059936143161,-0.0236860569358792,-0.145620240576795,0.109108945117998,0.103217325939616,-0.0225867711782638,0.0575779451691061,0.0016692488907481,0.000887022278625198,0.0064822402484856,-1.38571728504334e-16,-0.0755062175034209,0.117979936022726,0.0390518529724598,0.0652317572812501,0.144397702818837,0.0249577594848079,0.109108945117999,-0.0474337578557704,0.0485139115316823,0.00732521139176412,-0.107762377254614,0.0569177839621896,2.04090456240038e-15,0.00658113730135832,0.00826878392231517,0.0292536172765053,0.139822900536675,-0.109108945117994,-0.0825666517942509,0.00946402176790614,0.0371046338769174,4.52205320323403e-16,0.026792308731451,0.0207786968518474,-0.125662781915142,0.109108945117997,0.0144595650606569,-0.0657358929041597,-1.39683281825887e-15,0.0135116380318123,0.109108945117994,0.0660527679109232
0.0543205433304609,-0.0071383865118249,-0.0540340116377463,-0.0960910724028302,0.0126400302920507,0.0144115348457509,-0.0957565011858979,-0.0534342822365661,0.0255897531014592,0.115386777449844,-0.015204320363571,0.0219578258207699,-0.0950464491262259,-0.115390670440038,0.0308478459929596,0.0391767695254937,0.0524621598134274,0.115438111516746,-0.107970551914745,-0.0938425073507982,-0.00885112573421704,-0.0299182317285308,0.00223753728455535,-0.119224818237994,0.0536602762393194,-0.0469059712310907,0.107074225394213,0.0510067726749907,-0.10031920125866,0.0917201453778912,-0.0747137786291711,0.08661068222051,0.0636184554788965,-0.0016755648552596,-0.0384096318648536,-0.0648632756642189,-0.0936453797099617,-0.0972941552169532,-0.0838090296708089,-0.0298933404179786,0.0970047161623265,0.0487165297542213,-0.0655285980094143,0.119729077922757,0.0733671967681232,-0.0255319062146231,-0.00599031652870146,0.0660738845329752,0.0633746898115282,-0.0621292763405339,0.036466899022419,-0.114732409380737,0.137237403630096,-0.149374111931152,-0.0390900374250877,-5.00415992908847e-15,-0.0144538200435274,0.00312540919689911,-1.51759281880134e-15,0.0174862849523017,8.45092711053206e-16,0.101675787482922,-0.124052744143981,-0.0385868163021783,0.0465481470509114,1.6324639355511e-15,0.00117852026998969,0.0268522426770132,4.02011195108798e-15,-0.0705078470599137,0.0415997742099604,-5.32940463739671e-17,0.00191930403587234,0.00318293477995397,0.00238350254482627,0.00305670199366364,6.75155594421455e-17,0.00517041108278179,-0.0127233068930043,-5.67323687694359e-17,-1.53759661487615e-16,-0.0505694026185209,1.8577116469846e-14,-0.0326093196778612,-0.0108015051068143,-0.0548544319846952,-4.66821704392016e-18,-0.0430070421481308,-0.0252007339170822,0.0419695870064745,-0.0642446231955445,0.0550251779241574,-0.0311868324678227,-0.0759867929237272,0.0123263642973997,-5.70102745780817e-16,0.0190358276181541,0.0289250141674346,0.0299277566833064,-0.0128634864534587,-0.0829139845433019,-0.0533860775434392,0.0476137622891318,-0.079599631783047,-0.00587303763061305,0.0754788653903057,-0.086888417458702,0.0433013784008591,-0.000530751495313933,-0.0518988356503322,1.63730212371438e-15,0.000159667264080362,0.111591096007229,0.00920291228284559,-0.0923617326877925,0.0733687241053119,-0.0364667539840047,0.130996078994738,0.00660351318721878,2.49284498728058e-15,-0.079620864239682,0.0233036707966093,0.137128611958662,0.00625509230451705,-0.0268663230326979,0.0861795730054188,-0.128136351040356,-0.00638829760095068,1.92255503259915e-16,-0.10167314994164,0.0429401617266921,-0.0317058758628141,-0.15943678015853,-0.082109789660658,-0.0127393896287495,9.38121551946496e-16,0.157494457505036,0.0258904843733223,-0.0785071449510035,0.0419890122472936,0.00796730627657766,-0.0660020791557343,-7.77310496996628e-15,0.144565074197015,0.0270554432640826,-0.0203620580665962,-0.0262419826638528,-0.191564115610907,-7.91383600118962e-15,0.00394360981474936,-0.0295195139460884,-0.0950496693515234,0.00860512631626548,5.83338798965241e-16,-0.021180545859359,-0.032257622776988,-0.134846691003003,1.29957928104207e-15,0.0070346417970938,-0.0780897502990066,-0.00817337960387051,-1.02110464053994e-15,-0.0550132976555848,-0.00437892108230981,5.63533292617506e-15,-0.0531926642163701,-5.65800389188089e-16,-0.0341184954961798
0.0779849726879973,-0.0212850856613954,-0.0716992415045651,-0.123116205676054,0.0326194334092403,0.0407635260967812,-0.113627605375225,-0.0595357150764338,0.0623623165203798,0.115832786913138,-0.0286003783052912,0.056709994897247,-0.0953836509777729,-0.107876013271645,0.0543597595811987,0.0864500932007756,0.0422377959556527,0.0929621233928207,-0.0589023600981938,-0.0698041300867773,-0.00685761712249253,-0.0675161365474974,-0.0439231867012594,-0.0829159523304633,0.102177582431357,-0.0320956611206182,0.0674516837161176,0.0206828858600661,-0.0400630139894767,0.038349019134242,0.0281027552482971,0.0952317296487725,0.0361013447202103,0.0157339765807191,-0.0715073557761973,0.0397499014097356,-0.0298398794185562,-0.0428645425160445,-0.100177355979399,0.0225951882487888,0.0408825483767158,-0.00423920641670272,0.0312186090619499,0.0998457094737886,0.0163039205045609,0.115954443676357,0.0329044975228476,0.0140091647563477,-0.0346394218083358,-0.0174259964909566,-0.0884448401229534,-0.075902009129034,0.041035639204671,-0.0964211556581862,-0.0897794075667126,-0.108175502967162,0.0522046044902012,-0.0594666451603825,0.0282394729875806,0.0162407922768433,0.100803521208414,-0.0537896625312473,-0.0704425682409644,0.0743769586203154,-0.0539160728845577,-0.0545544725589999,-0.0710235530903066,0.0653824829694737,0.0865619460650239,0.0160721598466735,-0.107710848905209,-0.0771516749810455,-0.000705159325987294,-9.31180519679373e-05,0.00541432747369098,-0.0036360821544558,-0.0664213173476654,0.0106344741959269,-0.00193782073616246,0.0944911182523068,0.0417541856194889,-0.101862557626436,0.105391147968666,-0.0810602168473227,0.0719533521282048,-0.0359504619256105,-0.0142415751433985,-0.0649187762156454,-0.0352508638474564,-0.00280411538440875,-0.12246241326902,0.0126925249004607,0.0424752387775791,-0.0386003874439967,-0.0965891472097672,-0.109108945117997,-0.0824544651374965,0.119989430481141,-0.00452580011962615,-0.0540396001141836,-0.0925894777218073,0.0182214599915473,-0.0334061408738039,-0.0399355354743761,0.0428380221758833,0.0258760677437904,0.00116757655695684,-0.0584688906882925,-0.0751766286184733,-0.101172596476643,0.0142415751433976,0.00213743401506527,0.0584342906630049,0.00175347789989084,0.0367542476888026,-0.0563714467684722,0.0536974964674456,0.00212900628226065,-0.11646381829456,-0.105391147968629,-0.0741048537881909,0.0624200235563268,0.0253928585513817,-0.0111192295660052,0.029582307229731,-0.0629134108421613,0.0491817015382571,-0.0288527862319408,0.04175418561949,-0.0475481452948795,-0.0516999578204017,-0.0455291728954982,0.0590358900745617,0.0503888170321947,0.109845628450888,-0.0944911182523066,-0.010372750385144,-0.0233252390518952,0.00576020585487212,-0.0669179430977182,0.0558022408373748,0.0599341830124132,0.06642131734767,-0.0470455379331275,-0.0491903680772573,0.0951834000769227,0.0144001203903955,0.0780028076535921,-0.077151674981043,-0.00701156203970791,0.0133651689761141,0.0692056933316467,0.0753322405321952,-0.0865619460650147,0.00748022684805529,0.0767273375123743,0.0845480719344095,0.0545544725589978,-0.00183548426851193,0.0465502415102318,-0.0811640646961191,0.100803521208415,0.0608052388266796,-0.0460967538650935,0.0282394729875818,0.0373205560784429,0.108175502967152,0.0599428320436064
0.0962070104806987,-0.0377119626959505,-0.0825387387423276,-0.117771596328315,0.0462104243202173,0.0709457363529237,-0.101211163814507,-0.0564785773637743,0.0871715221787362,0.0504715347924003,-0.0198303415398274,0.0955142208155527,-0.069486673736404,-0.0435340409226179,0.0376507893148519,0.117906459938547,0.020534707820195,0.0298349513047857,0.045914572234536,-0.0253581170970929,0.0196154066379912,-0.107798721535161,-0.0634856760930213,0.0145358280812615,0.133931850088716,0.032419931172893,0.0185035619927372,-0.0216209922596767,0.036123756189733,-0.0280496620620602,0.087031262507312,0.0539724240044953,-0.0488870431496298,0.0325167328072322,-0.104959712100559,0.0967182245219955,0.0233992602272074,-0.00195040089496464,-0.113838994785525,0.0755398311384656,-0.0629264593775445,-0.0647608700298385,0.0776454741261122,0.0557097943841502,-0.045842939596295,0.0485458134297457,0.0225615344358978,-0.011798211144506,-0.130291680736709,0.00441508104365427,-0.0235525751779535,-0.0656558885358406,-0.0763960950693407,-0.0536697836070055,-0.0931759375969333,-5.77309902831514e-15,0.0808524464684532,-0.0293106827699455,6.40834352840159e-16,0.0120335599822588,-2.50619411463476e-15,-0.199245769890403,-0.0564951993542349,0.0226327148852303,-0.112423273552801,-2.06298683348256e-15,-0.0290475905051132,0.0516343715481076,6.17874345039252e-15,-0.0105060052821746,-0.138472481341499,4.0560316343755e-16,-0.000510660830797536,-0.00153915208887226,0.00592271103623427,-0.00904362314369877,3.5253955712619e-17,-0.0122879023893499,0.00154515668382973,3.49705092803573e-16,5.53995084880812e-17,-0.00180604385571112,1.48951052513552e-15,0.11824950136517,0.0560098139691828,0.0466339840283722,-5.19724193923372e-16,0.0336631616322487,0.114070784511423,-0.0896189896660358,-0.019471524860787,-0.0126184236648091,0.0877012290732958,0.102178359731313,-0.0625553796488557,3.50051586692014e-16,-0.012913581704297,0.00614299687418252,-0.0905849797555129,0.0686948411439853,0.0437904465104574,-0.0127196010112346,-0.0306722874190001,0.133931767233178,0.0283849244599202,-0.132498275787905,0.0393587175295225,-0.122429589127108,-0.0200249808280611,0.0114607997830439,-1.50998709903872e-15,-0.0135658084394777,-0.123421695793933,-0.0741503248016229,-0.0170581118927042,-0.0452692647370537,0.0869050927533635,-0.117079254864857,-0.0054160932040447,-3.20611127757126e-15,0.0391233238483199,0.0338551626447925,-0.187244378757701,0.0257967465886865,-0.0346198749043596,-0.0406190709657013,-0.00277908342168402,-0.0203894702920905,1.80600976723088e-17,0.0722433039799859,0.00208162619923455,-0.0444223473338011,0.0289636235430324,0.01709022851138,-0.000171979048780147,-8.88173865105644e-16,-0.0852840700706533,0.0728722270697215,-0.0293656389512854,0.0402400173847475,0.0319269341388014,-0.0361695307335,-3.48589822876868e-15,0.0505618954821628,0.0353455904134385,-0.0153846648846874,-0.0852996998866883,-0.0826826418123608,-3.1550873938092e-15,0.00512860529003726,-0.013890038936615,-0.088896452033539,0.0401767231863037,1.65281707982035e-15,-0.0756523319821503,-0.0427810392037292,-0.159284626216755,4.49061695228867e-16,0.026319451798789,-0.0983986225772785,-0.0419958485312116,-1.39046323733187e-15,-0.092720483751351,-0.0235638796357345,8.45716568824172e-15,-0.0960214298307971,6.76406407649071e-15,-0.0382945926669024
0.078721814140878,0.000987387089028978,-0.0782427507668779,-0.124215441291933,-0.000557075248817948,-0.00214004250205874,-0.123357539030055,-0.0772337408322176,-0.00121225426098146,0.116730642862863,-0.00159494223182255,-0.00369214060033182,-0.121502385420721,-0.1157487853941,0.00344545302298819,-0.00210577058331966,0.0755781475605269,0.113464854504806,-0.0578567131501831,-0.118283977319797,0.000999221178222318,0.00607525018092207,0.0184606871797789,-0.0547452049277603,-0.00347121085141715,-0.0266519074467046,0.105661910289239,0.0730456990029845,-0.0540426055831717,0.112463702359076,0.0310617604940371,0.0207159104147568,0.03343062730493,0.00495845399641763,0.0102927585573444,0.0295003326154422,-0.0490152839771632,-0.0933782818958881,0.0120694700515475,-0.0226222608996165,0.0570098640648564,0.0689907680158977,0.0282424941061387,0.033316328822129,0.0913356703412237,0.115464974455365,-0.00589815161229454,0.0342617132116641,0.0563253300132337,-0.0592630739931527,-0.115602231623749,0.0244831326598525,0.0889358481464418,-0.0466027187840598,-0.0100506234286237,-0.109108945117999,0.0150048109107244,-0.000552046050745018,-9.20424046978089e-16,0.0299719511581405,0.109108945117999,0.0962977019708934,0.0269385624379291,0.115126533953541,0.0625456609651756,-1.26443651827338e-16,-0.00480108014454215,0.0187909186981324,0.109108945117999,0.1189732217822,0.0504899359933809,3.84997020942365e-16,0.00124920534611628,0.0023629950965088,0.000576958156187877,0.00190900801576283,-0.109108945117996,0.00889125746218774,0.0173069794465684,-3.89725771786106e-16,0.109108945117996,-0.119997244999456,4.39649695772921e-14,-0.0624012644614094,-0.00642281765967446,0.0104854857883078,-0.109108945117996,-0.121553612222957,-0.0464336346012003,0.113622216432392,-0.037765267448717,-0.0052615491743293,-0.018848109957677,0.00259816064056776,0.0029885308609688,-6.61139371687522e-16,0.127112583969508,-0.0695215414415328,0.101356465689719,-0.0317771665200118,-0.0329011844005209,-0.0152837938984333,0.0287912400323987,-0.0720644819962902,-0.00131711899095989,-0.00284406909626183,0.0123848807129851,0.0326572257310673,0.11596798113547,0.0628035328664961,-0.109108945117996,0.108218794401761,0.0281294767449965,0.0788975654415423,-0.021128111192064,0.036867282910025,-0.00770961579440504,-0.00234494392266655,-0.0180069536429768,3.9500097515489e-16,0.0577972788079969,-0.103272479547135,0.0219285375403916,-0.0376136980124995,0.0256748068615232,0.0226958183498538,-0.0131447699136526,0.11677836601551,-0.109108945117998,0.0572812944025036,-0.0507520141513809,0.0832025414377333,0.000926363246398336,0.00128178433038467,0.018162833564786,-5.75961969809279e-18,-0.0419027894266835,-0.0291386378454882,0.0564315625648156,0.0362008941735829,-0.115797966853956,0.0560795765168724,-0.109108945117991,-0.0685437660540253,0.0269231897238742,0.0205247862213271,0.0266151092299961,0.0822485808541712,3.2618267677575e-15,0.00365225566376745,0.011948738964461,0.0657322813552671,-0.112129260270046,0.109108945117995,0.0203922789404227,0.0265175997239778,0.0833733555248403,-1.00681592770667e-15,-0.00661715379317185,0.0466893080179295,0.100773726803966,-0.109108945117996,0.0405148009867868,0.0527160931166703,-6.0851789037811e-15,0.0378587684738767,-0.109108945117993,-0.0258243365474267
0.112817932428605,-0.0288503764685182,-0.104780374136459,-0.0986602743001792,0.0272348854653716,0.0551984902130402,-0.0904597591113951,-0.0894973426899133,0.0521101906198218,-0.028812644142527,0.00399233806270476,0.0767277037116031,-0.074521772572352,0.0285344556146646,-0.00727679690978092,0.0723029906319443,0.0685551014796707,-0.029060615162406,0.128911657465459,-0.0516746566557907,0.0311645792179649,-0.0914896350393053,-0.0415867920029113,0.112657898547794,0.0854702101327272,0.0653212834392336,-0.0170350614401457,0.0443848857488141,0.0989305523575129,0.0218807574566093,0.0838568285545521,-0.0285462436073251,-0.0881273199087498,0.0278069767931251,-0.0980834129056827,0.0882435691181134,0.0726840843281987,0.0138983633583965,-0.07228241577278,0.0494571230936379,-0.10405057740135,0.0203794993637322,0.0720902439814001,-0.0323962451193788,0.0109469329602469,-0.0620287876116705,-0.0139700133198245,-0.0391253884714183,-0.0731844668827628,0.00486490326601724,0.0791555133045734,-0.0397395078397246,-0.111537617118071,0.0343862780610478,-0.0783072917848792,0.108175502967151,0.0676715800082833,0.02317439391162,-0.0282394729875806,0.0279953168326585,-0.100803521208415,-0.0987212774896244,-0.0383251357649126,-0.0700391564175489,0.0105426963450485,0.0545544725589987,0.0281135004736774,0.0430007035065501,-0.0865619460650097,-0.100680850562929,0.0177281720258604,0.0771516749810457,-0.000509064439070687,-0.00108318977283863,0.00567412160737907,-0.00577927244840492,0.0664213173476653,-0.0104996386714983,-0.0117412989339124,-0.0944911182523068,-0.0417541856194891,-0.0444701991436233,-0.105391147968612,0.10549597766012,-0.0121839565914373,-0.0115933448341801,0.014241575143398,-0.033010520939403,0.0811996210947446,0.0655900661601329,-0.120702041781134,0.0233002436424008,0.0501522137063173,0.00501156784787608,0.019129509666768,0.109108945117995,0.156787511505987,-0.0142816470759191,0.0592595584891252,0.0682171403276203,-0.0921003778811792,-0.035641521414483,0.00322412672595528,-0.00163798923627186,-0.00709066066346663,-0.0236318575522432,-0.0230703980615849,-0.0591103467260251,0.142714109538006,0.0112215169734608,-0.014241575143398,0.0327463624175879,0.064242353345793,0.0547888538192064,-0.0685708738989532,0.00621184399598769,0.0647886470892673,0.0352258467383479,0.0551208499189013,0.10539114796863,0.00572153166651263,-0.11670225356573,0.0417302792552798,-0.0386615382003415,-8.99219164264296e-05,0.00103123585797681,-0.0925955659965654,0.0489232635684746,-0.0417541856194899,0.00311403491382316,-0.0912158913013236,0.0778704785046268,-0.102183465061147,0.00420891538809807,-0.0426531320906728,0.0944911182523069,0.0474322316223594,0.0176990852707905,0.0423072392327305,0.0807030522540204,-0.0610536603352619,0.0872514378979251,-0.0664213173476596,-0.018344931116973,0.0630040950454594,-0.0236929425116577,-0.0312340492959246,-0.0134965386809594,0.077151674981045,0.00934095048769601,-0.00512014413619415,0.0788683318908492,-0.0695518309534829,0.0865619460650145,-0.0320140926897826,0.00345449259478197,0.0745519706392524,-0.0545544725589996,0.0117689841978515,0.0365586877708625,0.0692888226409878,-0.100803521208414,0.0446651991214656,0.038103199638724,-0.0282394729875889,0.0550741569964722,-0.108175502967159,0.027235244305607
0.113756317351605,-0.000547958494574102,-0.113064050718791,-0.0996130497416514,-0.00156089016134616,0.00118763398952687,-0.0989250655442196,-0.111605989118068,-0.0033966609592364,-0.0288300879159547,0.0035838026640102,0.00204898345097891,-0.0974373478591803,0.0285875891474135,-0.00774186266821102,-0.00590023806034613,0.10921358752424,-0.0280235048014603,0.13000285438662,-0.0948563849538157,-0.000246787250624714,-0.00337150949236626,-0.0414807875635695,0.12301135887401,-0.00972611667350695,0.00658247753950401,-0.0260963367312637,0.105554093330261,0.121432632477129,0.0901888868300693,0.0870331188687533,-0.0465482281744146,-0.00825668308379844,0.00397637137097812,-0.00571205006300905,0.082658095173997,0.110136343367101,0.0230625310584624,0.0338179035886349,-0.0181416446846255,-0.0140802736347234,0.0996945482823821,0.0791337099891626,-0.0748611113340688,0.073245520671654,-0.0640782265452671,-0.00852307602306896,-0.0769853707750357,0.0451694076192579,0.0146367705299116,0.0641543985270448,0.0686002132903646,-0.0219653405314669,0.10471535858553,0.00557767520426766,0.109108945117995,0.042042545909392,-0.000797729656345267,8.18789480661053e-16,0.0240356386494104,-0.109108945117996,0.0772247610817416,0.0754801746431658,-0.0638904062365514,0.0903810987509507,1.55431223447522e-15,-0.00693776182006721,-0.0104281731409148,-0.109108945117998,-0.066025156928668,0.0729600714186619,-6.80011602582908e-16,-0.002806938933617,-0.000583611592542634,0.00161660082981646,0.00153090556579782,0.109108945117996,0.0128482392912643,-0.0096046489857372,1.94289029309402e-16,-0.109108945117996,0.0665934469405285,-2.51881848711832e-14,-0.0901724397574249,-0.00928124042819725,-0.00581900560710742,0.109108945117996,0.0674571655877235,-0.0670985460780907,0.0911179429829078,-0.1058159279673,-0.0147425331803476,-0.0151150106236617,-0.00144187037595227,0.00431855221764732,-1.60982338570648e-15,-0.0313942156162763,0.156213485638094,0.0812815746043955,-0.0459193360650485,-0.0921870701244829,0.0343423731571973,-0.0071108490537365,0.0399927703185048,-0.00190329208695909,0.00157833927318919,0.034701664623155,0.0261890616604452,-0.028641726024746,-0.141118257392409,0.109108945117996,-0.0600568999979487,0.0788170423802418,0.0632709349907039,0.0474744349136296,-0.0091054669232503,-0.00618263183409027,-0.00657038686526451,-0.0260208019276619,-8.46545056276682e-16,-0.129869306631946,0.0255061960734764,0.061442396825431,-0.0301638438193928,0.0719392102048011,-0.00560540422208956,0.0295360298915342,-0.0648071038721815,0.109108945117998,-0.128709900196958,-0.0406999553160718,-0.020549330712589,-0.00208151932029232,-0.00031657458596946,0.0262460549410438,5.41233724504764e-16,0.0941547131806231,-0.0816446489492703,-0.0139374449593972,-0.0813426708443705,0.0642630233847864,0.0449723286168207,0.109108945117999,0.0169289121773284,-0.0604958581765619,0.0296591754197742,0.0745738788940947,-0.0203137219056851,-6.80011602582908e-16,-0.00820654398406675,-0.00295109481436995,0.0527131968793291,0.0622270448318047,-0.109108945117996,0.0571378958822256,0.0383190418376954,0.066860239956042,4.78783679369599e-16,-0.0185408529167075,0.0374419179581915,-0.0559251991906121,0.109108945117997,0.05854558369605,-0.0292552245669707,-4.94743135348585e-15,0.0547075055123584,0.109108945117996,-0.0295202960312199
0.122057152926397,-0.016039808895522,-0.121413322057047,-0.0533265220509466,0.00701468760040084,0.0323824248566664,-0.0531408490333486,-0.120065742324847,0.0142012415817627,-0.0925330110499447,0.0121929182468064,0.0493387867612385,-0.052746799868625,0.0925361329856863,-0.0247380517700327,0.0217414668370913,0.117881403067739,-0.0925741777753289,0.0865856599361178,-0.0520786625897828,0.00709805173061804,-0.0672256564733041,-0.00179436558375588,0.0956108807895198,0.0297792066690763,0.0376156683647742,-0.0858668618756884,0.114611177852166,0.0804497531151181,0.050900840553702,-0.0414630190292535,-0.0694563743964089,-0.051018040142143,-0.000929868342268235,-0.0863056593866275,-0.0359964023036842,0.0750977637731997,0.0780238545417358,-0.0465105025581493,-0.0165895523602126,-0.0777917424416159,0.109465048721521,-0.0363656283495331,-0.0960152656593788,0.0407157224749226,-0.0573696725082848,-0.0134601190598086,-0.0529871413582151,0.0351702994794053,0.049823811195726,0.0819403783141896,-0.0636716835998125,-0.110055852734847,0.119788737109942,-0.0878345168027279,-1.99493199737333e-15,-0.00802126497288348,0.00702273071870157,3.50414142147315e-16,0.00970415603427763,9.15933995315754e-16,0.0564258051000342,-0.0688440791704548,-0.0867037892033783,0.104592737014241,1.94982918699793e-15,0.00264811100923438,0.0603364416093195,8.91300921956883e-15,-0.158429694245657,0.0934738441690336,-7.07767178198537e-16,-0.0015391623328484,-0.00255251551065075,0.00132274412010241,0.00169634162875185,-4.41487124636097e-16,0.0116178082458454,-0.0285890110804186,-3.40005801291454e-16,4.33680868994202e-17,-0.113628416255993,4.12239686831128e-14,-0.0732724762072573,-0.0242707616644618,-0.123256789843118,4.5102810375397e-16,-0.0966359465230658,-0.0566255351103845,0.0232913636095885,-0.0356530760852539,0.030536669958565,-0.0173073862920588,-0.170740773851516,0.0276970891642467,-1.80411241501588e-16,-0.0152655484992718,-0.0231960603695541,0.0166086519465325,-0.0289039916936233,-0.0460137899860734,0.0428123101486792,-0.0381832727233072,-0.178858749079927,-0.0131965957678529,0.169599471043756,-0.0482194338529081,0.0240304520741501,0.000425629652432032,0.0416196347523337,-1.38777878078145e-17,0.00035876908576879,0.061928386197755,0.00510723101025438,0.0740683587866607,-0.0588371484879016,-0.0202375216742542,0.0726973393096897,0.0148379594445811,2.76861866765898e-15,0.0638509755911904,-0.0186880929945703,0.0761006383483171,0.00347131434134757,-0.0149096844462829,-0.0691106516485931,0.102757375227597,-0.0143543744118118,-3.7470027081099e-16,0.0815355356563441,0.0238299919433625,0.025426138301149,0.127858370484346,0.0658469388078793,-0.0286251486596122,-4.37150315946155e-16,-0.126300748653398,0.0143681348466877,0.0629578420665018,-0.0336725734102768,0.0179023747000398,-0.0366283905621469,1.12410081243297e-15,-0.115932188278013,-0.021696780912394,-0.0457531291653535,-0.0145632016814032,0.153622493134465,6.66480759470289e-15,-0.00316252952573698,0.0236728121759833,-0.0527485869588468,0.0193355433200611,8.46545056276682e-16,-0.0117543161667008,-0.0724822204443036,-0.0748342677571898,3.53883589099269e-16,0.00390393167161959,-0.043336541961106,-0.0183654172633371,-3.19189119579733e-16,-0.123613757765336,-0.00983934635824013,1.15636666908614e-14,-0.119522831561573,4.24660306919122e-15,0.0022850517256132
0.125179535204161,-0.0326089598637084,-0.115936500358885,-0.00016011284711788,-0.00241804416960231,0.0624072280581058,-0.00148863627426103,-0.0982671822024296,-0.00471752403829115,-0.1284513115486,0.0334485079313427,0.0867691630463685,-0.0044264970727278,0.118683760092051,-0.0637471938400743,-0.00668566003540148,0.0737745104670947,-0.0997944470812782,0.00190946902195954,-0.00967079658369899,-0.00874372798824919,-0.103416498296374,0.0778502463561846,0.0408740844359234,-0.00793217735727329,0.00377205734222023,-0.0746571279535821,0.0447986649383515,-0.00494455323437304,0.0199369289902162,-0.137785168232572,-0.102910054468311,0.00388933230955528,-0.0341300635601356,-0.110480557249727,-0.12665465262291,-0.00312690265891513,0.0457382004717524,-0.0180962440635456,-0.0704140244968429,0.00676401010350895,0.0144564652345836,-0.105731318125085,-0.106527003554419,0.00478111451378449,0.00186135671447426,0.00344079818942344,0.004243809787004,0.102025923091582,0.0190300445693826,0.0241161362603845,-0.0474768308953727,0.0107281025396028,0.101152269830455,-0.102753167514526,-0.108175502967158,-0.0579872132162706,-0.00788072585853696,0.0282394729875814,-0.0336400094595805,0.100803521208414,0.124899074260849,-0.0408173235469348,-0.0230661819211347,-0.0155403237508314,-0.0545544725589975,-0.00906317781769373,0.0635818291575433,0.0865619460650237,-0.0735869892997855,-0.0337189472568523,-0.0771516749810462,0.00116182874709624,0.000717241284569999,-0.00299335453194482,0.00643391367129116,-0.0664213173476654,-0.00368727020256588,-0.010278202042571,0.0944911182523066,0.0417541856194885,-0.0809954337284021,0.105391147968659,0.0485260151421378,0.0222514796716291,-0.0252966014344225,-0.014241575143398,-0.0553639558494954,0.0494289299967485,-0.152432382194994,0.0505453823220711,-0.0294840326453397,-0.0361532656887314,-0.0131598231574745,-0.0276455388251004,-0.109108945117995,0.0158085317419011,-0.141698656287274,-0.14131022927063,0.0306560144813432,0.0401071967482994,-0.0029422368104821,0.0398675209630928,-0.0190865506830206,0.0133784450490182,-0.0074353448153768,0.0539426141514482,0.0274624429601327,0.0145433669117475,0.119932692162733,0.014241575143398,0.0272117913596088,-0.0390563042521481,-0.119949779046105,-0.0077778331233533,0.066846731011497,-0.0488192233590964,-0.0753154223849481,-0.00762778565843583,-0.105391147968631,0.0892320306840138,-0.0130716315890786,-0.0480107363003443,0.0668355284364418,0.0535075284215635,0.0778794473949879,-0.00994191634930029,0.0263927133351404,0.0417541856194883,0.0575634083782791,0.111800142352816,0.0135590946791337,-0.0169090059097351,-0.0651695989164894,0.0146807474940433,-0.0944911182523075,-0.0133882944971557,-0.0818001120521934,-0.0306616056725847,0.0386584950329406,-0.0241269006358833,-0.0880545353169455,0.066421317347658,0.0688454949544764,0.0263747507914084,0.0233603334921543,0.0961303920410371,-0.0897778962806894,-0.07715167498105,0.00355943841914118,-0.0138246274876091,-0.0525111827911222,-0.0222502367954263,-0.0865619460650168,0.0854139163353567,0.0369171655762845,-0.0151663961351875,0.0545544725589984,-0.0297520958159544,0.00173401102831107,0.0194439145855547,0.100803521208414,0.0628795857190388,0.0100414082003695,0.0282394729875787,0.0607752547518043,0.108175502967154,0.0339487066184677
0.119968179804064,-0.0470260482980039,-0.102924123728246,0.0524132912170058,-0.0205655735565184,0.0884678862028076,0.0450432053976168,-0.0704276340196054,-0.0387949770592115,-0.0909465631264152,0.035733040734487,0.119104285221955,0.0309244790747,0.0784456311305353,-0.0678443780492362,-0.0524733111700079,0.02560636182008,-0.0537607246019947,-0.0827352003327447,0.0112854237996324,-0.0353457414241673,-0.134422807061165,0.114397235435095,-0.0261926571407988,-0.0596052807364834,-0.058418697372666,-0.0333422666015197,-0.0269609363599475,-0.0650927594372915,0.0124832739984175,-0.038732555633058,-0.0972549475065762,0.0880914078432389,-0.0144713075069477,-0.130882620201454,-0.0430436593024618,-0.0421640099933074,0.00351450097259157,0.0506631188806432,-0.0336183875516665,0.113389561733001,-0.080755484046089,-0.0345554868401433,-0.100385580754725,0.0204020274685415,0.0605356391927652,0.0281337732701228,0.0212596418762939,0.0579852529685456,-0.00795570113920658,-0.0293695808619329,0.0292196192734452,0.137661006573605,0.0967096083539735,-0.11618849374059,-8.03187811398987e-15,-0.0359827238016285,-0.0365498235851496,-3.01061259255775e-15,-0.00535543801214375,-1.02608893604028e-15,0.0886727096057176,0.0251427290487063,0.0282225338386275,-0.14018952910349,-7.79324521582581e-16,-0.0362217528970135,0.0643870081712604,7.01175228989825e-15,-0.0131007743034197,-0.172672359908996,3.44342609981396e-16,0.000920179021212808,0.00277345623008321,-0.0026358543826725,0.00402479093656943,3.60822483003176e-16,-0.0153227636519905,0.00192677886928337,4.02455846426619e-16,1.28369537222284e-16,-0.00225209985149101,2.23432383705813e-15,0.147454716352127,0.0698430956275805,0.0581516269234657,-1.13450915328883e-15,0.0419772759520583,0.142243941665786,0.0398842025614281,0.0086656437951414,0.00561572683789982,-0.0390307188050199,0.127414330526247,-0.0780052825249268,-2.77555756156289e-17,0.0232694701773681,-0.0110692978785215,0.0403141085952226,0.08566106578716,-0.0194885821117369,0.0229199290465392,0.0552695521437674,0.167010182029603,0.0353954218545834,-0.165222647435251,-0.0175162771679849,0.0544862930329017,0.0360837686128379,-0.0206516476115679,1.99319727389735e-15,-0.0169162864319671,0.0549278220370754,0.0329999990560427,0.0307376555210467,0.081572396401832,-0.0386764048100769,0.0521051702788741,-0.00675375775729919,1.48492329543615e-15,-0.0704977935923947,-0.0610048951214687,0.0833315880784667,-0.0114806322878984,0.0154072937943384,0.0731930367664317,0.00500773528848356,-0.025425253584839,1.4363510381088e-15,-0.130177935600756,-0.000926410812018098,0.0800463039738072,-0.0521906462278364,-0.0307955276681834,-0.000214454366096226,2.16493489801906e-15,0.153676584123337,-0.0324311920540574,0.052915052962321,-0.0725100058150217,0.0398122356803161,0.0160969555191598,3.62210261783957e-15,-0.0911093874631295,-0.0636905531602759,-0.0191843633212346,0.037961937769957,0.148988972377727,7.13318293321663e-15,-0.00924142740416519,0.0250289853116836,0.0395626430638092,0.0500995543575239,2.4980018054066e-16,0.0336684551372827,-0.0533470833128868,0.0708883275812697,-1.48492329543615e-15,-0.0117132579909697,0.043791506791821,-0.0523679665592283,3.33066907387547e-16,-0.115620552084753,-0.029383677290216,8.47932835057463e-15,-0.119736764518793,8.13238365537927e-15,-0.0371783019501566
0.12625998678117,5.55111512312578e-16,-0.125491628786263,8.18789480661053e-16,0.00250347344365756,2.22044604925031e-16,-3.33066907387547e-16,-0.123873302501455,0.00544782119789487,-0.129561239041064,-4.75314232417645e-16,-9.85322934354826e-16,-2.22044604925031e-16,0.128471459467384,7.79237785408782e-15,0.0094632471016431,0.121217937062025,-0.125936487427108,-1.05124242644195e-15,1.47104550762833e-15,-0.00110905183721615,9.71445146547012e-16,-6.66133814775094e-16,1.59594559789866e-16,0.0155994799666569,0.0295813855463762,-0.117275872733794,0.117156204937479,-2.90457762008867e-16,3.38618022510673e-15,-0.139590284571293,2.20795604022328e-14,-0.0371051969673038,-4.16333634234434e-17,-1.27675647831893e-15,-0.132573291379553,4.07833489202147e-15,0.103642073796944,-0.0542397060670481,2.56739074444567e-15,-0.063276175343985,0.110652600588352,-0.126920616428855,-3.1641356201817e-15,1.49880108324396e-15,-2.35922392732846e-16,-0.009459900698793,1.74339709335669e-16,-6.08714467720262e-15,0.0657770496899954,3.01841884819964e-16,-0.110026199443602,-0.0987113443259276,1.53765888910584e-14,1.33226762955019e-15,-0.109108945117992,-0.0674310081480922,-0.000885413119991438,-1.1366775576338e-15,2.6853519408121e-15,0.109108945117999,6.68562427641461e-15,-0.121060800702981,-6.40459907330637e-15,0.100315451477658,1.11195774810113e-15,-0.00770033468106492,-1.41059039449054e-14,0.109108945117997,-7.3899220076612e-16,0.0809795699029233,4.53630188967935e-16,2.07127609334889e-14,-0.00262272668976982,-0.00259282641833389,-8.16187395447088e-15,-0.109108945117996,0.0142604697553786,4.96477858824562e-15,-4.13731549020468e-16,0.109108945117996,3.60822483003176e-16,-2.42861286636753e-16,-0.100083857467083,-0.0103013997029727,4.02455846426619e-16,-0.109108945117996,-1.04083408558608e-15,-0.0744737675945288,1.57929225252929e-14,0.16971557137236,0.023645187357353,-1.98452365651747e-15,4.44089209850063e-16,0.00479323134405232,4.85722573273506e-16,-0.14108432432904,1.43218770176645e-14,9.99200722162641e-16,-0.0509666179387091,0.147856580572218,-1.0321604682062e-15,-0.0319558655777217,-5.96744875736022e-16,-0.00211249484279276,1.45716771982052e-16,-0.0556571487131047,1.0998146837693e-14,-0.128714748385766,-3.94476118437126e-15,-0.109108945117996,1.97064586870965e-15,-0.126412721018487,5.52335954751015e-15,5.66560687254025e-15,-0.0409195969177696,-1.66533453693773e-16,0.0105380823321765,-0.0288809112663817,7.21644966006352e-16,4.2934406030426e-15,0.114623804691017,-0.0985459531852301,1.34892097491957e-14,-0.115381534694454,-0.0251904579152588,8.18789480661053e-16,-1.94289029309402e-15,-0.109108945117996,-2.49106291150269e-15,2.35367281220533e-14,-0.0923478539624287,-5.55111512312578e-17,-0.00142267327545911,0.0291309232494893,4.9960036108132e-16,3.19883008970123e-15,0.130947849837892,-0.062634309103504,-1.25593979660721e-15,-6.93889390390723e-17,6.31439345255558e-15,-0.109108945117998,0.0760778407511457,-1.66533453693773e-16,0.0329192011804205,-0.119607215181029,-0.0912890375953355,-3.80251385934116e-15,1.19999496450696e-14,-0.0132620997130307,1.69309011255336e-15,-6.69603261727048e-16,0.109108945117997,-0.0916420697048898,0.0425309277632504,-1.80411241501588e-16,-2.77555756156289e-17,0.0297372192158275,1.19348975147204e-15,-9.22872889219661e-16,-0.109108945117997,0.0649806955398516,-1.17267306976032e-15,-7.68829444552921e-15,0.0607207501405957,-0.109108945117999,-0.0362337583440812
0.112747795806282,-0.0299089388352431,-0.104129980817368,0.0988599317548291,-0.0242196337050123,0.0572554490118398,0.0923160581827485,-0.0875740011118525,-0.0462275343640252,-0.02835356748489,0.0108936483859404,0.0796249254858448,0.0800415241379831,0.0242847866675962,-0.0210933733109877,-0.0639661089303947,0.0643819728715132,-0.0153520919739546,-0.128061863805206,0.0637339427473639,-0.0350559042543813,-0.0948604557457284,0.0762334110587245,-0.0944672196612128,-0.0755789467551361,-0.0636425599937805,-0.0161904862373079,0.0363395191172752,-0.10113108556493,-0.0467417012681671,0.0879584659262195,-0.0172530392602773,0.0898582356247253,0.0147525163399417,-0.100995672275345,0.0696921994185763,-0.0740756869283022,0.00645705081451064,0.0948480630239179,0.0383477292695888,0.107060845092401,0.00567015086854038,0.0597545531947811,-0.0150127315256129,-0.0169088852419762,0.065382836515273,0.0201701174186521,0.0410140615061112,-0.0540397782628879,0.00360426331559177,-0.0356997373351735,0.0989421476153857,0.116312071911479,0.0106307170479178,-0.106847518233064,0.108175502967147,0.00463729214882334,-0.0373749712216521,-0.0282394729875844,0.0139530888323003,-0.100803521208414,-0.0570253206368482,0.089223505706279,0.0284753327929415,-0.0385453921382906,0.0545544725589976,-0.0444447825896858,0.0715697937639656,-0.0865619460650072,-0.0319183223206242,-0.0784876154995943,0.077151674981046,0.00102612687487493,0.00140239217387262,-0.00194146955934871,-0.00224368667177447,0.0664213173476652,0.00385540735138495,-0.00677938118282257,-0.0944911182523068,-0.0417541856194889,-0.10147852931961,-0.105391147968592,-0.0180551198072616,0.0522797374892416,-0.0339895558781211,0.0142415751433985,-0.0667518803092366,0.00786823310681288,0.1244900053831,0.057672980963402,0.0134657437016772,-0.00506982878468845,-0.0287247497918412,-0.0689450493023732,0.109108945117997,-0.149752053010613,-0.0487801875988777,0.116951415207991,-0.0129769110043137,0.0420875215737656,0.0343321028485027,0.0145185892725036,-0.0327547866858107,0.0311977856436815,0.0102338291506934,-0.0441949415564698,0.0248652404864851,-0.136241702361868,0.0421535523704328,-0.0142415751433984,0.0162875912921405,-0.0155399385467812,0.0947860741217025,0.0651094125174227,0.023537750037226,-0.00391207129114724,0.058690948821045,-0.0688656447374887,0.105391147968631,0.0339904579467345,0.110884830226666,0.0181381296707104,-0.0446810025635814,-0.0666328746705946,0.0336283788826932,0.0881709969738431,-0.0013652374596079,-0.0417541856194889,0.0225040918742625,-0.0481966059053515,-0.0718361136814682,0.0946582494865309,-0.0332121154210107,0.0691069249900077,0.094491118252307,-0.053390583213536,0.0843039860400865,-0.0559529374944911,-0.0634984034138698,0.0175784876314508,0.022550771657128,-0.0664213173476642,0.0489840587888799,-0.0512662266875194,0.0657868089521589,-0.0886385888766106,-0.0264583839770738,0.0771516749810445,-0.00775685136492035,-0.00103239390408699,-0.0133879579832384,0.0294582896412104,0.0865619460650163,-0.0744953188540372,0.0630679411560785,-0.0556397839967744,-0.0545544725589965,0.0253312724524905,-0.0387209641557876,-0.0342520992175114,-0.100803521208414,0.0686398991974499,-0.0200092072818586,-0.0282394729875854,0.0544390679439439,-0.108175502967166,0.0270497942109163
0.113756317351606,0.000547958494575174,-0.11306405071879,0.0996130497416522,-0.00156089016134551,-0.00118763398952734,0.0989250655442194,-0.111605989118069,-0.00339666095923795,-0.0288300879159545,-0.00358380266401057,-0.00204898345098167,0.0974373478591798,0.0285875891474144,0.00774186266821864,-0.00590023806034943,0.109213587524239,-0.0280235048014557,-0.13000285438662,0.0948563849538163,-0.000246787250621439,0.00337150949236709,0.0414807875635694,-0.12301135887401,-0.00972611667350684,0.0065824775395044,-0.026096336731265,0.105554093330263,-0.12143263247713,-0.0901888868300691,0.0870331188687651,0.0465482281743898,-0.00825668308379914,-0.00397637137097802,0.00571205006301011,0.082658095173999,-0.110136343367105,0.0230625310584628,0.0338179035886162,0.0181416446846262,-0.01408027363473,0.0996945482823823,0.0791337099891595,0.0748611113340673,-0.0732455206716557,0.0640782265452666,-0.00852307602305114,0.0769853707750387,-0.0451694076192611,0.0146367705299063,-0.0641543985270456,0.0686002132903613,-0.0219653405314972,-0.104715358585524,-0.00557767520428815,0.109108945117996,0.042042545909389,-0.000797729656343893,2.52575738102223e-15,-0.0240356386494152,-0.109108945117995,-0.0772247610817505,0.0754801746431547,0.0638904062365585,0.0903810987509504,-4.47558656802016e-16,-0.00693776182006596,0.010428173140942,-0.109108945117995,0.0660251569286653,0.0729600714186636,-2.23779328401008e-16,0.00280693893362657,-0.000583611592496911,0.00161660082982633,-0.00153090556578724,0.109108945117996,0.012848239291258,0.00960464898574363,6.24500451351651e-17,-0.109108945117996,-0.0665934469405284,2.31342722756267e-14,-0.0901724397574248,-0.00928124042819778,0.00581900560710878,0.109108945117997,-0.067457165587725,-0.0670985460780769,-0.0911179429829436,-0.105815927967276,-0.0147425331803485,0.0151150106236617,0.00144187037595263,0.00431855221764722,2.1094237467878e-15,-0.0313942156163108,-0.156213485638086,-0.0812815746043973,-0.0459193360650449,-0.0921870701244866,-0.0343423731571986,-0.00711084905373885,-0.0399927703185036,-0.0019032920869596,-0.00157833927318747,0.0347016646231583,-0.0261890616604434,-0.0286417260247609,0.141118257392406,0.109108945117995,0.0600568999979461,0.0788170423802383,-0.0632709349907093,-0.0474744349136261,-0.00910546692326386,0.00618263183409002,-0.00657038686526414,-0.026020801927662,-2.4980018054066e-16,0.129869306631945,0.0255061960734709,0.0614423968254424,0.0301638438193794,0.0719392102048019,-0.0056054042220921,-0.0295360298915348,0.0648071038721847,0.109108945117994,0.128709900196959,0.040699955316082,-0.0205493307125729,0.00208151932029263,-0.000316574585968447,0.0262460549410452,-1.38777878078145e-15,-0.0941547131806301,-0.0816446489492629,-0.0139374449593951,0.0813426708443716,-0.0642630233847867,-0.0449723286168343,0.109108945117992,0.0169289121773274,0.0604958581765608,0.0296591754197746,0.0745738788940955,-0.0203137219056878,-1.2490009027033e-15,0.00820654398407015,-0.0029510948143597,-0.0527131968793279,-0.0622270448318025,-0.109108945117998,0.0571378958822256,0.0383190418376949,-0.0668602399560418,9.99200722162641e-16,-0.0185408529167054,-0.0374419179581935,0.0559251991906112,0.109108945117996,0.0585455836960506,0.0292552245669703,-3.80251385934116e-15,0.0547075055123647,0.109108945117997,0.0744034943766849
0.0978822368565798,-0.0128629280284173,-0.0973659245869716,0.119823607385667,-0.0157618599645638,0.0259686884694266,0.119406403902161,-0.0962852495477145,-0.0319099001816848,0.0513519469686977,-0.0067665591349464,0.0395666349426481,0.118520983466181,-0.0513536795123236,0.0137285830017782,-0.0488526325378442,0.0945335454696373,0.0513747927777218,-0.0480514161037061,0.117019692628136,-0.00393912152988667,-0.0539107907401969,0.000995797772642373,-0.0530600358101802,-0.066913270000291,-0.0208751210529227,0.0476525132747396,0.0919110284646909,-0.0446462447156552,-0.114373150536235,0.0931665580672629,0.0385453797965815,0.0283128762600421,0.00208939519921641,-0.0692117650756543,0.0808831817835861,-0.04167611470752,-0.0432999725747436,0.104508150606829,0.0372763857882001,0.0431711600772162,0.0877841533214119,0.0817128251780624,0.0532844524822022,-0.0914873979517778,-0.0460069052751582,-0.0107941774024738,0.0294056449928102,-0.079026945586877,-0.0276501291946562,0.065711081456276,0.143068974383128,0.0610763904590305,-0.0664777337916245,-0.0704378135303022,-3.92264346005256e-15,0.0180236187900827,0.00563179277172515,7.63278329429795e-16,-0.0218050406803118,-8.29197821516914e-16,-0.126787633183121,0.154691241732726,-0.0695310403994468,0.0838768627028323,2.4980018054066e-16,0.00212362014690595,0.0483860693706983,7.10716208107698e-15,-0.127050750287615,0.0749602029498888,-4.57966997657877e-16,0.000854170653216974,0.00141653923991466,-0.0029721790588072,-0.00381164504074157,1.82145964977565e-17,0.00931675883968786,-0.0229266068147301,-2.4980018054066e-16,-9.71445146547012e-17,-0.0911229148554204,3.24462678946702e-14,-0.0587599636664619,-0.0194636396554574,-0.0988442709693626,9.0205620750794e-16,-0.0774960121520647,-0.0454101534151481,-0.0523352189735242,0.0801117347733623,-0.0686152745623495,0.038889343991938,-0.136923469592048,0.0222113409727615,1.38777878078145e-16,0.00847174028044668,0.0128728423344737,-0.0373193021691016,-0.0231792016545083,0.10339204758844,-0.0237590396704646,0.0211901177074982,-0.143433580266042,-0.0105828481304038,0.136008215802527,0.10834808437029,-0.0539959356787245,-0.00023620663687807,-0.0230971547603145,-3.58046925441613e-15,0.000287710468318318,-0.139151820677494,-0.0114758439115141,-0.0411048380390236,0.0326521540221919,0.0454732984318382,-0.163349438673398,0.0118991196009768,-4.60048665829049e-15,-0.0354346181460405,0.0103711091805388,-0.170996582198544,-0.00779997252310097,0.0335017568486596,0.0383535181462446,-0.0570260410145081,-0.0115113145147031,4.44089209850063e-16,-0.0452488085665885,-0.0535455058534999,-0.0141104422178108,-0.0709560424557276,-0.0365422941644925,-0.0229555869031656,-3.85108611666851e-16,0.0700916275539264,-0.0322849059439377,-0.034938966433472,0.0186868684423414,0.0143565898324807,0.0823032465101431,2.99760216648792e-15,0.0643375106555681,0.0120408050074514,-0.03669116080885,0.032723217142934,-0.0852540518365061,-3.44169137633799e-15,0.0017550714782737,-0.0131374196264366,0.118524999021442,0.0155059018306489,1.66533453693773e-16,0.0264117086822234,-0.0581262277492104,0.168151073309537,-2.41473507855972e-15,-0.00877205484043381,0.0973763258822508,-0.0147279211372708,1.29063426612674e-15,-0.0991305370166627,-0.00789054314032624,5.41233724504764e-15,-0.095849868919476,1.02695629777827e-14,-0.101453288587601
0.0781113545144239,-0.0193776221870903,-0.0728712097693482,0.123187462596612,-0.0315433025153172,0.0370570144162219,0.114290110843363,-0.0630014568447822,-0.0602628208104549,0.115628478579908,-0.0316717503425853,0.0514893816531999,0.0973536275033451,-0.10598473266543,0.0605087145509057,-0.0834746945704107,0.0497575138710487,0.0868612566267121,0.055461615812175,0.0741080394625867,0.0226132705361185,-0.0614421275159629,-0.0963581099496548,0.00926339716889799,-0.098647431403661,0.0252986486540559,0.0670758123902563,0.0351801355918247,0.048972791049188,-0.0472217872524902,0.0332174133926043,0.0902057808914392,-0.0431096793758756,-0.000544669341939389,-0.0662596457215501,0.0166167217733899,0.0354743633158415,-0.0395528468818098,0.108230942239639,0.0087420007405287,-0.0530708734275993,0.0222661237059281,0.0158362542533229,0.0921093181131346,-0.0184317166384786,-0.113633369818165,-0.0286138923601188,-0.021656245755147,-0.010766385579851,-0.0168649589326515,0.11851717016013,0.097031186633278,-0.0603670120043461,-0.0858489364115937,-0.0383516965413009,-0.108175502967151,-0.0263978668053982,0.0496395407522955,0.0282394729875843,-0.00126957963034782,0.100803521208412,-0.00179565477836101,0.0886079861554879,-0.1031400170116,0.0345376061321025,-0.0545544725589974,0.0597219552067778,0.0139027611570229,0.0865619460650184,-0.107833634602481,0.0656640094170892,-0.0771516749810467,-0.00138838373594931,-0.001199306084383,-0.00408215938146979,0.000772721196196026,-0.0664213173476651,-0.0152324249319215,-0.0108788875738112,0.0944911182523068,0.0417541856194888,0.000862903772896884,0.10539114796863,0.141571167979253,-0.0442062108251497,0.00440611589351485,-0.0142415751433993,-0.00411894750978935,0.0968877313869585,0.0706429074868468,0.0999676019060429,0.000429104061617463,-0.0263855218843234,0.0221903563781019,0.062115724161089,-0.109108945117998,0.0539684752440942,0.135342725395735,0.0674147685093903,0.0922670249036836,0.0747400959642087,-0.0129197324550654,-0.0384326495825857,0.0161349960673356,-0.0261553740703043,-0.035147791075172,-0.0251742983190085,0.0462469537758697,0.0489703869745431,-0.114938647288051,0.0142415751434008,0.0317951147909855,-0.0410526000648655,0.0516291958224957,-0.0227390766810384,-0.0640822003563439,-0.0319708981136691,0.0313895099785704,0.106952125156948,-0.105391147968629,-0.0866857095438249,-0.0388657573274318,-0.00402607078841797,-0.018625378852276,-0.053395397625852,-0.0774205042624968,-0.0312669873022398,0.0617639614476243,0.041754185619488,-0.0561775324634842,0.0019442136348118,0.0210965285298541,-0.028566914250861,0.0670427424826946,-0.0915390357584923,-0.0944911182523065,0.0344976234576361,0.0597297137150748,0.0494900984469538,-0.00274225791155842,-0.0858879938312389,-0.0207462281367901,0.0664213173476653,-0.0770097573655,0.00166470935376654,-0.0660535406761687,-0.0571821696275118,0.0837713714957667,-0.0771516749810428,0.000597675633982574,0.0115459489772526,-0.0458360184559835,-0.103077831993974,-0.0865619460650154,-0.0454929957196775,-0.0306923850116881,-0.0777983906689046,0.0545544725589995,0.0150764125647604,-0.047321949017251,0.10541022960073,0.100803521208411,0.0176043220551634,0.0586181850835532,0.0282394729875823,0.0384649470077929,0.10817550296714,0.038735802834312
0.0533908628300791,-0.0209285603750931,-0.0458055442772896,0.0944454873016505,-0.0370578830499464,0.0393719133259778,0.0811650515475766,-0.0313432457967515,-0.0699061331226759,0.113408509246842,-0.0445583729747271,0.0530063935715677,0.0557239858047953,-0.0978201020205221,0.0846005556542665,-0.0945536395199047,0.0113959030948494,0.0670385270597591,0.103169107324408,0.0203356310091243,0.0440754186341987,-0.059823777144561,-0.14265101930923,0.0326617092217393,-0.107405004612277,0.0728469240994952,0.0415771263938072,-0.0119987454783065,0.0811693433679894,0.0224940824841393,-0.0697936535993278,0.121274935901332,-0.109848188843271,-0.026076395083203,-0.0582482457717557,-0.0775619939842331,0.0525776604725777,-0.0043825110300753,0.0912917857246091,-0.0605782411462634,-0.141394470755512,-0.0359395714640257,-0.0622668357162584,0.125178771708474,0.0367631831824956,0.026940893941634,0.01252070700756,-0.0265103398021003,0.104485815444197,0.00992059705387419,-0.0130706931266019,0.0526519345946883,-0.17166046742448,-0.120594909100893,-0.051708744284308,6.53643805748061e-15,-0.064838627855197,-0.0162662017602122,-5.82867087928207e-16,-0.00965016584584235,2.4980018054066e-16,0.159782701574603,0.0453056322539796,0.012560209176768,-0.0623902098940081,3.05311331771918e-16,-0.0161201965683566,0.0286549143858435,3.17801340798951e-15,-0.00583039306709537,-0.0768464295907811,2.22044604925031e-16,-0.0011474444712198,-0.00345844335071627,-0.00474964547822408,0.00725242266733021,2.77555756156289e-16,-0.00681927135726576,0.000857497267040153,-0,-0,-0.0010022787246331,1.33226762955019e-15,0.0656235223978775,0.031083101738899,0.0258799086681772,-9.15933995315754e-16,0.0186816452995876,0.0633045094981933,0.0718688496579082,0.0156149505595191,0.0101191901031835,-0.0703309250703467,0.056704711656236,-0.0347156166419462,-6.38378239159465e-16,-0.0290165547004896,0.0138031886819896,0.0726435135630643,0.0381227607253041,-0.0351172115244747,-0.0285806840396759,-0.0689200042298636,0.0743265233708879,0.0157524446577197,-0.0735309956360523,-0.0315632408198079,0.0981809075001153,-0.0449957234854568,0.0257521833547857,2.27595720048157e-15,-0.00752845571182759,0.0989765152741819,0.0594639435806092,-0.0383292295008388,-0.101719114539437,-0.069692473312543,0.0938902725560394,-0.00300570496774549,3.29770932783191e-15,0.0879093107167938,0.076071859943401,0.150158333143133,-0.020687384550462,0.0277629840946476,-0.0912702239818833,-0.00624454376555468,-0.0113153023475516,-1.18655085756814e-15,0.162329230548189,-0.00166933460097254,-0.0998161084083064,0.0650806713509458,0.0384013948879419,-9.54411716695414e-05,-3.55618312575245e-15,-0.191631565970777,-0.0584389887793576,-0.0659839917736212,0.0904184983167656,0.0177181117329465,0.0290057115815453,-1.5404344466674e-15,0.113611547873715,0.0794208207403471,-0.00853784488719621,0.0684050481919642,-0.185786209733847,-7.75768338456828e-15,0.0115238714822281,-0.0312106341854106,0.0712894194648625,0.0222963992528644,-1.66533453693773e-16,0.0606684598181225,-0.0237416856052568,0.127736352496785,-1.40165656858926e-15,-0.0211065615831463,0.0789095685959367,-0.0233059376563039,1.18828558104411e-15,-0.0514559864688878,-0.0130769666273789,3.05311331771918e-15,-0.0532878733392568,1.48769885299771e-14,-0.0403700617003524
0.0787218141408784,-0.000987387089028513,-0.0782427507668769,0.124215441291933,-0.000557075248817721,0.00214004250205893,0.123357539030055,-0.0772337408322184,-0.0012122542609832,0.116730642862863,0.00159494223182404,0.00369214060032992,0.121502385420722,-0.115748785394099,-0.00344545302298357,-0.00210577058331869,0.075578147560527,0.11346485450481,0.0578567131501843,0.118283977319794,0.000999221178221713,-0.00607525018092233,-0.0184606871797772,0.0547452049277608,-0.00347121085141663,-0.0266519074467052,0.105661910289238,0.0730456990029872,0.0540426055831709,-0.112463702359076,0.0310617604940286,-0.0207159104147663,0.0334306273049286,-0.00495845399641755,-0.0102927585573429,0.0295003326154405,0.0490152839771611,-0.0933782818958893,0.0120694700515553,0.0226222608996113,0.0570098640648566,0.0689907680158966,0.0282424941061394,-0.0333163288221255,-0.0913356703412253,-0.115464974455366,-0.00589815161229217,-0.0342617132116618,-0.0563253300132247,-0.0592630739931595,0.115602231623748,0.024483132659854,0.0889358481464557,0.0466027187840307,0.0100506234286494,-0.109108945117999,0.0150048109107251,-0.000552046050746449,-6.27969898303604e-16,-0.0299719511581397,0.109108945117995,-0.0962977019708978,0.0269385624379238,-0.115126533953545,0.0625456609651731,4.92661467177413e-16,-0.00480108014454409,-0.0187909186981599,0.109108945117995,-0.118973221782201,0.0504899359933776,-2.60208521396521e-16,-0.00124920534615543,0.00236299509648859,0.000576958156199703,-0.00190900801575901,-0.109108945117996,0.00889125746219865,-0.0173069794465616,-1.45716771982052e-16,0.109108945117997,0.119997244999456,-4.38538094726937e-14,-0.0624012644614094,-0.00642281765967353,-0.0104854857883076,-0.109108945117996,0.121553612222955,-0.0464336346011873,-0.113622216432408,-0.0377652674486898,-0.00526154917433108,0.0188481099576804,-0.00259816064056704,0.00298853086096895,-1.58206781009085e-15,0.12711258396952,0.0695215414415056,-0.101356465689722,-0.0317771665200083,-0.0329011844005167,0.0152837938984336,0.0287912400324055,0.0720644819962886,-0.00131711899095974,0.00284406909625996,0.0123848807129824,-0.032657225731082,0.115967981135469,-0.0628035328664886,-0.109108945117997,-0.10821879440176,0.028129476744989,-0.0788975654415466,0.0211281111920527,0.0368672829100277,0.00770961579440656,-0.00234494392266758,-0.0180069536429766,-1.70002900645727e-16,-0.0577972788080011,-0.103272479547135,0.0219285375403968,0.0376136980124903,0.0256748068615231,0.0226958183498553,0.0131447699136517,-0.116778366015514,-0.109108945117994,-0.0572812944025019,0.0507520141513382,0.0832025414377611,-0.000926363246399399,0.00128178433038581,0.0181628335647851,1.1518563880486e-15,0.0419027894266848,-0.0291386378454912,0.056431562564815,-0.0362008941735822,0.115797966853957,-0.056079576516858,-0.109108945117997,-0.0685437660540258,-0.0269231897238738,0.0205247862213284,0.0266151092299959,0.082248580854171,4.48599490887602e-15,-0.00365225566378699,0.0119487389644541,-0.06573228135527,0.112129260270042,0.109108945117997,0.0203922789404227,0.0265175997239765,-0.0833733555248395,5.41233724504764e-16,-0.00661715379316959,-0.0466893080179285,-0.100773726803967,-0.109108945117995,0.0405148009867861,-0.0527160931166703,-3.21964677141295e-15,0.0378587684738756,-0.109108945117991,0.0627174857532889
0.0277762693059301,-0.00844546022786358,-0.025067588078291,0.054663465610295,-0.0164561344411447,0.0161978869064113,0.0493752481394122,-0.0197056505124984,-0.0315370023774601,0.0799040073382382,-0.0236220141699397,0.0225629543167787,0.0388999431594236,-0.0722941291169757,0.0452857422542603,-0.043835394030467,0.0117279055381983,0.0567241290138216,0.101847847442635,0.0233103837260778,0.0320039775207542,-0.0267994184749629,-0.0957810681129287,0.0575661493563084,-0.0518344144939343,0.0493586470168043,0.0462093095521827,0.00092975339932666,0.0833013669848441,-0.00107874341480711,-0.123002028529084,0.0596351461077237,-0.0737916257362842,-0.0343724642214654,-0.0278561304854096,-0.119259515726296,0.0607956912535655,-0.0255335668830806,0.0300710566367286,-0.0665234681579858,-0.0888663993977996,-0.0133089368805859,-0.0986835219514778,0.0594482525728892,-0.00342177108783372,0.143559851179412,0.0391217383454555,-0.0347793966550601,0.0972344307424554,-0.0113595613441619,-0.123672357619605,-0.00429389035031816,-0.0980494943888198,-0.0535421682683213,-0.054929384159617,0.108175502967157,-0.0697353691682435,-0.0697802207145509,-0.0282394729875851,-0.0342050255497396,-0.100803521208412,0.124099932704166,-0.00138305987632266,0.105547315619409,-0.0586080141587886,0.0545544725589978,-0.0835352378546726,0.0462453695593888,-0.0865619460650107,0.0608793536442302,-0.115600627698273,0.0771516749810469,-0.00133995229848631,-0.0014438336056516,-0.00481008636819084,0.00677780695582167,0.0664213173476653,0.0153072530026979,0.00328754887310719,-0.0944911182523072,-0.0417541856194889,-0.082071457133204,-0.1053911479686,-0.12801034380245,0.077375722928225,-0.0307909380852511,0.0142415751433999,-0.0502277123160044,-0.0713880948932435,-0.120993330692281,0.0950351506050909,-0.029293063372227,-0.0478959276339762,-0.040830744960191,-0.105102579924116,0.109108945117995,0.11305636382809,0.102180507869979,-0.111307834768315,-0.0843990836692477,0.0733696686641765,-0.026222790257774,-0.0293857206067355,-0.0392065616850413,0.0459936630422883,0.0363932337710844,0.0427389974041645,0.0480442736538085,0.102784955138136,-0.0871795936879696,-0.0142415751433989,-0.0124360682826026,-0.0573264300676843,-0.0969726252984338,-0.0487522334722752,-0.0486254040040037,-0.0630476115744455,-0.0613457762312485,-0.140994904303396,0.105391147968628,-0.0669702204980234,-0.0831053063480075,-0.0498025063643718,0.0585464550414435,0.0297443409242163,-0.061627480760643,-0.0662830806541362,-0.0506256868348392,-0.041754185619488,-0.0436650072720782,0.112665398820464,0.0515737255315611,-0.0683848066938645,0.0556372486749283,0.128828058028844,0.0944911182523086,0.0487742750067381,-0.0552178886905377,0.0585164702676942,0.0337171170207883,0.0829736758758847,-0.0972874754390735,-0.0664213173476688,-0.0699212928675976,0.0293744533951074,0.105727751468659,0.0706819324587118,0.061172899197648,0.0771516749810494,0.00463641269778473,0.0069804536701833,-0.0729101300624551,0.106285717296473,0.0865619460650154,0.0651676285433318,0.0751899436753015,-0.0497899372390714,-0.0545544725589985,-0.0230424610067134,-0.0193262375555933,-0.112000491749733,-0.100803521208413,0.0409273551789773,-0.0630542730057582,-0.0282394729875851,0.0128102503750097,-0.108175502967161,0.110276575394606
0.0280954901798579,0.0012312515609933,-0.0279245144412182,0.0552810720161536,0.00225555163435705,-0.00266858935115126,0.054899269591041,-0.0275644029648767,0.00490831729720194,0.0807801112582864,0.00287398659395084,-0.00460402402269047,0.0540736485634776,-0.0801006448078207,-0.00620849181905875,0.00852609102785054,0.0269735285673006,0.078520115592713,0.104254194694964,0.0526413222105412,0.000691482510237039,0.00757571306308905,-0.0332650088581295,0.0986474506137004,0.0140546458054182,-0.0184436922130215,0.0731203106536054,0.0260697081414642,0.0973814103415312,-0.050051056170251,-0.12576650066038,-0.0373287807078906,0.0231347119050747,-0.00220671962852449,0.0128348599869942,-0.119444408248335,0.0883224898296439,-0.0646197760558796,-0.0488682865705912,0.0100678532471695,0.0394520500275945,0.0246225200276907,-0.114351524097449,-0.0600339501230744,-0.0406481973357063,0.143982468089602,-0.0021050259386363,-0.0617374739294204,-0.0250671300798877,-0.04101131967807,-0.144153624979041,-0.0991301803523147,0.0615455165149908,0.0839751975680613,-0.0125329224201341,0.109108945117993,-0.0607532390726969,-0.000197022954398718,-9.03790930983916e-16,-0.013338773128407,-0.109108945117993,-0.0428565091608084,-0.109072012556731,0.143560439686757,0.0223222879530601,-3.12250225675825e-17,-0.00171348566500406,0.0234318923517149,-0.109108945117994,0.148357180950957,0.0180196495261813,4.37150315946155e-16,-0.00225099025298489,0.00163524334411584,-0.00233605588279049,-0.000849588493202288,0.109108945117996,0.00317325304861687,0.0215814503718246,-1.2490009027033e-16,-0.109108945117996,-0.149634117016609,5.39013278455514e-14,-0.0222707534375258,-0.00229227708296343,0.01307518691309,0.109108945117998,-0.151574875200208,-0.0165719723203676,-0.0505666434374297,0.152908446204771,0.0213035776846954,0.00838819806218993,0.00323985332596923,0.00106659431534903,-1.27675647831893e-15,0.0879646374213,0.125273488974782,-0.0451078708155748,-0.0113411394243191,0.133214176010077,0.0275404449718437,0.0199241562972748,-0.0898629392018405,-0.000470074325396561,-0.00354649615460155,-0.05014535826672,-0.0145338327402116,0.080252332967342,-0.113168055813986,0.109108945117998,0.13494662935789,-0.113893926144493,-0.0351127198978588,0.0380715408432453,0.025512951374402,0.00343110181403105,0.00949448410868564,-0.00642660734850656,-2.77555756156289e-17,-0.104147097710965,-0.0714667732750989,-0.0887868358776566,0.0167396704225922,-0.103955170690505,0.0157059936143166,0.0236860569358774,0.145620240576801,0.109108945117994,-0.103217325939612,0.0225867711782359,0.0575779451691213,-0.00166924889074911,0.00088702227862518,0.0064822402484865,2.44942954807925e-15,0.0755062175034299,0.11797993602272,0.0390518529724571,-0.0652317572812493,-0.144397702818837,-0.0249577594848205,0.109108945117995,-0.0474337578557729,-0.0485139115316822,0.00732521139176195,-0.107762377254614,0.0569177839621889,1.11716191852906e-15,-0.00658113730137276,0.00826878392230058,-0.0292536172765045,-0.139822900536673,-0.109108945117997,-0.0825666517942514,0.00946402176790759,-0.0371046338769201,5.25187532351978e-16,0.0267923087314524,-0.0207786968518478,0.125662781915144,0.109108945117995,0.014459565060658,0.0657358929041594,-6.10622663543836e-16,0.0135116380318189,0.109108945118003,-0.110276575394606
0.0277762693059301,0.00844546022786372,-0.0250675880782915,-0.0546634656102949,-0.0164561344411413,-0.0161978869064147,-0.0493752481394124,-0.0197056505124982,-0.0315370023774598,0.0799040073382381,0.0236220141699406,-0.0225629543167792,-0.0388999431594231,-0.0722941291169749,-0.0452857422542768,-0.0438353940304493,0.0117279055382014,0.0567241290138209,-0.101847847442635,-0.0233103837260796,0.0320039775207586,0.0267994184749603,0.095781068112929,-0.0575661493563085,-0.0518344144939343,0.0493586470168046,0.0462093095521816,0.000929753399326796,-0.0833013669848448,0.00107874341481044,-0.123002028529102,-0.0596351461076856,-0.0737916257362874,0.0343724642214661,0.0278561304854062,-0.119259515726294,-0.0607956912535718,-0.025533566883084,0.0300710566367178,0.066523468157985,-0.088866399397795,-0.0133089368805865,-0.0986835219514764,-0.0594482525728981,0.00342177108783744,-0.143559851179411,0.0391217383454722,0.0347793966550517,-0.0972344307424524,-0.0113595613441742,0.123672357619606,-0.00429389035031269,-0.0980494943888105,0.0535421682683524,0.0549293841595898,0.108175502967163,-0.0697353691682445,-0.0697802207145555,0.0282394729875795,0.034205025549738,-0.100803521208418,-0.124099932704163,-0.00138305987633157,-0.105547315619404,-0.0586080141587895,-0.054554472558998,-0.0835352378546749,-0.0462453695593651,-0.0865619460650216,-0.0608793536442278,-0.115600627698275,-0.077151674981046,0.00133995229851056,-0.00144383360563376,-0.00481008636814694,-0.00677780695585252,0.0664213173476653,0.0153072530027011,-0.0032875488730975,0.0944911182523069,-0.0417541856194886,0.0820714571332045,0.105391147968598,-0.128010343802451,0.0773757229282249,0.0307909380852521,0.0142415751433992,0.0502277123160038,-0.0713880948932615,0.120993330692295,0.0950351506050614,-0.0292930633722261,0.0478959276339806,0.0408307449601904,-0.105102579924117,-0.109108945117996,0.113056363828067,-0.102180507870003,0.111307834768311,-0.0843990836692515,0.0733696686641738,0.0262227902577696,-0.0293857206067345,0.0392065616850424,0.0459936630422852,-0.0363932337710899,0.0427389974041653,-0.0480442736538265,0.102784955138121,0.0871795936879781,-0.0142415751434008,0.0124360682826017,-0.0573264300676762,0.0969726252984405,0.0487522334722879,-0.0486254040039863,0.0630476115744458,-0.0613457762312455,-0.140994904303395,-0.10539114796863,0.0669702204980234,-0.0831053063480076,-0.0498025063643824,-0.0585464550414362,0.0297443409242157,-0.061627480760638,0.0662830806541399,0.0506256868348375,-0.0417541856194897,0.0436650072720784,-0.112665398820491,0.0515737255315018,0.0683848066938687,0.0556372486749211,0.128828058028846,-0.0944911182523067,-0.0487742750067402,-0.0552178886905339,0.0585164702676982,-0.0337171170207875,-0.0829736758758833,0.0972874754390828,-0.0664213173476583,-0.0699212928675968,-0.0293744533951096,0.105727751468657,0.0706819324587126,0.0611728991976562,-0.0771516749810433,-0.00463641269779668,0.00698045367017586,0.0729101300624526,-0.106285717296475,0.0865619460650138,0.0651676285433311,0.0751899436753035,0.0497899372390729,0.0545544725589972,-0.0230424610067144,0.0193262375555935,0.112000491749731,-0.100803521208414,0.040927355178977,0.0630542730057575,0.0282394729875826,0.0128102503750208,-0.108175502967153,-0.0660527679109229
0.0272941562692673,0.0129514680951648,-0.0210935982269571,-0.0536817811501666,-0.0256280937339434,-0.0227178371540599,-0.041283701485686,-0.0105567510602076,-0.0448031529842874,0.0783856936221571,0.0377949320482849,-0.0273028453700122,-0.0202840106252629,-0.0597967709073738,-0.0657975501847818,-0.0534546432988013,-0.00128379063818591,0.0277341483012744,-0.0993753183646371,0.00306108737484988,0.0502118621343568,0.0267950543221078,0.10257891851867,-0.0351942254426476,-0.0518375545376378,0.0837134997180828,0.0118026275210199,-0.0115408048571796,-0.0445035850729665,-0.0247593534487085,-0.120334189119232,-0.0688882825813987,-0.100737567878069,0.0584629194540663,0.0237466301576345,-0.0956269908297153,-0.00457145257227388,0.00802151752964641,0.0292138041298266,0.106273281076518,-0.0975632793547851,-0.0184927062850233,-0.0443485332131042,-0.0672206574100845,0.00359237208867594,-0.139984602269107,0.0724547975905473,-0.01482122554216,-0.125197263877001,0.00730888375995705,0.0954712944905913,0.0378028659616094,-0.0872085837243911,0.0707669710391065,0.0455006260960923,0.105391147968634,-0.0109365855207266,-0.11877554434757,0.0545544725589933,0.0418351195385297,-0.0771516749810494,-0.110491926800334,0.0612607255375486,-0.0349953283715363,-0.0639875355292009,-0.0944911182523074,-0.121350951654296,-0.0216115051331846,-0.0282394729875867,0.0501900425562424,-0.111776832658334,-0.109108945117996,-0.00152306967707619,-0.000197468493529687,0.00088722983079951,-0.00232961333260083,-0.0282394729875829,0.0206713694167271,0.0188023776897189,0.0944911182523068,0.0771516749810457,-0.108114232331612,0.0545544725590369,-0.1066557444653,0.00154357814297492,0.0496242740870911,-0.105391147968629,-0.122021202179694,-0.0605293933153931,0.0435131146891314,-0.151844991186932,-0.0340309071152016,-0.0588541697347708,0.0622379361973539,0.031388303720979,-9.72452987001004e-16,-0.0598183099600579,0.140103864295269,0.0223813153235534,-0.0209790342810364,-0.103958925950043,-0.00363811221805858,0.0520934231233857,-0.0197600899178782,-0.0232008886573021,-0.070749670827329,0.0729189649217025,0.0945609811291034,-0.0591635457049119,-0.108287311712186,-0.105391147968627,0.123995318130885,0.0356617599452054,-0.0115346241717378,-0.0192629059763753,0.0952419902722929,-0.0967509672086949,-0.0729032452422048,0.0798315981013874,0.0545544725589948,-0.0528592336005641,0.0414482030155806,-0.0329797169781844,0.0296127364383295,0.0562918198139347,0.118469269487749,-0.0296476728874454,0.0972417476078165,-0.0771516749810489,0.0226782477793799,0.116022120158661,-0.00130618823697906,-0.00139825617872867,-0.0922666077672637,-0.129721724451492,0.0944911182523059,-0.0666181500368088,-0.00267172157640325,-0.033413757361908,0.0632559105758051,-0.0297312804347746,-0.113268504601759,-0.0282394729875904,0.0203746789147931,0.0700104968959307,-0.14262681890492,-0.057046999574559,0.0433037360667823,0.109108945117998,0.0118241251763377,0.0125747442331427,-0.067256778746828,0.0450447010233339,-0.0282394729875824,-0.0828620230189973,-0.111472448514822,0.00663582520029841,-0.0944911182523073,0.0343721553790396,0.0243564834703724,-0.097718130376096,0.0771516749810465,-0.0395090394887051,-0.068391424669886,-0.0545544725590012,0.0149882949043257,0.105391147968631,0.203847204748253
0.0533908628300789,0.0209285603750936,-0.0458055442772899,-0.0944454873016503,-0.0370578830499387,-0.0393719133259853,-0.0811650515475777,-0.0313432457967515,-0.0699061331226756,0.113408509246842,0.0445583729747283,-0.0530063935715681,-0.0557239858047946,-0.0978201020205202,-0.084600555654302,-0.0945536395198726,0.0113959030948553,0.0670385270597582,-0.103169107324408,-0.0203356310091261,0.0440754186342069,0.0598237771445567,0.142651019309231,-0.0326617092217392,-0.107405004612278,0.0728469240994947,0.0415771263938052,-0.0119987454783054,-0.0811693433679898,-0.0224940824841364,-0.0697936535993644,-0.12127493590131,-0.109848188843277,0.0260763950832028,0.058248245771752,-0.0775619939842313,-0.0525776604725949,-0.00438251103007749,0.0912917857245984,0.0605782411462629,-0.1413944707555,-0.0359395714640276,-0.0622668357162576,-0.125178771708487,-0.0367631831824925,-0.0269408939416343,0.0125207070075753,0.0265103398020972,-0.1044858154442,0.00992059705386126,0.0130706931266035,0.0526519345946936,-0.171660467424452,0.120594909100944,0.0517087442842704,9.55121129897167e-15,-0.064838627855198,-0.0162662017602137,-1.28658400793331e-15,0.00965016584584404,-1.97939694555549e-15,-0.159782701574606,0.0453056322539643,-0.0125602091767647,-0.0623902098940093,-1.39229374297295e-15,-0.0161201965683573,-0.0286549143858428,-3.94144650557748e-15,0.00583039306709765,-0.0768464295907816,4.22880986173529e-16,0.00114744447127592,-0.00345844335069803,-0.004749645478177,-0.00725242266736089,-1.42203068866097e-16,-0.00681927135726505,-0.000857497267044417,2.90469842585512e-16,1.36357994383955e-16,0.00100227872463283,5.8601882452008e-17,0.0656235223978776,0.0310831017388985,-0.0258799086681782,-8.45634365459891e-17,-0.0186816452995862,0.0633045094982032,-0.0718688496578964,0.0156149505595374,0.010119190103182,0.0703309250703465,-0.056704711656237,-0.0347156166419453,8.16280589675451e-16,-0.0290165547004938,-0.0138031886819812,-0.0726435135630637,0.0381227607253075,-0.0351172115244751,0.028580684039673,-0.0689200042298719,-0.0743265233708819,0.0157524446577252,0.073530995636051,-0.0315632408198089,-0.0981809075001066,-0.0449957234854708,-0.0257521833547878,-1.72492297490827e-15,0.00752845571182769,0.0989765152741768,-0.059463943580615,0.03832922950087,-0.10171911453943,0.069692473312546,0.093890272556037,-0.00300570496774393,1.96533750476521e-15,-0.087909310716798,0.0760718599434039,0.150158333143135,0.0206873845504298,0.027762984094648,-0.0912702239818829,0.00624454376556114,0.0113153023475502,1.78088582007965e-15,-0.162329230548193,0.00166933460102237,-0.0998161084082995,-0.0650806713509424,0.0384013948879465,-9.54411716694025e-05,8.08638723030083e-16,0.191631565970769,-0.0584389887793716,-0.0659839917736274,-0.0904184983167666,-0.0177181117329476,-0.0290057115815476,-4.59097736722294e-15,0.113611547873714,-0.0794208207403483,-0.00853784488719842,0.068405048191964,-0.185786209733849,-7.30066763773801e-15,-0.0115238714821751,-0.0312106341854327,-0.0712894194648594,-0.0222963992528635,-5.44106876143086e-16,0.0606684598181225,-0.0237416856052578,-0.127736352496784,1.16765287524396e-15,-0.0211065615831416,-0.0789095685959388,0.023305937656306,-5.41199295384864e-16,-0.0514559864688882,0.0130769666273815,5.42735266555132e-15,-0.0532878733392591,-2.74724842604031e-15,-0.137794436837331
0.0781113545144237,0.0193776221870908,-0.0728712097693491,-0.123187462596612,-0.0315433025153101,-0.0370570144162284,-0.114290110843363,-0.0630014568447814,-0.0602628208104539,0.115628478579909,0.0316717503425865,-0.051489381653201,-0.0973536275033443,-0.105984732665429,-0.0605087145509338,-0.0834746945703879,0.0497575138710529,0.0868612566267095,-0.0554616158121744,-0.0741080394625891,0.0226132705361252,0.0614421275159599,0.0963581099496559,-0.0092633971688974,-0.0986474314036619,0.0252986486540555,0.0670758123902556,0.035180135591824,-0.0489727910491889,0.047221787252491,0.0332174133925784,-0.090205780891449,-0.0431096793758793,0.000544669341938876,0.0662596457215494,0.0166167217733913,-0.0354743633158604,-0.0395528468818082,0.108230942239632,-0.00874200074053156,-0.0530708734275885,0.0222661237059271,0.0158362542533228,-0.0921093181131401,0.0184317166384782,0.113633369818164,-0.0286138923601178,0.0216562457551526,0.0107663855798499,-0.01686495893265,-0.118517170160129,0.0970311866332821,-0.0603670120043307,0.0858489364116091,0.0383516965412902,-0.10817550296715,-0.0263978668053974,0.0496395407522989,-0.0282394729875816,0.00126957963035068,0.100803521208416,0.00179565477835016,0.0886079861554849,0.103140017011599,0.034537606132103,0.0545544725589968,0.059721955206779,-0.0139027611570458,0.0865619460650135,0.10783363460248,0.0656640094170917,0.0771516749810463,0.0013883837359678,-0.0011993060843567,-0.00408215938146475,-0.000772721196222139,-0.0664213173476656,-0.0152324249319299,0.0108788875738022,-0.0944911182523067,0.0417541856194893,-0.000862903772896873,-0.105391147968628,0.141571167979254,-0.044206210825149,-0.00440611589351636,-0.0142415751433989,0.00411894750979266,0.0968877313869682,-0.070642907486808,0.099967601906061,0.000429104061616546,0.0263855218843244,-0.0221903563781031,0.0621157241610885,0.109108945117997,0.0539684752440663,-0.135342725395748,-0.0674147685093878,0.0922670249036855,0.0747400959642064,0.012919732455066,-0.0384326495825877,-0.016134996067331,-0.0261553740703016,0.0351477910751745,-0.0251742983190069,-0.0462469537758769,0.0489703869745266,0.114938647288057,0.0142415751433983,-0.0317951147909846,-0.0410526000648684,-0.0516291958224903,0.0227390766810562,-0.0640822003563375,0.0319708981136687,0.0313895099785636,0.10695212515695,0.105391147968631,0.0866857095438236,-0.0388657573274346,-0.00402607078841092,0.0186253788522754,-0.0533953976258525,-0.0774205042624939,0.0312669873022456,-0.0617639614476221,0.0417541856194901,0.0561775324634869,-0.00194421363482329,0.0210965285298514,0.0285669142508668,0.0670427424826938,-0.0915390357584934,0.0944911182523067,-0.0344976234576296,0.0597297137150773,0.0494900984469532,0.0027422579115597,0.085887993831239,0.0207462281367839,0.0664213173476694,-0.0770097573654991,-0.00166470935376462,-0.0660535406761663,-0.057182169627512,0.0837713714957621,0.0771516749810491,-0.000597675634002887,0.0115459489772553,0.0458360184559832,0.103077831993976,-0.0865619460650142,-0.0454929957196777,-0.0306923850116881,0.0777983906689035,-0.0545544725589986,0.0150764125647576,0.0473219490172513,-0.10541022960073,0.100803521208416,0.0176043220551635,-0.0586181850835547,-0.0282394729875838,0.0384649470077851,0.108175502967154,0.104871748759641
0.0978822368565795,0.0128629280284179,-0.0973659245869725,-0.119823607385667,-0.0157618599645586,-0.0259686884694295,-0.119406403902162,-0.0962852495477131,-0.0319099001816833,0.0513519469686984,0.00676655913494681,-0.0395666349426501,-0.118520983466181,-0.051353679512324,-0.0137285830017885,-0.0488526325378389,0.0945335454696385,0.0513747927777173,0.0480514161037069,-0.117019692628138,-0.0039391215298838,0.0539107907401967,-0.000995797772641401,0.0530600358101807,-0.0669132700002919,-0.0208751210529231,0.0476525132747406,0.0919110284646883,0.0446462447156546,0.114373150536234,0.0931665580672536,-0.0385453797966098,0.0283128762600415,-0.00208939519921617,0.0692117650756562,0.0808831817835858,0.0416761147075032,-0.0432999725747421,0.104508150606835,-0.0372763857882031,0.0431711600772229,0.0877841533214118,0.0817128251780639,-0.0532844524821992,0.0914873979517746,0.0460069052751572,-0.0107941774024889,-0.029405644992807,0.0790269455868813,-0.0276501291946474,-0.0657110814562772,0.143068974383135,0.061076390459034,0.0664777337916035,0.0704378135303019,1.62093797438856e-15,0.0180236187900853,0.00563179277172682,4.46994110484033e-16,0.0218050406803079,2.29833267789365e-15,0.126787633183103,0.154691241732736,0.0695310403994535,0.0838768627028343,3.61887216648965e-16,0.00212362014690659,-0.0483860693706987,-6.69781262113776e-15,0.127050750287613,0.074960202949892,-1.79826913803272e-17,-0.000854170653240287,0.00141653923990049,-0.00297217905883169,0.0038116450407223,2.81425574952737e-16,0.00931675883967347,0.0229266068147359,-6.47076241372395e-17,-5.30168870484967e-18,0.0911229148554209,-3.40388679192946e-14,-0.0587599636664613,-0.0194636396554566,0.0988442709693629,2.50819510953022e-16,0.0774960121520637,-0.0454101534151557,0.0523352189735395,0.080111734773349,-0.0686152745623476,-0.0388893439919393,0.136923469592049,0.0222113409727594,2.12417887436853e-16,0.00847174028044295,-0.0128728423344768,0.0373193021691027,-0.023179201654512,0.103392047588441,0.0237590396704654,0.0211901177075104,0.14343358026604,-0.0105828481304153,-0.136008215802525,0.10834808437029,0.0539959356787212,-0.000236206636870665,0.0230971547603134,-1.37461226118792e-16,-0.000287710468318509,-0.139151820677493,0.0114758439115256,0.0411048380390118,0.032652154022205,-0.0454732984318447,-0.163349438673396,0.0118991196009752,-4.35819479550451e-15,0.0354346181460485,0.0103711091805371,-0.17099658219854,0.0077999725231411,0.0335017568486601,0.0383535181462479,0.057026041014506,0.0115113145147041,-7.50189544470325e-16,0.0452488085665878,0.053545505853507,-0.0141104422177853,0.070956042455725,-0.0365422941644969,-0.0229555869031653,-6.88626181376016e-16,-0.0700916275539296,-0.0322849059439328,-0.03493896643347,-0.0186868684423424,-0.0143565898324806,-0.0823032465101453,-7.18746010444801e-15,0.0643375106555661,-0.0120408050074517,-0.0366911608088501,0.0327232171429336,-0.0852540518365093,-2.99084690748994e-15,-0.0017550714782515,-0.0131374196264446,-0.11852499902144,-0.0155059018306489,-1.43266161959421e-16,0.0264117086822239,-0.0581262277492127,-0.168151073309536,1.11091822513655e-15,-0.00877205484042796,-0.0973763258822518,0.0147279211372728,-2.03853160034452e-15,-0.0991305370166626,0.00789054314032893,8.17307652271758e-15,-0.0958498689194741,-1.88057585913442e-15,-0.0790474122122141
0.075913443806128,0.040131863146791,-0.054237134411726,-0.119908598328683,-0.0624568964184718,-0.0684612126437795,-0.0865828698120592,-0.0172242351554045,-0.106786076812109,0.112949108520764,0.0568337058584523,-0.076496546810105,-0.0298037639776156,-0.0835763758619445,-0.0977758085396534,-0.120100565966059,-0.0241658361955635,0.0334838479273661,-0.0540939003866302,0.0333637774832817,0.0259742797985531,0.0614096873034165,0.120056856339421,0.00755358045430305,-0.0985214338764459,0.0454714829587995,-0.0112684947644253,-0.0572215267664529,-0.040567720355198,-0.0818774780623084,0.0308744402445256,-0.0920772167369246,-0.0614057687884224,-0.0275708679606846,0.0267538607189248,0.00795181028762892,-0.0249660359033857,0.0465983250575155,0.0499656583299429,-0.0212828941395877,-0.077931042517688,-0.0709630152891657,-0.0122287854304995,-0.0599406132515421,-0.105782186553501,0.111565115568872,-0.0564403818678367,0.0143544609913062,-0.00821014193100582,0.0416849279907021,-0.0739195696678291,-0.024162147824525,-0.0998397223248048,0.03171272709401,-0.0354738645116101,-0.105391147968628,-0.0198717524235244,0.107391229392326,-0.0545544725589933,-0.0590210988399621,0.0771516749810471,-0.0600120239589664,-0.0664065782417963,0.0146596833335736,-0.0227126042157998,0.0944911182523058,0.118305106164349,0.036094116530401,0.0282394729875883,-0.088301267739911,0.0483033529661328,0.109108945117996,0.00040066935939768,-0.00199953926198939,0.00188443096011822,0.000536204625426161,0.0282394729875829,-0.0283308692204545,-0.0273422494505186,-0.0944911182523065,-0.077151674981046,0.0274249710760086,-0.0545544725590074,0.125546705882574,-0.0225272612456299,-0.0849765841978603,0.105391147968629,0.0636308111902759,0.0472643347539305,-0.107056599300309,-0.0404173807718964,0.0637958393740283,-0.0108920071434428,-0.0840633010418725,0.0108518316427536,-8.81989477922267e-16,-0.106983180373133,0.0975581278324031,-0.0629104813241651,0.0104900854842899,-0.0413451051314483,-0.0383358785022612,0.0229898665861735,0.0046956281430017,0.000650573431383971,0.0592100178495128,-0.0839924181491513,0.0220333669475932,-0.0821261607489815,-0.0876656661812436,0.10539114796863,-0.106708374763819,0.0269012708195059,-0.0118034813729046,-0.0671703931781235,0.0572865167116282,-0.0319705691647842,0.0562072789990073,-0.0442880591646823,-0.0545544725589967,-0.0527250893197977,0.0383671962779169,0.00120492365573026,-0.00155024239657591,-0.051215508737083,0.0841210262402466,-0.0723386777570772,-0.0943874338470508,0.0771516749810472,0.0129251415854118,-0.00282164964651439,0.0129119422150275,-0.033875182706345,-0.066979469351807,0.0925240738121774,-0.094491118252307,-0.0446211351250014,0.0583465519900682,-0.00654593330660435,0.0698082564620066,0.0475192030672227,0.0302120402995794,0.0282394729875851,-0.0140783275617695,0.0667545149859113,0.114568091428726,-0.0497516094673652,0.071617711487972,-0.109108945117994,0.010513760987926,0.0152517076975695,0.0553737593986643,-0.00773296314441338,0.0282394729875836,-0.034340186548433,0.106681258633496,0.0812677644373546,0.094491118252306,0.0102863534011857,0.0468971021255476,0.0494947038312791,-0.0771516749810469,0.0771639822668665,0.0388504338742833,0.0545544725589918,0.036848983259661,-0.105391147968626,0.0329226880776896
0.112747795806282,0.0299089388352441,-0.104129980817369,-0.0988599317548283,-0.0242196337050008,-0.0572554490118453,-0.092316058182749,-0.0875740011118508,-0.0462275343640243,-0.0283535674848882,-0.0108936483859408,-0.0796249254858465,-0.0800415241379829,0.0242847866675963,0.0210933733109695,-0.0639661089304027,0.0643819728715114,-0.0153520919739567,0.128061863805206,-0.0637339427473639,-0.0350559042543759,0.0948604557457309,-0.0762334110587241,0.0944672196612127,-0.0755789467551378,-0.0636425599937813,-0.0161904862373069,0.0363395191172734,0.10113108556493,0.0467417012681644,0.0879584659262251,0.017253039260249,0.0898582356247249,-0.0147525163399417,0.100995672275348,0.0696921994185743,0.0740756869282875,0.00645705081451134,0.0948480630239308,-0.0383477292695885,0.107060845092398,0.00567015086854051,0.0597545531947819,0.0150127315256237,0.0169088852419739,-0.065382836515273,0.0201701174186394,-0.0410140615061152,0.0540397782628924,0.00360426331559743,0.0356997373351723,0.0989421476153946,0.116312071911454,-0.0106307170479532,0.106847518233069,0.108175502967157,0.00463729214882578,-0.0373749712216519,0.0282394729875821,-0.0139530888323063,-0.100803521208415,0.0570253206368393,0.0892235057062854,-0.0284753327929314,-0.0385453921382909,-0.0545544725589977,-0.0444447825896868,-0.0715697937639421,-0.0865619460650256,0.0319183223206254,-0.0784876154995941,-0.077151674981046,-0.00102612687489673,0.001402392173852,-0.00194146955936281,0.00224368667176154,0.0664213173476656,0.00385540735138218,0.00677938118282448,0.0944911182523071,-0.0417541856194887,0.10147852931961,0.105391147968592,-0.018055119807263,0.0522797374892411,0.0339895558781206,0.0142415751433983,0.0667518803092369,0.00786823310682931,-0.124490005383085,0.0576729809634324,0.0134657437016756,0.00506982878468482,0.0287247497918412,-0.0689450493023724,-0.109108945117995,-0.149752053010607,0.048780187598909,-0.116951415207989,-0.0129769110043088,0.0420875215737684,-0.0343321028485034,0.0145185892725081,0.0327547866858063,0.0311977856436808,-0.0102338291506963,-0.044194941556471,-0.0248652404864646,-0.136241702361868,-0.0421535523704431,-0.0142415751433989,-0.0162875912921396,-0.0155399385467892,-0.0947860741217018,-0.0651094125174287,0.0235377500372032,0.00391207129114995,0.0586909488210505,-0.0688656447374899,-0.105391147968628,-0.0339904579467318,0.110884830226665,0.0181381296707185,0.044681002563581,-0.0666328746705939,0.033628378882687,-0.0881709969738457,0.00136523745960637,-0.0417541856194888,-0.0225040918742665,0.0481966059053891,-0.0718361136814437,-0.0946582494865338,-0.0332121154210033,0.069106924990009,-0.0944911182523061,0.0533905832135386,0.0843039860400837,-0.0559529374944908,0.0634984034138679,-0.0175784876314513,-0.0225507716571201,-0.0664213173476684,0.0489840587888802,0.0512662266875188,0.0657868089521589,-0.08863858887661,-0.0264583839770674,-0.0771516749810476,0.00775685136492343,-0.00103239390407481,0.0133879579832389,-0.0294582896412114,0.0865619460650156,-0.0744953188540377,0.0630679411560798,0.0556397839967738,0.0545544725589971,0.0253312724524878,0.0387209641557906,0.0342520992175102,-0.100803521208413,0.0686398991974499,0.0200092072818556,0.0282394729875788,0.0544390679439537,-0.108175502967153,0.108567708243434
0.109948699974582,0.0562820796996594,-0.0805404211697517,-0.0960179581727352,-0.0510513217120739,-0.0967898922154611,-0.0682098941885215,-0.0303882884090055,-0.0868467979196069,-0.0282970307642362,-0.0112704084215249,-0.110542638109975,-0.0207765300001928,0.02417368211533,0.0207872800618035,-0.096311011663774,-0.0257666969368304,-0.0164913604671079,0.124974235782228,0.0320014654401448,-0.0645043693663707,0.0948225735235954,-0.0647839678374206,0.0709713833618332,-0.0754515517770152,-0.105375031179488,-0.0325360946762006,-0.0716126750338398,0.0396249689663819,-0.0708585291551885,0.0844281925439149,0.0320551792013077,0.12011705618427,-0.0535893148381461,0.0563654241825235,0.0505098249093474,-0.0167285630059649,0.0321440499224181,0.0369642923711723,-0.068578953659086,0.0978719121805681,-0.0940230428441793,0.00750816862981342,0.0611868259612988,-0.107380942538085,-0.0629928282952023,0.0339092729190437,0.0410613865865905,0.0475078822423776,0.0285147745370132,0.0451311873024469,-0.0409860059045331,0.0573047155742793,-0.0958049484699703,0.0212644881865948,0.105391147968629,-0.0150045139747866,-0.0407194518295313,0.0545544725589977,-0.0776394785837403,-0.0771516749810488,-0.0108384904664799,-0.0936701659647095,-0.0289787773711342,-0.102503755912859,-0.0944911182523069,-0.0330170554402618,0.00914501042368777,-0.0282394729875821,-0.0257153083625652,-0.0910800775269494,-0.109108945117996,0.003145146084779,-0.00164371333187494,0.00148957653895128,0.0015729800944811,-0.028239472987583,-0.00255409317688577,-0.00389606797004697,0.0944911182523064,0.077151674981046,-0.107391271513068,0.054554472559037,-0.00745083208495811,-0.0206024507845968,-0.0230961265619725,-0.105391147968629,-0.0885271391488865,-0.0282145841357383,-0.126421757140264,0.0271599977391196,0.0789410178433398,0.0153005624897635,-0.00645386402630039,0.0499924061781037,1.13260299253335e-15,0.000805689635965832,-0.154900312173322,-0.0728711037021029,-0.0156703423698565,0.00492096945954504,-0.0317802268094501,-0.0708792383271084,-0.0199448009522105,-0.0282804615123922,-0.0290133786418924,-0.116444410504163,-0.0200502287257548,0.0244828648407257,0.107461327101805,-0.105391147968628,0.0479112579018532,0.0110302945604418,-0.00667009068584291,-0.0324598359980323,-0.114333619593173,0.0110876620041254,0.0886522754385005,0.0552603153999048,0.0545544725590006,0.0425239583907827,-0.0363198848171618,0.0158822785029349,-0.0147291499350955,-0.0762677253752786,-0.129353220982964,-0.0189154172023945,0.0268710420497386,-0.0771516749810457,-0.0279396488701825,-0.0544563507211107,0.0152656120893454,-0.031355612133572,0.0992792129387272,-0.0692362707378926,0.0944911182523075,0.0754206233158315,0.0595355799509804,0.0536635769788386,-0.0441749558172312,0.0104449027726517,0.0806212671632207,-0.0282394729875767,-0.0507922303532469,-0.0594000412733062,-0.0632846426888165,-0.024363306217893,-0.00641292463211363,0.109108945117996,-0.0107925763601976,-0.00740719845422406,0.0853058418419387,0.0484368602872374,-0.0282394729875825,0.00253688295496141,-0.032322611040932,0.0783145443950739,-0.0944911182523073,-0.00501069483288187,0.0360574472261052,-0.0723578116611156,0.0771516749810474,0.0278970158619819,-0.0464322777582432,-0.0545544725590037,0.0555390812998538,0.105391147968628,-0.0397931200373507
0.119968179804064,0.0470260482980048,-0.102924123728247,-0.0524132912170045,-0.0205655735564998,-0.088467886202812,-0.0450432053976179,-0.0704276340196027,-0.0387949770592113,-0.0909465631264129,-0.0357330407344882,-0.119104285221956,-0.0309244790746999,0.078445631130536,0.0678443780492193,-0.0524733111700337,0.0256063618200737,-0.0537607246019942,0.0827352003327438,-0.0112854237996311,-0.0353457414241587,0.134422807061168,-0.114397235435095,0.0261926571407987,-0.0596052807364854,-0.0584186973726671,-0.0333422666015188,-0.0269609363599488,0.065092759437291,-0.0124832739984185,-0.0387325556330291,0.0972549475065852,0.088091407843238,0.014471307506948,0.130882620201456,-0.0430436593024633,0.0421640099932987,0.00351450097258984,0.0506631188806517,0.0336183875516671,0.113389561732991,-0.0807554840460879,-0.0345554868401436,0.100385580754736,-0.0204020274685416,-0.0605356391927649,0.0281337732701254,-0.0212596418763006,-0.0579852529685387,-0.00795570113921497,0.0293695808619333,0.0292196192734522,0.137661006573554,-0.096709608354015,0.116188493740617,4.3450839263139e-15,-0.0359827238016276,-0.0365498235851486,-2.25368522735688e-15,0.00535543801214251,-2.73060429209975e-15,-0.0886727096057186,0.0251427290486978,-0.0282225338386237,-0.140189529103492,-9.98616652984319e-16,-0.036221752897014,-0.0643870081712586,-9.28848997012554e-15,0.0131007743034239,-0.172672359908997,5.7659794946572e-16,-0.000920179021256751,0.00277345623006843,-0.00263585438264643,-0.00402479093658669,2.4138065490809e-16,-0.0153227636519892,-0.0019267788692924,5.03877555747342e-16,-3.13516585069501e-16,0.00225209985148983,8.89405572582452e-16,0.147454716352127,0.0698430956275802,-0.0581516269234682,-7.09352235198713e-16,-0.0419772759520553,0.142243941665792,-0.0398842025614065,0.00866564379515093,0.00561572683789804,0.0390307188050209,-0.127414330526249,-0.0780052825249248,-1.49308923588377e-16,0.0232694701773715,0.0110692978785161,-0.0403141085952203,0.0856610657871636,-0.0194885821117391,-0.0229199290465366,0.055269552143754,-0.167010182029607,0.0353954218545976,0.165222647435246,-0.0175162771679846,-0.0544862930329075,0.036083768612828,0.0206516476115696,-1.56704703347504e-15,0.0169162864319661,0.0549278220370734,-0.0329999990560497,-0.0307376555210698,0.0815723964018235,0.0386764048100796,0.0521051702788726,-0.00675375775729885,1.92837259821739e-15,0.0704977935923894,-0.0610048951214711,0.0833315880784716,0.0114806322878772,0.0154072937943385,0.0731930367664314,-0.00500773528848847,0.025425253584839,-1.50819346094551e-15,0.13017793560076,0.000926410811977952,0.080046303973803,0.052190646227834,-0.0307955276681868,-0.00021445436609544,-1.05543292449823e-15,-0.153676584123337,-0.0324311920540461,0.0529150529623252,0.0725100058150231,-0.0398122356803148,-0.0160969555191585,1.25719981286263e-15,-0.0911093874631302,0.0636905531602767,-0.0191843633212337,0.037961937769957,0.148988972377725,6.44564098279645e-15,0.00924142740412215,0.0250289853116972,-0.0395626430638131,-0.0500995543575261,-1.01702003971632e-15,0.0336684551372836,-0.0533470833128864,-0.0708883275812696,7.79879283829338e-16,-0.0117132579909672,-0.0437915067918233,0.0523679665592307,-1.92818748753046e-15,-0.115620552084753,0.0293836772902223,1.0029576323814e-14,-0.119736764518797,5.2026049634909e-16,-0.0687745882060833
0.125179535204161,0.0326089598637093,-0.115936500358885,0.000160112847119523,-0.0024180441695887,-0.0624072280581063,0.00148863627426032,-0.0982671822024272,-0.00471752403829155,-0.128451311548599,-0.0334485079313441,-0.08676916304637,0.0044264970727274,0.118683760092051,0.0637471938400796,-0.00668566003542552,0.0737745104670884,-0.0997944470812769,-0.00190946902196111,0.00967079658370097,-0.00874372798824163,0.103416498296376,-0.0778502463561856,-0.0408740844359232,-0.00793217735727431,0.00377205734222002,-0.0746571279535813,0.0447986649383506,0.00494455323437249,-0.019936928990212,-0.137785168232541,0.102910054468353,0.00388933230955391,0.0341300635601359,0.110480557249725,-0.12665465262291,0.00312690265891704,0.0457382004717491,-0.0180962440635432,0.0704140244968455,0.0067640101034996,0.0144564652345855,-0.105731318125084,0.106527003554419,-0.00478111451378257,-0.00186135671447466,0.0034407981894326,-0.00424380978700617,-0.102025923091585,0.0190300445693686,-0.024116136260384,-0.0474768308953674,0.0107281025395524,-0.101152269830458,0.102753167514544,-0.108175502967147,-0.0579872132162703,-0.00788072585853504,-0.0282394729875849,0.0336400094595839,0.100803521208415,-0.124899074260844,-0.040817323546948,0.0230661819211283,-0.0155403237508341,0.0545544725589973,-0.00906317781769357,-0.0635818291575651,0.086561946065007,0.073586989299787,-0.0337189472568509,0.0771516749810469,-0.00116182874710824,0.00071724128455496,-0.00299335453190355,-0.00643391367131028,-0.0664213173476651,-0.00368727020257404,0.0102782020425695,-0.0944911182523064,0.0417541856194891,0.0809954337284018,-0.105391147968658,0.0485260151421394,0.0222514796716304,0.0252966014344218,-0.0142415751433992,0.0553639558494963,0.0494289299967269,0.152432382195014,0.0505453823220322,-0.0294840326453375,0.0361532656887312,0.0131598231574739,-0.0276455388250993,0.109108945117994,0.0158085317419337,0.14169865628727,0.141310229270632,0.0306560144813373,0.0401071967483016,0.00294223681048403,0.0398675209630945,0.0190865506830173,0.0133784450490177,0.00743534481537531,0.0539426141514448,-0.0274624429601371,0.0145433669117519,-0.119932692162733,0.0142415751433977,-0.0272117913596095,-0.0390563042521375,0.119949779046107,0.00777783312333323,0.0668467310115013,0.0488192233590935,-0.0753154223849558,-0.00762778565843369,0.105391147968627,-0.0892320306840122,-0.0130716315890719,-0.0480107363003628,-0.0668355284364309,0.0535075284215625,0.07787944739499,0.00994191634929547,-0.0263927133351385,0.04175418561949,-0.0575634083782786,-0.111800142352822,0.0135590946790797,0.0169090059097296,-0.0651695989164919,0.0146807474940411,0.094491118252306,0.0133882944971483,-0.0818001120521956,-0.0306616056725871,-0.0386584950329405,0.024126900635882,0.0880545353169356,0.0664213173476699,0.0688454949544781,-0.0263747507914098,0.0233603334921544,0.0961303920410371,-0.089777896280695,0.077151674981042,-0.0035594384191191,-0.0138246274876128,0.0525111827911235,0.0222502367954287,-0.0865619460650162,0.0854139163353564,0.0369171655762841,0.0151663961351884,-0.0545544725589983,-0.029752095815954,-0.00173401102831334,-0.0194439145855553,0.100803521208416,0.0628795857190397,-0.010041408200374,-0.0282394729875855,0.0607752547518054,0.108175502967156,-0.139516041241337
0.122057152926397,0.0160398088955233,-0.121413322057046,0.0533265220509476,0.00701468760040812,-0.0323824248566651,0.0531408490333484,-0.120065742324846,0.0142012415817618,-0.0925330110499437,-0.0121929182468072,-0.0493387867612412,0.0527467998686241,0.0925361329856871,0.0247380517700525,0.0217414668370819,0.117881403067736,-0.0925741777753254,-0.0865856599361184,0.0520786625897851,0.0070980517306253,0.0672256564733053,0.00179436558375423,-0.0956108807895189,0.0297792066690758,0.0376156683647744,-0.0858668618756891,0.114611177852167,-0.0804497531151179,-0.0509008405536973,-0.0414630190292338,0.0694563743964242,-0.0510180401421447,0.00092986834226805,0.0863056593866262,-0.0359964023036828,-0.0750977637731915,0.0780238545417354,-0.0465105025581609,0.0165895523602164,-0.0777917424416241,0.109465048721522,-0.0363656283495354,0.0960152656593712,-0.0407157224749214,0.0573696725082845,-0.0134601190597969,0.0529871413582175,-0.0351702994794162,0.0498238111957208,-0.0819403783141897,-0.0636716835998088,-0.110055852734901,-0.119788737109907,0.0878345168027126,7.14330465019487e-15,-0.00802126497288463,0.00702273071870426,1.55537260933579e-15,-0.00970415603427603,3.40216527589736e-15,-0.0564258051000273,-0.0688440791704644,0.086703789203373,0.104592737014241,-4.1480002356448e-16,0.0026481110092355,-0.0603364416093203,-7.40350055457196e-15,0.158429694245654,0.0934738441690373,4.10881613945237e-16,0.00153916233288879,-0.00255251551062601,0.00132274412011312,-0.00169634162874275,-2.08420553989017e-16,0.0116178082458271,0.0285890110804255,-7.96461585435017e-17,-7.67158142492581e-17,0.113628416255993,-4.21162969142753e-14,-0.0732724762072568,-0.0242707616644605,0.123256789843119,-2.20747518646817e-16,0.0966359465230645,-0.056625535110381,-0.0232913636096055,-0.0356530760852482,0.0305366699585661,0.017307386292059,0.170740773851516,0.0276970891642461,-8.48331395743877e-17,-0.0152655484992706,0.0231960603695584,-0.0166086519465345,-0.0289039916936234,-0.0460137899860704,-0.0428123101486806,-0.0381832727232901,0.17885874907993,-0.0131965957678687,-0.169599471043754,-0.0482194338529099,-0.0240304520741483,0.000425629652431251,-0.0416196347523327,2.10627548201764e-15,-0.000358769085768381,0.0619283861977553,-0.0051072310102583,-0.0740683587866427,-0.0588371484879244,0.020237521674257,0.0726973393096899,0.0148379594445819,1.17609788406826e-15,-0.0638509755911945,-0.0186880929945679,0.0761006383483126,-0.00347131434136623,-0.0149096844462822,-0.0691106516486004,-0.102757375227593,0.0143543744118117,4.20908444043785e-16,-0.0815355356563426,-0.0238299919433762,0.0254261383011396,-0.12785837048434,0.0658469388078887,-0.0286251486596122,1.22727173138083e-15,0.126300748653402,0.014368134846679,0.0629578420664978,0.0336725734102783,-0.0179023747000389,0.0366283905621487,4.69310781424037e-15,-0.115932188278012,0.0216967809123957,-0.045753129165353,-0.0145632016814026,0.153622493134466,6.47435516264546e-15,0.00316252952569699,0.0236728121759899,0.0527485869588427,-0.0193355433200629,-7.61205130161305e-17,-0.0117543161667005,-0.0724822204443028,0.0748342677571883,-7.04407765322825e-16,0.00390393167161725,0.0433365419611055,0.01836541726334,-7.76671203687745e-16,-0.123613757765337,0.00983934635824703,9.95348462062478e-15,-0.119522831561581,2.24331107936422e-15,0.175749799585419
0.121956672343461,0.0629950828983943,-0.0887261986024609,-0.000317434571183539,0.00216784011217052,-0.108087572966603,-0.00275069937528918,-0.0320350209886303,0.00272112210723469,-0.125141567246921,-0.0646158672036742,-0.122692478997052,-0.00702008783384923,0.0908026545800744,0.110388368871614,-4.863083926743e-06,-0.0314180954808382,-0.0326016608189956,-0.00190147798110385,-0.0117871904769247,0.00340782720499818,0.103371681860143,-0.11375606136143,-0.0488053071036934,-0.00799139157584598,0.00177671867164146,0.0321077534627557,-0.082894881628522,0.0285969210906439,0.0116795523281134,-0.134074607676391,0.0970291288647375,0.00991180409789469,0.0707331100312626,0.057108148794836,-0.0991658793334088,0.0404157896354888,-0.0759457628167932,0.00697699421518443,0.115745060038986,0.0428636069484554,-0.106982138968911,-0.0389062117029169,0.0407885955151556,0.0506698739843313,-0.000865178668343614,0.00207479257532375,-0.0406870704795125,-0.121543406976203,-0.0678047610007967,0.00329509879923726,0.0485560333622113,0.092696379464943,0.0136226113831359,0.00126544058510024,-0.105391147968631,-0.002092823703471,0.0151391283228073,-0.0545544725589998,0.068101979612525,0.0771516749810446,-0.0837840635604202,0.090814433159964,-0.0167150022576131,-0.0923096897336104,0.0944911182523056,0.026173102748277,0.0233971219944244,0.0282394729875861,-0.0599198372978216,-0.0515435367184003,0.109108945117996,-0.0022450509153525,0.00340557675688205,4.85791563561079e-05,-0.00256824684068386,0.0282394729875833,-0.014656646656767,-0.0152928496948327,-0.0944911182523063,-0.0771516749810457,-0.0739158527673022,-0.0545544725589711,0.0498984370841859,-0.0265474571579408,-0.056339793201221,0.105391147968629,-0.0426748784574218,-0.00159173189397601,0.0911577836141207,-0.133857564552076,-0.0624227266352739,-0.0540067705303272,-0.0425872856230213,0.04492031644247,-3.07426179801916e-16,0.132958719850705,-0.035689807680409,0.0503791134433402,-0.00789811164087789,-0.0855586231332986,0.0654407538903961,0.0106671149806433,-0.0139047373969135,-0.0223896368576437,0.00308401376676149,0.110299107585303,0.0847552103463324,0.0888226824454533,0.0496807603142661,0.105391147968629,-0.00906784874543984,0.0236895681304696,-0.00628158077366515,0.101773960220133,-0.00798474594320477,-0.0825227253893697,-0.0979178376782139,0.024605291634804,-0.0545544725590006,0.0421480944684591,-0.0276870957746276,-0.0335159584526196,0.030302659210217,0.0790848654883799,-0.0331115820691787,0.10070212032126,-0.0204574572466841,0.0771516749810462,-0.000612052583995687,0.117277872387945,-0.0245727041567706,0.0596427138471186,0.0284262255819427,-0.0143460915548579,-0.0944911182523069,0.0137863571593829,-0.0286383800603244,-0.021618393120687,-0.062534221013829,0.0295241965749572,-0.12671412745014,0.0282394729875744,0.0457429486053698,-0.0502769826925388,0.000237254343536524,-0.0349054503655416,-0.0857469208153605,-0.109108945117999,-0.00712101749303813,-0.0149078834025727,-0.0919004200629529,0.0354018537059511,0.0282394729875846,-0.067579202253015,0.0215569051000548,-0.0295317324859872,0.0944911182523066,0.029794297447364,0.00348530954073559,-0.0359992442064534,-0.0771516749810469,0.0567128725396928,-0.019945726033079,0.0545544725589906,0.0609382254468498,-0.10539114796863,0.20829062944742
0.112817932428606,0.028850376468519,-0.104780374136458,0.0986602743001797,0.0272348854653841,-0.0551984902130342,0.0904597591113954,-0.0894973426899122,0.0521101906198202,-0.0288126441425256,-0.00399233806270494,-0.0767277037116053,0.0745217725723513,0.0285344556146665,0.00727679690981406,0.0723029906319418,0.068555101479669,-0.0290606151624024,-0.128911657465459,0.0516746566557921,0.0311645792179752,0.0914896350393036,0.0415867920029105,-0.112657898547793,0.0854702101327264,0.0653212834392334,-0.0170350614401469,0.0443848857488145,-0.0989305523575121,-0.0218807574566085,0.0838568285545588,0.0285462436073034,-0.0881273199087512,-0.0278069767931259,0.0980834129056824,0.0882435691181151,-0.072684084328185,0.0138983633583995,-0.0722824157727923,-0.0494571230936373,-0.104050577401353,0.0203794993637326,0.072090243981398,0.0323962451193697,-0.0109469329602469,0.0620287876116716,-0.0139700133198261,0.0391253884714226,0.0731844668827581,0.00486490326602544,-0.0791555133045731,-0.0397395078397191,-0.111537617118098,-0.0343862780610122,0.0783072917848479,0.108175502967157,0.0676715800082838,0.023174393911622,0.0282394729875869,-0.0279953168326589,-0.100803521208413,0.0987212774896283,-0.0383251357649062,0.070039156417551,0.0105426963450498,-0.0545544725589982,0.0281135004736778,-0.0430007035065287,-0.0865619460650212,0.100680850562928,0.0177281720258632,-0.0771516749810462,0.000509064439088387,-0.00108318977283409,0.00567412160734228,0.00577927244844132,0.0664213173476656,-0.0104996386715043,0.0117412989339051,0.0944911182523067,-0.0417541856194891,0.0444701991436231,0.105391147968613,0.105495977660118,-0.0121839565914377,0.0115933448341794,0.0142415751433983,0.033010520939405,0.0811996210947527,-0.0655900661601523,-0.120702041781117,0.0233002436423998,-0.0501522137063127,-0.00501156784787687,0.0191295096667672,-0.109108945117997,0.15678751150599,0.0142816470758867,-0.0592595584891262,0.0682171403276221,-0.0921003778811777,0.0356415214144847,0.00322412672595526,0.0016379892362746,-0.0070906606634628,0.0236318575522422,-0.0230703980615843,0.0591103467260054,0.142714109538017,-0.0112215169734503,-0.0142415751433974,-0.0327463624175884,0.0642423533457864,-0.0547888538192123,0.0685708738989518,0.00621184399600616,-0.0647886470892654,0.0352258467383551,0.0551208499188987,-0.105391147968628,-0.00572153166651857,-0.116702253565732,0.0417302792552893,0.0386615382003279,-8.99219164262545e-05,0.00103123585798252,0.0925955659965666,-0.048923263568476,-0.0417541856194885,-0.00311403491381964,0.0912158913012836,0.0778704785046727,0.102183465061147,0.00420891538809082,-0.0426531320906729,-0.0944911182523063,-0.0474322316223558,0.0176990852707945,0.0423072392327356,-0.0807030522540209,0.0610536603352623,-0.0872514378979165,-0.0664213173476699,-0.0183449311169748,-0.0630040950454587,-0.0236929425116591,-0.0312340492959258,-0.0134965386809528,-0.0771516749810455,-0.00934095048768668,-0.00512014413621127,-0.0788683318908492,0.0695518309534824,0.0865619460650167,-0.0320140926897827,0.00345449259478139,-0.074551970639252,0.0545544725589978,0.0117689841978529,-0.0365586877708603,-0.0692888226409894,-0.100803521208413,0.0446651991214646,-0.0381031996387304,0.0282394729875779,0.0550741569964788,-0.108175502967157,-0.250153293962104
0.109809630054287,0.0572311373451113,-0.0793386642465372,0.0964137926085178,0.0483480693081099,-0.0979771842846204,0.0716399602054711,-0.0273368247777078,0.0834536141526596,-0.0273962060768465,-0.0174863578155784,-0.11054156969425,0.0295304363452725,0.0162373008904131,0.0283401658166459,0.0963170758302088,-0.0308467548972052,0.00198225643916948,-0.125820473094734,-0.0173030793302832,0.0660209951512126,0.0914467608338076,0.014157757802748,-0.0926917883993093,0.0854166540774161,0.106165745375867,0.04682538925174,-0.0777587402776688,-0.0268981417876514,0.0562943656214745,0.0827601086049909,0.0111268455505568,-0.115705888374161,-0.0346134306783402,0.0465399041528509,0.0731480040041204,0.0347152815185046,-0.0659430940664471,-0.0456644618527642,-0.0757527754405861,-0.0787958124787508,-0.0987521104211224,0.0410070838213559,-0.0430341932237005,0.044196643156691,0.0614338302045098,-0.030170625883616,-0.0591688364327093,0.10405426722328,-0.0586907320261652,-0.0391936244328943,-0.0195623773355742,-0.0160509457084598,0.10186758088577,-0.0189842430439121,0.105391147968626,0.0176142224471942,0.0679992184415831,0.054554472559001,-0.00728230096585927,-0.0771516749810478,0.115315508842892,-0.0195735799089274,-0.00114061595093308,-0.0638325573985641,-0.0944911182523061,0.0801793569454803,0.0330151466073086,-0.0282394729875784,-0.0822565075876659,-0.0017981663227785,-0.109108945117996,-0.00414428773770724,0.00315933757307202,-0.00155015375609329,0.00162957133316333,-0.028239472987583,-0.0238562715142975,-0.0236606949830645,0.0944911182523062,0.0771516749810459,-0.0258004928624536,0.0545544725590083,0.0973647088246337,-0.0272344140579602,-0.0784246728347491,-0.105391147968629,0.0116296652855733,0.0253463823707391,0.0127498602533641,0.139757655060614,-0.00110115092072255,0.0520447788242126,-0.0702857730033152,0.0309512071238766,-1.89122355939272e-15,0.0583665074016617,0.13901685349779,0.0100493767848873,0.00143843696255345,0.101768888509826,0.0609041021584416,0.0756265511033321,-0.00511067006974493,-0.0120642700323683,0.0345705794259569,-0.0210963269629493,-0.0856377898849137,0.0150469476677986,-0.0853513087322219,-0.105391147968631,-0.0642509567388259,-0.0405707028400131,0.0145030937897089,0.0777535093592664,0.110780073343801,0.0918164933995946,0.0334492709863556,-0.010923111902694,0.054554472558999,-0.0237662916995826,0.0239979679965474,0.0259114380865264,-0.0230576480384471,-0.0223494888514717,0.114617180649355,0.0637320769329314,-0.0637341062411597,-0.0771516749810448,0.0276672598449382,-0.0917867641140276,-0.0262014942469894,0.0578991169114701,-0.0866283524080351,0.0433855070038814,0.0944911182523059,-0.0692851171739093,-0.0238241041322564,-0.0632846670345518,0.0163446092887748,0.0427558611550845,0.07738866526996,-0.0282394729875792,0.0711497576444122,0.0370246789828093,0.0637121602434208,0.0678896908822965,-0.0317480451753199,0.109108945117994,0.00762342543365607,0.000772566178123858,0.029292107549631,0.0153550758229612,-0.0282394729875845,0.0817330038900457,0.0711668118078859,-0.0414890763226076,-0.094491118252305,-0.0321421863910714,-0.0404035571360442,0.00748941506505457,0.0771516749810461,0.074296049273179,0.010491321351214,-0.0545544725590031,0.0542678066857947,0.10539114796863,0.121699503010464
0.096207010480699,0.0377119626959512,-0.0825387387423266,0.117771596328315,0.0462104243202331,-0.0709457363529137,0.101211163814508,-0.056478577363773,0.0871715221787345,0.0504715347924018,0.0198303415398281,-0.0955142208155543,0.0694866737364034,-0.0435340409226151,-0.0376507893148066,0.117906459938562,0.0205347078201973,0.0298349513047874,-0.0459145722345347,0.0253581170970933,0.0196154066380022,0.107798721535161,0.0634856760930216,-0.0145358280812616,0.133931850088715,0.0324199311728921,0.0185035619927359,-0.0216209922596771,-0.0361237561897318,0.0280496620620587,0.0870312625072954,-0.0539724240045194,-0.0488870431496314,-0.032516732807233,0.104959712100559,0.0967182245219965,-0.0233992602271877,-0.00195040089496089,-0.11383899478553,-0.0755398311384659,-0.0629264593775412,-0.0647608700298392,0.0776454741261128,-0.0557097943841546,0.0458429395962951,-0.0485458134297436,0.0225615344358862,0.0117982111445045,0.13029168073671,0.00441508104366962,0.023552575177955,-0.0656558885358312,-0.0763960950693444,0.0536697836070288,0.0931759375969214,2.74240471115722e-15,0.0808524464684584,-0.0293106827699422,4.91204317345922e-16,-0.0120335599822569,-2.14120433582152e-15,0.19924576989041,-0.0564951993542141,-0.0226327148852308,-0.1124232735528,-2.16181271630098e-16,-0.0290475905051148,-0.0516343715481061,-7.63706532245076e-15,0.0105060052821787,-0.138472481341499,6.99169782977199e-16,0.000510660830823286,-0.00153915208886444,0.00592271103617642,0.00904362314373723,4.27066929145668e-16,-0.0122879023893489,-0.00154515668383704,1.89938162146557e-16,5.08183227245871e-17,0.00180604385571024,6.70006634477595e-16,0.118249501365169,0.0560098139691824,-0.0466339840283736,-6.26946917922897e-16,-0.0336631616322464,0.11407078451141,0.0896189896660467,-0.0194715248608095,-0.0126184236648084,-0.0877012290732959,-0.102178359731314,-0.0625553796488563,2.75868401860512e-16,-0.012913581704293,-0.0061429968741802,0.0905849797555158,0.0686948411439829,0.0437904465104554,0.0127196010112344,-0.0306722874190129,-0.133931767233174,0.0283849244599344,0.132498275787903,0.0393587175295241,0.12242958912711,-0.0200249808280407,-0.011460799783045,3.11927835618986e-16,0.0135658084394784,-0.123421695793928,0.0741503248016356,0.0170581118927164,-0.0452692647370469,-0.0869050927533686,-0.117079254864853,-0.00541609320404562,-2.55358535036395e-15,-0.0391233238483109,0.033855162644795,-0.187244378757707,-0.0257967465886425,-0.0346198749043597,-0.040619070965701,0.00277908342168756,0.0203894702920913,8.91206431803356e-17,-0.0722433039799881,-0.00208162619921205,-0.0444223473337997,-0.0289636235430312,0.0170902285113817,-0.000171979048780288,8.03347466191408e-16,0.0852840700706576,0.072872227069715,-0.0293656389512887,-0.0402400173847486,-0.031926934138802,0.0361695307334991,6.11638546686514e-16,0.0505618954821634,-0.0353455904134381,-0.0153846648846886,-0.0852996998866873,-0.0826826418123586,-3.82601599613082e-15,-0.00512860529001223,-0.0138900389366212,0.0888964520335418,-0.0401767231863032,4.47504802119661e-16,-0.0756523319821519,-0.0427810392037273,0.159284626216756,-1.22186507570165e-15,0.0263194517987849,0.0983986225772795,0.0419958485312135,-1.78581354687629e-16,-0.0927204837513505,0.0235638796357424,9.10456010341451e-15,-0.0960214298308005,1.33365474984753e-15,0.12845379095164
0.0779849726879976,0.021285085661396,-0.071699241504564,0.123116205676054,0.0326194334092494,-0.040763526096774,0.113627605375226,-0.0595357150764332,0.0623623165203779,0.115832786913139,0.0286003783052926,-0.0567099948972484,0.0953836509777729,-0.107876013271642,-0.0543597595811641,0.0864500932007959,0.0422377959556568,0.0929621233928227,0.0589023600981952,0.0698041300867752,-0.00685761712248599,0.0675161365474983,0.043923186701261,0.0829159523304629,0.102177582431356,-0.0320956611206195,0.0674516837161161,0.0206828858600674,0.0400630139894767,-0.0383490191342433,0.0281027552482672,-0.0952317296487805,0.0361013447202069,-0.0157339765807187,0.0715073557761984,0.0397499014097351,0.0298398794185729,-0.0428645425160437,-0.100177355979395,-0.0225951882487909,0.0408825483767226,-0.00423920641670419,0.0312186090619515,-0.0998457094737848,-0.0163039205045615,-0.115954443676356,0.0329044975228425,-0.0140091647563516,0.034639421808343,-0.0174259964909527,0.0884448401229541,-0.0759020091290248,0.0410356392046819,0.0964211556581727,0.0897794075667371,-0.108175502967154,0.0522046044902061,-0.0594666451603797,-0.0282394729875854,-0.0162407922768413,0.100803521208413,0.0537896625312543,-0.0704425682409555,-0.0743769586203215,-0.0539160728845591,0.0545544725589979,-0.0710235530903083,-0.0653824829694937,0.0865619460650065,-0.0160721598466697,-0.107710848905209,0.0771516749810466,0.000705159325989123,-9.31180519533801e-05,0.00541432747366716,0.00363608215449111,-0.0664213173476656,0.0106344741959244,0.00193782073617021,-0.0944911182523065,0.0417541856194892,0.101862557626435,-0.105391147968666,-0.0810602168473213,0.0719533521282062,0.0359504619256108,-0.014241575143399,0.0649187762156433,-0.0352508638474583,0.00280411538437208,-0.122462413269021,0.0126925249004616,-0.0424752387775795,0.0386003874439971,-0.096589147209769,0.109108945117998,-0.0824544651375207,-0.119989430481121,0.00452580011962437,-0.0540396001141844,-0.0925894777218096,-0.0182214599915503,-0.0334061408738,0.0399355354743783,0.042838022175882,-0.0258760677437939,0.00116757655695924,0.058468890688304,-0.0751766286184719,0.101172596476637,0.0142415751433994,-0.00213743401506523,0.0584342906630062,-0.0017534778998938,-0.0367542476887851,-0.0563714467684812,-0.0536974964674445,0.00212900628225766,-0.11646381829456,0.10539114796863,0.0741048537881917,0.0624200235563244,0.0253928585513872,0.0111192295660007,0.0295823072297315,-0.0629134108421652,-0.049181701538254,0.0288527862319416,0.0417541856194883,0.047548145294877,0.0516999578204242,-0.0455291728954736,-0.0590358900745577,0.0503888170322006,0.109845628450888,0.0944911182523073,0.0103727503851405,-0.0233252390518959,0.00576020585486874,0.0669179430977199,-0.0558022408373743,-0.0599341830124201,0.0664213173476628,-0.0470455379331287,0.0491903680772548,0.0951834000769235,0.0144001203903948,0.0780028076535827,0.0771516749810483,0.00701156203968445,0.0133651689761223,-0.0692056933316471,-0.0753322405321938,-0.0865619460650163,0.00748022684805645,0.076727337512374,-0.0845480719344115,-0.0545544725589977,-0.00183548426850949,-0.0465502415102337,0.081164064696118,0.100803521208414,0.0608052388266816,0.0460967538650905,-0.0282394729875854,0.0373205560784407,0.108175502967154,-0.129396753262328
0.0543205433304611,0.00713838651182533,-0.0540340116377454,0.0960910724028301,0.0126400302920545,-0.0144115348457478,0.095756501185898,-0.053434282236566,0.0255897531014579,0.115386777449845,0.0152043203635726,-0.0219578258207712,0.095046449126226,-0.115390670440036,-0.030847845992942,0.039176769525505,0.0524621598134302,0.115438111516749,0.107970551914746,0.0938425073507951,-0.00885112573421522,0.0299182317285316,-0.00223753728455329,0.119224818237994,0.0536602762393194,-0.046905971231092,0.107074225394212,0.0510067726749935,0.100319201258659,-0.0917201453778903,-0.0747137786291989,-0.0866106822204878,0.0636184554788921,0.00167556485526013,0.0384096318648554,-0.0648632756642209,0.0936453797099757,-0.0972941552169534,-0.0838090296707948,0.0298933404179745,0.0970047161623378,0.0487165297542192,-0.0655285980094134,-0.119729077922749,-0.0733671967681235,0.0255319062146238,-0.00599031652870562,-0.0660738845329754,-0.0633746898115195,-0.0621292763405424,-0.03646689902242,-0.114732409380732,0.137237403630133,0.149374111931114,0.0390900374251254,-4.4663590023972e-15,-0.0144538200435276,0.00312540919689832,-1.32609110514609e-15,-0.0174862849523012,1.7736054948624e-15,-0.101675787482908,-0.124052744143992,0.0385868163021711,0.046548147050911,2.94764265332827e-16,0.00117852026999038,-0.026852242677013,-2.83302866059102e-15,0.0705078470599121,0.0415997742099619,3.17454148873957e-16,-0.00191930403592451,0.00318293477992283,0.00238350254484598,-0.00305670199364859,-1.25469680446382e-16,0.00517041108277366,0.0127233068930073,-9.49780391724102e-17,5.70925387067839e-17,0.0505694026185208,-1.88814761662609e-14,-0.0326093196778612,-0.0108015051068136,0.054854431984696,-7.6447767551073e-17,0.0430070421481295,-0.0252007339170764,-0.0419695870064951,-0.0642446231955339,0.0550251779241576,0.0311868324678233,0.0759867929237274,0.0123263642973989,2.17001928466693e-17,0.0190358276181458,-0.028925014167438,-0.029927756683308,-0.0128634864534595,-0.0829139845433007,0.0533860775434412,0.0476137622891378,0.0795996317830428,-0.00587303763062033,-0.0754788653903067,-0.0868884174587016,-0.0433013784008565,-0.000530751495324732,0.0518988356503317,8.01873269857396e-16,-0.000159667264080581,0.111591096007228,-0.00920291228285809,0.0923617326877733,0.0733687241053395,0.0364667539840096,0.130996078994736,0.00660351318721896,3.73738291306045e-15,0.0796208642396765,0.0233036707966067,0.137128611958664,-0.00625509230454686,-0.0268663230326985,0.0861795730054278,0.12813635104035,0.00638829760095008,-7.89512570278318e-16,0.101673149941638,-0.0429401617266753,-0.0317058758628396,0.159436780158524,-0.0821097896606703,-0.0127393896287497,-2.02520940325349e-15,-0.157494457505037,0.0258904843733332,-0.0785071449509975,-0.0419890122472961,-0.0079673062765786,0.0660020791557317,5.87143266320081e-16,0.144565074197015,-0.0270554432640832,-0.0203620580665973,-0.0262419826638526,-0.191564115610904,-8.26997192594872e-15,-0.00394360981469864,-0.0295195139460915,0.0950496693515276,-0.0086051263162638,3.79675096671804e-16,-0.0211805458593598,-0.0322576227769869,0.134846691003005,-4.54947243335965e-16,0.00703464179708998,0.0780897502990081,0.00817337960387135,-4.37455609833634e-16,-0.0550132976555852,0.00437892108231202,4.54398161175607e-15,-0.0531926642163726,-5.32550692641805e-15,0.0666792675090388
0.0761640391434222,0.0384217203619978,-0.056402625560928,0.120049870003183,0.0614921168056345,-0.0663217862608981,0.0878070462001067,-0.0227227826220789,0.105575063546687,0.112548203819226,0.0596000635876338,-0.0764984720287363,0.0329279969800809,-0.0800443539371407,-0.101137158924058,0.120102730242043,-0.0150118880566756,0.0252623149522927,0.0575202453145837,-0.0281179842159881,-0.032114972236329,0.0674926915781496,0.0849244833042738,0.0803905441233867,0.10207793771058,-0.048673019379138,-0.0465876778120364,-0.0461466998768857,-0.0109621508858664,0.0766795882778224,0.0287943735954091,-0.0827632320366914,0.0435453149545206,-0.0039083274508987,0.044458836034297,0.0361811578841105,-0.0478607005631504,0.090251210836543,-0.0530707128678837,-0.030228503581818,0.000693491664572277,-0.0624415299671958,0.0295436785600165,-0.0135578961976945,0.0832319711886165,-0.112643975721866,0.0590276058912117,0.0589611066650965,0.0623020468041603,0.0804950295238524,0.0780284906627161,0.00255268003858449,-0.067193381805571,-0.0562598246054888,0.0370518431109204,-0.105391147968624,0.0208031465937196,-0.0885130451557217,-0.0545544725590012,0.0287128666246586,0.0771516749810448,0.0972994401072034,0.0259903532748631,-0.0355029502249175,-0.0923956961075025,0.094491118252306,-0.085667780871247,-0.00691838261766623,0.0282394729875808,0.013582452771458,-0.11257709195744,0.109108945117997,0.00364477260378264,-0.00413709800840628,-0.00190605071860422,0.000606772745812325,0.0282394729875834,0.0100543297805718,0.0082723777983456,-0.0944911182523062,-0.0771516749810461,-0.119596531868233,-0.0545544725589549,-0.0633243725812146,-0.0105768763608852,0.0147220111982784,0.10539114796863,-0.116845514217802,-0.0492491919602816,0.0664875690059058,0.0999896013343871,-0.0360151125120666,0.0349272811801887,0.0309578244922777,0.0451628867535386,9.87920625677615e-16,-0.132600154230156,-0.0332473165894562,0.0404896665735604,-0.0203388696083516,0.0794222745867251,-0.0795842853923613,-0.0422113436019662,-0.0220345520719955,-0.0285699939275094,-0.0553643155847775,0.0349046972802954,-0.0597529840754472,-0.0779267825448821,-0.00185597057250975,0.105391147968629,0.0954009523286622,-0.0374441204703335,0.0145990478138594,-0.116219946264836,-0.0428985016857537,0.0686966370173101,-0.0126297416167214,0.0749703559767881,-0.0545544725589991,-0.0232231525951848,0.0115232263932248,0.013711081098903,-0.011935709661058,0.0160194324765152,-0.0244560170175957,-0.109120272925361,0.068877401916512,0.0771516749810447,-0.0118222609380103,-0.0493719137458424,0.0313665406758662,-0.0735972740405857,0.0157571807892043,-0.110413357374148,-0.0944911182523077,0.0197789779202283,-0.0456012738340222,0.0455009316582468,0.0428745161619709,-0.0107031321221021,0.026181051671746,0.0282394729875856,-0.0683476176772268,0.0238414773701786,-0.114272240101442,0.0652859962983768,0.0828929008583122,-0.109108945117992,0.00231786915010601,0.0116113699665025,-0.0144742247918948,0.0518783526495248,0.0282394729875831,0.0644157609511607,-0.0798002376544533,-0.0681249070490961,0.0944911182523071,-0.0235460631903066,-0.0484482107938037,-0.0943850271059709,-0.0771516749810462,-0.00644418694164152,-0.0637223474188738,0.0545544725589936,0.0391397409593062,-0.10539114796863,0.000942962310687493
0.0279338648657642,0.0060668921805694,-0.0265290086006803,0.0549519789915049,0.0120989694051088,-0.0115759424398143,0.0520576780168889,-0.0240273598093812,0.0230363177932964,0.0802721582336251,0.0180875929952403,-0.0160529560825885,0.0468762152722109,-0.0757020990103079,-0.0342057082585252,0.0317882509238929,0.0211048404044165,0.067717511060794,0.104228916366948,0.0407365570255387,-0.0211007270589601,0.0192252530998394,0.00129660123761581,0.108535298968532,0.0375411247867655,-0.0540623255866006,0.046886606278062,0.0190075281248281,0.0771356099520868,-0.0370038480983311,-0.125278265543379,-0.0686915928317434,0.0689417076741942,0.0271277852329576,0.0213123430810383,-0.10896428225018,0.0568965074151001,-0.0315010362159296,-0.0626793616911628,0.060358219712765,0.0804318167593834,0.0197426691721216,-0.0918377300345147,-0.0733887481045997,-0.0120370417494298,0.142731469510348,-0.0375904390921324,-0.0294874524085664,-0.0866099301065919,-0.0123705160916851,-0.134405047947767,-0.0812564028164796,0.0846717693353823,0.0725926490799431,-0.00919992255497216,0.10817550296715,-0.0347539785203,0.0662729677579599,0.0282394729875843,0.0264121769283149,-0.100803521208412,-0.100960422373539,-0.072167215697471,0.115812732307202,0.051691919448757,-0.0545544725589974,0.0795017442694662,0.0179487935458066,-0.0865619460650125,0.0936286448162701,0.100594284427039,-0.0771516749810462,0.00010882445214515,0.00054944835284839,-0.000583752119531133,-0.00481570487739219,0.0664213173476655,-0.0169482426211505,0.00786177910890374,0.0944911182523065,-0.0417541856194889,-0.0460250980142286,0.105391147968646,0.149606452223663,-0.067472882851344,-0.0195328913310356,0.0142415751433977,-0.0255884339897102,0.0933860382279163,0.153680330943523,-0.00395551882830297,-0.0238353276551095,0.0172500060831222,-0.0349740726807849,0.0927991576859427,-0.109108945117995,-0.132769280474976,-0.0745148263943991,0.143324399809669,0.0980422936167781,-0.00109899736606678,-0.0298916995497475,-0.020328264885023,-0.0307122475170621,-0.0400396948679029,0.0397022735163004,0.0544622346032855,-0.00144133863342476,-0.120920237046463,0.0623740272578761,-0.0142415751433999,-0.0245464547385327,-0.0130505983853231,0.119169407966194,-0.0584510327382069,-0.034731106142541,0.0249215892289893,-0.0743679254522751,0.137600220325939,-0.105391147968631,0.0443003017632332,0.0994053643268907,-0.0367098510990113,-0.0618870057406279,0.0666728936882464,-0.035486601689701,-0.0786804475635725,-0.0623715492767932,-0.0417541856194885,0.0281153888960922,-0.0887914965533997,-0.068481640041275,-0.0894699921824405,0.0256279119563909,-0.122294510741743,-0.0944911182523089,0.032079344840226,-0.0921808200093565,-0.0202820733766985,0.0819234718372775,0.0937111568018211,0.0613813145572808,-0.0664213173476616,-0.0159276351484688,0.0622632296851277,-0.0953314250162466,0.102539048517744,0.0507783063290387,-0.0771516749810423,0.00907495980712432,0.0102585748358724,0.0217117517606151,0.116188004241409,0.0865619460650158,0.0887429304642289,-0.0587602593491939,-0.0224610357269138,0.0545544725589974,-0.0305689631633368,-0.0224508174618085,-0.120653847816421,-0.100803521208413,-0.0129433068970021,-0.0675231200677253,0.0282394729875812,0.0142372825225908,-0.108175502967156,0.0435973078855671
0.0269816689948749,0.0150839812672472,-0.0183932749318691,0.0531097838177003,0.0295344066372403,-0.0253856582171391,0.0363271124814951,-0.00370017451919355,0.0497064455930469,0.077663288311994,0.0427797364312304,-0.0273004446616558,0.00763424944879936,-0.0534322873173801,-0.0718544942857644,0.0534458803244235,-0.0126985772608559,0.0129194577873277,0.101746422623993,-0.0243008706943421,-0.0544613531519761,0.0192096720621984,0.0392725697982669,0.0960534479541206,0.0374375644955257,-0.0859290316631593,-0.0518403412102667,-0.0253508881031713,0.00884380774381502,0.04580517952605,-0.121259905866133,-0.0521050620793441,0.0883777503319507,0.0689937406820997,0.00166888705504923,-0.0830637492454237,-0.0458262127713121,0.0866812996916481,-0.0166416949709915,0.102292110340734,0.0441132357483063,-0.0291188246749482,-0.0257580378114673,0.0163581107384052,0.087711585912166,0.139599561538465,-0.0715314280272807,0.0655571725651675,-0.0938163876917069,0.0772422702429494,-0.0940048375660221,0.0496920828547629,-0.0283819108068366,-0.0877540895832425,-0.0449374520544,0.105391147968628,0.00716544751506533,0.125513090294915,0.0545544725590025,0.0808804074082903,-0.0771516749810467,-0.0404817389882545,0.102381228529114,0.0275564525446529,0.0229058587837259,-0.0944911182523057,0.13299907819046,0.0320242040093704,-0.0282394729875779,-0.0768568788722858,0.0888378007983532,-0.109108945117997,0.00432260237782842,-0.00404921626119868,-0.000799693215787876,-0.00229820756448884,-0.0282394729875835,-0.0271941908221887,-0.0256083360836153,0.0944911182523062,0.0771516749810462,0.0752185831477454,0.0545544725589717,0.128862638111166,-0.0133583080648756,-0.0746978408911745,-0.10539114796863,0.103029094558057,0.0598210059800614,0.120747535517484,-0.0893580056023861,-0.078450959580729,-0.0384626680727875,-0.0811910613403531,-0.0113968821841983,1.7243203590546e-15,-0.105978501830154,-0.0955994020571994,0.0683987102863982,0.0174640439234009,-0.0502123856973528,-0.0779651731351591,-0.0653950979347599,0.0135718996139264,0.0132365628482903,0.0721221860747568,0.125833159261846,0.0581626307000532,-0.0515965276520209,0.0463364169031139,-0.105391147968631,-0.128030890474503,0.00702536681400812,0.000215606735159625,-0.107647146607685,-0.08528517494025,-0.0519498457318676,-0.103538601478589,-0.0688812131516849,0.054554472558996,0.00030141946283935,-0.00692295929845181,-0.0274139533092644,0.024990768687796,0.0862141836406289,-0.0771798020006688,-0.0959258172042684,-0.106346172593629,-0.077151674981044,-0.0219150306907339,0.0953053036720621,0.0319478491287471,-0.0729749914989848,0.0568196842559123,0.123337113068671,0.0944911182523085,0.0494268438494902,-0.0489328561466007,0.0603714526485695,0.0147229875627994,0.0428707840271144,-0.115062463310224,-0.0282394729875876,-0.0774152028395897,-0.00731612494187793,0.14273240702114,-0.00585044862437531,0.0636209252715417,0.109108945117998,-0.00294436160480255,0.00601508230445899,-0.0983420561009252,-0.0292893939224695,-0.0282394729875837,-0.0389114916762991,0.121066173826965,-0.0598501683704902,-0.0944911182523059,0.019315313503162,-0.0180761726879697,0.081696959491013,0.0771516749810454,0.064748642218461,0.0595147414992529,-0.054554472558998,0.0121317667758117,0.10539114796863,-0.0435973078855674
0.0257252725500011,0.020694250524699,-0.00891803525781242,-0.0506464393818006,-0.040597792645948,-0.0277694816029824,-0.0177441768674522,0.0138352871467035,-0.054545995759933,0.0740824162623761,0.0589855445011167,-0.0160395676647413,0.0267940748591133,-0.026509479837875,-0.0796128268123068,-0.031701163506749,-0.0271833739665778,-0.039034550990081,-0.0943336092364269,0.0528272696108952,0.0729352244294141,-0.00759294899713229,0.0598284248774694,-0.0115673412740473,0.0140427105163638,0.112043859754529,-0.0554762119249988,-0.0203372469493488,0.0453043857028831,-0.0427957303307418,-0.116247104502211,0.00436147561191274,-0.0722613417180093,0.0870944292916523,-0.0271472529359378,-0.0378235047724998,0.102434804611376,0.0490735389215313,-0.0517677439314479,0.123365011427792,0.0112306125762871,0.00782798776397292,0.0616474811529041,0.0349557701841008,0.0411916022277996,-0.132664292787012,0.101836515742259,-0.0925804467342545,-0.0617394850525918,0.0167404966814346,0.0583302680697897,0.0280188990026144,0.0942036412740392,-0.0322035229142645,-0.0157333584734504,0.100803521208407,0.113162264153507,-0.144148584760362,0.0771516749810417,0.0354291299364208,-0.041754185619489,0.0814017333327759,0.0670619420964712,0.0547410020083691,0.00739170833228703,-0.109108945117996,-0.102536936266161,0.0404593991501064,0.0417541856194945,0.131173046988772,0.0274866081121595,-0.0771516749810455,-0.00461904850093482,0.00462591660353476,0.0107030520335351,0.0110287829501937,-0.100803521208414,0.0145035585180901,0.0249435693920762,-1.0928841751072e-16,0.100803521208414,-0.139088959843078,-0.0771516749809949,0.00964400563830747,-0.10785367980555,0.0122839724692337,-0.0417541856194897,-0.0579581377930514,-0.00361465830951746,-0.0411367200394869,-0.137298476337183,0.0161438949405967,-0.122022049560993,0.0193697317501569,0.140493347663895,0.109108945117995,-0.0835793704492693,0.11457527903279,-0.0397007318729785,0.0477186688405806,-0.0299465286967962,-0.0544430491117202,0.0928145103372167,0.037248691575797,-0.0577517169549295,-0.0248362650255937,-0.0261721548217442,0.124744375727296,-0.0440282769293062,-0.0355026273345631,0.0417541856194924,-0.0540925175753513,-0.0545547784876807,-0.0332401598869302,-0.0795721513335193,0.113059274393552,-0.0859516689407543,0.00367969446891874,0.104140392214427,0.077151674981046,0.0498442003791202,-0.0159353167735209,-0.0815545063887538,0.0208842292873055,-0.0951692071218633,0.0704194242875161,-0.0514651636680456,-0.133131913262241,0.100803521208415,0.0997417141847261,0.0130578583314698,0.0493452141944679,-0.00197897939119645,-0.00618171230205346,-0.00454213033197676,-1.68118199627944e-16,-0.0752380803762345,0.116408499106496,0.0419259077167764,0.0527149187622514,0.135430484927214,0.0683058036113773,0.100803521208421,-0.0689111668551943,0.0155965491217424,0.0968496265014884,-0.0612795763615398,0.0640428489720943,-0.0771516749810439,-0.00138915195133598,0.00555464552506233,0.0991974737662378,0.0596831958928363,-0.0417541856194881,0.00736874877066934,0.134981897875329,0.066751742253831,0.109108945117996,-0.015604857407044,0.0170181226109022,0.0392548796644421,-0.0417541856194891,0.0843828361966387,0.0551652699194493,0.0771516749810471,0.0114751483867478,-0.100803521208416,-0.203847204748253
0.0246322684617424,0.0236628927487209,-0.00190315352501492,-0.0484208211663683,-0.0466382706590392,-0.0253804370747531,-0.00346418809430088,0.0221046454182831,-0.0496733709463741,0.0706394199837831,0.0683118054268241,-0.00458728333410923,0.0436059229423046,-0.00446071814570524,-0.0721426086286494,-0.00841470287451192,-0.0263053927414037,-0.0653066749887708,-0.0901054067159938,0.050993714489247,0.0849925644333166,-0.0192334955831728,0.0156175429852781,0.000933661613354482,0.0374201035122717,0.102576180419509,-0.056774488081904,-0.00977299292806284,0.0866382550645414,-0.0228314451404627,-0.110205919908396,0.0348963338046251,-0.0195546429095904,0.106219273113201,-0.0285869010070826,0.00310661651612735,0.103349033962574,0.032421589383038,-0.0440327453358452,0.107470294553783,0.0670580807789189,0.0148154032735947,0.108781194991813,0.0493457397604656,0.0356143904275343,-0.124736863566548,0.123501201802814,-0.0518028076249062,0.00516940600952921,0.0116672630123303,0.00777265337449658,0.0322242585767352,0.098696094285615,-0.0512609477428915,-0.0309204339275081,0.0944911182522986,0.105931084241757,-0.126282751163446,0.094491118252304,-0.0163542091130892,1.77436211046415e-15,0.116644440134181,0.0137240302673364,0.116181755917835,0.0205502113147973,-0.0944911182523077,-0.0152638109399439,0.0710142427249632,0.0944911182523167,0.0945219422644023,0.100766449525892,3.48496664087532e-16,0.00171201299813523,-0.000982128674041128,0.00488870814627623,0.00670308041799215,-0.0944911182523072,-0.0206158410805809,-0.0095401924836948,-0.0944911182523067,3.19925319545312e-16,-0.0100807617278941,-0.0944911182523025,0.135978160389021,-0.0629980666347371,-0.106777395268502,0.0944911182523065,0.0811182453554239,0.0068172029233598,-0.110472010437095,0.0890601025398793,0.104065041386014,0.0644132311633438,-0.0799418769779715,0.0251476543498438,4.57187185397468e-16,0.0284623467964793,-0.136183433232159,-0.00579539003389418,-0.0551706621708705,0.0125711103840861,0.005677933734559,-0.118402765441299,0.0593696563359029,-0.000953376602825149,0.00308196148728233,-0.117605289358892,-0.0451988887970298,0.0314030611812609,0.0203951120602001,0.0944911182523065,-0.109894879018615,0.0252517128171098,0.117157916696923,0.0238203910414683,-0.125539322934436,0.00981788646346894,0.00144667662228638,-0.130802314591677,-0.0944911182523064,-0.0994334944356847,-0.014071842560288,-0.0421079731603631,-0.0884549549664697,0.0460121928091448,-0.017266401133965,0.0182403537231045,0.00973909393858806,7.52397877543873e-16,-0.106517082143084,-0.0812130395492498,0.0187088795371158,0.0382586101570639,-0.0897202562063981,0.121218868660674,-0.0944911182523072,-0.0309887560128321,-0.116567045189527,-0.0303274635901303,-0.0201589653194034,-0.129442798850811,-0.0329492170932723,-0.0944911182523112,0.0731908743473178,0.0633074412086506,-0.00937061303746334,0.0744980536709748,0.0245792086345843,1.08943079381525e-15,0.0197785481162524,0.0198382560223049,-0.100748995866739,-0.115877454774818,0.0944911182523056,-0.039654406335763,-0.122467071981584,-0.025203918354406,-0.0944911182523076,0.0420738210884881,0.0289525200597785,-0.0138552870532825,3.79577175590093e-16,-0.0834224878806098,-0.0673362448559788,-0.0944911182523096,0.0165715428633279,0.0944911182523074,0.0467565027908527
0.048821743372977,0.0433862490052067,-0.0107376750813258,-0.0863579731381527,-0.0768173635324182,-0.053772719829257,-0.018986365924982,0.0372228842264217,-0.0954338266933523,0.103690169072327,0.0923577474070345,-0.0219272438002542,0.0662776359257183,-0.0229109687525076,-0.115546748934563,-0.0390022865801003,-0.0583692893810479,-0.0816784235218809,-0.0946825822085178,0.104392366507965,0.0812467133343691,-0.0299564613437588,0.0557618616264129,0.000803375840658929,0.0537510068777286,0.127234547955336,-0.106896766313957,-0.0340303871978351,0.0791759418587908,-0.0633959287495108,-0.068006209155602,0.045169647106068,-0.0632714913223117,0.0551186424937733,-0.0625597740643727,-0.000289163539025812,0.146327867856124,0.0767572114756209,-0.108505676785891,0.0770052330297219,0.0557180038607996,0.0212106658024245,0.0736050987704557,0.095706259427094,0.050806716431693,-0.0225899577057913,0.0197614293684146,-0.128832673692031,-0.00989405603941094,0.0160709631048499,0.0159403476921711,-0.013417716639503,0.178096286759169,-0.0840949184556505,-0.0460135471705679,-1.17396845490027e-14,0.126555469175257,-0.0343113735072515,-5.39338341527769e-16,0.0416630239860637,1.98061685426889e-15,0.143019437785898,0.0465096766876812,0.0179338582919571,0.0565609149560753,6.87497952412728e-16,-0.0342300964219761,0.015074840273364,2.15898854585292e-15,0.0542403940832427,0.0515751684524089,4.25988813739135e-17,-0.00665365263900508,0.00765364232641942,0.00801644707346391,0.00983588836003199,2.42010060801623e-16,0.0160759209868433,0.0183295064698116,1.25930326595033e-16,3.87874352891751e-17,0.0461314084291962,-1.69300176834998e-14,-0.0245533149701794,0.0191714978746506,0.0614095649010531,-1.33566995703018e-16,0.0283576416648799,0.0530136016321366,0.059407372715482,0.038689386520458,-0.0685967452631923,-0.0134276236905978,0.0187918950974989,-0.0535139968091804,9.18812200952935e-16,0.0319992975354257,-0.00507221821093797,-0.0147475050969635,0.0728689531501343,0.0937804309397285,0.00335381257482335,0.0565256814571115,-0.0436223215951891,0.0340971138778971,0.0719860790531678,0.0500688481312505,-0.0776994639526884,0.0380011000606735,0.0963917911089786,-2.43567352982963e-15,0.000787776994718623,-0.0411720835406959,-0.0933223847515738,0.0264623456360866,-0.0139630050010901,0.128498995316382,0.0696282007048576,-0.00102697285530374,2.67542491459823e-15,0.12503633393678,-0.0185457118261632,0.121580884876315,0.0468707995222682,-0.0386313250051116,-0.15022885670485,0.0479694801795062,-0.0095146383691187,1.18735765951828e-15,0.000615319398531345,-0.0458316616135757,-0.059065482351337,-0.0349848347719911,0.187873135138692,0.0128513130609801,1.80869150655466e-15,0.173975577325726,-0.000651025513889807,0.0205045653225216,-0.102616066610265,0.000934052123298391,0.0638495153512672,3.88455532441877e-15,-0.00826347454272671,-0.154080231720649,0.0202364037578142,0.0661292359834803,-0.157461934286406,-5.92383062126596e-15,-0.0295408857960029,-0.0406625499033851,0.0193083587555007,-0.0204567361313959,-5.58057711042047e-16,0.11067079797741,0.00819139523338056,-0.0940424570661344,9.54756256972611e-16,-0.0493178907659876,-0.0830497473814547,0.0414494480569009,-1.5808636922659e-15,-0.0348052173282902,0.0298224712658352,3.86516058775285e-15,-0.0537643447835605,1.71538439903368e-15,0.1570907019574
0.0729132080682925,0.0548467693473702,-0.0313448281849063,-0.114856425933551,-0.0872466779889466,-0.0778103746981284,-0.0479437088076974,0.0269498566608573,-0.12257092760714,0.107534045706029,0.0834424678379269,-0.056680674744062,0.045119772268521,-0.0419545336634308,-0.114906725192388,-0.0863026928183387,-0.0680314453430747,-0.0484644033629176,-0.05064908439895,0.108325592764328,0.040422212203658,0.00601745213434113,0.0759181922978042,0.017391781348101,-0.00324568744044115,0.0715287467781948,-0.0924635480261685,-0.0704567263938135,0.0299695940957332,-0.104742947445649,0.0285748000712675,0.0011176080771415,-0.0433052974275162,-0.0271601303877,-0.0431602760236276,0.0274211546756189,0.0669332352416833,0.0866860261713291,-0.0688502561192717,-0.0219476326074022,0.0103875401675393,-0.0401334720717096,0.0176471346902056,0.0587679902898539,-0.0558115170784386,0.108595742322621,-0.0785813776587092,-0.0632293313107279,0.0229238386493734,0.0384036811202135,-0.0339088886814596,-0.0804478320997269,0.0685048068603853,-0.0700066065092136,-0.0719621713969057,-0.100803521208422,0.0474234949326977,0.11471909805808,-0.077151674981041,-0.0206022510976335,0.0417541856194907,0.0508964552684282,-0.0710037503670021,-0.0445825795776105,0.0248592767727973,0.109108945117997,0.0813811909225952,0.0177529669063167,-0.0417541856194861,-0.120874271156296,0.0374615102388304,0.0771516749810454,-0.00430444892702473,0.0042891613180637,0.00483470130902348,0.00426611937002452,0.100803521208414,0.000732134022290777,-0.01429643741602,9.69725152382485e-17,-0.100803521208414,0.103528828292039,0.0771516749810075,-0.0809298815890907,0.0749583928386464,0.0396531909892285,0.0417541856194895,0.0466070337680997,-0.0199413081180121,0.108869457801687,-0.0318894596607247,-0.065094898048144,-0.0314826760781653,0.0343015101590604,-0.117051592467397,-0.109108945117997,-0.0222062676480023,0.131817683565925,0.0570675743384669,-0.0234614252125007,0.0135401400795087,-0.012757813073449,0.107714465059326,-0.0216089515749806,0.0535460709491836,0.0117516954648944,0.0967307905453547,0.0123314158968185,-0.0142646059784426,-0.0383063760950994,-0.0417541856194905,0.0646387822253087,-0.0230307895624805,-0.0239563868286709,-0.0187280316857628,0.127225342128709,0.0160366545711107,-0.0446377325632958,-0.0666181211652816,-0.0771516749810467,0.0575171213540964,0.00113314429745123,0.0212022647994801,0.0333616797262869,0.0338512090989551,0.0732122387175122,-0.00879625056253174,0.115156286306338,-0.100803521208417,0.09880622512679,0.0526416159660785,0.00301116584054287,-0.00319862291492587,-0.00359262456627115,-0.0197087660746883,2.06993262609368e-16,-0.0536571934306186,-0.00294570542734945,0.00460295871086033,0.0681516799820612,-0.0989903984385204,-0.0585070409807419,-0.100803521208417,-0.0466675042082224,0.0465090517797982,-0.0961341053326697,-0.047794844888868,0.0792028740301013,0.077151674981049,0.00571002380177226,0.0128198906876975,-0.0204827148940414,-0.0205317948924483,0.0417541856194888,-0.0745686201788124,-0.107840006918016,0.0548457428144725,-0.109108945117997,0.0320520370044224,0.0500952841995007,-0.0693347958086595,0.0417541856194912,-0.0300771242778837,-0.0679607560765961,-0.0771516749810479,0.0398856583329343,0.100803521208411,-0.0262201536088171
0.0928852303165833,0.0599903098525335,-0.0551422895817324,-0.113702769535644,-0.0735071418747937,-0.0969073299005963,-0.0675929988766296,0.00667768484450899,-0.119052419738921,0.0487291136302053,0.0315517546152285,-0.0954915127236829,0.00829387419733815,-0.0290564272611053,-0.0513017702396742,-0.117823406666881,-0.0695384744053197,-0.00314188441477737,0.0463315035062732,0.0861875325052414,-0.0300265773794506,0.0538404683055176,0.0341523918384269,0.0463811771340015,-0.0666598774949534,-0.0424347579338856,-0.047037402318834,-0.108442828044702,-0.00845480118890265,-0.132326345201919,0.0872933115368907,-0.0256146757010265,0.0402756074070443,-0.0690417310000442,-0.0149242680197925,0.0530358957885965,-0.0386198078142747,0.0685381984724884,-0.011640903955612,-0.0800485035767568,0.00912205807529336,-0.105138179386401,0.00140140092927311,0.025058346815074,-0.157016333020263,0.0463286592459362,-0.0248815114098031,0.0453680183360522,0.0535185220555108,0.0558102689501206,-0.0116820309967026,-0.1180525135946,-0.0374036761986151,-0.0728327069480127,-0.0889707775690732,-4.62231917948603e-15,0.00490792704834599,0.060039000803875,4.11700652072486e-15,-0.102172027541439,-5.40526905765747e-16,-0.00288385665753271,-0.183216994335539,-0.0194527378567749,-0.0373317114196366,1.01088715120714e-16,0.0721344982539014,0.0823256125043779,1.16164339244262e-14,-0.126717782737968,0.0450070844715775,-5.11682897124031e-16,0.0023293879298653,-0.00242979944345921,0.00642545738106527,0.00444986428508999,-2.83816466481914e-16,-0.0101911859771192,-0.0259699793624564,-4.00343405453145e-16,-1.42014693047272e-16,-0.089459011128351,3.22139479587891e-14,-0.0641801380408366,-0.0706668783497757,-0.0388118797750742,4.10705512426011e-16,-0.018271143625576,-0.131116367290761,0.0139897754028601,-0.0907862311289209,0.0602267348917281,-0.0659361393146275,0.0398719111101383,0.0898849039349003,-1.48585521793565e-15,-0.00192217269018388,0.0163475111214426,0.0859039008602111,-0.107649572439455,-0.0498597056214369,-0.0249446952478084,-0.00278519372334504,0.111564616838355,-0.0432551477848029,-0.130725538519383,-0.0227195044075458,0.127091268162901,0.0293918128422153,-0.0298922792367391,3.12990212582212e-15,-0.0110021212471598,-0.0446277166858871,0.13941754179697,-0.016155055300772,0.016149501459794,-0.102239174997322,-0.108570343035503,-0.015215104583262,-3.17430009612112e-15,-0.0274617643800582,-0.0596006522579383,-0.168021438922182,-0.071785801224387,0.0260467950327456,0.0369134487833378,0.022675955726635,0.00439364670540743,-6.10734011885205e-16,-0.00343913930740258,-0.0499848867846834,0.06480669723818,0.0718165828514757,-0.0380731776392674,0.022764326939604,-7.51745219535804e-16,-0.0581850991190089,-0.058436473758045,0.018641516286302,-0.0592942291229955,-0.0247019901923943,0.0303346044729909,7.63751892364872e-16,0.0274926513171701,-0.0542878486286002,0.0148590196550667,0.104429059961798,-0.0773622524993459,-2.75095309690415e-15,-0.00919306258144456,-0.0158064654562802,-0.0370693742200591,-0.0484215470405886,-1.26143454411772e-15,0.114596719662469,-0.0161431363010382,-0.142006939142786,1.10998420211531e-15,-0.0439040812893708,-0.100464689703642,0.063022943690659,-1.08123083465747e-15,-0.0803137601404265,0.0389176770580728,9.66442649264687e-15,-0.0963658193116955,4.07519047485846e-16,-0.00670253446887275
0.0679303819832055,0.0685202760536682,0.00154840289479188,-0.107423154705403,-0.107606953204683,-0.0663023167271702,0.000956073131445599,0.0683246211173273,-0.105477386131739,0.101459503022081,0.100009755185268,0.00373530283402389,0.106113044974716,-0.00241110388057726,-0.101238204929712,0.00231509127440248,-0.0630534533624945,-0.0967227850894162,-0.0501264262720806,0.100962069383531,0.0427672896816245,-0.0675456158138846,0.0107701424393322,-0.00443443059569762,0.102339151609109,0.0698824451192493,-0.0879204606851322,0.00795934593729029,0.0500955388148706,0.00595870607394159,0.0232243829043693,0.0753864791481972,-0.0256057250694673,-0.0270502591405905,-0.0564263161761518,0.00658619768284429,0.0774154609631125,0.0151349425744049,-0.0938388105286696,-0.0274003982963117,0.0364110822995173,0.0649983692131391,-0.0232631889846762,0.0700268368934024,0.0900303220176458,0.0998822805347842,-0.104896259531682,-0.0643801625178348,0.0128256148920796,-0.0331660346778664,0.000376349193178114,-0.00690449184072198,0.0970122860149097,-0.0151936334006638,0.0266864393067215,-0.0944911182523068,-0.0187455536439434,0.0892144843413462,-0.0944911182523055,0.0804855026856843,8.28713148997439e-16,0.0131462446717032,0.0744781885718871,-0.0938670942824712,0.0476197437051147,0.0944911182523083,-0.0206139012224162,-0.105202792117074,-0.0944911182523216,-0.0225533950204455,-0.089599842204797,1.91886255081495e-16,-0.00210080796222278,0.00277844706535041,-0.0100961440776838,-0.00932553878311903,0.0944911182523074,0.0232604435309903,0.01916851038956,0.0944911182523067,-1.97858395589232e-16,0.0695421051747934,0.0944911182522813,-0.0768342555473945,0.103409353669615,0.0761188823039038,-0.0944911182523065,-0.0636289946368485,0.0269844639412879,0.0536447639957787,0.0869177135794275,-0.0612216230938208,0.0882256174198175,0.0273261335990076,-0.049740476326385,1.53908018220335e-15,0.077076983535265,-0.110158540044988,-0.0108885403067276,0.0259035484906061,-0.00365742661740706,0.0611906686280139,-0.0880846327847426,-0.07031001793131,-0.000711321330387593,-0.00251386746061422,0.036749574039188,-0.0742264190123818,0.0180510780179819,0.030336983947556,-0.094491118252308,0.0991317896641102,0.0672325341164322,-0.0254263360961827,0.0641639029660043,-0.109279069614102,-0.00204451899403562,0.00491447598947616,0.0937928149500612,0.0944911182523061,-0.0763016715685143,0.0391512292920583,0.0331484868360443,0.00734140470540397,0.0411519834441758,-0.0217759634874968,0.00794232193686447,0.0152022233143983,2.01016991037277e-16,-0.0925442736821802,0.0542016249523974,-0.0211955226642254,7.4834922126104e-05,-0.0793995650509219,-0.109271314876683,0.0944911182523057,-0.0167058513736714,0.00377474648478704,-0.0373470113159617,0.015153649582628,0.0919113448355135,-0.0538440288366784,0.0944911182523028,0.0526167855448693,0.0797002163705816,-0.0188759318658318,-0.0556184584038951,0.0524226244584908,1.59328224325854e-15,0.0197453364789455,0.0221776904206145,-0.00690907116035371,0.108016017024002,-0.0944911182523052,-0.0710545528971619,0.0816256246664836,0.0622565670011238,0.0944911182523061,0.0272151218829296,0.0490711907931419,-0.0301090901717419,3.09060815967321e-16,0.0941781311770734,0.0228791382745405,0.0944911182523031,0.0361021021484292,-0.0944911182523054,-0.130870548348582
0.104992098238217,0.0806520776658894,-0.0424654362566314,-0.0923166399479509,-0.0691789605166596,-0.112438351862848,-0.0400468071900337,0.0442021775443705,-0.0982956757669851,-0.0259578557167477,-0.0228458106656266,-0.0766816884744513,0.0331952871442293,0.00581389841299417,0.0285506316947907,-0.0721943477963103,-0.101928558239629,0.0218734270663092,0.11933420583883,0.0848152460199783,-0.091002520965099,-0.00345080039713949,-0.0318889041626736,0.0382354100927401,-0.00949528155922896,-0.130367312178721,0.00750113168099091,-0.0958168585354201,-0.0516660880997472,-0.0856970556805723,0.0803096285983652,-0.00674149941173455,0.0869051410540554,-0.0659207978844388,-0.0770123467316955,0.0442541978905753,-0.117647904647343,-0.0017414354408662,-0.0458114426624133,-0.0768502277282883,-0.00984932442987357,-0.0303721309917981,-0.00978857547418221,-0.00422013108899919,-0.0741435046762163,-0.0568339249243848,0.0484066803855575,0.103594869257372,0.0504004944011682,0.0082383484338158,0.0388277658809441,-0.0929174152487034,-0.101244289201504,-0.0119778633441374,-0.0915813485112955,0.100803521208412,-0.00293845048339818,-0.0650312470428328,0.0771516749810443,-0.0363696972630605,-0.0417541856194895,0.0146692758146882,-0.100849122343468,0.0236783334138831,0.0340765862997877,-0.109108945117996,-0.0464802772289859,0.0682050124251591,0.0417541856194986,0.0426958429961762,0.0717367499300678,-0.077151674981046,0.00401878887031891,-0.00404645237253926,7.13950396519702e-05,-0.000642150794932102,-0.100803521208414,0.0188177756756721,0.0168076848598109,-3.44600362290158e-16,0.100803521208414,-0.0699122677345788,-0.0771516749810209,-0.068904003259985,-0.0595329460647482,0.05497105411099,-0.0417541856194889,-0.0256655819292809,-0.0244487133043805,0.127177020527858,0.0292141107099345,-0.0722796072078917,0.0228222447849866,0.0584551705809923,0.0581407465274679,0.109108945117996,0.128398553899345,-0.0746398353136247,0.074736062208716,0.0360427815482497,0.0268675991482333,0.0853451715732425,-0.0595315035475478,0.0248394070852077,-0.0184691421732773,-0.0192186204545432,0.108378495214523,-0.0431850540884541,0.0650716076629546,0.0256671478192656,0.0417541856194871,-0.00281348390488445,0.00124837095923887,-0.00916312398287348,0.124656030521278,-0.0765004307837491,0.0542887458667105,-0.0462753506630799,0.0632428238492476,0.0771516749810446,-0.0322990242200591,0.0298475929236573,0.0574974346594227,0.0240673233143498,0.0762054908042312,-0.0536791792398138,0.0839407699302952,-0.0508564941355547,0.100803521208416,-0.0809221334965286,0.0468303223033207,-0.0859058376978363,0.000367374728449827,0.00754643610268828,-0.0253727099560896,1.03999685071405e-16,0.0819171427688409,-0.0547523613106264,-0.0709449165119054,-0.0268373213755327,0.0698886539872785,-0.0889059834092392,0.100803521208408,0.0775061277665063,0.0184050413689924,0.0246354035423393,-0.0205228677600328,-0.0361983522411522,-0.0771516749810474,0.0082131891236504,0.00281076530707246,-0.0646297439111821,0.0538919330705913,-0.0417541856194884,-0.0778480218958921,0.0604796666035933,0.0251384227554024,0.109108945117996,0.0389968518933601,0.0425215071243843,-0.0203847615207184,-0.041754185619489,0.0751465513631587,0.000829210346525263,0.0771516749810408,0.0541949343208456,-0.100803521208413,0.0464956545062234
0.0986463183482912,0.0980274206762771,-0.000824790733644691,-0.0858738620076595,-0.0868509701143643,-0.0979512040928143,0.00249778187173468,0.0958886631013318,-0.0833706563402471,-0.025828333482064,-0.0230838648142822,-0.00198494592009408,0.0867065835764197,0.00562683247495843,0.0287582839176456,0.00605998635958809,-0.09585574157881,0.0209557769727929,0.112237906289507,0.0782677314354395,-0.110384019433595,-0.0915293925142798,-0.0173716976063955,-0.00611683068927266,0.0856856388444968,-0.114953445173399,0.0143836318206507,-0.00422737691128244,-0.10602120235021,0.0161196550663971,0.0722706313554232,0.0125054584244221,0.00963052389951374,-0.0743222828552094,-0.092073598665471,0.00520362326561969,-0.108813063293018,-0.0432867427896618,-0.0742423952950999,-0.0752291789296464,-0.0844234039466605,0.0834728749163104,-0.0716753751975793,-0.0188911136821876,0.0741804271772035,-0.0556620441643883,0.049107220151035,0.0289652713620856,0.0105250127856207,-0.0541897161733446,0.0100686894179419,-0.0212456360698105,-0.0808319306548663,0.0771754027103799,-0.0118707111389906,0.0944911182523111,-0.0658893212449028,-0.0682575306608049,0.0944911182523025,0.0877638104576052,1.75248771880287e-16,-0.0387654148472292,0.0683704205064166,0.0510091856711538,0.0732454380667508,-0.094491118252307,-0.0396475621395266,-0.0166494798656128,0.0944911182523047,0.0953135390870244,0.0360538650930152,2.71477336184511e-16,-0.00518574878775354,0.00454818178451977,-0.0122718238827837,-0.0123086902131109,-0.0944911182523067,-0.00244708980997561,0.00727208494685435,-0.0944911182523064,3.42635978120894e-16,0.056971600910148,-0.0944911182523268,0.092727737008738,0.0248520495024645,-0.0570303517339964,0.0944911182523067,0.0375238028107128,0.0354853769410993,0.102809433872769,0.0472822391885871,-0.107534923496658,0.0595590327045995,-0.0723597564754152,-0.0183818642707925,-9.41602547357988e-16,0.0257896067931219,0.135235527287498,-0.00830934910076013,-0.0428931419600566,-0.00925209706447704,0.0509593855703172,0.125269778287591,0.00372273259926204,-0.00190016250877175,0.00132927565347124,0.0890888516918768,-0.0541110211145774,-0.0385352829443268,-0.00641373809968678,0.0944911182523042,-0.037904883025103,0.0559944646763101,-0.0775665141837347,0.0212410414667541,0.11693497370885,-0.00641388952469065,0.0042706443232127,-0.0693150034647962,-0.0944911182523067,0.102871294258088,0.0645078134137493,0.0518882978653482,0.046707563089808,0.0206746312096379,0.00933701627733987,-0.0249256597512259,0.0273466748145036,-1.1363340396631e-15,0.099392876139264,0.0903448277722639,-0.0549077586968109,-0.0688647984393325,0.0822707502734659,0.0418861419288838,-0.0944911182523054,0.039133957471497,0.0556519620129992,0.0173011897583816,0.0514788499064483,-0.0695011851795486,-0.0391802477152139,-0.0944911182523081,-0.0792686128581217,-0.0343758509005318,-0.0305608951978794,-0.088773211365481,0.00813242090361096,6.54417394534817e-16,-0.0158943757311588,-0.0135696117185411,0.0379284501505037,-0.0364808056108875,0.0944911182523075,-0.0534066818305243,-0.0710883162215508,0.0734733659042879,-0.0944911182523075,0.00849050995548937,0.0361861071849555,-0.0473863505308355,8.75311222654782e-16,-0.00984800970141446,-0.0610877856517897,-0.0944911182523135,0.0567664781011229,0.094491118252307,0.00392940528291256
0.109701461577008,0.0974880165965067,-0.0241273368990841,-0.0479250594636005,-0.0426304205778178,-0.120826204692741,-0.0105366381688538,0.0836390616483044,-0.0529617781996927,-0.0831530594110823,-0.0740651628396262,-0.0492700695849247,0.0367813130325021,0.0183731704064817,0.0926612982201752,-0.0216446361076559,-0.131154602722708,0.0655010100232483,0.075929535596444,0.0579333927214471,-0.0651548053329524,-0.0673115576389647,-0.0447175410569498,-0.000644257402658797,0.0298295583746474,-0.10203418530347,0.0857245507426701,-0.07646558594015,-0.0634941755444522,-0.0351820862007732,-0.0377405988033452,-0.0362232445273309,0.0507397964920129,0.0305885388815379,-0.140570536335814,-0.000160473657483812,-0.117345839033675,-0.061554504377446,-0.0602161077099977,0.0427346802831289,-0.0446823698596924,0.047659933439414,0.0408477481257905,-0.0767504609873145,0.0281956004484225,-0.0507591742137549,0.044403528731163,0.103315782638267,-0.00549078685837802,-0.0128879117645061,0.0358176361404753,-0.00744627096313066,-0.142822132958883,0.0674388884990297,-0.103391501986989,-3.55781726667776e-15,0.070232986778939,-0.0770969564463283,-2.02611826525849e-15,0.023121233968416,2.29665025360578e-15,0.0793698000458491,0.025810923298582,0.0402970137979901,0.127091222273898,3.53255387168611e-16,-0.0769143284934629,0.0338728586235474,4.25188153342843e-15,0.121877059202644,0.115888351570855,-1.75701967818593e-16,0.0053358151321547,-0.00613774459790955,0.00444879249386676,0.00545850623170335,-5.51311848080958e-17,0.036122266568411,0.0411860271838743,9.34808764288528e-17,-1.39275172107261e-16,0.103656333831164,-3.7917069792721e-14,-0.0551707979416443,0.0430779646970529,0.137986039805831,-6.86020807267364e-16,0.0637190424305134,0.119120481587017,0.0329686045944083,0.0214709896749949,-0.0380683216185347,-0.00745176896170808,0.0422250049992776,-0.12024485934363,1.07072296678136e-15,-0.0256614442129024,0.00406760318758706,-0.0081842478815583,0.1637350514726,0.0520442127806647,-0.00268954886257197,-0.0453300770025465,-0.0980184668911856,0.0766155194292678,0.161751251384061,0.0277861144346834,-0.0431199493793716,-0.0304745161407581,-0.0773002147121076,-2.00458864079724e-15,0.00177011883941369,-0.0228487825758908,-0.051790016323674,-0.0212211535434864,0.0111974606156032,0.0713115624158839,0.0386407362037719,-0.00230758705942675,1.02491770243365e-15,-0.100271354530602,0.0148725061507661,0.0674723007684856,0.0260113313523215,-0.0214387679648956,0.120474189198438,-0.0384685363228881,-0.0213791983521584,3.81879761191096e-16,-0.00049344784525515,-0.0254346533195495,0.0473668391810367,0.0280556591845567,-0.15066255661168,0.0288766383290128,-9.4923771707834e-16,-0.139517580565933,-0.000361291903128849,-0.0164433846884045,0.0822916961146342,0.0020987960698653,0.0354338077740236,2.36015259768037e-15,0.00662679206467562,0.123562752158342,0.0454707864964061,0.0366989572777555,0.126274667057092,4.4214688697582e-15,0.023689951068916,0.0326088332015722,0.0107153307086235,-0.0459658688458794,-8.313040547463e-16,0.0614176593221617,0.0184058980153954,-0.0521896263103288,2.0697579800232e-16,-0.0273693645379807,-0.04608913267714,0.0931360643692048,-1.05342658396279e-15,-0.0782066134396227,0.0670104846667831,1.24723805309977e-14,-0.120807386135895,-1.14811719479236e-15,-0.0504250597891359
0.11664655585277,0.0890870532306662,-0.0480043966864182,0.000469478957436096,-0.00176936810456172,-0.124797431809145,0.0035927808549869,0.0474412087259007,3.19881413172311e-06,-0.11968723857908,-0.0913725870647105,-0.0867192129955452,0.0067138871289306,0.0490899775583561,0.127441937409583,0.00670714811098737,-0.112017198720821,0.0482952862728297,-0.00306711277400578,0.00461784546432019,9.69148949329186e-05,-8.93089192546054e-05,-0.0769714306580321,-0.0429062483780579,0.0154871773175006,-0.0168464882599278,0.111137344449753,-0.108195347707143,-0.00869895682497029,0.00381926665114255,-0.128964086901158,0.00234761544386347,0.005772107876885,0.0991818244521454,-0.0809672368282142,-0.050027066669657,-0.0181747177501081,-0.107129282803545,-0.0211264973418793,0.13313262683965,-0.00748708803378588,-0.0422176333357903,0.053793767367013,-0.0709404891765975,0.0660300640394263,0.00275238293984871,0.00384714056984787,0.0213548713642736,-0.0719415530248325,-0.0524605455228905,0.0160465754992823,0.0638215524697988,-0.0292377552917108,0.0939440231103476,-0.105468718444615,-0.100803521208422,0.0920568233857073,-0.00109620932507114,-0.0771516749810463,0.044597994248119,0.0417541856194899,0.0587506798099794,0.0986615837886062,-0.000852565406016901,0.038390719431133,0.109108945117996,-0.00105625105944806,0.0625969867877593,-0.0417541856194811,-0.0195547037573429,0.0742003473044342,0.077151674981045,0.00313730045251913,-0.0031028850304316,0.00855140753216883,0.00913018121701936,0.100803521208414,0.0154165147110751,0.00711620352847605,2.6451843513823e-17,-0.100803521208414,-0.00999062256611681,0.0771516749810483,-0.0912739060345587,-0.0143820928083163,0.0617306928551159,0.0417541856194895,0.000159882705541233,-0.0284810628041074,-0.0895881868981866,-0.123106331643047,0.0451138499595248,-0.108010940592279,0.0621430152952126,-0.00546760072559963,-0.109108945117995,-0.0435650588029479,-0.122951979231035,-0.0650981917538168,0.0184627501264531,-0.0359724579295835,-0.0314542643083318,-0.101280248945218,0.0103027697040892,0.00901914137791169,-0.0101821404717716,-0.0692214065307149,0.119256379362568,-0.0183243451303618,0.0335230772731283,-0.0417541856194861,0.0265107254687452,-0.044305112881291,-0.022578564744259,-0.045825404321593,-0.116192870538849,-0.0930886516461503,0.0235453543482662,0.0210689538833332,-0.0771516749810456,-0.0537980710436899,-0.0179771722432096,-0.0909904019190933,0.00603688502521573,-0.110234412450363,-0.0615044713803224,-0.0356148678458285,0.0104656270016122,-0.100803521208414,-0.0783009514036647,-0.0103698647680128,0.0439192808376449,0.00378473994182002,0.000291973474488646,-0.0291185596415528,9.24408708786606e-16,0.0214488412637772,0.117719461352201,0.0336316627193269,-0.0700901651559165,0.0119914771105108,0.0943438864155019,-0.100803521208409,0.0151807700134225,-0.0682098663367729,-0.0230276420699791,-0.0400088693156036,-0.0786757985269557,0.0771516749810432,-0.0116782593120927,-0.0175459992739947,0.108313139462606,0.0340804664342437,0.0417541856194885,0.0405549067827178,0.000507608783813058,0.0423430904246248,-0.109108945117996,-0.0298693558258944,-0.00527637624286409,-0.0472041965368734,0.0417541856194903,0.0468772756836441,-0.0295804067612842,-0.0771516749810518,0.0612117508087565,0.100803521208416,0.118588291188323
0.115825987691379,0.0748066928068006,-0.0687613104107015,0.0506024929409829,0.0327137557248937,-0.120841463836748,0.0300817144778744,0.008326936801155,0.0529833112601274,-0.0878068286825878,-0.0568542972720111,-0.119075968694568,-0.00369112126503101,0.0523578727494567,0.0924425957084187,0.0524363489868478,-0.0867130592570649,0.00566148008852735,-0.0834864845245365,-0.0383570604569163,0.0541060228571026,0.0671379658315768,-0.0615404836216528,-0.0835759933088056,0.0296664363951939,0.0764647916308292,0.0847584702325348,-0.135225994741189,0.0152350253110141,0.0588907638427113,-0.0388491784226525,0.0461560507360621,-0.0725741368192138,0.0307264609281808,-0.0186102578210947,-0.0236031941281758,0.0695904890500695,-0.123501566171654,0.00518068964059502,0.0356249355554078,-0.0164373806740656,-0.131105165266829,-0.000623682087409446,-0.0451535807229631,0.0698788421401305,0.0577708931472539,-0.0310267372376958,-0.0817503442384209,-0.0238179830235119,-0.100566629666635,-0.0145672543828894,0.052538311161915,0.0673990956001277,0.131240003050468,-0.110944744955492,-8.63050457691889e-15,-0.00218423302117458,0.0748674094300076,7.34497843309843e-16,0.0454708299854645,-1.57945389888543e-15,0.00128343695366064,0.0815392333924264,-0.0242571673438527,-0.0465518827121499,9.07885511334495e-18,0.0899502480470087,0.102658359656507,1.4395027211829e-14,-0.158014490502548,0.0561229163588465,-1.06322988649189e-15,-0.00419741201215106,0.00437834730760711,-0.00285959755506276,-0.00198037591339431,-3.88958301997019e-16,-0.0127082010511595,-0.0323840345739464,-5.38454628432187e-16,4.70829647860455e-17,-0.111553562245788,3.95963339921124e-14,-0.0800313231006949,-0.0881201559605539,-0.0483976224614527,7.69825863669289e-16,-0.0227837434376854,-0.163499435725097,-0.00622603577698239,0.0404036738823749,-0.0268034185944924,0.029344342603526,0.049719459915583,0.112084641888925,4.40502666620364e-16,0.00346363550517389,-0.0294571971762175,-0.0382308324998122,-0.134236821180908,0.022189656523333,0.0449487876751889,0.00501874567163543,0.13911880169398,-0.0539382870434362,-0.163012080218654,0.0101111306795842,-0.056560935378598,-0.0529622166840865,0.0538640259658959,-3.29796225062992e-16,-0.0137194207928367,0.019861202394563,-0.0620466432211097,0.0291104037704719,-0.0291003960948359,0.0455007134146541,0.0483183482644323,-0.0189729250837736,5.83964454884444e-16,0.0494843895282127,0.107396664382156,0.0747765750272937,0.0319476870665071,-0.0115919143145104,-0.0665157363213962,-0.0408606603192632,0.00547878782758285,1.83198755168492e-16,0.0061971148966979,0.0222453673820797,-0.116777633286373,-0.129409010696629,0.0686054955101972,0.0283866513860427,5.64750247440645e-16,0.104845925764084,0.0260066774355,-0.0335908516488903,0.106844508972185,-0.0308028779411415,-0.0135001690370498,-3.26860246377918e-17,-0.0495400458657324,0.0978233230395353,0.0185288944411077,-0.0464753039097591,0.139401962105434,5.04362992177399e-15,0.0165653263731208,0.0284822665753652,0.0164974235452469,-0.0603806815400597,-1.36447601093591e-17,-0.0510003381752452,-0.0201301617074251,0.0631990334526607,-1.32453517293096e-15,0.0195391543460098,0.0447109931649708,0.0785883253484868,-2.61409612763679e-16,-0.100149620792968,0.0485295495154786,1.27968720916959e-14,-0.120166211177205,-4.48022774074945e-16,-0.326878920635743
0.109340069267536,0.109106279428735,2.76733031276232e-05,-0.000613019739208331,0.00125132879557147,-0.108058073712731,-0.00388968066657894,0.107304054383312,-0.00273151799976399,-0.11218428716771,-0.111899546390114,7.05631136173964e-05,-0.00361882480313663,-0.000116059078347948,0.110282333139334,-0.00944501541968311,-0.104931763028396,0.108981761375991,0.000219292344697483,0.00606136654247755,0.00792857129789203,-0.103461500823617,-0.00378958309615075,0.00892422944054799,-0.00812510368045713,-0.0233476345112048,0.101652707775981,0.000152149114665139,-0.00363078672144951,-0.0254833188219507,-0.120541742657289,-0.100945407741979,0.0265852793457285,0.118257770968649,-0.0989493663916566,0.000175482796913179,-0.0361488064815736,0.00514936522898852,-0.00227054581547682,0.119664618993126,0.00144757758191535,0.0958670439572366,0.119134288071255,-0.0768382601568081,-0.00445287225197398,-0.00018569696688548,-0.00730229433942687,0.0642062366532601,-0.000538529599175387,0.0714303924453917,0.00824195314226604,0.0352970465225249,-0.0761140047213653,-0.0238829663742592,0.00235701158379382,-0.0944911182523084,0.11427364045051,-0.0150341088336137,-0.0944911182523048,-0.0521736275682125,2.73303438684806e-15,0.110793810849445,-0.0194218818934403,-0.000868596112634406,0.0799310604493257,0.0944911182523072,-0.0409689253173437,-0.0601714932991466,-0.0944911182523154,0.066398318679324,-0.0109627261997935,-4.89294800874912e-17,0.00549753814094552,-0.0059887172880313,0.00938191496532548,0.0108533356173234,0.094491118252307,0.00838945757598688,0.0143625490057321,0.0944911182523066,-6.85699324410108e-17,0.0766368250246741,0.0944911182522794,0.0401674108546038,0.0659512882248783,-0.0118587015777632,-0.0944911182523074,0.00177418683822451,0.040466279075394,-0.134346176409506,0.0503780809337936,0.131311226884331,0.0251491375890799,-0.0458667457315555,-0.036877705108351,-1.16007450902131e-15,-0.110425578397721,0.0623153969960742,-0.000949533716943444,-0.0228694655391793,0.0141988183576516,-0.104583841145395,0.0403202583180314,-0.0283055019614565,-0.00184037979350818,-5.27799625516417e-05,-0.133960388434288,-0.0121650246312907,-0.00112385747130496,-0.0342702441054054,-0.0944911182523045,0.0137204407725425,-0.00466957975056689,0.128473700807339,-0.0917989669894944,0.0713747563368597,0.0107277830155565,-0.000740470951871828,-0.0138445873737029,0.0944911182523072,0.0380573668686064,-0.0846199200247964,-0.0568604376603503,-0.091722187429666,0.0276978372288397,0.0219725292076623,0.00392878411515775,0.0286959563427988,-1.13027313826851e-15,0.0602419368374898,-0.105335031961973,0.0569018916559101,0.0381237622869279,0.0533528162653492,-0.0150402322619396,0.0944911182523059,-0.000885852013868705,-0.118246965416003,0.0369695254196234,-0.0474648983375071,-0.0148312264906837,-0.00898636992386999,0.0944911182523068,-0.021621297062725,-0.0803073862213101,-0.0329085150753196,0.0992505962894659,-0.0698830965870944,-2.69845187551183e-15,-0.0158013187913255,-0.0201245612395939,-0.097674169931994,0.0188163153289123,-0.0944911182523066,-0.00803215539071616,-0.0206815828817824,-0.0529106972224155,0.0944911182523066,0.0299619524102366,0.0071137856485063,-0.0514007083839341,-3.33434861034193e-16,0.0340157208134279,-0.038806426076995,0.0944911182523005,0.0615901278937494,-0.0944911182523077,-0.068163231399188
0.105197732504556,0.0798772453221023,-0.0440354976171705,0.0917312092636544,0.071385326454556,-0.112438849845582,0.035566682743245,0.041283926691024,0.0982916869110063,-0.02730797650579,-0.0178188161576517,-0.0795809338415054,-0.0415673674556905,0.0160331968953658,0.0281663661803659,0.0638306709027652,-0.0999194591945625,-0.000380002652073445,-0.120699199436871,-0.0905736051271063,0.091045652150968,0.00328987128538937,-0.00236660511328443,-0.0573304870160345,-0.00981691267485184,0.122869919575759,0.0419596396877733,-0.0991444213366043,0.0477946881054714,0.0809345080654361,0.0805059573794257,0.00778628657398103,-0.084336311382732,-0.0577569142668728,-0.0688855726729084,0.0181285338803018,0.109559394311042,-0.0459355806861602,0.0721557539457135,-0.0891634425300868,0.00651725678608778,-0.0457014156321931,-0.0572911552397156,-0.0273513567247888,-0.00819463841310787,0.0617935476070936,-0.0414743726178225,-0.0940910574163999,0.0393091548805669,-0.0315854876050317,-0.00991283595834188,0.0133332410412703,0.0882322639729269,0.0537868868684119,-0.098466715201049,0.10080352120841,-0.1118545306616,0.0630559460936369,0.0771516749810466,-0.0192430919310532,-0.0417541856194895,-0.0879301752422676,-0.0221798603113885,-0.0252146031912298,0.0351010997478694,-0.109108945117995,0.0445769785864829,0.0445908602153589,0.0417541856194958,-0.0779322016090175,0.0619676558876153,-0.0771516749810467,-0.00262255881672827,0.0026655386226737,-0.0107348258153429,-0.010742998960935,-0.100803521208415,0.00896182393680285,-0.00398472918618064,-6.90040037783931e-16,0.100803521208414,0.0519097879284023,-0.077151674981065,-0.0955658923179902,0.0336173103135968,0.0562638108020203,-0.0417541856194893,0.0259536806096974,-0.0268723885181685,-0.0154623787317975,0.124296973937429,0.0160235564631954,0.111865195111916,0.0535226736961633,-0.0679930225992371,0.109108945117997,-0.147786829044732,0.0199210568130919,0.0064400551471814,-0.00277405538866588,0.0179893221855423,-0.0993436361148413,0.0144575523743119,-0.00627445757210877,0.0347210733666925,0.000871037307191707,-0.0220608131300861,-0.105525218589857,-0.073226708448063,-0.0107479748914522,0.0417541856194881,0.0505841605305745,0.0539992011441335,0.0373181337001811,-0.145050254058411,0.0247897386410103,0.0617909040735989,0.0169147740284961,-0.0252778807929265,0.0771516749810464,0.00835663019267562,-0.0378481872385574,0.0559657406677408,-0.0315951958107819,0.0612545731491499,0.0263071144117356,-0.0997908772418643,0.0697149023586248,0.100803521208412,0.046074931824508,-0.033899312444319,0.105451756479206,0.00131699300482159,-0.00741649568221974,-0.0270971214743074,-1.16713143717032e-15,-0.0723715103882557,-0.0920414059561634,0.085912414509565,-0.00435573664775928,-0.0482807588738084,-0.0287389186863348,0.100803521208413,-0.0707500495233762,-0.0487612876935819,-0.0661297807548434,0.0704131117643889,0.00118432790520415,-0.0771516749810452,-0.0134105034618723,-0.010619469598368,-0.0704345318132919,0.00751894545109974,-0.0417541856194886,0.02727688030718,-0.059564987181016,-0.0779393928732745,0.109108945117996,-0.001750374402292,-0.0359419735679924,-0.0646742615074229,-0.0417541856194898,0.00932338064292599,-0.0541312615301411,0.0771516749810394,0.0561048293361576,-0.100803521208415,0.205179417625279
0.098377678500397,0.0985753014396286,0.00087465630282489,0.086638285119128,0.0852905886287777,-0.0967627165885376,0.00235257058446878,0.0974665616968136,0.0867768035731402,-0.0240983712295008,-0.0267161183297502,0.00211209625728999,-0.0821939828574777,-0.00567848362397564,0.0203219716204431,0.00571775522552811,-0.0932247619065823,0.0275456696783864,-0.112140312014803,-0.0858261318845704,0.113912565613881,-0.0949017900227981,0.0156851744666726,0.010088486429174,-0.0755538002768816,0.104562770299188,0.0308560791263484,0.00450154014246765,0.104405350245703,0.0156575237396078,0.0780424631347514,-0.0574303912431418,0.00220103847948997,-0.0731427455237895,-0.0862269985696303,-0.0054224467341751,0.0927253309336408,0.045578425909739,0.0770737196163006,-0.0739901602414026,0.085067636577652,0.0892735692106081,-0.0768826521304273,-0.0153051291451576,-0.0686277863010352,0.055327429792336,-0.0622654998792175,-0.00039080787028013,-0.0098534773594498,0.0859792314529718,0.00478279696584328,-0.0227690610152419,0.0469580118193661,-0.08780432267687,0.0161178992555621,0.0944911182523099,-0.0766075776394249,0.041167002629305,0.0944911182523083,-0.0227043610280944,-1.69805588789159e-16,-0.0993922075001599,-0.0441517299194876,-0.052574341783675,0.0707853560197906,-0.0944911182523059,-0.0341758903851663,-0.0917758045298958,0.0944911182522949,0.0243320969352448,-0.0558080151197209,7.55689391080225e-16,0.00763238343091978,-0.00721341171278604,0.000572767277211486,-0.00122519793399152,-0.0944911182523072,0.0175643699990756,0.0186083340889237,-0.0944911182523064,-5.09017909168216e-17,0.0811231860539538,-0.0944911182523359,-0.0203485636402468,0.0939880654748876,0.0356617098633763,0.0944911182523065,-0.0343268285965484,0.0374323383524255,0.0647175079473234,-0.110102678587463,-0.0562074981672204,-0.0909194943292632,-0.0102892634768413,-0.0480694641738271,1.56879723247606e-15,-0.0749336124685742,-0.107502566608647,0.00949339827883238,0.0016837890073228,-0.00845353982440586,-0.0975035735871432,-0.107325575211017,-0.0547274847145081,-0.00141608728936081,-0.0014243818596857,0.0779570203917509,0.0692805587085143,0.0380351193160301,-0.0088379553508062,0.094491118252307,0.0626282630050164,-0.0501715939694217,-0.0826375703371201,-0.0620954252082062,-0.0851702188268883,-0.00696343708881448,-0.00334729214908515,0.0443679190394693,-0.0944911182523072,-0.0859341726190486,-0.102167220684203,0.0190155081555617,0.0676681338433335,-0.0552132693010872,0.000441679164003481,0.0266741331724604,0.0243616517845946,-3.07304463379674e-16,-0.0725826920424314,0.0410058086412187,0.080231482847164,0.0858314688193656,-0.0585265132643367,-0.0689877039969397,-0.0944911182523064,-0.039528198706433,0.0917995920622558,-0.00084820310982959,-0.0726027169228571,0.0427762384977206,0.0503860677217441,-0.0944911182523055,0.0696462304266273,-0.00136429827057988,-0.028738199945638,-0.0349902578642793,-0.0392333247442493,-9.83274817458571e-16,0.00886212730078484,0.00461333939355284,0.0838692475647278,0.0703866342508582,0.0944911182523068,0.0634226157766379,0.0338213915906929,-0.00749480564946375,-0.094491118252306,-0.0458524534986082,-0.0450568527938622,-0.0452345255532768,1.03414448810115e-15,0.0711422206457353,-0.00883897788806542,-0.0944911182523119,0.0542150975036396,0.0944911182523075,-0.0889602393581329
0.0879737417115471,0.0781793192975073,-0.0193486219238516,0.107686631121657,0.0957896855362933,-0.096895093017174,0.0236756110571716,0.067073319723082,0.119004035391318,0.046146466528124,0.0411030644222309,-0.0395115280458611,-0.0826468601819918,-0.010196340329305,-0.05142314097706,0.0486350558637701,-0.105177825147826,-0.0363503181723394,-0.0421377132448573,-0.130175151819241,0.0361581890640868,-0.0539796781264911,0.0248163630565042,0.000357535884761746,-0.0670264092557626,0.0566247008850803,-0.0475735365541824,-0.0613206388558342,0.0352366090585767,0.0790534301093664,0.0848023557431913,0.0201023841210233,-0.0281584626836982,-0.0687318229743337,-0.112728817630015,0.000360581035300799,0.0651220276383432,0.034160172770866,0.135304365839595,-0.0960239549675772,0.0247968445145672,0.0382202991111228,-0.0917840568963153,0.0425932924663644,-0.0633549391221769,-0.0407056972402981,0.0356088652923984,-0.0573359337480876,0.0123376860791624,0.00715225143933948,0.0287235140283745,0.0167316189779047,0.0792603041276119,-0.0374257595914547,-0.0829135470048946,1.37463095729311e-15,-0.15781208880044,-0.0618269586900105,-3.82011680912503e-15,-0.0519529411398163,2.83355682932785e-15,-0.178342321854154,-0.0579966182050351,0.0323156960048609,0.101919247030998,2.39472785556798e-16,-0.0616805024429965,0.0271639235498044,3.33825904826539e-15,0.0977378129035199,0.0929352422648861,-3.344980618202e-16,-0.00296115399890548,0.00340619127728499,-0.00999634599489016,-0.0122651521694017,-1.68857118171457e-16,0.0289678086640103,0.0330286293866325,3.17767948805927e-17,4.829899457485e-17,0.0831259256543943,-3.06180723610668e-14,-0.0442435447838687,0.0345458454722356,0.110656212334565,-2.16391583460915e-16,0.0510987046143786,0.0955272092918792,-0.0740797820866355,-0.0482448758713617,0.0855387422246031,0.0167439728685676,0.0338618249034688,-0.0964288902442014,-2.15033133963623e-16,0.0142410271470579,-0.00225734946705524,0.0183898380616358,0.13130531644983,-0.11694228460967,0.00149258701292743,0.0251562948607051,-0.0786047074057809,0.0614408761786201,0.129714432298535,-0.0624348324012953,0.0968896467687785,0.0169120805537472,0.0428983827665828,1.6699466083506e-15,0.00141952509418479,0.0513407484178004,0.116371110355488,0.0117768517312316,-0.00621412182735496,-0.160235626257715,-0.0868249461225035,-0.00185054114159832,-1.46873758038183e-15,0.0556464036121745,-0.0082536182328885,-0.15160888364268,-0.0584469310142008,0.048172474345953,-0.0668581310023059,0.0213484270618858,-0.0171447859198516,1.52566516214789e-16,0.000273842894484837,0.0571511472366331,-0.02628661259478,-0.0155697162155417,0.0836114109927262,0.0231572659592225,9.18541996166122e-16,0.0774264159042195,0.000811815537319621,0.00912539005187119,-0.0456684459620791,0.00168310376818189,-0.0796190433502757,-4.74239610747894e-15,-0.00367759214594426,-0.0685721541333679,0.0364647395681912,-0.0824618084808167,-0.0700771533599584,-3.11306160609753e-15,-0.0131469309944459,-0.0180965371630943,-0.0240771295493655,-0.0368617647865658,1.51070838003148e-16,-0.138004227804967,0.0147603841799214,0.117269025844945,-9.7991944088782e-16,0.061498403883553,0.103561341078562,0.0746893245820154,3.25693689167318e-16,-0.0627168345067354,0.0537382363488636,1.02947987524376e-14,-0.0968800017063186,-3.65987141082812e-16,-0.116219178267147
0.0725426679240018,0.0562429689865628,-0.0285156753718196,0.114647488141389,0.0880341208752488,-0.0778094773641967,0.0463447709049966,0.0322083629960443,0.122569504000923,0.108134905983891,0.0812052448121099,-0.0514564151117874,-0.0481077331373512,-0.0465025493487834,-0.114735710950031,0.0833177310946949,-0.0716517167273417,-0.0385606954335912,0.0561758306463983,-0.110380727335499,-0.0405968468099998,-0.00612881853508392,0.0627795331837888,0.0599226067061351,-0.00364675488162955,-0.0411724238668421,-0.107799026794988,-0.0644606654141075,-0.0142946155306808,0.103043213881168,0.0288196180568703,-0.00534786493457285,0.0329043184290244,-0.0169799340294671,-0.0578042168705178,-0.00515701547876621,-0.0341835254901564,0.106354271122083,0.0782524319587638,-0.0373019603214287,0.00310372629184225,-0.0125110556151633,-0.0415876134013403,0.0690623541539124,0.0264253740399436,-0.105163576935005,0.0833786834819305,0.0247491827561949,0.00909316448932631,0.0561269554983887,0.0539186410385831,0.0520445691754762,-0.0158201922900014,-0.0992746737866145,-0.0595551693337589,-0.10080352120841,-0.0883926355663836,-0.116086048727844,-0.077151674981051,0.000754276432293188,0.041754185619491,-0.0770429675522015,0.0270952148265035,0.0435194479054711,0.0230131673298624,0.109108945117995,-0.0826983144501315,0.0603041988721946,-0.0417541856194824,0.096489954414151,0.0550648094385512,0.0771516749810459,-0.00134877114692483,0.00130204430814126,-0.00864043569042116,-0.00832943227322827,0.100803521208414,0.0184919453828306,0.0231701980719313,3.84758363327904e-16,-0.100803521208414,-0.115986930860404,0.0771516749810873,-0.0328868175876289,-0.092892569229389,0.0373237239244475,0.0417541856194899,-0.0464076632953014,-0.0155739962909053,-0.0689989637616149,0.0866769314470202,0.0450173459934272,0.0795520668343486,0.043189562427582,0.110233605881308,-0.109108945117998,0.100707791067589,0.089734127502367,-0.0280961534826135,0.0464840980487153,0.00246910979088304,0.0694364388826146,0.0747862374067722,0.034456295257762,-0.0422993856078849,-0.024448616955381,-0.0659243664833871,-0.065405497728835,0.0472839349527674,-0.0221001218636514,-0.0417541856194889,-0.0315804482860322,0.042748419757248,0.0340047934572395,0.101302556991356,0.0821469759267288,0.0253916928389596,0.0341590640834877,0.0928906769294678,-0.0771516749810455,0.0394236529730418,0.031260600750646,0.0192922736327145,-0.0360483463142819,0.0152077197262065,0.0376149891834196,0.0729720248896333,-0.102105862895215,-0.100803521208413,0.0422872139568925,-0.0480265919797058,-0.0821509753113095,-0.00362124280644726,0.00306650654473316,-0.0166014838879567,-4.99887522393709e-16,0.0150077169681369,-0.0494443835425106,-0.0652051208827111,0.0581464335211746,0.113943525813775,0.016520061544266,-0.100803521208413,0.0193127018624539,0.0764008803266395,0.0674191053497024,0.0656004668221555,0.0625660162301871,0.0771516749810484,0.0153334723412013,0.0187969075165212,-0.0277211670118799,0.0630294414211242,0.0417541856194886,0.0565199887112105,0.108472984718097,-0.0736901908702389,-0.109108945117995,-0.0187589230943187,-0.0477470758605729,0.0104721255173069,0.0417541856194892,0.0885321309332293,0.0310745921756117,-0.0771516749810484,0.036444146433414,0.100803521208415,-0.0425548606676244
0.0515474139149964,0.0332921102991049,-0.0306016620252982,0.0911825415561544,0.058948150920571,-0.0537795107871969,0.0542053764753852,0.00370583550797592,0.0954726279275169,0.109493324434301,0.0708961490819039,-0.0529937915313267,-0.0066511706948776,-0.0652891994126066,-0.115274031363074,0.0944870359672823,-0.0385909418641745,-0.00705975019724768,0.104105943388179,-0.0691170346718489,-0.0674691069410742,0.0298792057215418,0.0767397278791108,0.104217559016507,0.0534570712273037,-0.0953500355661692,-0.10569208362227,-0.0601812292899591,-0.0189977658249558,0.106117489658557,-0.0700038006048107,-0.0575556538559994,0.0904984683709619,0.0553671694342223,-0.00828234390303512,-0.0425314861850892,-0.08677792045816,0.154003934043211,0.00933528016088788,0.064193915712917,0.0204970784391106,-0.0583472876433422,-0.00112383628830089,0.0563055941963454,0.12591732258665,0.0257104661972302,-0.0138081970954847,0.101941011862206,-0.0429185224008173,0.125404536008897,-0.00648303810091337,0.0946707654581194,-0.0840452975223389,-0.163653606995733,-0.0493750565301192,3.38567790303995e-15,-0.00393585190464889,0.0333191317385118,1.38310016266085e-15,0.0819356044291742,-1.2020255225815e-15,0.00231267347832511,0.146928621598411,-0.0107954550649744,-0.0207175368370636,-1.60656473505667e-17,0.0400316264100451,0.0456872681383782,6.06045582553815e-15,-0.0703230640105161,0.0249770475290454,-2.09650346486969e-16,0.00523408716755241,-0.00545970979057722,-0.00515281674368211,-0.003568514089424,1.02516907652175e-17,-0.00565568153361713,-0.0144122512373364,-1.40950404589987e-16,-1.50518656460982e-16,-0.0496460057141732,1.75392903418969e-14,-0.0356172895242521,-0.0392171588094371,-0.0215389683027752,5.71505292647932e-16,-0.0101397197375492,-0.0727640942777549,-0.011218928811,0.0728049046337911,-0.0482980914139904,0.052876678269682,0.0221272413124397,0.0498823583905658,-3.64764613080856e-16,-0.00431908282966817,0.0367325240614266,-0.0688895797526435,-0.0597410056410042,0.0399843794339479,-0.0560502214427814,-0.00625827348876511,0.0619136913676579,-0.024004796017819,-0.0725472006728342,0.0182196279231946,-0.10191928383113,0.0660428039727073,-0.0671673417535775,-1.19481233780516e-15,-0.00610571665632349,0.0357886500732199,-0.11180418780014,-0.0363000797577557,0.0362876003903575,0.0819894525079075,0.087066655069443,-0.00844374601905718,2.38100871804101e-15,-0.0617060244440948,-0.133921449991835,0.134742732295927,0.0575677428968181,-0.0208879078335318,0.0829437665190303,0.0509524100125472,0.00243828996868496,3.18542107174395e-17,-0.00772767587807543,0.04008476693252,0.145619326878522,0.161370396875951,-0.0855496536041458,0.0126332483566287,2.11245835135879e-16,-0.130740730960685,0.0468624134539626,0.0418871068776486,-0.133232923457523,-0.0137085703360131,-0.0243264640276073,-3.02918041667381e-15,0.0617754267617955,-0.121983688598166,0.0082461337924245,-0.0837456038979905,-0.173831403463671,-7.16830165098026e-15,-0.0206566241162033,-0.0355168054871241,0.02972733002974,-0.0268719312984241,7.55217807275744e-16,-0.0918994338967825,-0.00895876476765549,0.113880723244741,-1.07222140502246e-15,0.03520833954179,0.080566425789274,0.0349750951092164,5.53755218271606e-16,-0.0445707743084437,0.0215976813653281,5.24638007561676e-15,-0.0534789950822884,3.73958229638365e-17,0.0416118983569367
0.068414454262467,0.0675330290314638,-0.00151389485022392,0.107695974155208,0.107050059500149,-0.0684438972096036,0.000774997617995287,0.0654813460948536,0.106693026004591,0.10068959738978,0.101626260074522,-0.0036473120705377,-0.104502516424682,0.00262023511343319,-0.0974836927466705,0.00188833603046947,-0.0677943149160183,-0.0996555632484613,0.0497312751209957,-0.103659631271697,-0.0570540814943287,-0.0614687654831618,-0.00394154965541391,-0.0116464751962077,-0.0987231402901689,-0.0278114614517271,-0.0952513894031496,-0.00776961909457511,-0.0435530872108298,0.00538243773519096,0.0304217394092944,0.106510860318304,-0.0222992930005106,-0.0255794001464819,-0.0669615255150095,-0.0066642948745695,-0.0122775624596541,-0.024413778095964,0.0948492984795754,-0.025855367263445,-0.0390195269698793,0.054545879270396,-0.0297565571108559,0.0684309236367387,-0.0880486074330507,-0.100113840864959,0.0957904474300564,-0.0513154781816852,-0.0125859466733397,-0.0955470849528303,0.0099011982700209,-0.00880417167546249,0.0401404113157344,0.0582292517533933,-0.0237472939359656,-0.0944911182523079,-0.0321110007553314,-0.10796171141693,-0.094491118252311,-0.0572660540169529,3.62350398134016e-15,-0.0624541292053,-0.0658346379756516,0.0927839726461558,0.0520526583787025,0.0944911182523059,-0.0304735130345345,0.0301701672478241,-0.0944911182523031,0.105350744134694,0.0759295462325159,-2.60742468796739e-16,-0.00780541346797269,0.00801284860501999,0.0059207991169192,0.00449535002690282,0.0944911182523071,-0.0127989610474813,-0.00125870472202061,0.0944911182523069,3.60638711397573e-17,0.0260224525246658,0.0944911182522979,0.126922197617224,-0.0211694424142998,-0.0909064412979476,-0.0944911182523074,0.0658413694372978,0.0234761607040453,0.00614490930043093,-0.10933806882006,0.00278262940331855,-0.0994180365888478,-0.0845210300151533,0.0037547302243654,-6.19085144358402e-16,0.121903033177666,-0.00212992532389811,0.0113111225657597,-0.0544213055658824,-0.00266164202663685,0.127262901287289,0.0154300378040797,0.0350136343123865,-0.00158359473520946,0.00244805192382624,0.0228684074559062,0.0796403642974987,-0.0160259568307717,0.0314158621212178,-0.0944911182523072,-0.0820226798667374,-0.0651543756218722,-0.0317498396887621,0.101252119760266,-0.0193337972131578,-0.00272979359776904,-0.00458493541392889,-0.111056733026952,0.094491118252307,0.0077246660826037,0.113328597801411,-0.00784321144935603,0.0334788089173295,-0.0534786806616378,-0.0178171660428644,-0.0150217462897988,0.0205810489542402,5.36920712351335e-16,-0.0160079455832651,-0.00732312557138431,-0.081338143149273,-0.0687714808177965,-0.0167388878890716,0.0905164520108712,0.0944911182523069,0.018302101545791,0.048850103878939,-0.0292697716124252,0.0703751418578699,-0.110405581767508,0.0578433396933367,0.0944911182523104,-0.0136565544704911,0.0650086933254502,-0.0221603152217172,0.0114477876397881,0.0735023643766891,2.30724400385824e-15,0.00872765612662396,0.0140855158935242,0.0503781661937031,-0.0845524555917307,-0.0944911182523075,0.0746291983356089,-0.107415136692658,-0.0387090914767015,0.0944911182523072,-0.0405494451498913,-0.0522371232460786,-0.0339865447996529,-1.27816706909814e-15,-0.0517612211169828,-0.0712699600857253,0.0944911182523009,0.0406995311254334,-0.0944911182523071,0.158774038934771
0.0261873285522903,0.0189532180519086,-0.0124459311115299,0.0514924112313701,0.0374095014897911,-0.0277706005600581,0.0242181442665273,0.00727803700070423,0.0545517598238273,0.0751651290710031,0.0549542079074879,-0.0225541128706965,-0.0146960682875515,-0.034704720924343,-0.0793046697956857,0.0437870267876387,-0.0226689693904682,-0.0211886859478332,0.0981582363079112,-0.0445061996106191,-0.0730560753266918,0.00755320278888484,0.0361533792220496,0.0650705578735206,0.0138642187131472,-0.0910366325001437,-0.0831097898151699,-0.0278142126936903,-0.0344569639685253,0.0496778110325395,-0.116138150248601,-0.0072889041877269,0.065063640925079,0.0916250428946389,-0.00888655738181672,-0.0523221544711822,-0.0797713022736562,0.0845144916953633,0.01369911114576,0.116531692741403,-0.00189436650690634,-0.0266166021626456,0.0352855382168701,0.0535055728968567,0.0777904618624561,0.133889218431771,-0.10012437711693,0.065951357703021,-0.0678947141152778,0.0486767335854885,-0.0511888701359872,0.0869835647503621,-0.0577447567667655,-0.0849427577954852,-0.031204636989519,0.100803521208412,0.0527183997435317,0.143660725714703,0.0771516749810519,0.044933678840474,-0.0417541856194916,0.0244633336210154,0.110720088806488,-0.0551204293091788,0.00969376915385904,-0.109108945117995,0.10206686032168,-0.0126011192243935,0.0417541856194885,-0.139875708875418,0.00553565305197132,-0.0771516749810464,0.000706898825909539,-0.000756682257908279,0.00470605189292403,0.00542323511949059,-0.100803521208414,-0.00764256401437207,-0.0217765608813157,-4.31292946695767e-16,0.100803521208414,0.134642714514574,-0.0771516749810947,-0.0502647152716085,0.101453046357645,0.0151887703865473,-0.0417541856194892,0.0580292922909704,-0.00906060708095991,-0.120295614614691,-0.0845314681669327,0.0651484537089094,-0.0726069401720037,0.00828651185454062,-0.142926658903816,0.109108945117996,0.1379041102113,0.0387433313050077,-0.0776021563808789,-0.0395019720374984,-0.0348736006961687,0.0936658751541498,0.0334798943568997,-0.0326635277020228,0.0617656124807235,0.0203047862106875,-0.0985605097314362,0.0901481944815642,0.0668783615583775,-0.00629996627887362,0.0417541856194917,0.0658909003576811,-0.0252802763022139,-0.00744500794606547,0.136715495854652,0.0318308652657756,-0.0817882852356363,0.0387475680341079,-0.0947638256232258,0.0771516749810471,0.0172408969317084,0.0383524838933109,-0.0824045324253086,-0.0100061383536527,-0.103466340456719,0.00627539706117207,0.0958761774608852,0.137789555451921,0.100803521208412,-0.00210202483268409,-0.0317437089721095,-0.104111661608959,-0.00274051412162809,0.00581762733453688,-0.00841684784182425,-4.14947422395346e-16,0.0484918127969433,0.0957146405426332,-0.0838639051669615,0.0346860876083633,-0.13009377555492,0.101696005463179,0.100803521208418,0.0499810562797348,0.0694597629725075,-0.107097891341935,-0.0108139150251316,0.0340642670972094,-0.077151674981045,0.0159517031204377,0.016324857696457,0.0959760595149215,-0.0445159614516046,-0.0417541856194892,0.0657086681331557,-0.134755990714011,0.00954787023289466,0.109108945117996,-0.0382178619998193,-0.0265258240712135,-0.0602627234645259,-0.0417541856194898,-0.0635204858637369,-0.0683297893981099,0.0771516749810429,0.0157666435314,-0.100803521208415,0.00198540952863075
0.0240286402027782,0.0248939696492407,0.00191546930353007,0.0473161977654957,0.0488930872356635,-0.022709929893401,-0.00354477427904043,0.025650151379065,0.0447513455865698,0.0692520979719335,0.0712246465868844,0.0046186868740168,-0.0501268199143488,0.00460544144923041,-0.0653772114464878,-0.0086046268254149,-0.0203936350801128,-0.0705913586242945,0.089831953634903,-0.0400715093858054,-0.0948793311284147,-0.0268112040004126,-0.0108920101577874,-0.0120619937046123,-0.0520610344414042,-0.0734621563889809,-0.0699843651773961,0.00984070565425805,-0.0821107380774435,-0.0230879086783605,-0.107002794925406,0.0909805307386161,-0.0135966581936628,0.106873866947377,-0.0154497098406334,-0.00279040744238425,-0.0582722095813125,-0.0388427427956857,0.0399413631500731,0.108157898050636,-0.0688631804983582,0.0278494450402579,0.105891374311915,0.0464700034402114,-0.0436381889710813,0.124654220641541,-0.126751028515689,-0.0282610599131607,-0.00613980281613669,-0.100739505477268,-0.00410463915281852,0.0313788215146534,-0.00378348284081413,0.0810425196878571,0.0319694027654548,0.0944911182523011,0.0999829006938221,0.119591943285725,0.0944911182523129,-0.0776594192158964,-2.36679130949449e-15,0.08299910852906,-0.0487210521514733,-0.11656831755427,0.015022457131809,-0.0944911182523057,-0.00296907610966149,-0.0977930764979374,0.0944911182522944,-0.0649719104930976,-0.105645321671263,5.43562155831173e-16,-0.00856733093055401,0.00844993698464584,0.0120169184638536,0.0128539545902173,-0.0944911182523071,0.0243495009509693,0.0159321281211951,-0.0944911182523066,-1.48959549708582e-16,0.0441873574876838,-0.0944911182523231,-0.118101980833072,0.092349151137582,0.101499776567316,0.0944911182523076,-0.0803286579309132,0.0111919855038459,-0.131611434496291,0.00171806255215752,0.132549613471695,-0.0190960511186298,0.0595292547825257,-0.0415597771155936,-1.41710279320666e-15,0.109236097194183,0.0584774041804971,0.00408438939791202,0.0449927925091497,0.0130142762184053,0.124735983052174,0.0681242257020932,-0.0719667898010369,0.000134330541855194,-0.00310545078040383,-0.12378298966392,0.0232782718569098,-0.030001633837061,0.0223391833536624,0.0944911182523094,0.116001049608611,-0.0336660047800064,0.114343692846327,0.0906510484367606,0.0365364575620727,0.00951291057378741,-0.00278095917272038,0.124640893566406,-0.0944911182523078,0.0519767341793432,0.119591156899413,-0.060350995134207,-0.0768227157736041,0.00389758529368021,-0.0101328946300756,-0.0231394673821144,0.00303180807375064,-1.20945856303748e-15,0.0313966156182976,-0.108594129445192,-0.0896643778450589,-0.0857981641458365,0.0231903825226212,-0.127912401720365,-0.0944911182523083,0.0320933954060265,-0.0965066239380027,-0.0157727805671761,0.0793467254388004,0.122842282109964,0.0167563380195717,-0.0944911182523048,-0.0462295579041848,0.0368342314371851,-0.00527505398188543,0.104345341084144,0.0625635874541398,4.00325077554521e-15,-7.46258716320152e-05,0.00525666137722665,-0.0752537767471394,0.124251502896026,0.0944911182523069,0.0251809624373865,0.113262901704485,-0.070137863598407,-0.0944911182523067,0.0119157515979083,-0.0161339212553149,-0.00902018021793798,9.82383926339388e-16,0.0985609078098157,0.0500657605076635,-0.0944911182523062,0.0108386426994631,0.0944911182523076,-0.00198540952863087
0.0219206082369853,0.0273963987724492,0.0124566141832999,-0.0431744101650905,-0.0538504915498328,-0.0115646988476604,0.0242877312284646,0.0268629267546249,-0.0229657285752658,0.0631977000594136,0.0785006027285623,0.0225751537136741,0.0527467590404193,0.0347527175053317,-0.0345421885336975,0.0439282556083829,0.00237051722404504,-0.0787995816694778,-0.0824104038513107,-0.00427193079342521,0.0980519807400705,-0.0191785171742455,-0.0701804065897875,0.0134644729550131,0.0370197892139077,0.0477530981415491,0.00695026195512437,0.0277721795216821,0.107509127067632,0.046980439713999,-0.0987780080386466,0.0399020707179891,0.0858586564947135,0.12585326861938,0.0187326850891396,0.0457355378705817,-0.00146966014923063,-0.0483995994784691,0.0553756391012601,0.0529176184965938,0.0835972528977782,0.00414533296030297,0.108324485444288,-0.0207904657368547,-0.0141723781859326,-0.114888717795861,0.140011179157871,0.112046547444809,0.0825118165092285,-0.00838543130338491,-0.0583890117902156,0.0505047376745727,-0.0736751181818838,0.0134870816204407,-2.83966920251183e-05,0.0865619460650183,-0.0323250261525969,-0.0662845215612968,0.105391147968628,-0.108086026648454,0.0417541856194905,-0.0106655419731193,-0.08870813859382,0.137697044364584,-0.0274668001434945,-0.0545544725589999,0.111334796042059,0.0576366543865266,0.108175502967163,-0.0420504125854662,0.0696495295301573,0.077151674981046,0.0136687934042342,-0.0136540639053973,-0.0124197123787003,-0.0122285006041154,-0.0142415751433989,-0.0535092587882311,-0.0538260983824683,-0.0944911182523067,-0.100803521208414,0.0877345931228974,0.0282394729875516,0.0821524859426468,0.0639844000358795,-0.11069231562616,0.0664213173476659,0.0471589269527483,-0.0480814131639165,-0.0385501482327535,0.114238891016224,0.0617183929389363,0.139603344835787,-0.0426517824822098,-0.0864384338751556,-0.109108945117996,0.0513609900719985,-0.10813405409136,0.0547166038629496,-0.116794540901715,-0.0648382868337106,0.0505267276866641,-0.136859249990618,-2.21891557207097e-05,0.0238187415604819,-0.0476856856302478,0.000289823270137457,-0.0367773730482101,-0.0012769171970795,-0.0657719043839404,-0.0664213173476662,0.0835517836324079,0.0865891860070604,0.0832068949322599,0.0438238371147155,-0.0499502541460671,-0.047295220570575,-0.0740267203757053,-0.0378033319358064,-0.0282394729875861,-0.120507137001624,0.0422790221369583,-0.0160211544619836,-0.0170501972124206,0.10301620526374,0.0918302972486401,-0.00946272764368472,0.13551653685638,-0.100803521208417,-0.0114802175766306,0.101328483866185,-0.00607587644765321,0.000705347563274675,-0.0962591459493027,-0.124359368915302,0.0944911182523052,-0.0672830777329919,0.00429560622298055,-0.0311548687465745,0.0726621409669691,0.0148793429158277,-0.0924227081314308,0.0142415751433932,-0.0134250975128246,0.0542081372717905,-0.104337590713003,-0.106458862979874,0.0590392800803929,0.0771516749810486,0.00157460030400207,0.00564487613537039,0.0325173212632297,0.138015954574308,-0.108175502967153,-0.0542931096581309,0.0616446294532433,0.0698098613958197,0.0545544725589987,-0.0082200044012121,0.0154344171563595,-0.0559535774126793,0.0417541856194899,0.106363947757814,0.0442830549509646,0.10539114796863,0.0102231239268377,-0.0865619460650165,-0.0467565027908525
0.0202910226998364,0.0280315789877841,0.0184012522752377,-0.0398557481525541,-0.0551374075472772,-0.00265782501720023,0.0363796028515081,0.0219938435176849,-0.00483930112662536,0.0580585193673458,0.0804622858766179,0.0273138115844158,0.0428273188871824,0.0533836396729691,-0.00666850196114396,0.0535440143387928,0.0149386909837727,-0.0639499543122026,-0.0758570151583419,-0.0297969078887779,0.102143866392785,-0.00749526877275425,-0.0949831433239652,0.0314660969717493,0.0132203777703909,0.0030679502402024,0.0367667874197542,0.0252102536121213,0.0836072069258632,0.0408133706808603,-0.0888459816515781,0.013562843979973,0.109081099859858,0.128486725384959,0.0250307341493586,0.0774849891231136,-0.0622402776812538,-0.0460745627477692,0.0723436288845943,0.00314903171131948,0.0297061795932034,-0.00174223164680765,0.0793078587579325,-0.0309792466712455,-0.0421671410573663,-0.10297632255156,0.144795873377431,0.102405271599433,0.103427095782911,-0.0126849377891501,-0.101372703711177,0.00529520144094239,-0.0927981607838699,0.0299695971951974,-0.00923188916869274,0.0771516749810514,-0.0897950225822831,0.000158657523590477,0.109108945117997,-0.0663550507478786,0.0771516749810469,-0.0629965729764818,-0.0719734971416314,0.101743254764911,-0.00876879538723647,-1.81190386860572e-15,0.146254723533474,-0.0110642223086107,0.0771516749810458,-0.106727920397402,-0.00450450721288888,0.109108945117996,-0.00267480381944078,0.00237822767975855,-0.0166845812587783,-0.0173793942800122,0.0771516749810465,-0.0168122996453608,-0.024086507109594,6.22572229355294e-17,-0.0771516749810466,0.0982002114410437,0.109108945117961,-0.0597481404389866,0.141096253274885,0.0473859958287528,-0.0771516749810456,-0.105518101458021,0.0163604194309312,0.118537520918807,-0.0083267755777458,-0.148244124287707,0.0109616188964402,0.00243053139820282,-0.000469585478558867,3.14805739195145e-17,-0.00154019942486183,0.114019496240434,-0.0766731696958101,-0.00817311077610151,-0.0235678468701264,0.0135805973509039,0.147847448721023,-0.0577219246558466,-0.056150780927098,-0.0596655070546432,0.0386984311765773,-0.00401722098072485,-0.0323404716176493,0.0874818855288213,-0.0771516749810455,0.0729064561553857,0.0509897912783197,-0.103246406154789,-0.027136851700466,0.017751032380056,-0.097852553059738,0.0650556544311607,0.14332248081082,0.109108945117997,0.0997853024494808,0.00934972005180474,-0.063281455681404,-0.00343061262588934,-0.0915863847690815,-0.114545234709948,-0.0484781126096827,-0.110597681272904,0.0771516749810485,-0.0643715184185959,-0.0391769949385406,0.0467238980313269,0.00143118225112731,-0.00983503274781671,0.010284628613804,7.29469114400394e-16,-0.0157596669787936,0.0546852998294584,0.0569627384518726,-0.0882643262284278,0.0948574424481371,0.111316024689769,0.077151674981052,0.0711268987926932,0.0320588839188973,0.14251648574855,0.100742782930339,0.00351954010739963,-0.109108945117997,0.0315845587211996,0.0310775732972942,-0.0399469660328588,-0.106665142336765,0.0771516749810451,0.0242772071253408,-0.0126876316421494,-0.0517111718845899,-8.14521068960451e-16,0.0498416145369011,0.0346912489338294,0.0779247198398947,-0.0771516749810471,-0.10609494040095,-0.0626149148522642,-0.109108945118,0.0182628416896313,0.0771516749810462,0.0636837529118744
0.0409246282067751,0.0542155541834479,0.0306217799684703,-0.0723798220078389,-0.0959747783487554,-0.0143862737505471,0.0543222451981767,0.0505960294350168,-0.0254460765995903,0.0868866141894422,0.115351328157032,0.0530196191613264,0.0899522391450077,0.0653509460861189,-0.0311710732974604,0.0946483615628783,0.018862682222831,-0.111476893996743,-0.0822843387762688,-0.0340097977447255,0.103854145632345,-0.0298370079657856,-0.124692351579147,0.00654466193047896,0.0530517471508101,0.0279799096641032,0.0390343555637542,0.0601397652850561,0.11762949275693,0.103857454521389,-0.0546302072864483,0.0538028428906136,0.128578168145974,0.0829107970039674,0.050064880624966,0.0316321070690424,-0.0446253511777845,-0.101937803118971,0.103608706133662,0.0140978391364978,0.0909121682598616,-0.00378832999520283,0.0544653718930885,-0.0646578445872915,-0.0244172771546226,-0.0211016258055089,0.0282846700385479,0.185951257151458,0.0650378119968772,-0.0165376664922866,-0.0257042743095757,0.0645203558786256,-0.154168302715164,0.0483416736787547,0.0400955899261773,8.91339544257119e-15,-0.0794222512733518,-0.00233977494684304,8.93193951156401e-16,-0.122131251241266,-6.88737549959704e-16,-0.0731929018976317,-0.102460834960152,0.0314049229274177,-0.0605472800366748,-1.18197377517598e-15,0.0545127529736842,0.0319018594720772,4.32778632556634e-15,-0.0515725938360156,0.00652695770328122,-2.78976141449587e-16,0.0200933057027893,-0.0205051824374871,-0.00420866977930807,-0.00507874382958132,-2.05910619826651e-16,-0.0220870393160071,-0.0259138211452558,-8.11320278387385e-17,1.18496608186051e-16,-0.0426631505835471,1.51098518545139e-14,-0.0356044216521062,-0.0530137222877376,0.0210360862184181,1.72982710501287e-16,0.0346076306055214,-0.0324701009013847,-0.0151422130483194,-0.0606847181584847,0.0496742462377318,-0.0663725622373834,0.0751156907781052,-0.0265373284236491,-3.21100840702413e-16,-0.0273174876345055,0.023250972648948,0.0799348001572309,0.0713736052339347,0.0161770725262562,-0.0242641780031182,-0.0150182268699777,-0.00164534126993131,0.0530033938801348,0.064874825289287,0.0788472535899829,0.0575705873341251,0.00123441088700544,-0.0921307174237877,-1.01692445549671e-16,0.0139919518797719,-0.10757497974568,-0.0447031897690662,-0.0137675063469551,0.127342768740517,0.110906463294196,-0.0297199075301413,0.00635517953698876,-4.01415024576816e-16,0.0655453273185382,-0.0187070439261013,0.114522886786741,0.101659213157854,-0.0233485074689591,0.0678794022487442,0.0369603212392918,0.00164659532223819,-1.00487602344076e-15,0.180467582305694,0.0348552252493941,-0.0603028379172769,-0.0403582647065656,0.191213943949149,-0.0124467194305063,1.38183520791055e-15,0.115042553040392,0.0574576754533013,0.005493602115187,0.0263822510304456,0.0171999972021733,0.0330833517125311,4.91017595500766e-15,-0.12769944004371,-0.167528779375076,0.00880230744461902,-0.0300397242937192,-0.110679070203545,-3.78393271874037e-15,-0.0537001378697961,-0.0592993860605444,0.0919523653251208,0.0114378481063515,-2.26954562761199e-16,0.10265608241787,0.0320582162380192,-0.0408545235141324,1.24025168470906e-15,-0.0776254630837327,-0.0906168410319648,0.0358846871166371,-1.9150439395275e-16,-0.00930858455127359,0.0449374233304536,5.47728457308356e-15,-0.0546162138859996,1.65263215761758e-15,-0.0169272501210215
0.0627449270417606,0.075616075208181,0.0285480902362732,-0.0986914145763674,-0.119552147130226,-0.040731608875553,0.0465127649318389,0.0769394849895804,-0.0621972784090848,0.0920976680635652,0.112814538633528,0.0515197287478212,0.120646812095891,0.0466373753070122,-0.0544629493875618,0.0836227809344864,-0.0144973917240643,-0.113028348883572,-0.0454231857045146,0.0178255504135122,0.0523153056728461,-0.0674811408448384,-0.0838861211911624,-0.0112239558475363,0.102040206180555,0.0254508891059756,-0.00571408884444994,0.0645843259704366,0.0676782177099187,0.10340020449038,0.0251724729037737,0.0790139380193786,0.0608306349945151,-0.0188921001365754,0.00887875241696485,-0.00412145306354157,-0.00871906395899157,-0.0827388831586802,0.0188671879537781,-0.0357551161323459,0.0550660745797198,0.0506694437288036,-0.041946206314519,-0.0202010616236625,0.0645930970447972,0.0915224666643793,-0.112882996216605,0.086554413255939,0.0104150724286684,-0.0457219699592876,0.0248933923561433,0.0527531015795695,-0.0628810909919243,0.0524949293704092,0.0819035391679837,-0.0865619460650058,-0.0864671636981984,0.0611878532996054,-0.105391147968629,0.00842304499371984,-0.0417541856194905,-0.0757561129045262,0.0279398457852104,-0.101911318093759,-0.0214714398293436,0.0545544725589987,-0.0584696588087587,-0.074998184579924,-0.108175502967166,0.00820597191016468,-0.10353113295819,-0.0771516749810457,0.0126893699734728,-0.0127084424672001,-0.00501284040547906,-0.00530858995062465,0.0142415751433986,0.0179909009357902,0.0192110886732658,0.0944911182523065,0.100803521208414,-0.117067808688741,-0.0282394729875408,-0.0340596877829473,-0.0957583331633903,0.0396603239789266,-0.0664213173476656,-0.0234196872935314,-0.00360062250495711,-0.0928266839723647,-0.0376351795758598,0.0993960168541812,-0.0399094347994112,0.0463598347838524,0.0888222802841459,0.109108945117996,-0.00513844491018542,-0.109884728325901,0.0232817710506231,0.0860320793052506,-0.0038513878130825,-0.0112761159020328,-0.141172056562513,0.0310588078855714,-0.00657715949145722,0.0411425258930351,-0.0523671331311095,0.052622116525612,0.0139643672226545,-0.0720185081410697,0.066421317347667,-0.0811106981018589,-0.060507835278503,0.0571438806509882,0.00393060490971514,-0.0435623646608636,0.0374760560178232,-0.0189602352475312,0.00817598468648318,0.0282394729875824,-0.114719035620817,-0.0173609675051264,3.67004809045727e-06,-0.00927493941305999,-0.000569211474266748,0.087235597083492,0.0246362443634391,-0.0994139859120371,0.100803521208416,-0.00772887534147182,-0.0476530116000683,0.00235187775460418,0.0322546675813404,-0.0695198664975603,0.111008890207807,-0.0944911182523074,-0.0393445539388457,-0.0589792039605301,-0.0515305693668511,0.051330860936965,-0.0361448518522503,-0.0251367014372555,-0.014241575143401,0.0197967919040279,0.075350972653014,0.0646569494965126,0.0291694979697548,0.0647454170955426,-0.0771516749810438,0.0137900322174026,0.0177342341503896,-0.0675313817207027,-0.113982808087377,0.108175502967154,-0.0644305651343338,-0.0786192557637066,0.0204307208028987,-0.0545544725589995,0.0492013750548824,0.0550222000460484,0.00642443924739096,-0.041754185619489,-0.0701116716843349,-0.073625209467784,-0.105391147968634,0.0415986519824792,0.0865619460650147,0.0208960197816661
0.0815566243415709,0.0910391595692192,0.0193915870209524,-0.099826720367205,-0.111539426688234,-0.070912124159605,0.0238513721242818,0.0997389348579402,-0.087033858836781,0.0427840931809404,0.0478809878139148,0.0396212074087601,0.122798443335724,0.010299936583712,-0.0374255977541426,0.0490487115817584,-0.0584876657639202,-0.0523179162347921,0.0397578620838195,0.0722764945399056,-0.0470629983699803,-0.107801191759848,-0.0164784514637667,-0.0197972755918099,0.134105881958323,-0.0286671925875091,-0.035611814838138,0.0615627259105398,-0.0426839707202283,0.0801920190646419,0.0739038971270505,0.0679011532061858,-0.0192994373894486,-0.0773333447237051,-0.0432515601060921,-0.00684963582913373,-0.0193027407385206,-0.0445581924732313,-0.0650604109976966,-0.0838802204670242,-0.0394284793095159,0.113838667806556,-0.101395722469006,0.0216462108254344,0.137149437929241,0.0387870782180963,-0.0504958535172982,-0.0304124107663416,0.00354481668266981,-0.0781875114551198,-0.00615586958506698,0.0271626058432986,0.0115161615025466,0.071133532215054,0.089388470506859,9.39994809258454e-15,-0.1242119922898,0.0313081034691691,-2.54397903100524e-15,0.123049233962545,-9.77553869354027e-16,-0.0940687579161751,0.131484487453234,-0.0414064003043653,0.0245976072796437,4.02897846820687e-16,-0.0230278788016509,-0.125484638809785,-1.74124159477002e-14,0.0242207894887302,-0.117737152809102,3.76601262044511e-16,-0.00467150876340515,0.00465412046088652,-0.0208486069280776,-0.0208083332862325,3.28055938450211e-16,-0.00892774195406752,-0.00204063146983288,2.56961040684137e-16,-2.6034564649611e-16,0.0034381343991303,9.89703747198437e-17,0.101547228269582,0.0421690780484055,-0.114347594305385,-1.77976533454233e-16,-0.0653177872905304,-0.024256504985981,-0.0656025050581383,0.0460890705898842,0.0288446935572847,0.0905089421029683,-0.0979183925063221,0.0806734092776523,-4.94593046194698e-16,-0.00524786861314007,-0.0157533498883487,-0.0650976250944597,-0.137220522244655,-0.103176968531063,0.0146180004507289,-0.0137830097322746,0.0417468759960802,-0.0809435603998684,-0.124443205336877,-0.101990364436359,0.0296074662275778,-0.0418993937686415,0.00667019488696451,2.52150445756986e-15,-0.0116005129285769,0.100381700710096,0.069544202328597,-0.0366781097035281,-0.0269195057904183,-0.18102298395387,-0.00847213949643799,0.0126380042180368,-7.60845620223426e-16,-0.0261102388245218,0.0130776532267611,-0.161684353679693,-0.0751658364698122,-0.022183290216627,0.00494144209548164,-0.0694519014554904,-0.017357247336474,-8.90039247950001e-17,-0.014474628480581,-0.00491037232942145,0.0715980877344372,0.00585786752074492,-0.0391558039531406,0.000460630022583588,-3.71333506748778e-16,-0.0640169423594055,0.0586883014777173,0.0649376525297675,-0.0339760882404482,0.0268099139148123,0.0847233523110805,5.85742134973729e-15,-0.0299977995543664,-0.0738775763073422,0.0369208943816864,0.0283551028413236,-0.059811728926195,-2.22978501957845e-15,-0.0192653147590812,-0.0228290427489781,0.079062463575314,-0.0102464738056179,-9.44921174073434e-16,0.142552127009488,0.0417545124583169,-0.0862611718072498,1.9914493264709e-15,-0.0792473383487368,-0.107824183049433,0.0752470603174607,-1.23166913450233e-15,-0.0410530657500428,0.067840575410897,1.03882647874284e-14,-0.0975778317159243,-3.38443156676162e-16,0.109974528566916
0.0553170140178061,0.0785444698343672,0.056427650819442,-0.0876111397982632,-0.123899749399695,0.00217878645514645,0.0879367486687822,0.0525598368570807,0.00140784280315922,0.0830399988547932,0.116337018712081,0.0764874097697582,0.0845799412497003,0.0801132144220408,-0.00357492718565913,0.120071648133986,0.0568352073933161,-0.08478515988143,-0.0441764072026867,-0.0857638036981984,0.0556986097820451,0.00615263839697772,-0.11350830083425,-0.0147769413616612,-0.00368271766307615,0.00202221980716353,0.0688553445828722,0.0460928701004706,0.0561794958772227,0.0781505879050728,0.0221499813908268,0.00540841310780343,0.0708535543769457,-0.0262053215785255,0.0716567845111376,-0.0414816966923701,-0.0343502983683872,-0.0662408249473457,0.100237205556803,0.0129144988666542,0.0357289586894607,-0.0615577606788896,-0.0237301743512227,-0.0719942072621491,-0.0616111542067061,0.0806427246742863,-0.112009434833283,0.0915758046331694,-0.0594912136148859,0.0321698648387717,0.0823476348684198,0.0218039424030282,-0.0809076524004241,0.00100471865376194,0.00746290548205371,-0.0771516749810457,0.053093706258682,0.000403369252973536,-0.109108945117995,-0.0654404521171701,-0.0771516749810479,0.015289290580138,-0.0528839257245397,-0.0806636548069953,-0.0497914870385843,2.90784447829979e-16,-0.108291872965383,0.0792657222336968,-0.0771516749810364,0.0623513357518728,0.0480186064710996,-0.109108945117996,0.00443874839943695,-0.00471305601252304,0.0286936722149755,0.0283730904623478,-0.0771516749810465,0.0277645515330735,0.0300365670698733,-9.50270243204278e-17,0.0771516749810467,-0.0909712635956919,-0.109108945117963,-0.0059515617002021,-0.130105836538395,0.0309350806234578,0.0771516749810455,0.0892698483866802,0.029046265823023,0.0100596348685655,-0.0789269357347842,-0.00844748569367442,-0.114935547505967,-0.00191950410175638,-0.00248506929835202,-8.52165953111159e-16,-0.0444720752042424,0.103765551887043,-0.00502674279088069,0.0340285101475713,0.0909650340696822,-0.0504273743060966,0.131766942609397,0.0268625564929228,0.029783847277799,0.0549286502360421,-0.00283672196256143,-0.0249054598240525,0.0193659077600061,0.0723653018754825,0.0771516749810446,-0.0791986326072333,-0.0381436712236012,-0.0205614341235133,-0.0152505654427349,0.0259095599243257,0.0540377552300586,0.0426985395662599,-0.116868298596437,-0.109108945117994,0.0995986004769033,-0.023901157304835,0.0140108878088132,-0.0285181290793803,0.00476064356095175,-0.11177828516506,0.00704704379042369,0.073289653818118,-0.0771516749810465,-0.0669997818268915,-0.0439209548868516,0.00791455258892834,0.00385715472384621,-0.00646125524364389,0.0149818506576158,3.12855312372203e-16,0.00561601910748046,-0.0591776972112652,0.0200573486708369,-0.0655162279953937,-0.0936887974188766,-0.0336509754291019,-0.0771516749810503,0.0805748829178766,0.0613981156415691,-0.114811121269775,0.0175182894489083,0.0275064782950023,0.109108945117998,0.0327528692256276,0.0336125239282923,-0.0628759424036869,0.0651370325965013,-0.0771516749810457,-0.0705783077472922,-0.0239529477077329,0.030392391822777,-2.51233884328886e-16,0.0441241123847431,0.0532134478208929,-0.0924991204401928,0.077151674981047,0.0872431913900913,0.00568708946949013,0.109108945117994,0.0355982078897823,-0.0771516749810473,-0.00396876966064465
0.0900794784143623,0.109778825692735,0.0440812340542255,-0.0794769944304698,-0.0955864237828728,-0.055152552461712,0.0357037076585628,0.110437006748752,-0.0519765676659743,-0.0217806524895688,-0.0286386597064979,0.0796704849795461,0.0971722959262112,-0.015984857787611,0.00777992360860502,0.0640728680043797,-0.0115414050954244,0.0289635908922951,0.10307523081808,0.0197267384734167,-0.124368258493099,-0.0913963605906573,0.042574601757102,-0.0354860977578974,0.0855648500390518,-0.0605972204368838,-0.0182380281351161,0.0992156673847551,-0.126046535296687,0.0824919418447055,0.0691328221099719,0.00711289105589988,-0.093881318088815,-0.0749020738858547,0.0322380286459805,-0.0244756822674541,-0.00607082787728881,0.00447418153940527,-0.00577728990870031,-0.0593056719135569,-0.0955709700264011,0.0558385893810678,-0.0901551376573118,0.0172620631325326,0.0709003987054292,-0.0517414211243074,0.0617080884856691,-0.115346488751561,-0.0263061405154655,-0.0306119448627147,-0.0479165144274786,0.0302763787864349,0.0698768846499062,0.028192048052653,0.0818681290722361,0.0865619460650201,-0.0720811736789175,-0.0214675931295077,0.105391147968626,0.0565258521886025,0.0417541856194885,-0.0710095001825018,0.0674186814840505,0.0697940877210585,-0.0557219793876638,-0.0545544725589992,0.0803625610397321,-0.00312645213342262,0.108175502967155,-0.0442300349118159,-0.0166795902255665,0.0771516749810459,-0.0119409446645365,0.0118953305310326,0.000514451590474583,0.00013360480000066,-0.0142415751433985,-0.0487340533831744,-0.0479089581573617,-0.0944911182523064,-0.100803521208414,-0.00766456052402998,0.028239472987586,0.0683827865822193,-0.015971091362549,-0.0983707358951507,0.0664213173476656,0.0353865327497466,-0.0635571640382885,-0.0756702539945563,-0.0884762690219845,0.0719287479760712,-0.102038768151979,-0.00682606803366391,-0.018964683735456,-0.109108945117997,-0.0976877510692177,0.0849661042668792,-0.00106940853838086,-0.0596083310247357,0.0250043644716395,-0.102322133187372,0.105439790489527,0.031031138460949,0.0231243254206805,-0.0183205514771663,-0.0524961166206159,0.0689895873239073,0.016265292505565,0.0464983683241017,-0.0664213173476638,0.0230766719419679,-0.09904364836012,0.0201133287071236,-0.0750372209150571,0.0464448831979809,0.0585244093238925,0.0139847546639146,-0.0389639991900419,-0.0282394729875819,0.102427321976214,-0.0935451329266392,0.00713375455597262,-0.00168688779736815,-0.0464157358901124,-0.0782368808190104,0.041687490388234,0.0695723715142931,-0.100803521208415,0.0129577619251108,-0.0927484293326348,0.013300228803753,0.0309836751902169,0.103933121004831,-0.0440647063607524,0.0944911182523071,0.0818953628093213,-0.0608909285778157,0.00460856428164002,-0.0796017928357879,-0.0175906147194992,0.0159952732270978,0.0142415751433987,0.0439879817192462,-0.0223287154847093,-0.0654498980236256,0.0765481492061732,-0.0416396895760774,0.0771516749810441,0.0109527005108094,0.00756251882812841,-0.0820029511152067,0.0581202722543819,-0.108175502967154,-0.0402678581972974,-0.00174966015679051,-0.010637590311419,0.0545544725589974,0.0528596211678473,0.0481532382046428,-0.0633485305412463,0.0417541856194899,0.0625220017405294,-0.0184051431536323,0.105391147968624,0.0543466790055295,-0.0865619460650158,-0.113903933849828
0.0806195054630702,0.113499277092129,0.0793736370895226,-0.0698736631933959,-0.0993612945529938,-0.0011354671315438,0.0717463022618273,0.0799857111309861,0.00356153441594417,-0.0215778380781839,-0.0286510105181195,0.11054717571529,0.0655199912544654,-0.0160807803792916,0.00844129813943049,0.0962423199771072,0.0754634503563162,0.0304486759967226,0.0925132109366522,-0.0725029321533509,-0.128358277552123,-0.0031938088870166,0.0576454093865626,-0.0714768888935499,-0.00956633928052373,-0.00350603550223236,0.00260388290690504,0.0775295421593331,-0.094475485267735,0.0599869291814521,0.0616901630215722,-0.0190309872645271,-0.125703795723629,-0.0833872938458264,0.102869599461457,-0.0759657609869112,0.0778028066724281,0.0167826683285602,0.0680412618264345,0.011513047911732,-0.0177997273061226,-0.0637302880072975,-0.0590254919530071,-0.0161715336584259,-0.042845010986,-0.0477666492133398,0.068548065970811,-0.0929521186072483,-0.105520601514892,0.0550273329173824,-0.0440620590331162,0.0194473560627707,0.086308855329326,-0.052998629459138,-0.00404907201506808,0.0771516749810394,0.0930562508379627,0.000601211948863225,0.109108945117998,-0.0359096763868952,0.0771516749810458,0.0433254030896893,-0.0208527061164288,0.046208108700678,-0.0607259960356397,-1.16574994281312e-15,0.0740847842281954,0.065468862683856,0.0771516749810556,-0.0707362041308691,0.0424015778518293,0.109108945117996,0.00925857833756467,-0.00899847421300589,0.0361190094237224,0.036107648555913,0.0771516749810462,0.00679995678372244,1.18397941346803e-06,-7.86239712635587e-17,-0.0771516749810464,0.031482397152062,0.109108945117984,-0.0804562741876665,0.0458383134563392,0.0900244509237534,-0.0771516749810459,-0.0423090719544611,0.0494473751616716,-0.0426945248588716,-0.0752211719779753,0.0575273562863991,-0.119813926854985,0.00111131897799423,-0.00307063281231769,5.92388389392419e-16,-0.0416967317399186,-0.101690481006052,0.0290960278693228,0.0238368077108477,0.10145371266344,-0.0748987651474664,-0.134644954383494,-0.0451155062402127,-0.0402350312710996,-0.0194730201065599,-0.0200591440586764,-0.0231176282949729,0.0776414239615741,-0.0852716088582591,-0.0771516749810448,0.011714231197857,-0.060836263178579,0.0253875393268799,0.0336483516672754,-0.00607669517079275,0.0975862382237828,0.013746049599954,0.0618519117288556,0.109108945117996,-0.0802083014855171,-0.0407487706853985,0.0421737850494932,-0.0269913628282684,0.0455204193139496,0.0946250957154171,0.0944015842624105,-0.0646233989476369,0.0771516749810468,0.0489936863226325,-0.0264855518801836,-0.0762790024376298,0.00127825341872579,0.0112608613975242,0.0278065727708394,-1.01756123505421e-15,0.0340139577402875,-0.0835149451947477,-0.0825859592803899,0.0935305921609954,0.024596498574759,-0.0831912669856568,0.0771516749810418,-0.0475913600474415,0.00363000294031513,0.0629040296521572,-0.0273164668451259,0.0211644861628148,-0.109108945117995,-0.0241605390028439,-0.0223873281333487,-0.0450978700229788,-0.0678722243250647,0.077151674981046,-0.0813826813540534,-0.0397741655849738,0.0534060283502457,-6.80172586550251e-16,0.0219425071514592,0.0377743895951597,0.00467141582555378,-0.0771516749810464,-0.0450550353475125,-0.0723924322397883,-0.109108945118004,0.058371598982666,0.077151674981047,0.0953802622039812
0.0919568048703441,0.121821244454446,0.0688065150186761,-0.0401677708222874,-0.0532619837199218,-0.0323256636909603,0.0301465717259722,0.113688246169569,-0.0141215071386607,-0.0696776546548306,-0.0925045829243431,0.11913400285235,0.049919726613002,-0.0524073897370076,0.0249972599427986,0.0525258779380569,0.0423840622260987,0.0893975279663028,0.0659869163304426,-0.0188740138290778,-0.0832845584023522,-0.0670431483350663,0.0999955020975616,-0.005248411370136,0.0294414985027763,-0.0224381454040687,-0.0313031227193945,0.135132825967881,-0.0943315290853672,0.0576365389645402,-0.0303174777912465,-0.043146530007551,-0.103111685036919,0.0460120210351946,0.11249476562684,0.017554495053023,0.0357867530829985,0.0817477710261381,0.0574984940239384,0.00782371047366138,-0.0729058983714191,-0.0085123002313008,0.0302260010492316,0.0518515654903542,-0.0135505665203858,-0.0474149227902508,0.0635550766744535,-0.149121330130121,0.036093262660811,0.0132621788223255,-0.0577569801019815,0.0358060961800092,0.123633379612263,-0.0387670123349719,0.0900939727631802,2.46306878923249e-15,-0.0440760242128308,-0.00525742658284679,-7.28526966803265e-17,-0.0677777310583461,-1.62579678661436e-16,-0.0406189961191622,-0.0568614735815989,0.0705662212742283,-0.136048503302975,-9.47997304526297e-16,0.122489044074357,0.0716828275544182,1.03148217580573e-14,-0.115882566460332,0.0146659408335998,-9.30333176125268e-16,-0.016113580080129,0.0164438795761838,-0.0023356355192975,-0.00281849018901491,8.11822713127886e-17,-0.0496291268495739,-0.0582278275677727,-9.55409069855724e-18,1.47940761857733e-16,-0.0958632291915573,3.36250464484272e-14,-0.08000240925444,-0.119120752697689,0.0472676566748279,5.25848013969849e-16,0.0777626401035955,-0.0729596544560562,-0.00840329426896845,-0.0336774778354779,0.0275671269049404,-0.0368339931611149,0.168783425097555,-0.0596288357050911,5.02581115296427e-16,0.0219069241814941,-0.018645832361359,0.0443604673840348,0.160375035204435,0.00897759795181622,0.0194583599689864,0.0120436828519136,-0.0036970482746958,0.119097544976465,0.145772409219761,0.0437569245725165,0.0319492656101195,-0.000989920671770923,0.0738830989289053,-1.06436533292889e-15,0.0314396304900437,-0.0596996098189978,-0.0248083986925862,0.0110406828675564,-0.102120971634892,0.0615484437061636,-0.0164933043687355,0.0142799587975713,-4.43810000126705e-16,-0.0525632713824173,0.0150018844497013,0.0635554073324212,0.0564166070435552,-0.0129574440920018,-0.0544350541471434,-0.0296398763292582,0.00369986610464674,1.18218265913252e-15,-0.1447237643404,0.0193431906978691,0.0483591213019997,0.0323648154197959,-0.153341677264894,-0.0279675246935402,-4.98937167364726e-16,-0.0922569645064172,0.0318866042436486,-0.00440552684168252,-0.0211569226567917,0.0386480428972782,0.0183598750695742,-6.00167840420946e-16,0.102406999812199,0.134347650014196,0.0197786052937148,-0.016670789282463,0.0887577229600164,2.67973193478072e-15,0.043064166975711,0.047554415392012,0.0510297129018419,0.0257006114053859,-1.03053884277746e-17,0.056969827746028,0.0720341580183923,-0.022672550056723,8.50594230696673e-16,-0.0430788819953662,-0.0502885528347585,0.0806321600368658,-9.6376669937756e-16,-0.0209161996261917,0.100973473667146,1.34496394758199e-14,-0.122721518634112,-5.32757001905254e-16,0.0185236716458471
0.100162252494801,0.121688102270217,0.0480555004330177,0.000747401324915155,-0.000644780678023909,-0.0623561843420533,0.00358760344141895,0.122804895257156,0.00471466438699538,-0.102756563403953,-0.124784171582615,0.0868192046512519,-0.000946123572428127,-0.0492849289592679,0.0635966551709981,0.00671261698123818,-0.0157074345629744,0.124870465399544,-0.000560651449876339,-0.0122050470460249,0.00378305728799556,-0.103326123443341,0.0809771606948634,0.0336893425416953,-0.00839237474688319,0.00189218065168052,0.0172466942696835,0.108307516726658,-0.014442807315888,0.000963019565054615,-0.109980812399739,-0.102476125853677,-0.023754360194875,0.134261044152951,0.0298043082595459,0.0475697570404939,0.0142415502193716,0.100690716303505,0.0469789505320598,0.0688301421675693,-0.015628384850071,0.0673290958217644,0.126992303454429,0.0156105895061404,-0.0429190107490079,-0.000762068583462537,-0.000751614730770368,-0.0439191160014818,0.0778766732211001,0.0740027117215934,-0.0273474592547705,0.0270273988094195,0.0396326925450078,-0.0811055125505341,0.102103646122736,-0.0865619460650114,0.00615648189275456,0.0100154834985704,-0.105391147968627,-0.111834634325972,-0.0417541856194877,0.0230491000197062,-0.101142539751255,0.0106157093136992,-0.0542412476731325,0.0545544725589984,0.0384243240712179,-0.0358845521004658,-0.108175502967159,-0.0318177329848124,-0.0594516816184669,-0.0771516749810463,-0.00919666119455539,0.0092457581395493,-0.0101887885210973,-0.00986595581650663,0.0142415751433989,-0.0310749722687994,-0.0298702626416991,0.0944911182523065,0.100803521208415,-0.0582465765638692,-0.0282394729875617,0.0396807499683271,-0.0554242883048498,-0.0612367005476121,-0.0664213173476652,0.0179550545722729,-0.0525713159882917,0.00276161259444203,0.130988121633892,0.017483003935077,0.157364714246251,0.0151579859249709,0.0243211379948514,0.109108945117995,0.0606201478590147,0.0898713844677467,0.0443552409862706,-0.00951429274266496,-0.0631242580073132,0.0708455864438514,0.117524005970555,0.0387075107933466,0.0156171578242367,0.00361820500378571,0.0235953900160379,-0.060196418080284,-0.0264398374522097,0.0640009631118195,0.0664213173476635,-0.0175916025438989,0.113517706042755,0.0577754755475685,0.0367411318033596,0.0285464145972336,-0.0639736345427462,-0.0655886218650813,-0.027608045791459,0.0282394729875816,0.0862094222986646,0.0735624046145271,-0.0160227877870385,-0.0129224608512561,0.103269528201484,-0.0653628170415688,-0.0538557060306722,0.0115493240998142,0.100803521208413,0.00244673455649733,0.122536069160344,-0.0103138137236911,-0.0574155551073826,0.0290113248807682,0.0140664530051432,-0.0944911182523059,0.00361335870782197,0.0305438213215892,0.0617000087430876,-0.0198328743666969,-0.0301925501233195,-0.0812358235706303,-0.0142415751434029,-0.0490976838925695,-0.0815696237812769,-0.0237116934522641,-0.119440510842407,-0.0576279302044797,-0.0771516749810471,-0.0232741791264975,-0.0263111095958221,0.0625716135269347,-0.00411828228509162,0.108175502967155,-0.0256188106000775,-0.0363919789435447,0.0607173352468975,-0.054554472558998,-0.0301166762595056,-0.00905276552879837,-0.047942432705861,-0.041754185619488,0.0189361231849147,-0.0475260795747876,-0.105391147968636,0.0620957944911239,0.0865619460650166,-0.0235513723471587
0.101699447101986,0.113523975122396,0.0241809134988397,0.0444270700998121,0.0496397147992485,-0.0884259724832894,-0.0106148592024677,0.124372417464356,0.0387337111083655,-0.0770942719949278,-0.0862785587695128,0.0494068375133906,-0.0546504485988855,-0.0185598444065888,0.067438596878247,-0.0218287302210599,-0.0729329262766592,0.0942736275221489,-0.0716411919837643,-0.0321660661362232,0.0848045927229746,-0.134425887380973,0.0296931435201853,0.0356734579550092,-0.0596827322047936,0.051656496102981,0.064170272997338,0.0767674635596911,0.0769138575547665,-0.0356888059562104,-0.0328903284234581,-0.122353650266903,0.0347763845118513,0.0344165761877674,-0.0539338132812592,0.00304837472391742,0.0347823369412037,0.0802910884567787,0.0289546068375846,0.0373302099975684,0.0710476647331998,0.141954496868999,0.0451253417261211,-0.0390051241235427,-0.0610372420391972,0.0483666954257619,-0.0629672994083654,0.0548012705966853,-0.00157759183787121,0.140889027359651,-0.00767624381572048,-0.0120884968418711,-0.0207514059830878,-0.128178195979421,0.111465599529528,4.42220827056076e-15,0.0552795370658033,0.0390405664571327,3.71263729279643e-15,-0.0547620609279085,4.83387996097253e-16,0.0418645357352334,-0.0585161018977196,-0.0516329366429153,0.0306727145779645,6.83773768897122e-16,-0.0287152951825364,-0.156476785175654,-2.0948160206465e-14,0.030202830478381,-0.146815828152717,1.1637081569614e-15,0.00841776792392327,-0.00838643528545226,0.00927850297064822,0.00926057951385321,1.05190491812256e-16,-0.0111327121239746,-0.00254462582158567,3.23843801000038e-16,-4.60838957483945e-17,0.004287283470555,-9.95586397337097e-17,0.126627322466211,0.0525839802339315,-0.142589117832976,-1.77505868499124e-16,-0.0814499485112479,-0.0302473669750016,0.0291958613908186,-0.0205115660656771,-0.0128370963001017,-0.0402802686562945,-0.12210223828419,0.100598095931583,-1.33146506772799e-15,0.00945633248655776,0.0283865556291542,0.0289711686687118,-0.171111192450551,0.04591807080062,-0.026340726634177,0.0248361253495561,0.0520575028860337,-0.100934968870909,-0.155178138876311,0.0453899822978476,-0.0131765620740849,0.0755000987390634,-0.0120192758719916,-6.34570681396123e-17,-0.0144656030145974,-0.0446740595882684,-0.0309500817068122,0.0660916699527754,0.0485072733129748,0.0805628069139477,0.00377045678671292,0.0157593334915865,3.50130428285847e-17,0.0470490246287853,-0.0235651168450759,0.0719563067738575,0.0334519442657401,0.00987249291445545,-0.00890417098114389,0.125148002056048,-0.0216441334052609,8.08212463872614e-16,0.026082379270913,0.00218532127365695,-0.12901529610015,-0.0105555125369764,0.0705563207189404,0.000574396243023555,-1.68686428684718e-16,0.115354544168259,-0.026118751314285,-0.117013606567988,0.0612227955154964,0.0334314158291929,-0.0377054389683431,-3.00474646260959e-15,0.0540541670081237,0.133122792578,0.0460396022449726,-0.0126192079333576,0.107777011395841,3.34416701639531e-15,0.0347148976565457,0.0411365136016867,-0.0351861064713337,-0.0127771438456333,3.18286639106695e-16,-0.0634416648792211,0.0520670253986876,0.0383898330294293,-4.58141886314734e-16,0.0352683834858261,0.0479862758304721,0.0938315494555717,-4.37829716484877e-16,-0.051192335660375,0.084595813841845,1.28165838282115e-14,-0.121677565924732,-5.84921031539272e-16,0.0917146037463468
0.0892702109185938,0.125974930856042,0.0887653819327722,-0.000865122846781133,3.1683594696202e-06,5.90772532423313e-05,-0.00275593203421081,0.0875348880531812,-0.00546585011747047,-0.0915743881502971,-0.129169778211732,0.122692051508464,0.0051857038454915,-0.0909753845307322,-0.000226705762512389,0.000107103769892879,0.0858110353762858,0.0888276247143894,0.00374612001246792,0.00837157550836247,0.0017784395946512,0.000176945817327943,0.109551747276358,0.0580932252311024,0.014859341318159,-0.000575963940416022,-0.087306256295966,0.0826871225042127,-0.017624746673799,0.00603308706111685,-0.0987036507439844,0.00381722031019682,-0.0185925934878645,0.140149190649516,0.114385282902719,0.0959460809032713,-0.000343178815111262,0.0732872793756883,0.0277338756892621,-0.00259846098744952,-0.0346751793303451,-0.0785035036639399,0.0898687798770076,0.0987498321537796,-0.0147475979049579,-0.00241648969451824,0.00512239271637797,-0.0626086264557288,0.129903176614447,-0.0706530311978743,0.0013131173841132,-0.00440846581396208,0.052992391191826,0.0281591567391182,7.42017519306596e-05,-0.0771516749810437,-0.113423944790054,0.000661650754818057,-0.109108945117998,-0.0372313097006081,-0.0771516749810466,-0.0698009474153279,-0.0484379360546256,0.00115732245928646,-0.0708577641631104,4.67193949594069e-16,0.0112169666972789,0.087778516590749,-0.0771516749810346,-0.0289770764502772,0.0553737156555077,-0.109108945117997,-0.010673152060132,0.0108708611596762,-0.0294544667386043,-0.0300066074578286,-0.0771516749810462,0.0178095298227442,0.01336847939223,-1.67669539660884e-16,0.0771516749810462,-0.0152390987872196,-0.109108945117991,-0.0671696164894043,-0.0211430712130918,0.08596141040556,0.0771516749810456,0.00579957870712114,0.0525805204764051,0.114060562226386,0.0267990153302799,-0.14448463947543,0.0621127496480577,3.69489340669555e-05,-0.00356841620742695,1.90009724492875e-15,0.0785957110752154,-0.0729595673814439,-0.0744360586946414,0.0342597473228184,-0.0640510955472314,0.104447586030618,-0.0895883774984757,-0.0242248646054485,-0.0190109308514454,0.00882939944943135,0.0399608912175448,0.0070667513805939,-0.0672366315985237,-0.0429158826835196,0.0771516749810451,-0.0258526233481469,0.0679653219687156,-0.0940957071054979,0.000343717663160435,-0.0289363813656843,-0.121901616585127,0.0460530166254391,-0.0024099038600934,-0.109108945117995,-0.0796851741831989,0.0524181173287983,-0.0695168873629559,0.00926114880897209,-0.093705070471913,0.0868722753725282,-0.0611764467415177,-0.0192069777981985,-0.0771516749810462,0.0563579167459697,-0.0196303311351873,0.0324623670593095,-0.00551917039860926,0.0018077468963709,0.0289666908097925,5.02418895127421e-16,-0.0258793837335665,0.0810218527351234,0.0208206450017144,0.0297918373040698,-0.021970577030015,0.126292117651832,-0.0771516749810365,-0.0740640232950919,-0.07857669756295,-0.000650640754793326,0.0929464106713623,-0.0460454211114764,0.109108945117994,-0.0274340722923405,-0.0294901019647362,-0.0119645391787547,-0.0254405912422466,-0.0771516749810466,0.0556875090393061,-0.0425564688826029,-0.0652370587117307,-2.27347850458697e-16,0.0302045371412085,0.0110090367175478,-0.0374197967108302,0.0771516749810457,0.00269553982571175,-0.055523230279294,0.10910894511799,0.0626530808570915,-0.0771516749810469,0.00502770070131161
0.0904066640592324,0.109495557786447,0.0425117855890149,0.0785450002225078,0.0963904521372615,-0.057209409165036,-0.0401773759762363,0.110849768156679,0.0460974773370188,-0.0239503204280102,-0.0268955211005689,0.0767723160741231,-0.0959924991287665,-0.00594899905636428,0.0205232506016884,-0.0724433644675681,-0.0167624139762823,0.026608994276237,-0.103324744186582,-0.00450729374461872,0.126051877374962,-0.094790880336327,-0.00653637490320066,0.0504792656914011,-0.0750997299029343,0.0614393200485332,0.0259135291682167,0.0959477340763237,0.119618881350921,-0.0836928076003045,0.0680110077527542,-0.0527190575222951,0.0833096332566173,-0.0925187097466878,0.0214674790964611,-0.034842834515839,0.012408913988892,0.0403374029257737,-0.0528045032088182,-0.0265241114903715,0.0886156844402572,0.0654842490981213,-0.068201674579283,-0.0103146972195056,-0.0173812676896846,0.0503682209864895,-0.0630624514318202,0.0958006433292055,-0.0708044825966328,0.0635462499178801,-0.00136190438207845,-0.0639789938433116,-0.0522386771292763,-0.0642873968561642,0.102116283839578,0.0865619460650193,0.0644041663280008,0.0395148707878944,0.105391147968631,0.0829296558050878,0.0417541856194858,0.042267742573886,0.0587040026539493,-0.0506652405163638,-0.042017371631689,-0.0545544725589986,-0.0111243215230133,-0.0615352764289139,0.108175502967146,-0.0131035388212792,-0.0904486383398042,0.0771516749810466,0.00784804538795279,-0.00778058105833535,0.0121907598819242,0.0121690408743601,-0.0142415751433983,-0.00726111178706602,-0.00591539527511473,-0.094491118252306,-0.100803521208414,-0.0972921437678129,0.0282394729876181,0.00311945417074576,-0.0839000252140865,-0.0119739856377719,0.0664213173476656,-0.00303264236753296,-0.0311730740619559,0.0722265794159068,-0.0748632469847337,-0.0937296972948238,-0.0941918208579247,0.0341398148706497,0.0627898600660923,-0.109108945117995,0.124666254905534,-0.0449695754514628,-0.0542406722894718,0.0424641679022315,0.0537102977632796,0.133851385311711,-0.053136687347814,0.0387173858966622,0.00501682058883236,0.0248403316093636,0.0230731465288573,0.00607411823906059,-0.0280321271525941,-0.0180152601526105,-0.0664213173476663,-0.0547756443990946,-0.0425106157359916,-0.0921581683100183,0.091388562842049,-0.033740533523424,0.0212494081265875,0.0678029190377721,-0.010783980333436,-0.0282394729875817,-0.064060519644747,0.126283482884433,0.012846335009157,0.0178009329087226,-0.0823592594626636,0.0491476906307997,-0.0656555343978773,-0.0487612085958038,-0.100803521208413,-0.0118688626078031,-0.0600515496300227,-0.0178903077287002,-0.056536001082449,-0.0910218667892749,0.0694115788396452,0.094491118252307,-0.0802872669005588,0.022803406370227,0.022850522859618,0.0707753333815581,-0.036814480687891,0.0853041418566691,0.0142415751434056,-0.0658385066689774,-0.0139731822478401,0.0227229028121552,0.0723917316719032,0.0159928478739301,0.0771516749810462,-0.0213106846633997,-0.0192720641895073,0.00397742527542956,-0.0655411605105855,-0.108175502967155,0.0722139924870943,-0.0638264199821983,-0.0650756883335367,0.0545544725589984,-0.0153047401404811,-0.0368646242329927,-0.0230407480977274,0.0417541856194883,-0.0284002868037881,-0.0672338930670452,0.105391147968623,0.0575460763228447,-0.0865619460650157,-0.0027543643882136
0.080239856274401,0.113499704582778,0.0805760542482686,0.0709524537380399,0.09935734367336,0.0012419206634894,-0.0683097112259358,0.0777467068514938,0.00325426919751908,-0.0191765986771819,-0.0288349488551031,0.110536261781141,-0.0719864581806713,-0.0244070746863364,-0.00854219169544071,-0.0963758761936498,0.0791626924366959,0.00908333602841054,-0.090846030688878,0.0620637482434396,0.129149757631297,0.0035126542324547,-0.00889029514560057,0.097330806363469,-0.00896295626790036,0.00324970743434433,-0.0414588222893182,0.071467504146122,0.0866317350865405,-0.0675100656941161,0.0613912762686288,0.0207298101215886,0.117429313188447,-0.0913758883716291,0.10324555822167,-0.0436770449560934,-0.0779555356133335,0.0158332393790316,-0.102624839142973,-0.00827282005932285,0.00236782072673879,-0.077728137637415,-0.0530390435648003,0.0601193434162015,0.0612349647773124,0.0434122852445962,-0.0593178332375347,0.0650886585419698,-0.0564660101814337,-0.08647088989539,0.0464282147990892,-0.0139500891090764,-0.0627250225681523,0.0655306331731619,0.00418277895190668,0.077151674981045,0.0483810948884126,0.000591041514149823,0.109108945117996,0.0823363602032444,0.0771516749810424,0.0437149546573806,0.0812538244227183,-0.0441226856888038,-0.0669552830846339,-1.25865190394671e-15,-0.0538725086551051,0.0927025587539514,0.0771516749810578,0.0185213166018137,0.0573784099595583,0.109108945117996,-0.0140085778669202,0.0138364625693323,0.000610109837691333,0.00130997892075507,0.0771516749810464,0.025291707060823,0.0240879835077734,1.44717477681824e-16,-0.077151674981046,-0.0589423043162593,0.109108945118017,-0.0405791924641338,-0.0839368113260224,0.0648726583090317,-0.0771516749810459,0.0527595516785933,0.0452994488530416,-0.0995366698259677,0.0418033464613968,0.122642042189933,0.0423605949130494,-0.00104473929940956,-0.00335943100890359,-1.94052379164923e-15,0.0766751138067557,0.0692204188565143,0.0637242191040104,0.0378971238092675,-0.0215833029202814,0.121382313933496,0.0947743755183092,0.00146380856288924,0.00597851757710327,0.0353830481589841,-0.0297712722359764,0.0143055334588416,-0.107564540080334,0.0661722442656658,-0.0771516749810462,-0.0582990487784286,-0.0239151070764998,0.0919478882310489,-0.0334953829164301,-0.00680120604282264,0.0544225913180583,-0.071173222021541,-0.066194408434001,0.109108945117995,0.0447450627220807,0.0640770275338745,0.0445123556060321,0.0154428991564902,0.0713278923294348,-0.0559632960138074,-0.121627664392514,0.0300136208623029,0.0771516749810455,-0.0239120537823402,0.0509641744199681,0.0907261149105787,-0.00373451532225086,-0.0104563383420486,0.0243896004807162,4.75891286374131e-16,-0.0455313670175067,-0.0175176526213421,0.0918520180231285,-0.0802719772386416,-0.0641861104025524,-0.0742924278364675,0.0771516749810406,0.0146297687750712,-0.0385999231981373,-0.0640764437806717,-0.0885858115008102,-0.04165662638308,-0.109108945117997,0.011951228225412,0.00926299807002818,0.0600174063467672,0.0220298629444737,0.0771516749810462,0.0119414934002078,-0.0369099415971939,0.0279432532698025,9.40235268024302e-16,-0.0596069489062733,-0.0515024338385185,-0.0720995595849472,-0.0771516749810448,0.0499122302778343,-0.0276569716142489,-0.109108945118002,0.054525351678121,0.0771516749810468,-0.129253228529112
0.073743631889571,0.0976930529507262,0.0551785408626982,0.0902561617644758,0.119678591072209,-0.0259231695487015,-0.0677387317902644,0.0911708947208482,0.0317307385143223,0.0386681810754719,0.0513361705492003,0.0955380525048075,-0.112168607522528,0.0290839071160227,-0.0138724326851721,-0.118024576394177,0.0339893788958056,-0.0496118851334078,-0.0366199758289506,0.0424095241142219,0.0462194429626871,-0.053764430577056,-0.0554933170612023,0.00291264857039711,-0.066154446638626,0.0124522312609572,0.0173719225128609,0.108368112489592,0.052350049178161,-0.129508127482187,0.0681227542330751,0.0239445176990341,0.0572226681244671,-0.103388072791902,0.0902137976366883,-0.0394445923377022,-0.0198601496444053,-0.0453665903109656,-0.129197943316249,-0.0175797178597048,0.0404597211783533,-0.00682633477389862,-0.0679172078595846,-0.0287754479303337,0.0304478465901268,-0.0380238158257802,0.0509672142872374,0.0827560948233969,-0.081100825030475,-0.00735995398665129,-0.0463175018499057,-0.0804555678052245,-0.0686113494132844,0.0215140687520104,0.0722497565273572,1.44893996079448e-15,0.0990379274191901,-0.00421612877001117,-2.74224202888054e-16,0.152295179274353,-2.21403019956388e-15,0.0912700558032436,0.12776657137517,0.0565897157129595,-0.109102428698422,-1.64257743198352e-15,0.0982285866658888,0.0574851644250786,8.37569859920196e-15,-0.0929306029664519,0.011761171385545,-3.97194370727763e-16,0.00894236230250944,-0.00912566469386858,0.0052481253735791,0.00633308996799399,-6.96283604546918e-17,-0.0397994696157183,-0.046695092200534,-1.04938164818521e-16,2.57149155713103e-16,-0.0768763409648178,2.68345659209999e-14,-0.0641569509364379,-0.0955274267057526,0.0379057175706119,7.62003492289214e-16,0.0623607955348841,-0.0585091000995893,0.0188820308263918,0.0756726058009787,-0.0619427718884902,0.0827652313564751,0.135353797764124,-0.0478186134940197,1.28579211248552e-15,-0.0121574257235421,0.0103476562984749,-0.099677065423296,0.12861079261147,-0.0201724794880915,-0.0107985751018717,-0.00668373973894988,-0.0029648025225698,0.0955088155583393,0.116900395792511,-0.0983209170358496,-0.071789348179692,0.000549364526916578,-0.0410020265744112,5.13638873345423e-16,0.0252126260897269,0.134143805613181,0.0557439658631337,-0.006127116741148,0.0566728636654487,-0.138298097648303,0.0370601185144582,0.0114516378255061,9.98243611489465e-16,0.0291704149027889,-0.00832541777199796,-0.142807703981908,-0.126766965337811,0.0291151125910376,0.0302091759695732,0.0164488904029863,0.00296706224674107,-1.13771938209947e-15,0.0803156299270015,-0.0434637549689486,-0.0268372876271525,-0.0179611175107225,0.0850982107860701,-0.0224282134288046,-4.09941416654321e-16,0.0511987526945309,-0.0716485493672865,0.00244488294693205,0.0117412062783297,0.0309933240143327,-0.0412542648081356,-1.38893423159369e-15,-0.0568315973284501,-0.0745573209022061,0.0158612099466169,0.0374589234955656,-0.0492568201422194,-1.97931480650685e-15,-0.023898809664739,-0.0263907095384594,-0.114662724074,0.0206102901192344,9.3911558740766e-16,-0.128010040972623,0.0577669095818771,0.0509447575417178,-1.51588538893194e-15,0.0967973691945381,0.112997352520169,0.0646619718530182,-2.30025251379064e-16,-0.0167734897698702,0.0809744388489805,1.04606192501145e-14,-0.0984150167879711,-5.57455796382158e-16,0.132007592917326
0.0621553588816556,0.0761265063378646,0.0313761386501358,0.0983587896946464,0.119839101527581,-0.0370252811646326,-0.0481093986687356,0.0761957146327544,0.0600990553637161,0.0930632611356376,0.11203876897231,0.0567420486632978,-0.120225747493929,0.0421709979911495,-0.0601342634360279,-0.0866101765343812,-0.00508945880268639,-0.11198045480738,0.0464334447086817,-0.0123937934781862,-0.0591321393568102,-0.0613644276201978,-0.0620296804032471,-0.0494821417727996,-0.0983052480469796,-0.0288604808251952,-0.0253633803779746,0.070472938316995,-0.0416531781964636,-0.10382878851645,0.0237735932811757,0.105641660175467,-0.0180267569694725,-0.0408596857411522,0.0282866120856023,-0.0170490804659089,-0.016943322797654,-0.0986995181938304,-0.0397747878511501,0.00512282109339638,-0.0269046981686984,0.0332885654978614,-0.0145706856252693,-0.00792824868561145,-0.045492340332098,-0.0924727506445946,0.111945747977498,-0.00741490080968597,-0.045073452545794,-0.0876263088437296,-0.0589951162603376,-0.0647814256305222,-0.00853455327651966,0.093652154276153,0.0454176250122701,-0.0865619460650175,0.0837272714968725,-0.0486987496555205,-0.105391147968631,0.0413480495640336,-0.0417541856194872,0.0654982983780523,0.0170728190311162,0.115148891086943,-0.0461662896992384,0.054554472558997,0.106384007212198,0.030250880022116,-0.10817550296715,-0.0478820359787544,0.0293960985732578,-0.0771516749810463,0.00388244087640891,-0.00395183802058412,0.00954727788067536,0.00969935335594673,0.0142415751433983,-0.0567407575410682,-0.0564586969451485,0.0944911182523063,0.100803521208414,0.0444355157272206,-0.0282394729875984,0.083540773653663,0.0266453760966863,-0.116021240560753,-0.0664213173476658,0.0458092741287882,-0.0619547362730416,0.0915976507448758,-0.0206600187504496,-0.107176685582172,-0.0301244515722787,-0.0274581355019896,-0.0584943172653727,0.109108945117998,-0.104095287067043,-0.0520579107155518,-0.0430217103508677,-0.0978962082991514,0.0319443255072566,-0.116383219726365,-0.070598884658778,0.0172086685844269,0.0260514367663172,-0.0366306980512468,0.0418661966842455,-0.0258321901815179,0.0336785736110216,-0.0433072424179715,0.066421317347665,0.0591743285329157,0.00998770334007896,-0.0828563862082175,-0.0701358367623683,-0.00787649702381785,-0.00900511020375952,0.048149918036175,-0.0426026546869431,0.0282394729875844,-0.0406249756010824,-0.115193905306334,0.00712714135782096,0.0150259755283303,-0.0453900522549768,0.0305441294622187,0.0724083846216396,0.113815757501231,0.100803521208412,0.00332001201462394,-0.00688066950572434,0.0162329723942181,0.0712045877888369,0.0172432654292103,-0.0934683102137407,-0.0944911182523078,0.0328335065302271,0.0453859246663621,-0.0596490046868116,-0.0155932562061367,-0.00150464233574593,0.0612900441005519,-0.0142415751433969,0.0686741774426086,0.0716324105338727,-0.0942249476010844,0.0239865300799877,0.0390965249762486,-0.0771516749810436,0.0281485894205158,0.0296767471012194,0.0396843939583672,0.108847394075514,0.108175502967155,0.0758320084574955,0.0332392002821905,-0.0474524770958539,-0.054554472558998,-0.0357981931970322,-0.0509933403653389,-0.0662076749841987,-0.0417541856194876,0.0937246310694071,0.0143611575933733,-0.105391147968631,0.0358335372245753,0.0865619460650148,-0.160545088219793
0.0452605119039496,0.050522921941338,0.0107615189113574,0.080054814104099,0.0894476752913435,-0.0393532599659465,-0.0191273153571838,0.055350932985146,0.0697957356939264,0.0961349847411196,0.107587603023712,0.0219881112546361,-0.0984767056090054,0.0231437474231835,-0.0840945548105159,-0.0393340127099965,-0.0324582057424956,-0.117557290688579,0.0893351051897681,-0.0579612483832333,-0.105749597427126,-0.0598251480158335,-0.037026744339929,-0.0444840744639689,-0.107544567335787,-0.0644145970398914,-0.0800190215926573,0.0341647353775214,-0.0959100116140231,-0.0643090061983209,-0.0592663239291919,0.15257250632322,-0.0433654421773147,0.0620165273699451,-0.0240028050063435,0.00549298144790527,-0.0433728647353139,-0.100121349665885,0.0521743986860122,0.0672667140801335,-0.0885949888140627,0.0631756944451208,0.0813130560972284,0.0486385942225262,-0.109985309719881,0.021525204477046,-0.0280230845461179,-0.0683360666918555,-0.00284272226434214,-0.175685743505078,-0.003416249886307,-0.0217827186285279,0.0258765800093482,0.159835596027616,0.0496068586226478,-6.33438117115202e-15,0.0996102838566939,0.0173746866204474,2.03151272211997e-15,-0.0986778240764427,4.28040957195485e-16,0.0754372867332712,-0.105442372161705,-0.0229788185693811,0.0136506421897269,1.55638891199934e-16,-0.012779508605699,-0.0696387207595359,-8.85370545703657e-15,0.0134415240923468,-0.0653391904002246,4.44917936518813e-16,-0.0104967849099591,0.0104577137488557,0.0167192846345876,0.0166869876814337,-5.96338892139367e-17,-0.00495452299858725,-0.00113246502877713,1.53385230339931e-16,1.18302053427236e-16,0.00190802064400664,-1.01938447637969e-16,0.0563544601191374,0.0234020727855896,-0.0634581273444014,-1.37850528495441e-16,-0.0362486372268334,-0.0134613446979982,0.0526091243694461,-0.0369605649141989,-0.0231316482413137,-0.0725825361001406,-0.0543406082023104,0.0447703645218454,2.38845795854396e-16,-0.0117918537367076,-0.0353974558893489,0.0522042420745206,-0.0761516447089535,0.0827415045310017,0.0328463488599176,-0.0309701417462641,0.0231677683232678,-0.044920287084012,-0.0690607687847184,0.0817899219300043,-0.0237433444294507,-0.0941470832062704,0.0149877918638272,-1.41110723815326e-15,-0.00643779898609905,-0.0804998737836925,-0.0557701201537483,-0.0824149644067367,-0.060487580453232,0.145169161880602,0.00679412836519818,0.00701356321415366,1.76636929348551e-16,-0.0586691740868982,0.0293852200650322,0.129660784504958,0.0602783207084779,0.0177896175290236,0.011103319601499,-0.156057006009884,-0.00963254556002912,7.5022365750972e-17,-0.0325241949672514,0.00393781286775957,0.160879442804459,0.0131625088403938,-0.0879822928498663,0.000255630376915726,1.50342868210555e-16,-0.143844763773948,-0.0470643636052235,0.145913580747719,-0.0763435772903905,0.0148783797475868,-0.067942853322144,-2.61979644309228e-15,-0.0674044437550684,-0.166001407134678,0.020489550581054,-0.022739026971083,-0.13439573496024,-4.99224708491417e-15,-0.0432887693228506,-0.0512963934293519,-0.0634031730267376,-0.00568636396364826,4.86945281836854e-16,-0.114317929968153,0.0231720062400862,0.0691760888069776,-7.55034625738106e-16,0.063551431083946,0.0864682812196683,0.0417589680388446,1.37822825135668e-16,-0.022782732685104,0.0376486790097628,5.50564302696927e-15,-0.0541516112222042,2.08242642223289e-16,0.0017710492850214
0.0560011182172367,0.078543699522835,0.0542609699669161,0.0879961556859682,0.12389833934708,-0.00210511832530844,-0.0867102435284366,0.0565943831589288,0.00102468934285124,0.0819713467864645,0.116418878973149,0.0765070759995886,-0.0868877965755219,0.0838187639932379,0.00398343685406582,-0.120119313795803,0.0501694034947884,-0.0752766890733391,0.0374261321893663,0.0820381020965876,-0.0589032471984957,-0.00593199057180197,-0.0838971266063728,-0.0899034333768709,-0.00293031135310741,-0.000984368648468393,0.0884650932086824,0.0570162851523651,-0.0244207997617054,-0.0808355642400318,0.0217772757060712,-0.0122868064306103,-0.0373508585646893,-0.0361669360145772,0.0709793302340102,-0.00121832637171708,0.034968685225467,-0.0658182893141784,-0.112579941398016,-0.0117580749351026,0.0267535554417002,-0.0363345072102717,-0.0162651953123851,-0.105946841700136,0.0681744527255515,-0.0836560380359502,0.118396954072863,0.0212410419642953,0.00167886124661249,0.09514249822569,-0.0807102042731397,-0.0198419905425508,-0.0145813369986679,-0.0517457657904248,-0.00737037741086137,-0.0771516749810436,-0.00261530200330412,0.000421695743070615,-0.109108945117997,0.08200994373116,-0.077151674981045,0.0157750534396513,0.0744408352641227,0.0821068123086491,-0.0385666996378355,-2.79514214659168e-16,0.122279201652468,0.0301922975995503,-0.0771516749810411,-0.09848515906073,0.0210312875333693,-0.109108945117996,0.0147936070576962,-0.0148755589318013,-0.0155852013192568,-0.0150188938295932,-0.0771516749810465,-0.00555643109231325,-0.0133663459350445,-6.65303444340255e-16,0.077151674981046,0.0719684182289635,-0.109108945118022,-0.0778075800516088,0.103740857975724,0.0762570448590625,0.0771516749810459,-0.0820378920287459,0.0365205707639153,-0.0608213605369539,0.0670002518939719,0.0727491995305027,0.0872927733814042,0.0019655786689117,-0.00196467292988584,-1.0188708322917e-15,-0.0971525024546036,0.0277030457655797,0.0381539053924008,0.00869269599249246,-0.0624596148654894,-0.137780672376197,0.0296657354946319,-0.0570704685587385,-0.0534900902972354,-0.0439185692095255,-0.0149475477083443,0.0217604595895487,0.101790315945781,0.00496644659732531,0.0771516749810474,0.0469609385895035,0.00789625738135995,0.0624379633763035,0.0146312076150253,0.0262319975961396,0.000213567916555461,-0.0631940601082499,0.113863197635988,-0.109108945117998,0.0439891218679864,-0.0705530263497755,0.0169270375946731,0.0243965301144172,0.0369420360347511,-0.0447601460239273,0.103189104135574,-0.0972403633815252,-0.0771516749810437,-0.0345536750690221,0.05265727412301,-0.0664097167866522,0.00608804668774443,0.00320380789428817,0.0211390219693862,1.05156182580983e-15,0.04101701902141,0.0231195805282772,-0.0575748545832454,0.0118331921382321,0.0662919359805414,-0.0225543045132998,-0.0771516749810478,0.0528838755230732,0.0801922008520365,0.113999785519204,-0.0588833336698665,0.0554645035667765,0.109108945117997,0.016681620884738,0.0195268036346987,0.0682006632685132,-0.0968609309820967,-0.0771516749810471,0.0457950347050357,-0.0291141009951101,-0.0013591693565822,1.24182315708684e-15,-0.0575663960135025,-0.0581129300855908,0.0458373971665346,0.0771516749810439,-0.083881908206423,-0.0749234251602803,0.10910894511799,0.0425289060490807,-0.0771516749810446,0.0285374953024666
0.0226557877076375,0.0267599015646312,0.00893009549288672,0.0445211808162465,0.0526886369147745,-0.0161864139078308,-0.0178230932062695,0.0277903932194353,0.0314612602458479,0.0649376386534151,0.0771027141017272,0.0160630272950278,-0.0544516148083305,0.0267045836775375,-0.0447615433291872,-0.0318325377638512,-0.00936098324206288,-0.0769113417904621,0.0831095247741039,-0.0177208040460724,-0.102769376017903,-0.0268059338071472,-0.0307964611636601,-0.055474395967157,-0.0521423259633335,-0.0501126088207378,-0.0284565379409661,0.0204292000313282,-0.0894992409242991,-0.0452451384194145,-0.0994005680388701,0.0878835680895753,-0.0562374538323477,0.116076773288388,-0.00546852006946711,0.039982202423755,-0.0162892624996472,-0.077159670035716,0.0292775046509463,0.0711100120359542,-0.0641089757506845,0.0258189336089363,0.120507738306946,0.00132437902069356,-0.0631650068661214,0.11454956537,-0.140345679181603,-0.0572803055776832,0.0578170997068426,-0.083894440833211,0.046218247440805,-0.00180304785923301,0.0242539589378375,0.0876498382791042,0.0454687940831724,0.0865619460650116,0.0434186231949577,0.0707418310455402,0.105391147968632,-0.0934330211134456,0.0417541856194865,0.0521985850749693,-0.0935444204791091,-0.132972609262406,0.00332717396112913,-0.054554472558997,-0.0942343630841259,-0.0736067824825592,0.108175502967144,0.0278901892651601,-0.0961080169681872,0.0771516749810465,-0.00220074447232359,0.00212479208447635,-0.00593985013960101,-0.0055493374814318,-0.0142415751433985,0.0396795950843902,0.0405325809013673,-0.0944911182523062,-0.100803521208414,-0.113656758356372,0.0282394729876237,-0.0644928908565685,-0.0886505288307984,0.0834394200296443,0.0664213173476655,-0.0391681759274282,0.0246849764978719,0.0435264021783593,0.121793548298078,-0.0302151084130981,0.143958072048675,0.0493977208520609,0.0972623585581456,-0.109108945117996,-0.126953078026534,-0.0039337292977701,0.0252087786509249,0.112560282287656,-0.048907695714351,-0.138869728995547,-0.00969078840183302,0.0172486520614518,-0.016868452470898,0.0492959383436228,0.0422276003907885,-0.0716928242509422,0.0342468552255751,-0.0140359912347725,-0.0664213173476675,-0.0913807832881206,0.117962652193381,0.0209009146609711,-0.0896392790910017,0.0143534573840616,-0.0679812856085853,-0.0441598924024132,0.0255165956673654,-0.0282394729875832,0.0130057457469227,-0.134009840291686,-0.0128509114842736,-0.00623527263492151,0.0830690545612762,-0.0103241975562893,0.0766196946077362,-0.130376604085874,-0.100803521208411,0.00842918948896743,0.11947388315102,0.0189369917977323,0.0708906785917478,0.0600826155461655,0.130619529435616,0.0944911182523087,0.0627772931234262,0.0507424580120292,-0.0457837837052664,-0.0479309511486071,-0.028316291819757,-0.0539591878596759,0.0142415751433946,0.0746489079166242,0.0475075198663701,0.0937848943676377,-0.108765500690867,0.0128215734890444,0.0771516749810443,0.0274478263600072,0.0271645408817978,0.0802328303411489,-0.139848762615054,-0.108175502967155,0.00812960809140998,-0.0778405837393157,0.0395989962030762,0.0545544725589987,-0.0460483710278093,-0.0317469369760921,0.0346171876089893,0.0417541856194874,-0.0979365801245809,-0.0654341501794957,0.105391147968625,0.0174121044430338,-0.0865619460650161,0.000214360243609621
0.0194379587163289,0.0280325395505529,0.0211030591061011,0.0382968506488331,0.0551431167337658,0.00268411686833454,-0.0413456207812649,0.016962846569027,-0.00500982045829817,0.05613287487898,0.0806097929701031,0.0272892881969639,-0.0334830034413068,0.0600608092772057,0.0069511994230485,-0.053351020014174,0.0232508124876053,-0.0468162819533103,0.0711856799097148,0.0448819657054409,-0.104361544293758,0.00757401706982032,-0.0416256510812626,-0.103907163949097,0.0135552300800078,-0.00234973495403599,0.0721023334582484,0.0115889778394707,-0.0616295073029498,-0.0299421234420382,-0.0890118512857099,-0.0183228398496448,-0.0858965150002834,0.124053389888911,0.0258755058153818,0.0954038746590751,0.0626682146641257,-0.0453131798456594,-0.022368911720006,-0.00783129661962681,0.0135330617869958,-0.0331951142615818,0.0826300869732733,-0.0921597798950375,0.015592887879941,0.10190088346412,-0.142516194154755,-0.0243335913924191,0.130650340159587,0.100787826633738,0.101957095924593,-0.0132389823481251,0.0267177298154467,-0.065083491306761,0.0092649120549524,0.0771516749810509,-0.114587863678754,0.00013580476423201,0.109108945117995,-0.00073345115507956,0.0771516749810433,-0.0627803881661285,-0.0153086476796995,-0.101228197815856,-0.0227658763320308,1.64286420432021e-16,-0.141262703722204,0.0501293372947347,0.0771516749810513,0.0938319081673241,0.0291481290614787,0.109108945117996,0.0159840067458003,-0.0159339698207172,-0.0363905338455205,-0.0366906440217335,0.0771516749810462,0.0247382860643209,0.0300360401494621,3.0580744322012e-16,-0.0771516749810462,-0.104982248430515,0.109108945118034,0.0298548488495649,-0.150505805180971,-0.00912956917345879,-0.0771516749810464,0.108099156798944,0.007040113617696,0.086992510324028,0.0566169325837922,-0.112108199827228,0.100961688568989,-0.00241408757556282,-0.00111850913588532,1.15897690931953e-15,-0.096467049225606,-0.0230404038197185,-0.0574559733706458,0.0234201327188678,-0.0918482392160727,-0.143824606788609,-0.0361325692502851,0.046940845661906,0.0476901207502107,0.063594959478164,0.0333086066647065,0.0167510669629542,0.116183179843675,-0.0339666551469419,-0.0771516749810468,-0.0844119559406866,0.0714794871032349,-0.0663081992558471,0.0267082427850705,0.0183320449883413,-0.121806569920616,0.0179290140738538,-0.144394988926213,0.109108945117998,-0.000419515524356947,-0.0747140432260917,-0.0619836469335924,0.020118626141677,-0.0772643177505109,0.00621727919187903,0.124763893924263,0.102049771996643,0.0771516749810447,-0.00590565427163647,0.0038043604997278,-0.0872038076426906,0.00545111066537975,0.00758080923935724,0.00260676157143379,-1.08407172815139e-15,0.0480307306513363,0.0913110340387639,-0.0829256581053068,0.0511145127529843,-0.104635269088695,0.116254507841751,0.0771516749810514,0.0212294276255459,0.0659246552695767,-0.142806048125403,0.0667408618660019,0.0538981608631979,-0.109108945117993,0.00262516987425874,0.00569598236427962,0.0183876113951418,0.095343014089513,0.0771516749810462,0.0760682168255615,-0.00625177876112976,-0.0658419459809935,-3.66325587646584e-16,0.00458508073036046,-0.014853650237618,-0.0945780960649961,-0.077151674981044,0.107294568480023,0.0379047527362277,-0.109108945117995,0.00962040244546499,0.0771516749810463,-0.000214360243609704
0.0166207191449137,0.0267535764639392,0.0265283836389173,-0.0327530787395639,-0.0526510158684076,0.0162008706551625,0.0520597593761128,7.15540953323604e-05,0.0315630271678057,0.0479690953731508,0.0768738249585414,0.0160509374881383,0.000515814974469629,0.0754323925967749,0.0444807794646291,0.0317979543922188,0.0260054937185496,-0.00509128505207784,-0.0638110940827772,-0.0510894563819624,0.101228010633186,0.0269087239187661,-0.0813021264637074,0.0710028873857293,-0.0530413300655092,-0.0671481845677316,0.0546661177473678,-0.0193067425955197,-0.00126533978953114,-0.0449922313965571,-0.0747664202586138,-0.0589457192475591,0.0626591999341316,0.115498803581532,-0.00665232362004079,0.112761378647307,-0.102833190177961,0.0402994158878406,0.0133575363845559,-0.0595937648216361,-0.107818836226937,-0.0042593058877008,0.014792081326775,0.0164709620071264,-0.053555608707925,-0.0870257611982196,0.138421179294114,-0.0817988353982619,0.0700978983966513,-0.00163348633328291,-0.123038185781938,-0.104326663959342,0.04108813768484,-0.0017203262815213,-0.0585113957271022,0.0664213173476642,-0.0640541217345038,0.0689317854781249,0.10539114796863,0.104463719072925,0.100803521208415,-0.0315853104574568,0.0607764004139227,0.015125944591501,0.0724455435461014,0.054554472558998,0.0778389558908607,-0.107170863087864,0.0142415751433851,-0.0682530355396797,-0.0828242470194942,0.0771516749810456,-0.037505690275576,0.0374876144732171,-0.00487204299241307,-0.00508416465161123,0.108175502967155,0.0568969727356555,0.053096279747491,0.0944911182523068,0.0417541856194889,0.00580721349546456,0.028239472987581,-0.0760943881134987,0.044344741847069,0.106075659266402,-0.0865619460650158,-0.104606453528325,0.0837134187719103,0.0754524534462368,-0.0550154988971384,-0.124591713841087,-0.0725239252632785,-0.0323273908076258,0.112965661684443,0.109108945117996,-0.0240316470810314,0.0837368813940228,-0.131100902637543,0.0459828515611784,0.0505441969168615,-0.0276079697885451,0.136292744557793,0.00788584151793042,-0.0671549126468175,-0.00681488578804514,-0.0870957346072406,-0.019880648223123,0.00756463434279478,0.136958811653189,0.0865619460650153,-0.117610227579665,0.00253444366702685,-0.00029617173414284,-0.0194774972009358,-0.0843416719389189,-0.0162901038652916,0.0714217508651214,-0.040113301086936,-0.0282394729875804,0.000396032557347464,-0.0287531800489904,-0.0624257731587464,-0.0826424937134481,-0.0183920872919687,-0.0799633312278617,0.00694249038778554,-0.0561942960089741,0.0417541856194913,-0.115276396652867,-0.103113079212274,0.0269291338421847,0.0382965564799567,-0.0855898086826664,0.126959988652947,-0.0944911182523072,-0.0317629902707586,-0.11807399096844,-0.033082322721415,0.000612693081292604,-0.142912911138628,-0.0748937658964534,-0.108175502967161,0.0530797024918584,0.0706435116860378,-0.0983541448461568,-0.000906263097702267,0.0467168853541555,0.077151674981048,0.0052475497445488,0.00749927235030186,-0.0645890223442805,0.0136977559203934,-0.0142415751433982,-0.0873897947383966,-0.0724836370245679,0.0582816887761896,-0.0545544725589983,-0.000801116677358698,0.0145562565825169,-0.11913394802934,0.100803521208416,0.101267794464224,0.0309864015389225,0.10539114796863,0.0090543402750065,-0.0664213173476658,-0.0636837529118747
0.0145632346523923,0.0248797960823504,0.0279103638318536,-0.0285601399739145,-0.0488222794526948,0.022700998039278,0.0548432766905206,-0.0106907165375426,0.044746856602182,0.0414614139484289,0.0708898357902114,0.00463999644617627,-0.0213207400664782,0.0796065743497129,0.064614312017787,0.00868070392009519,0.018693288860985,0.0281537321538776,-0.054491898362573,-0.0363910221854076,0.0942345899216367,0.0270166190019662,-0.0534788031835033,0.0917633315006111,-0.0536026177608802,-0.0939379226131186,0.0294310205679685,-0.026604280950841,-0.0513074315013234,-0.0603789805165344,-0.0633735021611637,-0.0534085529169886,0.00711007753706144,0.103891704271315,-0.0170766195333132,0.12440992041428,-0.0651620077457452,0.0494149119192302,-0.0110956036533849,-0.0985274774577336,-0.104646305771222,0.00375237995252099,-0.0462615210153122,0.024726806917663,-0.0286593825458606,-0.0720470400464118,0.124384205528528,-0.109097760952158,0.00795177740198421,0.0026558895611353,-0.134225970913096,-0.0905662548419186,0.0705598824071962,-0.0117928595716627,-0.0549002304927675,0.0545544725589944,-0.0181859695475258,0.118064549198995,0.0944911182523096,0.117264980570682,0.109108945117995,-0.00346955519036868,0.082584399931978,-0.0679980873698782,0.0645905143212695,0.0944911182523075,-0.0136011352602356,-0.088299175774658,-0.0545544725590096,-0.00741953154277287,-0.0728926415270926,4.57726165133644e-16,0.00420677257993689,-0.00409288940287887,0.0337612022935763,0.0338901184017872,0.0545544725589977,0.0776406655938021,0.0783542012607119,0.0944911182523065,0.109108945117997,-0.0950226094526745,-0.0944911182522728,-0.0177872149002042,-0.132186272334607,0.0558785940755902,0.0545544725589974,0.0981673087242572,0.0736924219538191,-0.0759557119624632,-0.039297814034996,0.111799018351351,-0.0818784831779082,-0.0632005655732682,-0.0188850364758822,-7.53580704207472e-16,-0.0143266884456795,-0.0784143712225788,0.0919533394139496,-0.0325230969958965,0.107887724234618,-0.0334661124824662,-0.127103682790808,0.0134838406453207,-0.000890807551543733,0.00181208045085261,0.0291974732062175,-0.0935714747121325,0.0533887981181383,-0.132792153982179,0.0545544725589961,-0.0531777319156595,0.0450473701741935,0.0264923203884099,0.0626316256321882,0.099880755461292,0.0164147562110345,-0.00900751588425696,-0.118493439783792,-0.0944911182523063,0.0443024254606726,0.0495136575788584,0.00737880124912621,-0.0438384901536454,0.113156508193956,0.0120606153002236,-0.0095119329922528,0.146016105965153,-0.109108945118,0.0431196661773189,0.126589753885125,-0.0451354246172853,-0.0870687260418692,0.0161860155396308,-0.131867851592702,0.094491118252307,-0.0309626210201007,0.0964405179091567,0.105741149113482,-0.0671533945550071,0.0820469060269386,0.0428622441325052,0.0545544725590011,0.0205279870513046,-0.00807370874671874,0.0116174987912579,-0.0144371005178079,-0.0155817552371736,-3.57415314864773e-16,0.0467031913826401,0.0457293003333061,0.0573725959894797,0.0590171960476387,-0.0545544725589979,0.0746957873916805,0.109472055138444,-0.0667638530805828,0.0944911182523061,0.0569846392023403,0.0412246258164122,0.124982526841646,-0.109108945117998,-0.101627689923418,-0.0543280571091568,-0.0944911182523109,0.0199517670905575,0.0545544725589989,0.0333258043220699
0.0302376480169465,0.0505136042595094,0.0540378208486267,-0.0534616642249998,-0.089386039778232,0.0393889338441285,0.0957674796270416,-0.011050891598016,0.0699840226812451,0.0641157053236632,0.107299793821178,0.0219017135083379,-0.0197816904290592,0.115046540053949,0.0836808058062962,0.0389548986052946,0.0486018343308228,0.02024229455195,-0.0618707172456254,-0.0870469381485015,0.104037679551101,0.0598441573763892,-0.0879337402505372,0.082138157277878,-0.108186237311964,-0.0970259353596668,0.0834531496172257,-0.0511458241115941,-0.035687949476238,-0.0971175377535027,-0.0397959611097988,-0.111221848509108,0.042980441032792,0.0591067282607661,-0.0244702207513543,0.0747936602508061,-0.118656418659334,0.0929050913799104,-0.0294267993705698,-0.0450731776508579,-0.167113929677996,-0.0115502699332132,7.53039209650177e-05,0.0429261295801497,-0.0462052594848204,-0.0134485676355882,0.0240336142949379,-0.166001978602765,0.0361321258586721,0.00660925871431073,-0.0158011557608432,-0.125510629142963,0.104927705895245,-0.0216271046573852,-0.052766600764645,-4.58072388738484e-15,-0.0174246695548462,0.0153712376895903,-2.08913779431905e-15,0.147065722257881,7.42960248550532e-16,0.00858477607818851,0.0994961720481407,-0.00635641131683844,0.0728015467330021,1.14891773004023e-15,-0.0029599780543395,-0.07142800798743,-9.7636202029428e-15,0.0106269185702881,-0.0448350228660678,-6.3702129593822e-16,-0.0540240318664445,0.0541791849295446,-0.0233549323728728,-0.0230611026181196,1.00879316145619e-16,0.00245476771644039,0.00446552710117252,1.7915793398168e-16,3.44831625169541e-19,-0.000168818059896191,4.60414122723588e-16,0.0399055744658063,0.00847494562707124,-0.0665089658729259,2.90147132416324e-16,-0.0152917726969073,-0.0738739253160837,-0.028730900582763,0.0379695220108541,0.0253519490138938,0.0662401765559818,0.0589542772592591,0.0217844726141529,7.36882732027807e-16,0.0160518663466435,-0.0364469040176802,-0.00920928549714921,0.0375348049935641,-0.0883581692086875,0.02262061703113,-0.0351105064936962,0.0433885521199095,0.0686033422340841,0.0590383550282191,-0.049983934261572,0.102104853743854,-0.0228077983078253,0.0125213163986983,1.38220744553556e-15,0.0126418616210461,-0.0969542843934916,0.0768636875612937,-0.0279018076045542,-0.084613789989143,0.0893156318455634,-0.0915362038801227,-0.00480031898947229,-3.07683806192298e-15,-0.144304291108624,-0.0429296353906198,0.091490799792269,0.0946420705018926,-0.00926494968013199,0.158155073761685,0.0530579238847739,0.0057215584868897,-1.10061725772647e-15,0.117437354970888,-0.000371512261666436,-0.0243250831293263,0.0493431146852509,0.0751482520887728,3.67138902115181e-05,-9.39483741203046e-16,0.0789625757707671,-0.0295207256748029,-0.128587297780514,0.15472594405847,-0.00992168609612877,-0.0638658087227183,-9.7085810397956e-16,-0.157359896613536,-0.118026576269746,-0.0203261040216053,-0.0850696142623899,-0.0532823386143744,-1.19663221527273e-15,-0.0860761942986041,-0.0879445095603972,0.0793935767302952,0.0266963009925487,-6.16018655422588e-17,0.041510461607011,0.0244395734107202,0.0201535007734211,1.61209127764875e-15,-0.105433561623355,-0.101354279934675,0.00991076204105678,2.94721910390288e-16,0.0184228513471706,0.0574558888176933,6.60116495278196e-15,-0.0557348320823094,-7.36095318522849e-16,0.0303579485898045
0.0483003373829002,0.0761205224342736,0.0717165603359188,-0.0757956514284142,-0.119797402508041,0.0370952983774593,0.113701826573042,0.0128352052464003,0.0604356137895635,0.070358513983209,0.111873945294303,0.0566323782130471,0.0171575155883461,0.107760055466065,0.0601276704923244,0.0861242451229764,0.0755075567665308,-0.0119246405928615,-0.0358087067476081,-0.11750839560879,0.0567979994604,0.0614298110476318,-0.0904307063658976,0.0212797635717578,-0.0986589942899496,-0.0527674904086722,0.0953748083087302,-0.0206757230885386,-0.012265399640551,-0.0370188022924014,0.0229046661745122,-0.0871077150643858,0.0316777271894898,-0.0370214685182992,0.0288047409042168,-0.0335965330347992,-0.0677884533532301,0.0422280909159259,0.0261877925526101,0.0164862786122541,-0.0847721234282569,-0.0668026263760068,-0.0136044648921886,-0.0118604417730801,-0.0720106688863453,0.0723452214908669,-0.109885796493576,-0.0761733241233587,-0.0550677023668317,0.0442653385895019,0.113916235487913,-0.0586051772182761,0.0443020577412744,-0.037274136205659,-0.0361197786503594,-0.0664213173476721,0.0893503871294083,-0.0506587460651274,-0.105391147968631,0.0329377515611739,-0.100803521208415,0.0656557060369336,0.0163231837281989,-0.0318076788778414,0.00234300079775465,-0.0545544725589969,-0.0973488363507937,0.0720424955534423,-0.0142415751433901,0.086075963300454,0.0749763657083556,-0.0771516749810465,-0.0348477027136613,0.0348619245610499,-0.00226512864495448,-0.00190449795459166,-0.108175502967155,-0.0214029138154949,-0.016766871540783,-0.0944911182523066,-0.0417541856194889,0.0439160668735382,-0.0282394729875987,0.0859046820922225,0.0281343428042297,-0.115299634905536,0.0865619460650158,0.038458797154556,-0.079710557932655,0.0395560148066925,0.0664160277539466,-0.0564221933641324,0.101162735447117,0.016677004585226,-0.0675985154235515,-0.109108945117996,0.0213887264330762,0.0743502900668263,-0.0397430955035276,-0.053966252430079,-0.0876822514522492,0.0376459878676009,0.123229367148909,0.00628868370898675,0.056387927351468,-0.00375844129162362,-0.00587374403029824,0.0354922338280743,-0.0445814073952689,0.127540409573601,-0.0865619460650152,0.109967960869092,0.0209323717398808,-0.00194479121379973,-0.0370442211998641,-0.0839542944863596,-0.0491155254130207,-0.0254838532176819,0.0554119847748576,0.0282394729875818,-0.0108617480581248,-0.010020848668558,-0.00987688170831664,0.0436766093522171,-0.0543500961273336,-0.0560845171342046,-0.032275956561563,0.0229612317188395,-0.0417541856194893,-0.0791251309274262,-0.0152116081241785,0.0636870715660208,0.0566931598868326,-0.0467721711691695,-0.089210076060809,0.0944911182523061,-0.0144606348701798,0.0266031924585293,-0.023978490051576,-0.0260495542770895,0.116959872869586,0.0556096547218714,0.108175502967157,0.0689616226488856,0.072315690979758,0.096931097858708,0.0641374455082795,0.0417058646374174,-0.0771516749810453,0.0267138217734698,0.0285457013754313,-0.0507926746870906,-0.0399674127744602,0.0142415751433986,-0.0200569266944125,0.0282244148473876,-0.0185924445504494,0.0545544725589966,0.0669587450593816,0.062611001269497,0.0785856223534615,-0.100803521208415,-0.0923881075766374,-0.0753957614344567,-0.105391147968635,0.043688091108098,0.0664213173476657,-0.00591767843001515
0.0646687383663243,0.0976880055947991,0.0825635506394185,-0.0791431143520269,-0.119661899727824,0.0260153565012627,0.10131795046449,0.0449079911076741,0.0321093644573816,0.0339292383835532,0.0513911170808461,0.0954655791664415,0.0550792678177872,0.04367985310706,0.0141237989785857,0.117667030753986,0.0998497888052007,-0.0225896421282231,0.03044262070422,-0.123542530198573,-0.047669713319806,0.0540351391856084,-0.0310298234773935,-0.0593410522415877,-0.0667482312048836,0.00499532304833046,0.0597995296312053,0.0213851448151517,-0.0226116425239725,0.0324373898160814,0.0634387465257039,-0.0318482500258166,-0.0410989956418321,-0.0931317861256268,0.0901580428035573,-0.0956999581774192,0.0389396594018009,-0.0157516474727419,0.0901281583404636,0.0356081143572648,0.0190056475205037,-0.117957413989502,-0.0520500448014047,-0.0635805316040107,-0.102800223013691,0.0318821081389709,-0.0427823146488342,-0.00299664924479843,-0.145575930360311,0.0853436011230368,0.0551528283215716,-0.0146155760569069,0.00992157077346687,-0.0615473560133846,-0.0709693642663752,-1.09574181805035e-14,0.18048630218396,-0.00740757549909146,2.33891728364245e-15,-0.0432497917238431,-1.00808166452456e-15,0.11131154884068,-0.0376106716569954,-0.0437447160379818,-0.00872645657757304,1.04619297669033e-16,-0.0791278697698118,0.0973745828211146,1.27591145948087e-14,0.051859984111385,0.0928937546975831,1.30180149696889e-16,0.00827739266466026,-0.00824429782847504,0.0484624635256249,0.0488473908826523,-9.08034769365929e-17,0.0563799188101132,0.0566949890635498,-7.81046051328981e-17,-1.37734045427021e-16,0.0686816371682718,-2.456159145731e-14,-0.0191837064175587,0.069630979492289,0.0653223491580502,-5.5140952435639e-16,-0.0303238563145265,0.121394922541959,0.0702595429184767,0.0180524114749689,-0.093400200680243,-0.0022923293065936,-0.138260344380273,0.00526011061829282,1.3414576761303e-16,0.0114095204221019,0.0112403450516635,-0.0632407025282598,-0.105778952666751,0.0680888015435022,0.00289011008657042,0.0190712445666139,-0.0385960200977305,-0.107941910322392,-0.111809549623263,-0.0200229807058716,-0.140027325740966,0.0248782782247193,0.0192840277211562,-1.18604559021798e-15,-0.0210508881780625,0.160953249946539,-0.00288690182614796,0.0528262925263543,-0.00996915957400267,-0.125399455841744,0.0529479302533924,-0.0115903681459858,1.09990900417538e-15,0.00557177381146723,0.0593338256682929,-0.112637105425449,-0.119713501167033,0.0750827200226536,-0.0212104636186425,-0.0343270081543288,0.0211506219317508,-5.28621400825765e-16,-0.037709610568479,0.0650845618362466,-0.0124184686726216,-0.0522450671082404,-0.068769452306531,-0.0236951303960162,-5.21203241384397e-16,-0.0669377743821137,0.0358657916100504,0.049331047005426,0.0223092078239765,0.0114530816424443,-0.0229774618935199,1.19664283098315e-17,-0.0607990503072054,-0.0618717148937629,-0.014193248708818,-0.0871607217308219,-0.0342464919878434,-8.76762578437633e-16,-0.03541571726451,-0.0369005999325529,0.120622983984558,0.0428808702988137,1.79991367169788e-16,0.0952895612397743,0.0583963150861079,-0.0122558821257072,2.14248692489267e-15,-0.115241715035264,-0.12001178388407,0.044343446996678,-4.09747793547464e-16,0.00872476023634124,0.093165585262016,1.08916487186854e-14,-0.0995533558314851,8.37532639908638e-16,0.0098864480906596
0.0389357426429286,0.0675234909587494,0.0782546166833406,-0.0618274445840992,-0.10697384863777,0.0684992229924346,0.123376662184542,-0.0411715470574233,0.106914740012587,0.0589270960183194,0.10138641244807,-0.00383675072629595,-0.0625026828298668,0.115496950714893,0.0972165738838794,-0.00265022184922913,0.0334809644293822,0.0507026091871843,-0.0322628896643888,-0.0560948609227189,0.056493839390018,0.0611512437985791,-0.030466263445094,0.053529075109512,-0.0977261207421713,-0.0576470589862076,0.0489848062970464,-0.0725974781421273,-0.0307227095325768,-0.109475244294591,0.0130310962468768,-0.0855801363279769,0.00773514843421704,-0.0332009658411529,-0.0658294210211209,-0.0200495987020055,-0.04813678877082,0.0899389969831507,-0.0985522353700949,0.0354057131459567,-0.0779346978792872,0.041438909793705,0.0452425211148677,0.0662405486879832,0.053256143855756,0.0576019798594685,-0.102009858731896,-0.0833950126122023,0.0530529164135554,-0.0314509112396949,0.11106194549219,-8.3688194441902e-05,0.0552157821982574,0.0074109871455209,0.0441100927656367,-0.054554472558996,-0.0412244505027049,-0.106547094359962,-0.0944911182523124,0.0240468908158678,-0.109108945117994,-0.0148688928607394,0.0205707264259661,0.0731701801897687,-0.0101237279980132,-0.0944911182523062,0.0281791633379982,0.00959725804767673,0.0545544725589989,0.00571463091113631,0.0145729160547188,-1.67772529390303e-16,-0.00746411676510296,0.00756799658801939,-0.0567201396078144,-0.0566131117003271,-0.0545544725589976,-0.110404431740084,-0.109744001787022,-0.0944911182523065,-0.109108945117997,0.0452118625102716,0.0944911182522903,0.0277108074800406,0.0630297080375147,-0.0697002309855538,-0.0545544725589974,-0.0353296294328,-0.0919725642001129,-0.0443269263576578,0.0345608310729832,0.0714721268356822,0.0575111547086737,0.0821622811042065,-0.0260135336321881,3.96260469841457e-18,0.0168460532771983,-0.0793064116422299,0.0793171127399196,0.0379259133041218,-0.0636901832329519,0.0211870859886261,-0.128717398905206,-0.0323325605830651,-0.000153330397095043,-0.00150396208930779,0.0740516217761613,0.0547653910150721,-0.011067118537266,-0.134704762961319,-0.0545544725589968,0.0573405013455492,-0.0334299579850215,-0.0526956590036168,0.00476713120034229,0.101539737332776,0.0057981582670511,0.00855216023984497,0.105591573413981,0.0944911182523066,0.0450734661244765,0.0130500786982613,0.0127661034234891,0.0285529168252141,-0.0342156365159208,0.0138797040334214,-0.00284829921056717,-0.116971808803119,0.109108945117999,0.0532932760976429,-0.00795146045077364,-0.0249428041651375,-0.0546844683604784,0.0446192551418895,0.0940827905633467,-0.0944911182523049,-0.00296288792100761,0.0254338481775839,0.0839270421335472,-0.0821070113082855,-0.0445011463835999,0.0534359980976702,-0.0545544725589956,0.0522195282931012,0.0222327513981299,0.0174586064641243,0.0672338585597998,0.00168688981681012,-6.86417087130613e-16,0.0490902309417114,0.0488375884997134,-0.0610021927673063,-0.0735813394435698,0.0545544725589975,-0.0339792045215455,-0.106086372054586,-0.00692445595351866,-0.0944911182523073,0.0601475005262962,0.058734098244496,-0.102138547218177,0.109108945117997,0.0583101868811482,-0.011565266283707,0.0944911182523035,0.0351531624747381,-0.0545544725589977,-0.0244402701597891
0.069026035155724,0.109481686611301,0.10479691365324,-0.0612191600862697,-0.0963654960584701,0.0572974536469196,0.0905330540172145,0.012924431743842,0.0463887452218261,-0.0160788091220935,-0.0266479007941517,0.0766475698812774,0.0169279563286156,-0.0281644192561094,-0.0200239245429924,0.071972824104473,0.107935877018171,-0.00275046193378466,0.0791749116431462,-0.0947714485099143,-0.125608572819988,0.0949844409364093,0.0560706633102347,-0.106663018559689,-0.0750533816810083,0.0682293572547261,-0.00313013213020147,-0.0447508373193718,-0.00998533612517934,-0.0169953755901222,0.0561788535035585,0.0191088008119611,-0.0812302496671602,-0.0884232718058992,0.0205094290326976,-0.083780067616401,0.11751055252163,-0.030388947303266,0.0202431296093243,0.0430079990244167,0.109510706199625,-0.0721138939439314,-0.0201875603961859,-0.0415400897587289,-0.0481761807497751,-0.0361741277213088,0.0627225908087271,0.0712230841256101,-0.0862642020060004,0.0472087792543655,-0.0395098726605617,-0.0121754438167209,-0.0297362080469647,-0.0341742153610757,-0.109082295707121,0.0664213173476568,0.117857153113638,0.0352977844739209,0.105391147968633,-0.0135529771041378,0.100803521208416,0.0797124916015182,-0.0107248590370221,-0.0129459344852858,0.0926811159799656,0.0545544725589982,-0.000285245980227819,-0.0615973848299217,0.014241575143391,0.000965820090670671,-0.0283037810182108,0.0771516749810468,0.0327352159013099,-0.0326884225835368,-9.68655310589489e-05,0.000358168178735692,0.108175502967155,0.0495464506991372,0.0494431063376144,0.0944911182523067,0.041754185619489,0.051157543656823,0.0282394729875651,-0.00898346784267173,0.0834313314196405,0.0169745486505515,-0.0865619460650154,-0.0919833168124837,0.0246783678333901,0.0059765139863982,0.0909002281472678,-0.000973664309859311,0.133438918614644,-0.0236345923932842,0.0732673606173977,0.109108945117996,0.0646922581619291,-0.0765383563956737,0.0186022950913171,0.00337342558747978,-0.110176535260269,0.0873938304385441,-0.122361672386185,0.016122167240013,-0.0273528790085401,-0.0122564648709801,0.0328875043865314,0.0443399546486064,-0.058212407475118,-0.119250841395267,0.0865619460650157,-0.0366895941113203,0.0198044381961866,-0.00181298239201433,-0.00194698399446371,0.0680241468812499,-0.0418657471603202,-0.0572695226322913,0.00539151648168353,-0.0282394729875851,-0.0115753740678157,0.04179059148611,0.0179052009841404,0.0804559791234084,-0.0461648472441041,0.0880044268859422,-0.0447858919717737,-0.0471119092496137,0.041754185619489,0.128595758248978,0.0306780292546843,0.0151624491032126,-0.0123148503857812,0.107455334896446,0.0691064402776159,-0.0944911182523052,0.0427742959006997,0.0791510619510328,0.0356337956482569,-0.0271535890607311,-0.0612496124281683,0.0889405161914576,-0.108175502967149,-0.0266846962764977,-0.0549795185170806,-0.0257145147055252,0.0645407705301003,-0.0424750539815145,0.0771516749810446,0.0172580638682547,0.0150324795363443,-0.0220478555363409,-0.0228865905250278,-0.0142415751433988,0.018835190792464,-0.0621612021255087,-0.0445302361885054,-0.0545544725589993,0.0673152755218905,0.0561328576501956,-0.0699719809494612,0.100803521208415,0.0338907666337006,-0.0367563507228214,0.105391147968625,0.0549786687561561,-0.0664213173476673,-0.105266710294641
0.0570957992186132,0.0985480892180901,0.113058271113995,-0.0491169865422619,-0.0852458901943945,0.0968069045314516,0.0989691078837426,-0.0545026525288644,0.0870005153671341,-0.0157837903551795,-0.0263526577473221,0.00194923020338313,-0.0530140608453986,-0.0279491396240072,-0.0192143932140343,-0.00651349853660926,0.0567911143654388,-2.86631846309469e-05,0.0659281182907766,-0.0398993324340688,-0.11331102420787,0.0948404166554491,0.065899210076941,-0.111822734684607,-0.0738707116088382,0.1116232285935,-0.0040480602676229,-0.105772473859394,0.06173008741688,-0.0826040700228532,0.041234958024858,0.0106587505878845,-0.00507676858431025,-0.0794371239706856,-0.087123617279603,-0.0754172220700385,0.0692810919270449,0.000896402484422153,-0.0936142271945715,0.0792545657544617,0.11063142940245,0.0461180510598403,0.0658308348399992,0.0216843822170864,0.0660107689971862,-0.0322392095866296,0.0530947085868067,0.113192359739272,0.0495140425453804,-0.0362366588620415,-0.0563151025256107,0.040222087030255,-0.0719287325452048,0.0286609858207586,-0.0243493748982606,0.0545544725590005,-0.0331309326454685,0.0406769904132816,0.0944911182523098,-0.0281409351780418,0.109108945117998,-0.0133247955379989,-0.0161827891802051,-0.0116220478522738,0.0704193259542271,0.0944911182523064,0.011218825081081,-0.100510013168378,-0.0545544725590111,-0.0035373735918395,-0.0763227211906543,-3.22925987958991e-16,-0.0150444590228396,0.014943128451543,-0.0717452881395227,-0.0716956332976382,0.0545544725589982,-0.0135881053255632,-0.0120379109493409,0.0944911182523067,0.109108945117997,-0.0732793933692499,-0.0944911182522804,0.0055305132925469,-0.101803877455182,-2.0763888885109e-05,0.054554472558998,0.0870830022981846,-7.96170751642473e-05,-0.0105234544272407,0.0520500036359927,0.021716882877798,0.093950507804027,0.00335246489094055,-0.049562788933072,-6.82645593449077e-16,0.0426618538165894,0.0619914028931418,0.0383940268063324,-0.00262972529948108,-0.11170473755117,0.0814909369414701,0.100315523475319,-0.0155184863185935,-0.00126414924470647,0.000755665273201675,0.0610575237621402,0.0964086149043036,-0.107270408535618,0.104578430317976,0.0545544725589975,-0.00897104572523474,-0.0534779237518958,-0.0644858507546134,-0.1080911584811,-0.0784391650136204,-0.00150709549843576,0.012560881934214,-0.0421673291707367,-0.0944911182523059,-0.0347567461007879,-0.0761704493307991,0.00948222793262317,0.0480628803696602,-0.084575020289029,-0.00785277379308055,0.0142916117886169,0.0651072971496758,-0.109108945117997,-0.0244056775425738,-0.0642892009784264,0.0563884206743669,0.102207954702818,0.0154530629487015,-0.0703537307587922,0.0944911182523058,0.052829827294538,-0.0174862200552017,-0.106611924681439,0.0388992244277689,0.0578096719801189,0.0343605049060055,0.0545544725590003,0.0152293737852486,0.0367810718567403,0.0319453905030349,0.073658972741488,0.0297642425687487,5.30914382510657e-16,-0.0350660119931845,-0.0335637634028201,-0.0865354000534611,1.19002964304777e-05,-0.0545544725589981,-0.0672219572675446,0.0304230478800864,0.0227882539305055,0.0944911182523064,0.0347869502533578,0.0403874137671663,0.0537121145744259,-0.109108945117998,-0.0684174696262757,-0.0793112454084237,-0.0944911182523152,0.0600326090947787,0.0545544725589983,0.0237716876728658
0.0679433783584666,0.113503038481373,0.121421881276202,-0.0296689853165887,-0.0496055096700222,0.0885061309599466,0.053146941608537,-0.0248311280236351,0.038838202503144,-0.0514168035567889,-0.0860477537092868,0.0492127035396635,-0.0109780099700346,-0.0922601618430442,-0.0671067959386092,0.021618337765666,0.109207330444626,-0.0162330598604875,0.0496164629005863,-0.0483074061988095,-0.0834317411775911,0.134468601026416,0.0705173845573682,-0.0658696878706031,-0.060038832176184,0.0778087589167062,-0.0669242298498217,-0.114923623594068,0.0286195133984935,-0.0538961673446117,-0.022085092242093,0.0891929973654276,-0.0344676375657287,0.0328017595093895,-0.0549840869267551,0.0415073499847634,0.0951550597183807,-0.0745040986259417,-0.0163306416119946,-0.0250137264763681,0.134014966387423,-0.0259532209573448,4.17905232922693e-05,-0.0344240831623691,-0.0256419844963116,-0.0302186571763929,0.0540030411243817,0.133123250859812,0.0200518170749022,-0.00530021396870053,-0.0355048747097715,-0.0696531443062882,-0.0841454868888169,0.0173435913409739,-0.118565475675698,-2.30470044425158e-15,-0.00966996206839907,0.0345388575724051,7.40241071478342e-16,0.0816153185183135,2.23313248363708e-15,0.00476419129673904,0.055216209789678,-0.0142827265817809,0.163583590628138,1.52899710535392e-15,-0.00665101031555352,-0.160497277081923,-2.1273144787048e-14,0.0238784692778049,-0.100743381912261,1.57185123487786e-15,0.0433239097940248,-0.0434483328901504,-0.012961009644676,-0.0127979464328269,-1.01462264515126e-16,0.00551581299070655,0.0100339483161825,2.67047837906454e-16,6.14674412263551e-17,-0.000379330737325838,1.02804144555538e-15,0.0896670118992954,0.0190430299666433,-0.149444289780806,6.15252335665739e-16,-0.0343603013546343,-0.165993203431795,-0.0159444469206069,0.0210714950114009,0.0140692702695251,0.0367605246506411,0.132469058553455,0.0489492656417426,-1.14461153694933e-16,-0.0128725973534732,0.0292281476850348,-0.00511076787735671,0.0843399412500473,-0.0490350845387103,-0.0181403264044481,0.0281564400805232,0.097493191648265,0.154150310746834,0.132657979585439,-0.0277389907921807,0.0566639189107392,0.0182904341336832,-0.0100413161220692,5.90040495449302e-16,0.0284060052155079,-0.0538055685648809,0.0426561284743622,0.0223755124152575,0.0678549911617595,0.0495664362152163,-0.050798760723682,-0.0107862188606952,-8.58563024824808e-16,0.115723056478571,0.0344268946040821,0.0507735633558996,0.0525223866626113,-0.00514165916837072,-0.126830521758492,-0.0425491513466621,0.0128562252215171,8.00145267326144e-16,-0.0941774465442624,-0.000206173750789875,0.0195072020879965,-0.0395701056682484,-0.0602642191297619,8.24953624762605e-05,7.59961253964435e-16,-0.0633230692269279,-0.0163827667783115,0.103119006435377,-0.124080573248515,-0.0222938262924979,-0.0354428499130108,-4.87892163822399e-15,0.126192839196741,0.094649965338558,-0.0456723411595828,-0.047210074228449,0.0427291179867987,1.37175752610494e-15,0.0690277483625199,0.0705260208733348,0.0440601110419771,0.0599860438249553,-5.10474286688307e-17,0.0230365682355112,0.0549152229774443,0.0111843491442388,1.073147457067e-15,-0.0585112124178167,-0.0562473818716087,0.0222692801635509,4.28744006026661e-16,0.0413957712194121,0.129102210286816,1.38190198040992e-14,-0.125235030905568,1.46251548181365e-15,0.0814950226217753
0.0768502547140625,0.121674315363796,0.11595747162658,0.000979159551791413,0.000663843914845463,0.0624579511256858,0.00145768609296674,0.0160767932471211,0.0046666487184523,-0.0788125660083458,-0.124716058720643,0.0866703580297911,-0.00711999781169531,-0.118744517759951,-0.0638655389614972,-0.00653094052986381,0.120161876932958,0.0163961748181063,0.000713965876117647,0.00120669949519398,-0.00111844791272279,0.103510445355385,0.0816483758124924,0.0326580783967743,-0.00913394696031692,0.0279355476234004,-0.117193348389287,-0.045088947579031,0.0208361466675058,-0.0285173144764607,-0.0849599556768173,0.0980169596066872,0.00557790792685712,0.131974907083784,0.0292666007778834,0.127713242464502,0.0193173819710687,-0.0357929746445654,0.00170287227043902,-0.0669308490501637,0.0449352519227492,-0.0875608184533502,0.0208466377942472,0.0378427396013592,-0.0215078461171084,0.00318725442730883,0.00139583232838981,0.0554607518013463,0.0946053315196469,-0.0813968703258833,0.0190130364037689,-0.0782449064207679,-0.0387414119329634,0.0654453463170018,-0.103552022994895,-0.0664213173476654,-0.103818784921298,0.00576136238501234,-0.105391147968632,0.0898050405932943,-0.100803521208414,-0.0608048485112555,0.0535119002372451,-0.0245375822107592,0.0753672177523969,-0.0545544725589965,-0.0435530574842089,-0.0173353405318148,-0.0142415751434015,0.0390819350663203,0.0106697517796865,-0.0771516749810453,0.0252877002502767,-0.0253314029361272,-0.00386396590920144,-0.00423658332446331,-0.108175502967155,0.03020797574761,0.0321883329179845,-0.0944911182523067,-0.0417541856194892,0.0605696531622508,-0.0282394729876045,0.0310269983193364,0.0794276934879388,-0.0377006337768715,0.0865619460650153,-0.0566491178930861,-0.0156840211710515,0.057848370729478,-0.0845734119480844,-0.099481475514587,-0.117545578009816,-0.0115315062387548,0.0286716917096913,-0.109108945117994,-0.0625728003615999,-0.0502377119454284,-0.113413561178027,-0.0213119645082016,0.0895664698859512,-0.0954436959288274,-0.0857589022671749,0.0157277018372863,0.00315968265636477,-0.0115015854204705,-0.0844816725923598,-0.0356761782623658,0.0878975546436222,-0.0928610651974859,-0.0865619460650136,0.0195175766864946,-0.00678133815193278,0.000569341780344731,0.0472738828726,0.0669387393789248,0.00556836130802811,0.0827631325027376,0.0289843137288118,0.0282394729875854,0.0199682262600878,-0.0106962346883296,-0.0580301472741251,-0.102080413523648,0.00579598100977166,0.021097476590654,0.0651017544752627,-0.0275621083793511,-0.0417541856194885,0.0273021626157618,-0.0963432767187142,-0.0878310036955358,-0.0638609876821465,-0.00130926846741821,0.0157168433590325,0.0944911182523056,-0.00570582661448827,-0.129913525432617,0.0101254233501268,0.0475523679340727,0.00293366478313567,-0.0996423905078675,0.10817550296715,-0.071184847681493,-0.0596648607811928,0.022516957149591,-0.0294501116498502,-0.0284344859403655,-0.0771516749810471,-0.0428890937766306,-0.0439383041531067,-0.0419841555252573,-0.0361407926227136,0.0142415751433986,-0.0784636226177278,-0.0372883673830158,0.0665561050279825,0.0545544725589983,-0.0306005616516722,-0.0133082603743366,-0.0211392798091299,-0.100803521208414,-0.0139382913098978,-0.0630305751765925,-0.105391147968637,0.0635324988121479,0.0664213173476657,-0.00602213757510925
0.0806405977409475,0.121814950504552,0.102955063657848,0.0352219994436481,0.0532545553728406,0.0324406189405316,-0.045090729927797,0.0559993489551958,-0.0142900115356,-0.0611383749904436,-0.0926035931531635,0.119043630077621,-0.0245125802328706,-0.0787083756080253,-0.0254502063523925,-0.0523667551584869,0.124510650075579,0.0407051285891681,-0.0548557070237163,0.0549815984062225,0.0858978552859645,0.0673807164484776,0.0559138098592799,0.106928881316484,0.0297057574952824,-0.00900126110330458,-0.107755029025846,0.0266668394070437,0.0407447719324743,-0.0144359965539595,-0.0282328982518286,0.0573885635408541,0.0740578311506916,0.0414475440593906,0.112425240487123,0.0425904881464403,-0.070166841695505,0.0283834879822192,-0.0401108039393677,-0.0158471017264018,-0.0342469934605926,-0.147090489352242,0.0231644491631826,0.114568159159804,0.0457504032718498,0.0397563385728124,-0.0533486737669313,0.0053997753552027,0.0647873839706748,-0.153783855373087,0.068774452004331,0.00650454326898251,-0.0178780527751458,0.110904503339558,-0.0884973497289487,-1.83615676968784e-15,-0.0803239610565938,-0.00923709556036439,-2.79325057163199e-15,0.0192479680956121,-1.98387084693887e-15,-0.0495382996163061,0.0167383235676792,-0.0545487686697679,-0.0108817133649582,7.15616288101847e-17,-0.0986708396885671,0.121424118698426,1.53543810338283e-14,0.0646683424360092,0.11583661742062,-5.34626578003826e-16,-0.0149153461965263,0.0148557113623422,-0.0215678252910918,-0.0217391340810738,-2.58381156034596e-16,0.070304608815458,0.0706974949952316,-1.53589713313165e-16,-1.95291274682601e-16,0.0856446006987583,-3.08901962310945e-14,-0.0239216906263995,0.0868284112137536,0.081455637067,-8.52555709966688e-16,-0.0378132303302735,0.151376992404693,-0.0312684382191118,-0.00803407892315892,0.0415669997741487,0.00102018251648611,-0.172407829445153,0.00655925065430915,-9.41751489453823e-16,-0.0205592453960199,-0.020254401912059,0.0281447603812821,-0.131904196478031,-0.0303023674228589,-0.00520779842562589,-0.0343651952533519,-0.0481284498465343,-0.13460136055832,-0.139424227881044,0.00891106473452075,0.0623180226065737,-0.0448291083349907,-0.0347486172490546,1.25979511255824e-15,-0.0262500281981793,-0.071630935002816,0.00128479218118858,-0.0951896899459029,0.0179638048306585,0.0558080080630373,-0.0235640457820798,-0.0144529526776133,-6.65544478390895e-16,-0.0100399894862504,-0.106915859481364,0.0501282277948153,0.0532775201737359,-0.0334149539668426,0.038219934788346,0.0618551313505663,0.0263743941548333,-1.27662753155994e-15,0.0679503702858482,-0.028965354971883,0.0223773073221289,0.0941423579319951,0.123918271181769,-0.0295473443112561,9.71262469071999e-17,0.120617701609923,-0.0159617788923197,-0.0888914751458511,-0.0401998034339369,0.0142817592078362,0.0102259325609828,-1.38294770485985e-15,0.109556103049651,0.11148897784603,-0.0176986916503834,0.0387901704076976,0.0617100462318337,1.72956781852094e-15,0.0638169173795139,0.0664925834923078,-0.0536822781056853,0.0534715706522715,4.13042097718708e-16,-0.0424078443267245,0.0728190138446346,0.00545438067414091,-4.32427598124211e-16,0.0512873881207483,0.053410268471293,0.0552953739633832,-2.40539134920217e-16,0.0108795980620437,0.116175584590135,1.34436242528338e-14,-0.124141004203489,5.60014930164933e-16,0.000994436873797395
0.0631153115837166,0.109080212079712,0.125492274732707,-0.00104433854794365,-0.00121443803715116,0.108118131981355,-6.45035049155336e-05,-0.0620307959716441,-0.00283467900041351,-0.0647215440283757,-0.111802166697839,-0.000144353454103769,0.00649557064967789,-0.128511739513845,-0.110563901009231,0.00986016360228112,0.0604433686172293,-0.0632092126442757,0.00364381998980223,-0.0114264605000556,-0.00756379111572677,0.103270972760756,0.00141950658718483,-0.00469272890195032,-0.0101104024419143,0.00993848833232134,-0.0588365503797749,-0.117131855475396,0.00405297815160125,-0.011657913305481,-0.0691728855758059,0.100801524167712,-0.00682817831860343,0.118667524125765,-0.0991645648711788,0.133332831271518,0.0215774884208746,-0.112649560665139,0.0327642672626869,-0.114284502170992,0.035787167266011,0.0554258552656305,-0.0663963371212906,-0.0946345374036331,-0.052360596285252,-0.0002185460279135,-0.00282000768822156,0.0411748592517109,-0.0156589916169179,0.0593284733494006,0.00426600986484944,-0.0905290100915358,-0.0289355191478419,-0.02514699696875,0.000104155504047085,-0.0545544725589966,0.000160636907864484,-0.014797504303234,-0.0944911182523089,0.106563107364492,-0.109108945117996,0.00314772466217473,0.0734295654190451,0.0232436349270938,0.0519664319941645,-0.0944911182523059,0.0215377066720707,-0.0763315907375971,0.0545544725589878,-0.000293503353811993,-0.0547205124401715,1.01473172257836e-15,0.0176566462434292,-0.0177299480392733,0.0590040391729028,0.0590853233812471,-0.0545544725589982,-0.0600314089461003,-0.0584943305980372,-0.0944911182523063,-0.109108945117997,-0.0386443390562615,0.0944911182523204,0.0167675968299473,-0.0535895119835598,-0.0310361723377922,-0.0545544725589978,0.0541119814146587,-0.0409954897053262,-0.0562283738574374,-0.0546788308523205,0.0799909295207124,-0.107473354895274,0.0392541231585758,-0.0513233823358402,-8.72446146744163e-16,-0.0446822275452405,0.0644908446068278,0.0566539034027416,0.0147697433466967,0.13623252234831,-0.0716439222371155,0.104837055551124,-0.0268342029377394,-0.00108200742935252,-6.33295992781306e-05,-0.00375859887100479,-0.117944366626444,0.0733310566370709,0.109937441590466,-0.0545544725589996,0.018324703729173,0.0599251011200907,0.0499440949022678,0.0540415520307592,-0.0830875289223489,0.0138343330254123,-0.0128135852520748,0.0131770985878788,0.0944911182523063,-0.0369171540325457,0.0259982283172358,0.00169735073557009,-0.0565457335918921,0.128383898980821,-0.0129497471593981,-0.00437947516186647,0.000154646177726974,0.109108945117996,-0.0529114990876904,0.130128486696764,-0.000190044555336144,0.0114692810593038,-0.0642151040440415,-0.0145485306993843,-0.094491118252307,-0.0256236814682724,0.0851213906079743,-0.0454901551614396,0.0807983274955484,0.0265548841445494,0.019080987725351,-0.0545544725589955,-0.0735683515259674,-0.0481357424617777,0.0333880249613504,-0.0443589825182359,-0.0186214256542294,-8.17338794130723e-18,-0.0417543482106031,-0.0422729933100404,0.0845211258054098,-0.0327372334527029,0.0545544725589979,0.0898179560421356,-0.0228154870460075,-0.0636821802687477,-0.094491118252307,0.0302164832178444,0.0150854930235133,-0.00238215829275385,0.109108945117996,-0.0289160761936732,-0.0687497082765016,0.0944911182523002,0.0637870437027294,-0.0545544725589998,-0.0754728850466661
0.0694533388197589,0.109767853720941,0.104151230219213,0.059998168096399,0.0955376962365872,0.0552478853875084,-0.0923507588437709,0.0160449486788781,-0.0522079609914501,-0.0189960824692485,-0.0288559669375939,0.0795270188283335,-0.00804946427888849,-0.0246818627321637,-0.00839891421167055,-0.0638288744706303,0.10858834343246,0.0100474462014566,-0.0788571669360128,0.0932667188515939,0.125110816671753,0.0915349365994242,-0.01973371762661,0.121197230771827,0.0864432272419658,-0.055796868959249,-0.0490258145439044,-0.0364966387910152,0.019258293758188,0.0525558850950617,0.0497644783581971,0.0245128499784976,0.0837126522299725,-0.0761467455300855,0.0322271633077077,-0.0754757408614556,-0.108913508766048,0.0144595750092939,-0.0223665765982982,0.0404534046006284,-0.0895126377487982,-0.0856652490050646,-0.00580777173955898,0.0583816932778487,0.0749960261777035,0.0419173617474832,-0.0602073878633408,-0.0465407275480844,-0.0317067168019093,-0.0834337944664503,0.0737701804287393,0.109745246218192,0.0124946577147688,0.0633001345321981,-0.0775120021463353,0.0664213173476599,0.0116027541659497,-0.0249161681827334,0.105391147968629,-0.0984320768267195,0.100803521208415,-0.00389008570085596,-0.056003389114988,-0.031269260845711,0.0431259177306871,0.0545544725589977,-0.0781946518102467,0.0303601805626151,0.0142415751434021,0.0694573934936062,0.0475300093817002,0.0771516749810457,-0.0214811305467115,0.0214148877039993,0.00491515220929314,0.004924764816319,0.108175502967155,0.00488644072276204,0.00855826539994683,0.0944911182523066,0.0417541856194892,0.0579852000208872,0.0282394729875626,0.0648921869430347,0.0596924267442147,-0.0849087433168547,-0.0865619460650154,-0.0100948664191254,-0.0529399974306434,-0.0781122523943474,0.0145610915687915,0.125025035224268,0.0131380196707766,0.00285553615101549,-0.0216027573763384,0.109108945117994,-0.0925397741153801,0.054180471231826,0.122822102482645,-0.0417762586589389,-0.00151102586448813,-0.129870271155195,0.0841953703310652,0.0122181721980764,0.0330464304202146,-0.00846867591974556,0.0724594182240784,0.00014751198313814,0.0973304993786736,0.0779237794834201,0.0865619460650147,0.0718590520541748,-0.0113482478348163,0.00110302480437987,0.0229858411315681,-0.0382336052723358,0.0349221141830784,-0.04593441553838,0.0468364121726918,-0.0282394729875842,0.0204620707815057,-0.0465508637514375,0.0544572090674159,0.0468362144796259,0.0389373771413845,-0.0786151664957934,0.0737588983878333,-0.00255329391747953,0.0417541856194899,-0.116445152800404,0.0894600717688986,-0.0542509230484734,-0.0161059628590249,-0.108038014180786,-0.0407856671412389,-0.0944911182523067,-0.0453136276351869,0.0828484545104763,-0.0311275583271542,0.0483163837097769,0.0665358937051039,0.03531151243751,-0.108175502967152,-0.00499554130275366,0.0284261574262722,0.0662886694888769,-0.0278170819755353,0.0298205172454725,0.0771516749810473,-0.0363455062756866,-0.034586864489555,0.0744012411556413,-0.0422368675037363,-0.0142415751433989,0.0790073462456275,-0.00503011416849988,-0.0384638692842657,-0.054554472558998,-0.029156999279955,-0.039537728402437,0.0318803149536559,0.100803521208413,-0.0590066997176529,-0.0768208211973681,0.105391147968622,0.0595029383034662,-0.0664213173476663,0.128258791655316
0.056634062431166,0.0980076611579368,0.113070994278858,0.0504192554109225,0.0867602696566664,0.0980152374104793,-0.0988886733287512,-0.0572729795144516,-0.0834657284705329,-0.0130200064933975,-0.0234039873565635,-0.00220934613960929,0.0449142167307472,-0.0292439649779348,-0.0299911718148206,-0.0057819243647243,0.0521240724251003,-0.0281020828798631,-0.0643064658361792,0.0541478956203273,0.109944820481232,0.09124744617543,-0.0652674702138649,0.109734273848475,0.0864781772392825,-0.10720018518186,-0.0221366680149323,-0.105291836586563,-0.059926342449681,0.0971412501366899,0.0450222194184798,0.0342021480161397,0.00203794335095954,-0.0685388582377936,-0.0915647542164398,-0.0908460990314478,-0.0596782061753535,-0.0510301733823765,0.0527578541872453,0.0632558774737644,-0.0947046416350829,0.0537558890823839,0.0169640433119424,-0.0638007135122488,-0.000718173390995569,0.0318454032519188,-0.0581761868554822,-0.0948678234668533,-0.0299875993843009,0.0626403134618631,0.0640021866823947,0.0726657420986225,0.0590512150546344,-0.039852452324125,0.0245370566313832,0.0545544725589959,0.0329306216977583,-0.0673411718130241,0.094491118252307,-0.104741086214236,0.109108945117999,0.0093996470861498,-0.0753823812071832,0.0535056307446633,0.0232209488511813,0.0944911182523057,0.0275907813140182,-0.0370347606156782,-0.0545544725590027,0.00300849882301965,-0.0222802350978678,2.01356981249468e-16,0.0229024058480887,-0.022833697644935,-0.00183154524603294,-0.00198255983782757,0.0545544725589983,-0.0945847557879437,-0.0933652306859079,0.0944911182523064,0.109108945117997,0.00364470054840458,-0.0944911182523079,0.0246836521740992,0.00523891356864321,-0.0559044862215241,0.0545544725589984,0.0104234189720595,-0.073791702822663,0.0806390897776561,0.0161333831919741,-0.121463940472527,0.0400665736934636,0.0673810209144418,-0.0429187504270153,1.67341025392777e-15,-0.0625473158258231,-0.0332902769460524,-0.109040288820528,0.0292438831840619,-0.058174439180156,-0.113375481918464,-0.0536586444463879,-0.0328350765651564,-0.000685560772662521,-0.000869781267933727,-0.0563706276314392,0.0506656046522373,0.139905798957401,-0.0556516659590209,0.0545544725590003,0.0419910208722756,-0.0212474550955632,0.00220658308535895,0.132141911741766,0.0414617359417706,-0.0157440356152888,0.00341739752562379,0.0659116403646484,-0.0944911182523072,0.0183270669121274,0.0877407494235178,-0.0115987896802358,0.022448496096672,-0.0755170831857781,0.00208959412826639,-0.0162406615951303,-0.0648286343663379,-0.109108945117995,0.000857845154528722,-0.0979783677950581,-0.0564729984583162,-0.0971036444365725,-0.0440314728006655,0.044138184291055,0.0944911182523068,-0.064233438357984,-0.0886584178730252,0.0863669010567849,-0.00294058583493271,-0.00995942417013501,-0.058154107418303,0.0545544725589956,-0.0479703703676155,-0.058203492595292,0.0282177515988153,-0.0183442262995882,-0.0380515566251044,-1.91730320939208e-15,0.0164835788720635,0.0147505114978589,-0.0188607199091201,-0.0590023566207098,-0.0545544725589987,-0.0447792019645905,-0.0715351349490563,0.0566221259848823,0.0944911182523081,-0.07246628852208,-0.0591987158795066,-0.0580046154948027,-0.109108945117996,0.0163125007614951,-0.0445714482605751,-0.0944911182523127,0.0549076720085666,0.0545544725589976,-0.130474318994744
0.05448635900372,0.0910223696867215,0.0973727885478004,0.0666656048693662,0.111462568460522,0.0709764062668798,-0.119420093794351,-0.0199130185847534,-0.0872686488696131,0.0285341732597791,0.0477529006688146,0.0394655240494402,0.0246673644920925,0.0512005270824949,0.0372414621244582,-0.0485759640257154,0.0875774793100476,0.00900866857824078,-0.0275350595720974,0.108545756437231,0.0463011232407214,0.107835445443963,-0.0391341960136422,0.0365549189418478,0.134906031330925,-0.0431806035084728,0.0371401455888381,-0.0921615904955169,-0.0158826316968776,0.121103588741881,0.0496247518142248,-0.0494983792131948,0.0191280957609426,-0.0737048845836463,-0.0440938141753377,-0.0932661688201282,-0.0528070741999787,0.0413466554063016,0.0366946186177775,0.0562053332053599,-0.0743726954181144,-0.0208128672513805,-9.390245354445e-05,0.0191039248906086,0.0576170161620482,-0.0242334815150974,0.043307076525849,-0.0738778306345641,-0.0450560239847446,0.00294139684373184,-0.0284726988347916,0.15650919459101,0.046697222227419,-0.00962496705425931,-0.0950821291079906,-6.38327231902783e-15,0.0217282075364116,0.0276980132389025,3.86572174438431e-15,-0.183387956061557,3.82707820199743e-15,-0.0107050406719844,-0.124069697191997,-0.0114538574161174,0.131183854283151,1.38410946953124e-15,-0.00533369615326951,-0.128708822985918,-1.72449128985241e-14,0.0191490455871277,-0.0807899195880409,3.77609195249385e-16,-0.0240429560540139,0.0241120056630286,0.0291231243151733,0.0287567246040306,2.12343389307283e-16,0.00442333858088972,0.00804660179386189,3.95932909662884e-17,8.93394159996075e-18,-0.000304199632612215,7.82628383638862e-16,0.0719073604989065,0.0152713243343136,-0.119845015375781,5.72594374897147e-16,-0.027554822269908,-0.133116213719093,0.0358268470231237,-0.0473472195104236,-0.0316133633348096,-0.0826001491119594,0.106231936880552,0.0392542632580474,1.13267304187996e-15,0.00714375258239605,-0.0162203982436621,0.0114837911797568,0.0676353815239714,0.110180834825054,0.0100671216568726,-0.0156256453933111,0.0781834693667967,0.123618951173927,0.106383439785191,0.0623289465377328,-0.127322670059138,-0.0101504251619026,0.00557251003880256,-3.22783176327492e-15,0.0227798475057833,0.120900015131708,-0.0958474506554445,-0.0124174725744672,-0.0376566791479352,-0.111374771204554,0.114143779240235,-0.00864987593105828,3.3815836570314e-15,-0.0642214512627883,-0.0191054851230505,-0.11408716126876,-0.118016731569452,0.011553203280595,0.0703856294467595,0.0236129975532467,0.0103098921451408,-8.65732035866016e-16,0.0522645398189616,0.000463268212838589,-0.0108256804330053,0.0219597519281511,0.0334441184799562,6.6156144199457e-05,-6.84610772485379e-16,0.0351416522162163,0.0368117428033673,-0.0572267311940886,0.068859523158327,-0.0178782605794283,0.0796393608521535,6.17789943383974e-15,-0.0700317423234248,-0.0525267679664199,-0.0366263738584239,0.106080073881312,-0.0237128715036944,-5.07003918517039e-16,-0.0383075102934613,-0.0391389888074212,-0.099002170848854,0.048105072164874,6.85574331442577e-16,-0.0517626989648402,0.0440385895757496,-0.0251310044079607,-1.77028595278593e-15,0.131473500891612,0.12638671982801,0.0178585761123621,4.80574979458977e-16,0.0331968310435902,0.103531934204808,1.13149986116206e-14,-0.100430697127859,1.10729638862414e-15,0.00221552733942831
0.0475303627860278,0.0756048671206668,0.0728800416810735,0.0753598844324997,0.119501964172166,0.0407884927662538,-0.114350557914688,0.00721222802594285,-0.0625124678521151,0.0716568227628383,0.112856627175254,0.0514437904970287,-0.013988818462684,0.106210172005537,0.0549540541799259,-0.0832177031503616,0.0743318529132666,-0.0176202455347367,0.0345221846933543,0.116971363811443,-0.0547826259609178,0.0676456030822473,-0.0566945830778033,-0.0801275874137777,0.102723983106578,0.00242937297569476,0.115800308539246,-0.0355492748956068,-0.0252800393083916,0.0497102011948586,0.0149060711976526,-0.0895127431997481,-0.0417287699697391,-0.021712890647865,0.00769011333594576,-0.023241206948781,0.0329797338226076,0.0222686207728266,-0.0269456420086634,0.013300751470011,0.00380159732076927,-0.0423839283201036,0.00432683826841393,-0.0563298187408408,0.0815825608970818,-0.0683707802281543,0.111626370937281,-0.0237634974036118,0.0129643689128187,0.102406753627133,-0.0902073668876755,0.0934274365264153,0.0255075543591145,-0.0806543029557308,-0.093007481947967,-0.0664213173476665,-0.04314668116362,0.0578430474488675,-0.105391147968626,-0.0729047545747865,-0.100803521208411,-0.0385950026773407,-0.0401382197653384,0.00120981433647959,0.0916383825284171,-0.0545544725589962,0.0430390619884514,-0.0936593116201103,-0.0142415751434109,-0.0373415873989429,-0.0616714028623585,-0.0771516749810456,-0.0107191586190359,0.0107836862904292,0.00398475525073568,0.00378995491087947,-0.108175502967155,0.0590716434423558,0.0569050661671779,-0.094491118252307,-0.0417541856194894,0.0316130552240224,-0.0282394729875944,-0.0472146480234328,0.0709103709455526,0.0682877135385556,0.0865619460650152,-0.109099091735819,0.0601529034280965,-0.0653009617718423,-0.0287773185248253,0.100695615049849,-0.0488500318447577,-0.0310565576650846,0.103351530189616,-0.109108945117997,0.0913635637734705,0.0161749388481307,0.0902168786168189,0.0273906673732006,0.0478214223918633,0.134337609471239,0.0313028350275147,0.0133234396954409,-0.0524478675247587,-0.0105838011381162,0.0434716254051832,-0.0196148408141945,-0.113804513202046,0.0397894479927847,-0.0865619460650169,-0.0856299408270432,-0.0179143923417961,0.00169141028439384,-0.0481403722662923,-0.0366651459877317,0.0466373714952837,-0.0113492058656331,-0.0192691367272685,0.0282394729875829,-0.0251197523570157,0.0292947975844835,0.0357027268464372,0.00175344855964055,0.0517706419123591,0.0180681779352449,-0.0850333514945125,-0.0573306187033433,-0.0417541856194879,0.0299283338410021,0.0580883999558668,0.0945789283665469,0.058380363663392,0.0491313914269114,0.108808659164345,0.0944911182523076,0.0247421791607753,0.0312137655671131,0.00573310762601667,-0.0596368519301889,-0.113301652720876,-0.0112646191269876,0.108175502967152,0.0593090406059229,0.035196673163413,-0.0688529115553861,-0.0510309128093943,0.0095313085767491,-0.0771516749810458,0.0505696547571143,0.0506283869253198,0.0694773816847856,-0.00509941848824629,0.0142415751433986,0.0549765238673992,-0.0747222484299314,-0.0110278087521932,0.0545544725589985,-0.0533402139427458,-0.0566882682138302,-0.104945873112725,-0.100803521208412,0.0750073426025248,-0.00320208022133194,-0.105391147968632,0.0355356390838453,0.0664213173476636,-0.0261394058923585
0.0358884422482222,0.0542127531122301,0.0458193138413519,0.0634678499280075,0.0959613929298338,0.014437433649543,-0.0812506877918802,0.0249220548609121,-0.0257497110310844,0.0762383066175116,0.115474791892927,0.052979399492863,-0.0441701433235742,0.09814773902494,0.0317358882318135,-0.0943616322217415,0.0554124522846473,-0.050758465117386,0.0684039478060635,0.0990734169430538,-0.107112873544666,0.0299872399095299,-0.0697233804606572,-0.133338134049981,0.0535279254014265,0.0112243890035373,0.134368323393214,0.0118678600210342,-0.0508078995579155,-0.0260127669445263,-0.0508739247511359,-0.0715623682220776,-0.0923486049404669,0.0746858936970435,0.0500339390269134,0.0767454077774171,0.0874966204515797,-0.0353936305961767,-0.0722771712318055,-0.0285554906039464,0.0427053023340161,-0.0654614261335303,0.0417408950764402,-0.14286415770773,0.0824393780838305,0.0176932351798103,-0.0237423934239047,-0.00673340973261011,0.116742831980809,0.191765331031291,0.0306075105846785,0.0117207819705513,0.022293567164809,-0.138295653624826,-0.0393850258287034,6.41120847131021e-15,-0.144738776517195,-0.00411089426226956,-1.66104948687512e-15,0.0346836400490495,-2.48219200448118e-16,-0.0892649314462275,0.0301614168707112,-0.0242764859011254,-0.00484281804203019,4.51126396745325e-16,-0.0439126548035071,0.054038816595192,6.51562868169624e-15,0.028780119912535,0.0515521445895526,1.71134887296717e-16,0.0185991324894521,-0.018524769067555,-0.0388638782712642,-0.0391725660444082,-2.24213070890653e-16,0.0312884944300982,0.0314633452294215,-2.48710513689905e-16,-7.24737216225992e-17,0.0381154330716064,-1.36749776359904e-14,-0.0106461538800005,0.0386422783144544,0.0362511688723107,-4.62542105067754e-16,-0.0168284706579951,0.0673690994587828,-0.0563437787667143,-0.0144769099840631,0.0749011454572304,0.00183830537385673,-0.0767287024590329,0.00291914116330137,-1.38537704320341e-15,0.0256369596766593,0.0252568260698338,0.0507151057962185,-0.0587028899860971,-0.0546029793434663,0.00649401841702425,0.0428526975586934,-0.0214191752194431,-0.0599032409264557,-0.0620496188084558,0.0160571838113326,0.112293196555513,0.055900983746589,0.0433308169669541,1.44843497196857e-15,-0.0116823615820772,-0.129074484832558,0.00231511551395451,0.118699601846729,-0.0224004982289946,0.100562555688886,-0.04246094330296,-0.00643216905649278,-1.28836087965227e-15,0.0125196621108911,0.133321896087185,0.0903279452924911,0.0960027740711632,-0.0602116664930355,-0.0476594791364783,-0.0771320871794224,0.0117377096397309,5.40282912735352e-16,-0.0847327258115009,-0.0521937661547983,-0.027904045816835,-0.117393600187067,-0.154523556691597,-0.0131498053041398,-6.42800671356575e-16,-0.150407813754855,-0.0287621317165731,0.110845856451245,0.05012833495557,0.0063559807949366,0.0184264937654324,3.6858150649476e-15,-0.136614225965682,-0.139024481413308,-0.00787665879169903,0.0698974718359315,-0.0769511689955585,-2.60283532617694e-15,-0.0795783943443765,-0.0829148954133907,-0.096732122662598,0.0237970876833094,9.9968856093067e-16,-0.0764162949864616,0.0324075099409713,0.00982845436218002,-1.57193614680317e-15,0.0924166800256452,0.0962419782378913,0.0246087565155917,4.47249973525737e-16,0.00484187664367088,0.0517029991718351,6.38973298513591e-15,-0.0552479443952698,-2.75185653198652e-17,-0.00239808941010824
0.0397677635842388,0.0684973086738265,0.0782316903324538,0.0622922189622084,0.107514324410269,0.066321882380348,-0.123347955424231,-0.0361795903215753,-0.105653189175311,0.0576970964859657,0.100074130669509,0.00365674491333732,0.0596118819347722,0.116073202209026,0.102012691562455,-0.00173796377828638,0.0418906834162627,0.0631964563270491,0.0256969529222853,0.0611801142472942,-0.0428643587528308,0.0676255528901443,0.0279084009594251,-0.0450730698171857,0.102225673130268,0.0397385218233429,0.0570349940768453,-0.0734635565812772,0.0234194952588158,0.114663503808027,0.0177537339586665,-0.0960579338964545,0.00456880374488444,-0.0196110507563475,-0.0578267687847568,-0.0392890935811518,0.00925549814135108,0.113048497301202,0.0839707646667268,0.0154556751736897,0.0134484507250948,0.0276760012410355,-0.015693371219769,0.104284995370057,-0.0299534862799464,-0.0578745022987493,0.098493366662348,0.00920047996009555,-0.0460840095347352,-0.0754553036962799,-0.105742318201467,0.0403728879458615,-0.00307577834066644,0.0379023356346393,-0.043980212976462,-0.0545544725590018,0.0411529603531701,0.0880949083079099,-0.094491118252303,-0.0714719351679391,-0.109108945117996,0.0134680235974138,-0.0532499573800724,-0.0441858415194291,0.0749248087727077,-0.094491118252305,-0.00132208240707615,-0.104781194816774,0.0545544725589843,-0.0060806236069628,-0.0828082789725811,3.67073180801685e-16,-0.0243520603886891,0.0243802658378067,0.0304608717999154,0.0303176690165151,-0.0545544725589982,0.0355464892018737,0.0368027645981634,-0.0944911182523065,-0.109108945117996,-0.0934005651125456,0.0944911182523397,-0.00680195622973967,-0.129854736454187,0.0309987571028668,-0.0545544725589983,0.102806166573618,0.0408520246931597,0.069350906888856,-0.0102264620551836,-0.107071439525648,-0.00968101209524595,-0.0332131901636408,-0.0379856773343961,1.25099177946206e-15,0.0636685386563947,-0.0369020748687409,-0.104530471734819,-0.0195083445986396,0.00306100701661123,0.107910801031497,-0.0601924476030349,-0.00112914316230009,-0.00119591079837627,0.00142499137069544,-0.0723788879138785,-0.00227520978185837,-0.121070879623527,-0.0633956616183812,-0.0545544725589972,-0.0344899695511016,0.00676077904768316,0.0304684457171036,-0.102146643106028,0.0481788164071834,-0.011955015678006,-0.00284957832460762,-0.0891600002387244,0.0944911182523072,0.021448946825285,-0.0598972673671566,-0.013521495565349,-0.00338769792498831,-0.0229205736964098,0.00945493404222983,0.0107398407677531,0.117164649432539,0.109108945117993,0.0420499507664731,-0.0499611643373979,0.0252852526209269,0.0340175380171696,0.0710923640437027,-0.112224511609537,-0.0944911182523068,0.04913516648894,-0.0633164308530642,-0.00195661494055291,-0.0634865439958639,0.0776145452909286,-0.0619278365165713,-0.0545544725590032,0.0803460604824907,0.0645048593847307,0.0241755796710914,-0.0474922541211806,0.0318677597640306,9.65866442915573e-16,0.02614850473291,0.0273357133510742,0.0233867530607869,0.0327586770459092,0.054554472558998,-0.00599354640754041,0.077635925059334,0.035265692413072,-0.0944911182523059,-0.0735951006593146,-0.0654477742380692,0.0991680444142881,0.109108945117994,-0.0943679441142004,-0.0741642176986174,0.0944911182523005,0.044387980004007,-0.0545544725589972,0.0239238785529302
0.0175808617625939,0.0273965881225549,0.0250775461322016,0.034517463285312,0.0538472212692611,0.0115955325798089,-0.0494330997982358,0.00708329200141238,-0.0231540167422814,0.0503085669558918,0.0786445565221184,0.0225210005421178,-0.0133456077102302,0.0726395991031497,0.0351582450007867,-0.0435663025833101,0.0274715724435757,-0.0153544105250864,0.0629207931975082,0.0532638537381291,-0.0998333288981923,0.0191577580306646,-0.0205117328511267,-0.111726845043112,0.0365825263608624,0.0323131264626779,0.0914715973854277,-0.000759726857270458,-0.0247169101249138,-0.00639419368238555,-0.0783261299077942,-0.0632794302003462,-0.0696147373503353,0.122311761672074,0.0196771862976812,0.117369932311472,0.0787448088628222,0.00433369345031744,-0.0102890665811954,-0.0610114577713077,0.0517854935913707,-0.0347089243127641,0.0227722619794413,-0.0636600864388099,0.0147998091736243,0.0884442228620643,-0.137799975467412,0.0126404090951125,0.100375018476892,0.103133723436112,0.131499783017762,-0.0366657855547621,0.0072216128147953,-0.0798886857339842,0.0124264099873171,0.0664213173476721,-0.12302086450058,-0.066367738000586,0.105391147968625,0.0573593724376219,0.100803521208412,-0.0779812405948725,0.0356487119381956,-0.0260461960126362,-0.0389039761782011,0.0545544725589972,-0.097221889946939,0.0994559107566807,0.014241575143411,0.0856461329232351,0.0875727332816905,0.0771516749810457,0.0059724438385603,-0.00589987167831694,-0.00209058298923928,-0.00254989471162195,0.108175502967155,-0.0434531587830778,-0.0387711239406806,0.0944911182523067,0.0417541856194895,0.0211488180867087,0.0282394729875757,0.0899027014012561,-0.0089960927732058,-0.122854019743952,-0.0865619460650148,0.0793952242855807,-0.090693464850269,0.0287867087260366,-0.0973805235378843,-0.0546677109021904,-0.139285887429596,0.0271953877312776,-0.100205558449747,0.109108945117997,0.102058652879435,-0.0210914792606396,-0.0732632730011504,-0.0554675680547996,0.110849005033464,0.146624311915206,-0.0293531425934234,-0.000886355714304018,0.0685611037182176,0.00169619872856294,-0.0651349792208351,-0.0444056036571144,-0.117171092200043,-0.0211629573724414,0.0865619460650161,0.12629636636535,-0.0147539927822444,0.00132209017271884,-0.0394720705297239,0.000870429234838831,0.0263239442328241,0.077712260724977,0.0530125342089616,-0.028239472987582,-0.0252960034260896,0.0420911665419139,-0.0421409390288134,-0.101300055501376,0.0288360841894839,0.0536552082294091,-0.0881230503846574,0.0439280038122182,0.0417541856194863,0.081231156733633,-0.0704915066983316,0.0825943363401067,0.0413367926329321,0.0872224397573282,-0.119965335326752,-0.0944911182523068,0.0388780396813608,-0.11602209290004,0.0204561263248892,-0.0599095260035483,0.144218514793543,-0.104655617645451,-0.108175502967161,0.0356863506606932,0.00375735276675219,0.108375133515722,-0.0521610044078289,-0.0112596613443324,0.0771516749810449,0.0482342754168366,0.0472908967505537,-0.0110638118025841,-0.0297819217770505,-0.0142415751433991,-0.053996767744439,0.0558887523530184,0.0616482684219222,-0.054554472558997,-0.0543391900996106,-0.0385369131489568,0.10972608345676,0.100803521208412,-0.107470917664296,-0.0590376464511236,0.105391147968625,0.0192202816695322,-0.0664213173476654,0.00261244965371777
0.0135257215087125,0.02366546525391,0.0279389525237952,0.0266783069354208,0.0466339377257711,0.025416097372928,-0.0549595079901164,-0.0169155847697839,-0.0498547716619202,0.0392450313760574,0.0685251857334143,-0.0047042397770121,0.0330253539357129,0.0806449436623042,0.0732566174481714,0.00908669695600461,0.00820654081134961,0.0506668667805739,0.0499481291556741,0.0158012518236681,-0.0848026966735384,0.018943287616635,0.0517087074219432,-0.0859115942741027,0.0353843020766176,0.0815448303709352,0.0439369577087038,-0.0255242988020037,0.0462534504119645,0.0393721466106537,-0.0612717306524366,-0.0722888917437548,0.00140452155678745,0.10993978546543,-0.0270557636477014,0.115847539675568,0.0382553197854574,0.0910567925979362,0.0701347732200302,-0.107406079621838,0.0600204381156738,0.0209144462056263,-0.0733805443628226,0.0932805310319054,-0.0656911517697735,0.0719497779139247,-0.125639227017628,0.0577535512793435,-0.0361683053011619,-0.0766372857475383,0.136124523911878,-0.0725613846270797,-0.0344778802068662,0.0431506518864425,0.0549465840528511,0.0545544725589997,0.0184754272535788,-0.124650058154562,0.0944911182523019,0.0747551038340227,0.109108945117997,0.00914155904106094,0.0497311049203518,0.0783424780749106,-0.0414632763578368,0.0944911182523049,0.0231863164681289,0.054328422052074,-0.0545544725589904,0.00728891026195317,0.0485397224575834,-9.43194975424653e-16,-0.0262242503155463,0.0262017729828227,0.072560402456984,0.0725779554311135,0.0545544725589984,-0.104357155964599,-0.104386627412363,0.0944911182523067,0.109108945117997,0.0778242606147423,-0.0944911182523343,0.0252494975138118,0.108336695820919,-0.0696909901856592,0.054554472558999,-0.0740852114390247,-0.0919371312682679,-0.0253643167141909,-0.0592300346274921,0.0323396560741258,-0.111781810601428,0.0806702938670257,-0.00395601746645388,2.44430748847895e-16,0.070044514843265,-0.00200439662865361,0.0101334670080893,0.0390962511634938,0.137594798628678,0.122804622242466,-0.00362598719524227,-0.0254261844446758,0.00040926894409055,-0.00184026477400945,-0.0359702343456344,-0.118956930237644,-0.144831130063645,-0.00429759336600926,0.0545544725589973,0.061332992292236,0.0629339308560156,0.0635038288965991,-0.130020338767782,0.00372769842816644,0.00851385051714736,-0.0140817669123995,0.124357800353011,-0.0944911182523075,0.00173251264520695,-0.0819329180232377,-0.00432028090780157,-0.058053401004355,0.118183284049341,0.00408745528084104,0.0149730491940887,-0.145947281941359,-0.109108945117994,0.0228598939871461,0.107893676796949,0.0453724063016885,0.0727667664916145,0.0638889094538843,0.125393146314862,0.0944911182523081,0.0629148291831984,0.0569429279515628,-0.0490158534572817,-0.0336004718464284,-0.0702288707850498,-0.00847949231378052,0.054554472558996,0.0712102467806955,0.0680979978063518,0.00324157020345537,-0.0654950240037078,0.0388022932201392,1.03700882924226e-15,0.00536362920249802,0.00698426011240355,0.0949292100719949,-0.0735866355737192,-0.0545544725589988,0.0871505769535029,-0.119625902110735,-0.0479874706440011,0.0944911182523067,-0.00253641784879632,-0.0140415066741154,-0.12604268701792,-0.109108945117994,0.0887588253614864,0.0237315585193368,-0.0944911182523064,0.00843613798750779,0.054554472558998,-0.00261244965371776
0.0101757890378554,0.0189140681279426,0.0250108760416657,-0.0200604558499965,-0.0372487368125692,0.0276877038616566,0.049161070763691,-0.0267065134401603,0.0542460768186445,0.029351365600845,0.0543443920732225,-0.0223841255609826,-0.0520308081667907,0.0712833636933933,0.0775701140727909,-0.0431312555226285,-0.0154959549233087,0.0708589285199946,-0.0384653911852217,0.0289871906834138,0.0743959488428187,-0.00706914425317613,0.013739830442625,0.112273708799882,0.0110869262901593,-0.0986855739501204,-0.0575505240043714,-0.00194623190865867,-0.100431553533241,-0.0144774743853637,-0.0481937218619473,0.0332907980964918,-0.0875780865595181,0.0875867064038561,-0.0112745602725835,0.117716175056782,0.0655703073565747,-0.0151889017634406,-0.0103634338638882,-0.127544333314409,0.0400010635356141,0.0242142694690066,-0.11845372229066,-0.00434121525731876,0.037133279365654,-0.0555581438294657,0.101024772651212,0.0174725985559392,-0.0894966462858244,0.000584472039550597,-0.135420117879315,0.0468571530997228,-0.00401485227739376,-0.000304881031182076,0.0015939492057233,0.041754185619488,0.0458741575401375,0.144514027567452,0.0771516749810519,-0.0292933271972174,0.100803521208411,0.0166424349128956,-0.010656493821795,-0.131894606058798,-0.0305700173156261,0.109108945117996,-0.0975408996825543,0.0378820759415863,-0.100803521208409,0.0463727879915763,0.0200841793947211,-0.0771516749810441,0.0974174199850921,-0.0973948643670468,0.0717330239524731,0.0718089009302364,-0.0417541856194895,0.0270033744576278,0.029110831245333,-4.09641843477605e-16,0.0417541856194896,-0.0548706994288821,-0.0771516749810266,0.0273927773612295,-0.104642035333869,-0.0202045455694553,0.100803521208414,0.141147008073476,0.00440270961243051,-0.0606648450798338,0.0101493194221085,0.10919391038081,0.00100383458420611,-0.0301767202351705,-0.135156344625303,-0.109108945117997,0.00809005736200865,-0.0465017037998641,0.136052108548019,-0.0812816358271177,0.0291941475949938,0.0083028166804424,-0.0877841247511444,-0.052726991006192,-0.00129506333082275,-0.0525385421115837,0.131074963012166,-0.0609681798558677,0.00282536809285938,-0.117688704648023,-0.100803521208415,0.119604799985507,0.0781188366224903,-0.0863713071120094,0.0229634458511814,0.129854238375298,-0.0809636443982847,0.0245901107567751,0.104077840033273,0.0771516749810464,0.119682283237521,0.0442445336259438,-0.0332715880928192,0.0131298606925497,-0.0480500033203324,-0.0865883403645769,-0.0532428951889441,-0.056426015019108,0.0417541856194905,-0.0381395878486425,-0.00337411238665425,0.035504361532072,-0.0051228603839053,-0.00497088447296419,-0.000751598143128596,8.49783741748541e-16,-0.0157716940026997,0.0482700646785319,0.0526226397907753,-0.0795173870327534,0.0569691453369652,0.0870731002289499,0.0417541856194935,0.0788695089263376,0.0581308723366627,0.102874988269823,0.105666892227295,0.0283602033769043,-0.0771516749810465,0.0115114932151905,0.0125298082663504,-0.100806308672705,-0.130664854930874,0.100803521208413,-0.0741978727037096,-0.135040569253143,0.0341957917008647,-0.109108945117996,0.00717038468822474,0.0147541754610667,-0.114042582732881,0.100803521208416,0.0702818853595361,0.0158556432459696,0.0771516749810465,0.00807365750669785,-0.0417541856194897,-0.0333258043220699
0.00780127574763328,0.0149711920382561,0.0209171237042068,-0.0152161417395318,-0.0291958163008201,0.0251204744380436,0.040775680929528,-0.0271649756139194,0.0489304119048761,0.0218362183855773,0.0418358379884564,-0.0267539247729465,-0.052819294695364,0.058222576643179,0.0692421180962696,-0.0517972526908571,-0.023710476763313,0.0722562070026909,-0.0275484992086961,0.0453430372565526,0.0563479682477447,-0.0179487912995109,0.0326608874753317,0.100195687070226,0.0326800245721434,-0.0830544575503362,-0.0772435232750526,0.00937953097019503,-0.0985680070505419,0.00872351986844056,-0.0344870781212153,0.0598960204539111,-0.104018988538601,0.0666984372706687,-0.00241279743686494,0.0928906939145833,0.100944041635895,-0.040472046711896,-0.000380912704400576,-0.113833068329816,0.0890225364450037,0.0203578128870711,-0.123632805694046,-0.0206887278164322,0.0455334293452114,-0.0384920610928288,0.0726278655478415,0.0676626486722011,-0.114170368405174,0.00547962753387746,-0.107736990019407,0.0855967418530587,-0.0370255408520276,0.000939393579194777,0.015447659496495,0.0282394729875824,0.071697495515877,0.126936783241589,0.0545544725590039,-0.0815389856781624,0.0771516749810422,0.0296398169110276,-0.0478442240347959,-0.135499494113012,-0.0569670003691718,0.0944911182523065,-0.12319666332898,0.0848501146536647,-0.105391147968618,0.0740801787568298,0.0620699995155281,-0.109108945117996,-0.00505825652109636,0.00502088797964559,-0.0428293286177702,-0.0427841102273296,-0.105391147968629,-0.101736308812626,-0.0997885721308087,-0.0944911182523064,-0.0771516749810466,0.0376852011706715,0.0545544725589847,0.0232018418005285,0.0493631389194288,-0.0537184343659381,-0.0282394729875827,-0.0248645948499954,-0.0730848845148618,0.0227713931526643,0.0338903770400558,-0.0336007107305216,0.0685938738870119,0.0769181660201211,-0.0367883840906945,4.7255062956798e-16,0.0150485626795601,0.0373292100458191,-0.0234940790484509,0.0535470897734665,-0.09743502461944,0.0323350072681635,0.0677829541915719,-0.0799777372132998,-0.0806682110916151,-0.0403932376482024,0.0134479896335642,0.108830741862749,-0.0523706062714712,0.0873187079988205,-0.028239472987581,-0.0153935227259144,-0.0976733143785834,-0.0721177158289603,-0.0738405848192029,-0.0942917692306038,0.0494768490471664,0.107323601904727,0.0487119057641102,0.0545544725590014,-0.0879434233968548,-0.0940581803149631,-0.0360107766764928,-0.0992897037583553,0.0255471210687394,0.0672259154742677,0.108098394878045,-0.088473499725522,0.0771516749810485,0.030305784927176,-0.0462753716286586,-0.107618776668647,-0.0889388869490005,-0.0193422398812956,0.11655259868679,-0.094491118252307,-0.0340350428145419,-0.0816930113052284,0.0545998566591205,0.000741504498537634,-0.13401924502082,-0.0983206908642838,-0.105391147968635,-0.0263042622570376,-0.0315644580114171,-0.140697558629719,-0.101661184011782,-0.0243025227657016,0.109108945117997,0.0547037590984971,0.0535714691509211,0.0946038939286518,0.13659463981545,-0.105391147968628,0.0801253930072285,0.122272333289928,-0.0623521758133216,0.0944911182523058,0.0574520365619982,0.0438157775335199,0.0990581124827986,-0.0771516749810474,-0.0696236706753453,-0.0410176070728823,-0.054554472559001,0.0201323179824342,0.028239472987583,-0.0253163661500005
0.0174870442369149,0.0332677258505385,0.0457816436764596,-0.0308707240686071,-0.0587671869577651,0.0537495239099316,0.0809597740030682,-0.0562874535558012,0.0951888677707819,0.0368278634184552,0.0701230541641784,-0.0529912645736743,-0.0998513021648196,0.0965647684030724,0.113126488810903,-0.0941251069289088,-0.0439836690484324,0.116064808022536,-0.033829787655808,0.0779905491892773,0.0702035990968727,-0.0299178027397061,0.0607681211295854,0.132779613454025,0.051977013484366,-0.0991523230304949,-0.109734646840324,0.0119284274724403,-0.119048044664571,0.0141094837540652,-0.0259107453178842,0.078831018997235,-0.125563539832653,0.0504530567933095,-0.00850258172482537,0.0715458019540792,0.121114244702201,-0.0452178957383582,-0.0132119561404729,-0.0882381615226443,0.105426442088982,0.0301256573073632,-0.0953409472697959,-0.0137040829295676,0.0642710284021937,-0.00978332366417931,0.0169858651130268,0.0783234261138466,-0.0821142978085145,-0.00691189415358761,-0.0347364592453081,0.0996397458396642,-0.041614187834301,0.0102419823044394,0.0426370895034416,2.08671631104622e-15,0.0363012592945864,0.0350765893588787,2.33473419924692e-15,-0.0912415902106755,-1.89736912113175e-15,0.00432766978150016,-0.0540462775215137,-0.0353257972172918,-0.0618989775095142,-4.11009852275423e-16,-0.0257227706944635,0.0638193224823875,8.90911511753962e-15,0.00367374463794746,0.0404629098158036,2.77784807743236e-15,0.137194564681795,-0.137233687631004,0.101506197641812,0.101411743065267,-3.79609992283474e-16,0.0541298976447012,0.0536357397889999,-1.97796123166237e-16,-1.66633323112937e-16,0.0289082694678987,-1.01087000805959e-14,0.00813149962978175,0.0417992369087765,-0.00916111248065012,-8.17241512844232e-17,-0.04275077125648,0.000243354453157942,0.0420479915955092,0.00718861442853626,-0.0684761106505196,0.0133493413205174,-0.0154125590282438,0.0527662563163521,5.93196428965042e-16,-0.000784145724360263,0.0415526273286288,-0.074759419879275,-0.0154357358379675,-0.0127852025595822,0.000308551080536892,0.0685741319992763,0.0721741096757565,0.0817819837657169,0.0477162203315369,-0.0696021310589756,-0.0014095207429306,-0.00167534925566591,0.0736489919558991,7.59929132867298e-18,0.0356516903573469,0.0243575797814104,0.0775881021990348,0.00225705590575594,-0.0564242004872943,-0.0267378812188428,-0.110534429123477,0.0178150772133014,-3.91808324057444e-15,-0.021805081122849,0.0200261566588379,0.0475996878559176,0.135601793886562,-0.106555911067038,-0.0190037464574877,-0.0607613551909424,-0.0162329809997092,-2.93284534878187e-16,-0.0416021504320359,-0.0774661795761377,0.122777417922757,0.18086265245423,0.00788953649017542,0.0160348034627775,-1.36879457705545e-15,0.0810063566234033,-0.0644611277919172,-0.214608810069644,0.15619302070546,-0.0145916928072202,-0.0495407584229474,-1.64195666219086e-15,-0.0918527937248642,-0.0377462745173685,-0.0108782933173876,-0.0280226449639989,0.000215862189014784,2.04229835375919e-16,-0.118492376416939,-0.117909567274476,-0.000867424004363249,0.0042489084187328,1.12522762580752e-16,-0.0355443972725573,-0.0058981392409047,0.071427543340853,1.55770575631912e-15,-0.126901948932895,-0.110824690086924,-0.0203177226557502,2.89534178594347e-16,0.039873508093432,0.0649063126850444,6.0046287393861e-15,-0.0557066791092081,5.4285976313307e-16,0.0586421704720701
0.0305725844774339,0.0562433405041864,0.0728979273013614,-0.0477361885516245,-0.0879285384574286,0.0778731072358591,0.114251162487398,-0.0703923121125908,0.122620364885662,0.0437493024606954,0.0807551165080591,-0.0517056068011493,-0.111862226465315,0.105338389720337,0.113706454833482,-0.0839182679407088,-0.0249152951655792,0.103819926291653,-0.0202484672519227,0.0435644135462384,0.0424984000146078,0.00547504693762623,0.0510169643089003,0.0836601539863882,-0.00225241399688132,-0.055025795320034,-0.0572214455881635,-0.0341812756002753,-0.0649586826889925,-0.0441497289181933,0.0117365317395751,0.0177733801648853,-0.0661206683346483,-0.025549639441151,-0.0556638412553219,-0.0166037116412347,0.0609015594883946,0.0164198235475532,-0.0830695619294949,0.0212575851308459,0.0499583045808545,0.062652947517796,0.0220184711994545,0.0386783583532479,0.0979397698312557,0.0447783276139317,-0.0856981750364919,0.0343600325963118,0.0322549164341773,-0.0429006465860086,0.0933207889739445,0.0876432788465441,-0.0167513768466982,0.0277920955668649,0.083019603335233,-0.0417541856194828,-0.0515586487409359,-0.11329122105913,-0.0771516749810503,-0.0677021138847896,-0.100803521208412,-0.0392379892606921,-0.0397308293899154,0.108097312978235,-0.049663720603634,-0.109108945117997,0.0893561351201931,0.0186633368012501,0.100803521208417,-0.0550308625555535,0.00689402781477638,0.0771516749810477,0.0905438323779813,-0.0905429010083611,0.0301691687479736,0.0299409514546103,0.0417541856194891,-0.00809201067564871,-0.0113304190838156,-4.72121957591878e-17,-0.0417541856194895,0.0341370400142743,0.0771516749810337,-0.0492432596174176,0.0688097623184827,0.0637307620517676,-0.100803521208414,-0.105768327341591,0.0514344279105171,0.0111610989379848,-0.0456672099664395,-0.0197508248581902,-0.0782619982889052,-0.025228400521394,0.121239558219432,0.109108945117996,-0.0224067046014938,-0.0332195477186359,-0.0303317907762752,0.0337139113038116,0.0905763600557777,-0.0428939091248757,-0.0643523184518972,0.0626638286242944,0.013429566913817,0.0415245257764465,-0.0474440648271913,-0.0813522783279768,0.0606287605401723,-0.0886805367382733,0.100803521208413,-0.0924322018193161,0.0548104397415835,0.0608923831345438,0.0745941744916592,0.0997558439206189,-0.0128769541880359,-0.0440436916445413,-0.0943643102003104,-0.0771516749810468,0.0921928183334026,0.0812749947006337,0.00952538082908326,0.0125442893636885,0.0296999136114617,-0.0646301605209509,-0.0729366160895922,0.0635157726945438,-0.0417541856194902,-0.0244869752793189,0.0449177385065349,0.0415199107375888,-0.00511079624946363,-0.00148256044411294,-0.0210353733136606,6.18257858609677e-16,-0.0161100340857733,0.0386638992910944,0.0510240391671254,-0.0682759421835494,-0.0240933924047181,0.0235501923009964,-0.0417541856194887,0.0593851093067398,0.0363084720671262,-0.0643510723102225,0.00417683511308738,0.0112431320061211,0.0771516749810469,0.0518657469908276,0.0520720228525916,0.0169157111602203,0.0936533189611263,-0.100803521208413,0.0378595966942764,0.108088539685375,-0.0566100581675347,0.109108945117995,0.0884933677308725,0.0757341384475928,0.106658077659543,-0.100803521208415,-0.0921487316555436,-0.0742985427714827,-0.0771516749810522,0.0470594250317002,0.041754185619488,-0.0149691729410035
0.0433739076892418,0.0781573767260635,0.0973629644475951,-0.053072733963704,-0.0957187399934771,0.0969287320007701,0.119428839942517,-0.076525845468856,0.119200260825714,0.0227928391855776,0.0411988272814422,-0.0397018894507959,-0.0945229477744399,0.0516320279879908,0.0520222336990988,-0.0495937588593018,0.00667843381532041,0.0427594064009765,0.0207416444350697,-0.00725687943665625,-0.0356763247780694,0.0536125476555956,0.0387631662101164,-0.0322514568287517,-0.0646326875849352,0.0435096258095693,0.0124915994821,-0.0915582467784587,0.030646471126061,-0.105627746618839,0.0386212811193681,-0.0387707215134843,0.0111119066857449,-0.080325135613267,-0.112109165434081,-0.0737901782982628,0.0103618633896259,0.063244608382171,-0.148469226386137,0.0907741156210124,0.0269637962722977,0.108516067183981,0.0928153364418366,0.0777449308328676,0.136653539475371,0.0210737846422519,-0.0445342591090749,0.0317509378800201,0.0983229329714571,-0.0738180868225669,0.0354933084607999,0.0963034438139031,-0.0213572292677901,0.0459729685196297,0.0939934279584815,8.81131371978191e-15,-0.101076621207259,-0.0579167178545648,-2.31835498381461e-15,-0.0667286105430531,1.28903046246205e-15,-0.0622503371965095,-0.038821059102411,0.0625570296626401,-0.0434549753990794,-1.21405377297275e-15,0.057904200980289,-0.00398328302310772,-1.47613923871969e-16,-0.0330045419604429,-0.0155286351284973,-6.46839926895455e-16,-0.0121186963109308,0.0120933252335741,-0.077640970045699,-0.0779150243394571,3.49817020123614e-16,-0.0957561551391761,-0.0977631584696444,-3.83058476888615e-17,2.80438620709693e-16,-0.0544595042210676,1.90451626050776e-14,-0.0628635998945218,-0.0807088641492484,0.0939264405385957,-3.0299531912568e-16,0.0749540362087856,0.0843749313659469,-0.0301233666595127,-0.0526530097172698,0.0571846667072289,-0.0854323208556544,-0.0457880105770672,-0.0759850571408134,-7.6003683025811e-16,-0.0151635570791154,-0.00388659736857717,0.0756112374302031,-0.0198899378195105,0.0905526674718982,-0.0194716852894779,-0.0101983256259979,-0.108857917948389,-0.138394438307121,-0.0965429402767655,0.088072404476197,-0.0686855082982716,0.0093345660222224,-0.0191318731005202,-1.14610287680438e-15,-0.0459597993155196,0.0333085582735544,-0.116310637978564,-0.0115065295600752,0.0290615603502625,-0.0301271204997875,0.156814348277424,-0.00896962515928232,5.06097524894125e-15,0.0383256159610968,-0.0355562877817966,-0.0984170933451605,-0.167230292447783,0.0568070065891413,-0.0471034431300396,0.0541781529570573,-0.00656321219091842,8.11680225529613e-16,-0.058292639334962,-0.0226225207234592,-0.0598223728326253,-0.0490998902669522,-0.0693802979432163,0.0201375651917321,-8.06175317351644e-16,-0.0453844960391026,-0.0619408346771297,0.0149908588608539,0.0323045642812801,-0.0309486532024548,-0.0797311298031738,-4.80743049886071e-15,-0.0356270746012435,-0.0201940641015698,-0.0360058348948416,-0.0749461064679141,-0.00202617025818696,7.5507861775715e-16,-0.0653633839577065,-0.0652049557474341,0.045925921387222,0.0321654344511625,2.77262255220949e-16,-0.00468986464736731,0.016669778189729,0.0667305965902341,1.94820060289459e-15,-0.154581284836881,-0.1396341307921,-0.0126966270510757,9.21434753014382e-16,0.0571148184341537,0.114441185727165,1.20451550327904e-14,-0.103034344126223,2.3289986360204e-16,0.0394094431007925
0.0199350546016618,0.0384790216814861,0.0543531941676886,-0.031860332160687,-0.061432516082756,0.0664962314644215,0.0866066918741079,-0.0741551333553501,0.105617964325645,0.0306929780172005,0.0590027284410445,-0.0769573088665435,-0.117191028503012,0.082679891147281,0.0996755804447091,-0.120654950871922,-0.0749621492869808,0.107644106934734,-0.015643892130638,0.116025865286955,0.0351021305690837,-0.068697698640179,0.0792729204947649,0.0879200241244022,0.104072795476433,-0.0406849465629195,-0.108388041511549,0.0592090612782895,-0.0548142312633877,0.0864953110157096,0.00440017969047801,0.0910699002116055,-0.06124821642527,-0.00140676340867787,0.0482413507053896,-0.0184474320055825,0.0623856044960779,-0.0687509191320259,0.0623394937327266,0.0121585798212712,0.0577012094019845,-0.0397486751817768,0.0065856791822443,-0.0441614652457984,-0.0401589467843834,0.0280841063575558,-0.0519737825513931,0.0458618714763746,-0.00138569429545374,0.0223661332327682,0.0788604677534427,-0.0187849446982416,-0.0259563277123833,-0.00788480829231128,-0.0148774432397949,-0.0282394729875836,0.00505788571589967,-0.090178796350028,-0.0545544725590012,0.00561684849333503,-0.0771516749810435,0.000886366413294409,0.000317266649529883,0.0953318799179121,0.0273023478697361,-0.0944911182523065,0.0885226952938046,-0.0396907215640607,0.105391147968625,-0.0598500735662589,-0.0293329721860229,0.109108945117997,0.00911122104499105,-0.0091438896227386,0.0717321211220567,0.0716919659560544,0.105391147968629,0.143030424922011,0.141338112784045,0.0944911182523066,0.0771516749810466,-0.00197383572839385,-0.0545544725589973,0.00266978520531345,0.00285612010517586,0.007017857164334,0.0282394729875827,-0.0197676940746603,0.0172947790129491,0.0344511593669985,0.00288909541596862,-0.0619392187752787,0.00952511885404083,-0.022378734078727,0.0518401536481622,4.22472116220918e-16,-0.000725879645664339,0.0419743267394538,-0.0787643572763722,-0.00491813097458682,-0.0213139932783597,0.00222551724052654,0.0771250281935738,0.0622656726004639,0.0544536779074564,0.0431106650843251,-0.0827646243528957,0.0338099080160432,-0.0106938498870945,0.101418420221724,0.0282394729875833,-0.0215917093203732,-0.044070083796471,0.068884260181106,-0.0245969098377832,-0.113229420496867,0.0572940916750608,-0.0329476340019486,-0.0673205706249651,-0.054554472558999,-0.112007966289141,-0.0425589593964062,0.0326210026813527,-0.00411515257540461,0.0640938981792594,0.097222989690731,0.0612475282731935,0.0932679476137381,-0.0771516749810485,0.0670332073721112,0.0701235745350825,-0.0730680288826157,-0.0722346877901607,0.0182832110890817,-0.11011671858959,0.0944911182523066,-0.0163068556077977,0.0611479388719991,0.0630716831493792,-0.0293018825870427,0.118192754427102,0.0474373208074582,0.105391147968633,0.00175014567673524,-0.0126266405576685,0.116973236268658,0.0300380341290287,-0.0156027466676028,-0.109108945117998,0.0577860826963911,0.0569415337566938,-0.00941302431240268,-0.106082097009568,0.105391147968628,0.0133522754180163,-0.0854560634267372,-0.0357322096639128,-0.0944911182523071,0.0674954512593996,0.0593723084542399,-0.0553785181515278,0.0771516749810465,0.0169550112948786,-0.0251453536334889,0.0545544725589948,0.0325274841918212,-0.0282394729875825,-0.0436729975310663
0.0432615858593714,0.0798287976830534,0.104085979596424,-0.0388084458089634,-0.0713512910489822,0.11239910922512,0.0923724277261391,-0.103694789658878,0.0984785895313601,-0.00914003081286979,-0.0171700942980496,-0.0796181548227695,-0.0887063384097645,-0.0231097932538879,-0.0260700608849776,-0.0647230534174817,-0.0442384348950577,-0.0238634509272219,0.0490637726472205,0.0306639000589583,-0.0915584675962746,-0.00334003176180778,0.0262586453507746,-0.118650078638883,-0.00718656038243567,0.122799464360244,0.0464810153306568,-0.0366081870944793,0.116012723488056,-0.0377066466750728,0.0331847557386729,-0.0422145651802341,0.0916895906665321,-0.0645293908634364,-0.0697229879561116,-0.0689923380720342,-0.0572520516857395,0.0437892788005348,-0.0784573999647281,0.0780201534707623,-0.0221211212762999,0.0928476476643905,0.074735337028928,0.0465009579446613,0.0814139058206442,-0.0245015445618089,0.0402776559297536,0.00287549791578322,0.0720846710691442,-0.0439538288096126,-0.0755453359545769,0.0667898839059742,-0.00951686302437738,0.0283414722018758,0.0850072254841353,0.0417541856194962,-0.0719745695015122,0.0669148237685434,0.0771516749810489,-0.0546653568315567,0.100803521208412,-0.046644569580952,-0.0349882434740605,-0.0563725706174353,-0.0877839086815109,0.109108945117994,-0.0322753773122039,0.0659015128468948,-0.100803521208405,0.00279505823745603,0.0319385898773969,-0.0771516749810481,-0.0849962928179057,0.0849565803682087,-0.00175503022285698,-0.00201701594813392,-0.0417541856194892,0.0255806465045578,0.0249701937263757,-2.02877059977844e-16,0.0417541856194894,-0.0342856030152746,-0.0771516749810338,-0.0150850249587902,-0.0616767214343342,0.0385361058242765,0.100803521208414,0.0702391128517772,0.0569245169983006,0.0381594949089455,-0.0501840820400983,-0.0683466866987507,-0.0787087467073341,-0.0628581551617384,-0.0472976468413305,-0.109108945117995,-0.036984484246918,0.0505736271375551,-0.0908806752979386,-0.067642630729393,0.0775837420779777,-0.0578550678148437,0.0938292085417803,-0.00308565372583435,0.0118146493547581,-0.0239899646457493,-0.105777911202705,-0.0542188856816851,0.0555376231561032,0.12338718124499,-0.100803521208414,0.0567125442693191,0.0200442867719516,0.0993312309857283,0.033215474868305,-0.134233408362027,0.0231552573479898,-0.0549873204679027,0.0354186335201535,0.0771516749810435,-0.123467204139571,0.0015490999569561,0.0243326305423297,0.00670095163564417,0.0510841768423506,0.0913966374626939,0.0230037659148686,-0.00684631715333703,0.0417541856194882,0.0442381872931938,0.0464193597856513,-0.0224567380927099,0.0041202791915544,0.00747466386804817,-0.0219726008683334,-5.76141869209616e-16,0.0123095764952602,0.0171816995422806,-0.0437986812295515,0.0750094381633645,0.0469459698716983,-0.0152009828698452,0.04175418561949,-0.0827328350320211,-0.0684397404115639,0.0639319397949184,-0.0428493559802706,-0.0398601886538136,-0.0771516749810472,0.0311227529709177,0.0294940885150485,0.0617787390693007,-0.0692830900603722,0.100803521208413,0.0708807565574821,-0.060304295847689,-0.0718286171808362,-0.109108945117997,0.0853022463355749,0.0691679126408825,-0.0355506969636209,0.100803521208414,-0.00450865410139369,-0.0545268790399373,0.0771516749810404,0.0571271112699572,-0.0417541856194896,-0.0631811307736583
0.0296630863419362,0.0571477927965287,0.0804364207952696,-0.0250885120185027,-0.04843915546101,0.0978209507243723,0.0684598066678206,-0.10802930388139,0.0838418824137643,-0.00865452789904506,-0.0163828467393673,-0.11031890737782,-0.0936842309299625,-0.0222335667818519,-0.02509440506003,-0.0976030047816226,-0.104528630205237,-0.0225570791095391,0.0339967881582971,0.0958463152894713,-0.0664333997524627,-0.0910794753020393,0.0204200348680892,-0.0926263653723308,0.0895288162974403,0.108974014623824,0.0307999779242888,0.0709051450905555,0.122799180184059,0.0826129794386873,0.0197483733563822,-0.0168589992688282,0.126187524262688,-0.0310903605184676,0.045232641513722,-0.059787679937028,-0.119509273332296,0.00417718908339921,0.0625090158341963,0.0628190611810006,-0.102711858355334,-0.0143628977354899,0.0616074539636336,-0.00688166588757507,-0.0604232292326424,-0.0199147087302405,0.0385916844482755,-0.0760620084705708,0.0494248997198553,0.0124921856013038,-0.0554853613666731,-0.0568790785797635,0.0407613915374673,-0.00957753703144523,0.00438547307752501,0.0282394729875834,-0.0268505016131392,0.0681087833137361,0.0545544725590003,0.0419051109872524,0.0771516749810437,-0.0123045930693878,0.0216099494828109,-0.0736332255550455,-0.0437343396755864,0.0944911182523062,-0.0651010311234813,0.066115640782158,-0.105391147968621,0.0325263983832522,0.0480670512125939,-0.109108945117996,0.0182258843477335,-0.01819121714052,0.0907929655315514,0.0907326862886061,-0.105391147968629,0.0161673228751641,0.0169037986528379,-0.0944911182523066,-0.0771516749810466,0.045018841493438,0.054554472558982,0.0316020086992513,0.0644109475131751,-0.0599679348336269,-0.0282394729875828,-0.0507733367073031,-0.0738405813171314,0.0243169360233545,-0.0121935412861937,-0.0469854957085746,-0.0210020269080037,0.0735366501037122,0.00596578903334111,8.92163135942821e-16,-0.0278424526075868,-0.0252905854898898,-0.0683085084517618,0.0618539978113503,0.0220486720783905,-0.0560401525435064,-0.0450156348085615,-0.0374649344559849,-0.0461379359921641,-0.00725887839109757,-0.0887495427790877,-0.0146243286288757,0.0836747218004594,-0.0559244547630763,-0.0282394729875815,-0.0407871181889503,-0.000601369520210031,0.100979663143218,0.108459226381837,0.0566784766555568,0.0352748223566775,-0.0807111302647351,-0.0065778176788915,0.0545544725589955,0.0464606069455134,0.126928025074263,0.0486473059984428,0.0400729226497075,0.0527243596990366,-0.0239139242263769,-0.133539048637487,-0.0170567020134941,0.077151674981046,0.0124240698986462,0.0907180523630149,0.120854305877755,0.088027648783725,0.0531367230261801,0.0352219947331064,-0.0944911182523054,0.0450221723794585,0.0975047492186688,-0.0353138589341938,-0.0306380275242207,-0.0489265106194735,0.0911941447241757,-0.105391147968625,0.0491487884501885,0.0442505474433359,-0.0584737496354436,0.0752815173558404,0.0281888861791588,0.109108945117998,-0.0407866851135708,-0.0395909180688479,-0.0515157179782201,0.0642486328174301,-0.105391147968629,-0.0223068791531577,0.0670150422847463,-0.0079828808715379,0.0944911182523059,0.041926889592461,0.0398724529766831,0.0681449276972722,-0.0771516749810478,-0.0698642859732194,-0.0762934730466727,-0.054554472559006,0.0576320740914692,0.0282394729875839,-0.0231469277473182
0.0392930317296528,0.0747519014482242,0.102870419565665,-0.017131959365299,-0.0326133283021206,0.12077408393515,0.0449292849549566,-0.126476760085081,0.0528258362535846,-0.029533653404325,-0.0562343232841304,-0.119070290672279,-0.0554132921358871,-0.0774389317316769,-0.0907204002965959,-0.0522354935237619,-0.0988304072484673,-0.0930767493522128,0.0271293833154498,0.0432814894985558,-0.0562989153051011,-0.0672246925441469,-0.0487322494677743,-0.106480982574363,0.0288450663147933,0.079513989430851,0.0880003542264732,0.0268029332349914,0.0954691193902979,0.00783017274887552,-0.0143793788226189,-0.063217568885825,0.100694140833039,0.0279993341561158,-0.0191051277146185,0.0397049246111298,-0.0971260831701945,0.0362619369262825,-0.00733208250094698,-0.0489684852974263,-0.0845454422628032,0.0676917375180794,-0.0529102340082383,0.0109898212358175,0.0356677298694175,-0.0219829287299678,0.0381668924604437,-0.0628105109982068,-0.0455699973294896,0.00554290874764313,-0.0780521154295726,0.0552958872328416,0.0333719875691866,-0.00821343209939143,0.0958046704761278,2.85791276016042e-15,0.020145679050544,0.0788163808573722,3.19487856095609e-15,-0.0506352624719957,-4.85631999980049e-15,0.00240167553823039,-0.0299934212196125,-0.0793763458323099,-0.139085739954843,-6.22110238716964e-16,-0.0577985411015606,0.143400715940992,1.8343761686957e-14,0.00825482927073406,0.0909193330631699,-2.30993285870197e-15,-0.110021498565649,0.110052872734956,0.0563316898385916,0.0562792715032252,-1.01127586454647e-16,0.121628775958957,0.12051841333618,-2.548109320541e-16,-2.9409566291514e-16,0.0649562918731372,-2.2704565974345e-14,0.0182713138157558,0.0939220327849754,-0.0205848328913815,-3.58796420824325e-16,-0.0960601110565014,0.000546812492724221,0.02333487487387,0.00398938003555694,-0.0380013744592211,0.0074083255238321,-0.0346317057775575,0.11856470170737,5.47984108022279e-16,0.000628836046730645,-0.0333226198766634,-0.0414883480121398,-0.0346837835962845,-0.00709525213082441,-0.000247438754899358,-0.0549921841502703,0.162173752357902,0.183762449473119,0.107217373851453,-0.0386262686417911,-0.000782224998637811,0.00134352578877165,-0.0590619058534212,4.99752832961602e-17,0.0801086210710104,0.01351743697766,0.043058148268579,-0.00181001830264755,0.0452486955833806,-0.0148384046171837,-0.0613419803177052,0.0400301151369227,-1.95381155746006e-15,0.0174863173846973,-0.0160597307278633,0.026415833860463,0.0752533182429825,-0.0591340693686316,0.0152398214059282,0.0487268236062576,-0.0364751772138776,8.73928553747155e-16,0.0333623343220785,-0.0429904863174754,-0.0984598445369671,-0.145040586000802,-0.00632691702948038,0.0360298763304745,1.31300292110605e-15,-0.0649620542163739,-0.0357732270715809,0.17210290323104,-0.125257077373053,-0.0327872361215438,-0.0274930467565919,-2.97029108280889e-15,0.0736602214270652,0.0302701619215262,-0.0244433032074242,-0.0155513947053677,-0.000173108035104744,-7.62156152253798e-16,0.0950235080539345,0.0945561314098216,-0.000481384005191333,0.0095472105549543,-2.30410431411962e-16,-0.0197256523165501,-0.0132529985741979,0.0396392960320298,1.03186205070554e-15,-0.0704252685380466,-0.0615030629998013,-0.0456535084014597,1.56806275474057e-15,0.0895949594146062,0.145843160755805,1.4876426551239e-14,-0.125171771749226,-1.25941573117643e-16,0.0863280585209766
0.0482991783141447,0.0890483665815994,0.115913104539742,0.00118414667004757,0.00188314418533832,0.124793880262889,-0.00168548000089245,-0.114484290903076,-0.000325119414198871,-0.0494821534182215,-0.091171299721955,-0.0868599626398933,-0.00224743395180875,-0.118529855772597,-0.127321837696275,-0.00578411280627436,-0.0465648198153669,-0.11621811439341,-0.00197891395177812,0.00959920270428258,-0.0021835218548317,-0.000241872392549852,-0.0781895627117912,-0.0384766796514345,0.0120893448226606,0.000467483079722448,0.0455589580982403,-0.0445695854112505,0.0166199480722292,0.00517100344022587,-0.0534169698701467,0.00126427368457792,0.0315672408293222,0.0989573656652419,-0.0806862349825336,0.12510552189988,-0.0441705108549159,-0.044776401429027,0.026605999143891,-0.137004848708351,-0.0500206907054656,0.102341217136504,-0.12825286384175,-0.0740372087330214,-0.00645401874298115,0.000279517393691011,-0.00583910369510672,-0.0444420407828188,-0.103851434545074,0.0778887660133154,-0.0190509974259854,0.00785222457187483,0.0261700857893344,-0.0503845067902328,0.105117701273477,-0.0417541856194869,0.0688199148828512,0.00324218562647133,-0.0771516749810458,0.000836948027697649,-0.100803521208417,0.0341049829466192,0.00702538870360998,0.00290053844172619,-0.0924996639530783,-0.109108945117996,0.0138843782793488,0.0611548762700447,0.100803521208422,-0.0222495751901784,0.0286808914672085,0.0771516749810449,-0.0657369283211791,0.0657578056691671,0.0583064807395045,0.0584839239677948,0.0417541856194891,0.0169128021920295,0.0149820297462434,1.31201840816418e-17,-0.0417541856194892,-0.0123025067997737,0.0771516749810501,-0.034012563002255,-0.0188376651860753,0.0592664148384701,-0.100803521208414,0.00925606115919889,0.0685403921457276,-0.0656320013991467,0.0304731398479265,0.117983854368515,0.0358337004892781,-0.0616360211197578,0.0160269116380462,0.109108945117995,0.048465543918471,0.013357852800716,0.14955102537223,-0.0392410760697232,-0.011116124872952,0.0855949701687472,0.0281747462538685,0.0254135251791387,0.0154513326974674,-0.000758305414313051,0.152189558244231,-0.0247630099498321,-0.106423883399561,0.0421081009320997,0.100803521208411,0.00434372959012177,0.0537258961387841,-0.113470967043857,-0.11145061203655,-0.0498995811523212,-0.0752328606534134,0.0441913975560185,-0.0135925301053934,-0.0771516749810444,-0.0464434350876363,-0.102207946302465,-0.0375107813695732,0.00754712672249518,-0.0612677083508198,0.0298711847492483,0.0781843456648012,0.0227768580453451,-0.0417541856194895,0.00598441694288301,-0.0233643866339987,-0.039311932413223,0.00408647623801375,-0.00229940286310732,-0.0269822796218448,-1.32003059480293e-16,0.0132575843415587,0.0310630107172226,-0.039319501817664,0.0435116096354142,0.0269251764239241,0.0765922786576205,-0.0417541856194837,-0.0281387604783737,-0.00729473361050492,0.0226305136216257,0.103808025726604,0.00810077954642991,0.077151674981046,-0.0819473534832902,-0.0813007346914218,-0.108334508364521,-0.0138810763659013,-0.100803521208414,-0.091046978334952,-0.000256364869874456,0.0593896377303846,0.109108945117996,-0.0322128689846046,-0.0189506869783979,0.0189578646802824,-0.100803521208415,-0.0446257035233602,-0.0767931241759992,-0.0771516749810546,0.066755800683894,0.0417541856194898,-0.00826085139403607
0.0540863782220088,0.0974606546574632,0.121409630823619,0.0236195886584365,0.0425988468409233,0.120868151819171,-0.0531508340106595,-0.0954261684568991,-0.0530491067335488,-0.0410712770346226,-0.0742377215493288,-0.0495074463742167,0.0420666692381383,-0.0930376996076903,-0.0937408260032763,0.022071299079564,0.00832787075249104,-0.0770497879545337,-0.0373751518101981,0.00322961517970621,0.0642865158924391,0.0668537534298552,-0.0698488119532826,0.0581151170944083,0.0287642520110017,-0.0784016366169943,-0.0225090844873626,-0.114171266284869,-0.0552230327912992,0.0470087696586484,-0.0171880870905347,0.069862426139521,-0.0200229639737818,0.0357480483936637,-0.139797842686087,0.0328397187834648,-0.018671432655005,-0.113962846430024,0.0660750218384237,-0.0403982819740937,-0.0485870820036155,0.135317322454188,-0.0413067107008537,-0.140091524635286,-0.0608165464649928,0.0262785796220257,-0.0555333127756844,-0.0572132131132017,-0.0437578217482812,0.13301559623051,0.0442594317190672,-0.0428590645213547,0.0384843973498411,-0.0828404268025169,0.117207887547712,3.00803772264555e-15,0.0449833283043768,-0.0722209658789017,-2.0007666347344e-15,0.0296970254792936,2.69440604353441e-16,0.0277040063441295,0.0172769966572841,0.0780073400584593,-0.0541874680026962,-1.40440883570161e-15,0.0722053575919773,-0.00496707268564924,-2.14068821394256e-17,-0.0411559906547094,-0.0193638912788064,3.322821555668e-16,0.0218371361914263,-0.0217914190897381,0.034553482335686,0.0346754479704896,-9.26662569630829e-17,-0.119405972388958,-0.121908664606645,2.48369781457311e-17,2.64879552114639e-16,-0.0679098909922365,2.36559971216089e-14,-0.078389626884724,-0.100642307433316,0.11712435560141,-1.94067034796042e-16,0.0934661543686564,0.105213818478398,0.013406159365976,0.0234327937957872,-0.0254495708873466,0.0380209596537148,-0.0570967152843962,-0.0947518164418994,-1.57076106746826e-16,0.0273237857098965,0.00700340646231882,-0.0336501663411224,-0.0248023467801323,-0.040299728276167,0.0350867645028162,0.018376747787494,-0.135743603384792,-0.172575041836914,-0.120387077408041,-0.0391959073996416,0.0305679269115945,-0.0168203067628136,0.0344744440964569,9.9319768774869e-16,-0.0573109323374001,-0.014823702991539,0.0517631035840907,0.0207340498224545,-0.0523671222565091,0.0134078299820545,-0.0697889504728882,-0.0111849396265896,-2.76448395590284e-15,-0.069060373648262,0.0640702166991568,0.0437997270568591,0.0744244817225383,-0.0252814963229562,0.0848774716623536,-0.0976256582695262,-0.00818419173694704,-1.03210740836989e-15,0.105039706537329,0.010067968879639,0.107796191052486,0.0884749450958979,0.125018976985266,0.0251111330626207,8.20893902275327e-16,0.081780036033341,0.0275662647647707,-0.0270125942734785,-0.0582108134171702,-0.0385923393059887,0.0354836909383885,7.7492096007833e-16,0.0641977701403138,0.0363884461438809,-0.0448985417286851,0.0333541552152595,0.00365103264739331,-7.16761151836984e-17,0.117780748093291,0.117495270322788,-0.0204389578397799,0.0401096407053088,2.00803173074162e-16,0.00208718612292155,0.0207868734010868,-0.0296979093534424,-7.84208181321529e-16,0.0687951437481397,0.0621430343920727,-0.0158324349686991,1.19961296554175e-15,0.0712210136574165,0.142705824427019,1.48933650342856e-14,-0.128481725607807,7.46208608028422e-16,0.0837337364407023
0.0326598822348995,0.0629537472460714,0.0886944482282096,-0.00103696000242283,-0.00185577459278967,0.108039918798262,0.00223207700413916,-0.119634914418991,0.00192599577626102,-0.0334706169278445,-0.0644834049048905,-0.122718119286548,-0.00066438046779328,-0.0907614392073414,-0.110367071645343,0.00189925201811707,-0.117186747974983,-0.121711771320014,0.000640820356349752,-0.00629333055692955,-0.0069038854318457,-0.103613420326132,-0.110183979391644,-0.058230722132406,-0.0136367267255644,-0.00974271705943598,0.118064978834591,0.0832120227394746,0.000203824722088464,-0.0297705149116714,-0.0364453423098346,-0.104206269333361,0.00634648388883221,0.0673245058857787,0.057743182948538,0.10110057351254,-0.0114709332765903,0.0834128288433631,-0.0281245974399418,-0.119244145404635,-0.0149514501780055,-0.0292079743393901,-0.12656370865884,0.0588874828784077,0.0634058420355391,-0.00347175327632215,0.0078176187781961,-0.0149775881756982,-0.113553676427579,-0.0348227519422806,-0.00939959519124637,0.0939568287301991,0.00974614553583598,0.0151473271807055,-0.00310420877898184,-0.0282394729875867,0.0694465246091811,0.0144856635053138,-0.0545544725589971,-0.0840387184234238,-0.0771516749810471,0.0292453467468079,-0.0479854209771325,-0.0166225842713318,-0.0229215294420103,-0.0944911182523059,-0.0128106678315088,0.0353565944064416,0.105391147968634,-0.000551642261285021,0.0254923814831456,0.109108945117996,-0.0214761095413236,0.0214976077429017,-0.0747531257912638,-0.0746900366707416,0.105391147968629,0.0766197137761649,0.0764571717388137,0.0944911182523067,0.0771516749810466,0.0352238682762605,-0.0545544725590102,0.0265310094978611,0.0529246624363507,-0.044967309620211,0.0282394729875832,-0.0495145061736233,-0.0515186478349092,0.00743918483622239,0.0326046086195541,-0.00603516510972314,0.0643547972001212,0.04901234106693,0.0278552301621438,3.36795050798614e-16,0.0163565526047305,-0.0383059132410052,0.011559357638762,0.0474142807597445,-0.0879494052381608,0.0283247637707802,-0.0711915444854315,-0.00233371346875939,-0.0127655853936161,0.0133648824146451,0.0502817126526629,0.0937839172453317,-0.03310095461888,-0.0954309705044166,0.0282394729875842,-0.0423179438578166,-0.0780602819667377,-0.10277409564974,-0.0295184847983133,0.109740596366015,0.0239785794677399,0.121986678484249,-0.035235472715847,-0.0545544725589938,0.113887957770306,-0.0173695853819911,-0.0505284886429837,-0.0974582885694522,-0.00297734709876039,-0.107963858437227,-0.00226583754219762,0.0278297286293953,-0.0771516749810455,-0.0904838809886613,-0.0774832982244888,0.0240452618558413,0.0412235228141694,-0.0522874478743996,-0.0207607034227234,0.0944911182523048,-0.0046511043425311,-0.108906404239851,-0.0590513892684969,0.0535416724622474,0.013364709056965,-0.119432284725222,0.105391147968622,-0.0294579157950933,-0.00881203791411369,0.00516568117812199,-0.115029366828988,0.00381265523686828,-0.109108945117995,-0.049423163916467,-0.0490336292598753,0.0987930838513527,0.00431242852494078,0.105391147968629,0.0741830714143142,0.0157103651828001,-0.0464498464798466,-0.0944911182523068,0.0274137348579122,0.0173926144767559,0.0300022298637463,0.077151674981045,-0.0484811174098338,-0.0723733501821073,0.0545544725589913,0.060693427329882,-0.0282394729875838,-0.0780672071269401
0.0437705261532527,0.0806308143721131,0.104782217548027,0.0373318390636033,0.0690030486589656,0.112471692818091,-0.0902706685425599,-0.102598774276234,-0.0980731722530832,-0.0128815991727134,-0.0234049512302219,-0.0768980895886406,0.0915088427083476,-0.0296409551625621,-0.0305934875894417,0.0719357241125481,-0.0396684710912124,-0.0278584757877049,-0.0499444722087573,-0.0426339100431447,0.0905867089513718,0.00290419277042055,-0.0610562743913016,0.101526345255733,-0.00788860603372701,-0.122591414817222,-0.0262053715184647,-0.0437034307272292,-0.108616150753379,0.0312585108543579,0.0334251161817915,0.0427772199023603,-0.0776408468430024,-0.0588684257587304,-0.0756685836189309,-0.0870116960495446,0.0375943250282163,-0.0637166521309188,0.0452802616957609,0.0928220984789475,-0.000140180349540754,0.0915648534217423,0.0851933683003594,-0.079450615614244,-0.073365876086138,0.0250052175013145,-0.0507993572212538,-0.0226540667596342,0.0574159496253448,0.0786175907255958,0.0412166247879722,-0.0765814477909025,0.0211636468874832,-0.0507646872176721,0.104408327141601,0.0417541856194938,-0.0138424606869724,-0.0610726071417316,0.0771516749810441,0.0536216997116498,0.100803521208414,0.00411635146138595,0.0262277270524766,0.0615991602897318,-0.0788947263448157,0.109108945117994,0.0572941624719507,0.0442957664326257,-0.100803521208407,-0.0428874073782658,0.0197425907538898,-0.0771516749810456,0.0557406074470097,-0.055691603703371,-0.0709519620238507,-0.0709112443850691,-0.0417541856194894,0.00489516998346279,0.00202649103233207,-3.46944695195361e-16,0.0417541856194891,0.0121172517676593,-0.0771516749810502,-0.0462034958064091,0.0277324216810911,0.0682582835390266,0.100803521208414,-0.0535602669640991,0.0665810020359289,0.0436822721869625,0.0121846981884921,-0.0787767732667605,0.0340248530714916,-0.0482061171788198,0.0761771437103349,-0.109108945117995,0.0585536804417928,-0.0446288233758235,-0.0956064030562673,-0.0030673450342245,-0.0637221610890339,0.0959484132226703,-0.081290266840991,0.0488792437459523,0.016027690101282,0.0226235455044307,-0.0839993638266227,0.0850978540157934,-0.102900707014757,-0.104647313351914,-0.100803521208412,-0.0488854140067397,-0.0870393834484569,0.0421647505320566,-0.0828156634290588,0.112026005557942,0.0706585854161369,-0.000118450944227952,-0.0599115264421058,0.0771516749810471,0.102797931035889,-0.047035915294916,0.022442548745036,-0.0161120647252691,0.0253154058376326,-0.0781027096051255,0.0117915413213196,0.0478887971683155,0.0417541856194886,-0.0415748711985637,-0.017284446199668,0.0049612822602841,-0.00230162617340808,-0.00849799441332883,-0.0266477869803083,-9.71445146547012e-17,-0.00640939639588495,-0.0559166403367298,0.0262998566952351,-0.055644950135335,0.00157152156977254,-0.0803080264184539,0.0417541856194825,0.0702099085079801,0.0651932785396196,-0.0231531633194646,-0.0865971348029831,0.0434653747147125,-0.0771516749810439,-0.0675927562356165,-0.0656763193447851,0.0733121832400176,0.0442702547430672,0.100803521208414,0.0426529684063104,0.0598423423145306,-0.00222904974112278,-0.109108945117996,-0.0451334557345505,-0.0455367925023893,0.0697115887213062,0.100803521208412,-0.0759040850641938,-0.0838495492631449,0.0771516749810382,0.0631626850662456,-0.0417541856194894,0.0467405825540418
0.0291879879040713,0.0562909399764871,0.0793854524235295,0.0263815799913942,0.0507532685272799,0.0968602559315074,-0.0712431611659155,-0.107545362929972,-0.0862435598636096,-0.00624129797870954,-0.0123149682288578,-0.110811502631602,0.0945126998223729,-0.0181590736574207,-0.0240235626610671,0.0952346762527536,-0.106634593107143,-0.0316097549456748,-0.0337115962699114,-0.0879986604455278,0.0633608816840122,-0.0956254567194293,-0.069456518870594,0.0667112560246235,-0.0725240962091929,-0.113309931622503,0.0217438807913244,0.0790377387563561,-0.122708469649014,-0.0454897545516624,0.0256982251544572,-0.0295171534835051,-0.123363073218126,-0.0528619251514557,0.0588169788267331,-0.0662826731572467,0.114404227760178,0.032945012072919,-0.0274382164638177,0.0858759560013017,0.096057837040117,-0.0382680534134073,0.0962149093047033,0.0330890612644564,-0.0186425625422049,0.0136588254922363,-0.0245048221677204,0.0693963546520101,0.0921742187124713,-0.0279897681715457,0.0385478760902762,-0.0602831704767705,-0.0364239487232531,0.0163187318138317,-0.0099790640161854,0.0282394729875863,-0.0597478981235718,-0.0420065196153492,0.0545544725589963,0.0628894568093142,0.0771516749810481,-0.0241637578275286,0.0382268917514708,0.0436803636899403,0.00243117081166204,0.0944911182523063,0.042017005337023,-0.00240525911159269,-0.105391147968629,-0.0335204233905262,-0.00213136704258078,-0.109108945117997,-0.027783652253501,0.0277585526460685,0.00242265764428018,0.00240426604071879,-0.105391147968629,0.12189663068467,0.120867264276246,-0.0944911182523068,-0.0771516749810467,0.0184523759546501,0.0545544725589917,0.0162052184839396,0.0309559988856165,-0.0210603572486522,-0.0282394729875832,-0.038448720436691,-0.0189928143142374,-0.0335934477824192,-0.0284637406495712,0.0545112235054675,-0.0592470926019276,0.0147805367849181,0.044227601335354,-5.41233724504764e-16,0.0351218033314091,0.0082428503090124,0.0538942252441501,0.0235835839056702,0.0876224424126831,0.0686458583202385,0.0133324168711806,0.0332597280920642,0.0231351459517661,0.0313415643486397,0.0260492726612319,-0.102322303332775,-0.09840603247375,0.0134536773930772,-0.0282394729875854,-0.0354671817501204,0.0979409489931645,0.0271775379225134,-0.121596187994431,-0.00783931666297562,-0.0651756218790666,-0.0714037697303751,-0.0569143102466781,0.0545544725589972,0.00422430251333591,-0.134658217797532,0.014360688746032,0.0814555754096092,-0.0490116685936956,-0.0241345129995806,0.132530656065318,0.067204140208015,0.0771516749810451,-0.0526931853098222,0.00590204015167088,-0.11015315762695,-0.0696814551885662,-0.076406826496588,-0.0726314896523621,-0.0944911182523069,-0.0470921085439055,0.0382993155826133,0.00903351835126875,0.0544663134479835,0.0730088841972723,0.0577354783535586,-0.105391147968624,-0.0622587943204531,-0.0481722732567495,0.0677819854814388,0.068157756908442,-0.026492094970846,0.109108945117995,0.0187913079260335,0.017768900112495,-0.0716772425727657,-0.0564779051253806,-0.10539114796863,-0.0701978978416095,-0.0387059424185865,0.0659048920277136,0.0944911182523075,-0.0761112578219959,-0.0615606884845165,-0.0140827775474996,-0.0771516749810461,-0.017495668961541,-0.0541187977130826,-0.0545544725590042,0.0517337029295542,0.0282394729875826,-0.0535543824204945
0.0315105648981854,0.0599463705944952,0.0824956713477829,0.0384951632655423,0.0732814835041663,0.0968532954148662,-0.100955186903405,-0.101426486614561,-0.118698576611125,0.0163899411269814,0.0312076950089731,-0.0954869593033597,0.124512537204141,0.0429753649046541,0.050346023890829,0.117372088538043,-0.0792558330175074,0.0516536989612672,-0.0150556718894195,-0.0972526241217621,0.0312435408762595,-0.053910017729034,0.0270443581370509,0.0590924871922961,-0.064814275677188,-0.0441269350493494,-0.0488365122045488,0.0214942835913986,-0.0529813641688657,-0.0175942384603049,0.0323101709285375,0.0350831039439788,-0.0558810323088462,-0.0629139327664594,-0.0153211228617249,-0.0892161557683472,0.0539009096930934,-0.020123856782482,0.0164750398323911,0.110031187688259,0.0469191807146647,0.0542845587178085,0.118888216644611,-0.00609889066500342,-0.0801446615274845,-0.0176289400920681,0.0306074713224379,0.0348572038590075,0.102394854540819,-0.00307608228492028,-0.0625929367223676,-0.124248730781646,-0.0185200558854558,0.00455811093589021,0.0768293805211564,5.84948756099379e-15,-0.0452669299296086,0.063205830009092,4.71844785465692e-16,0.113776402003464,-4.71844785465692e-15,-0.00539651594915893,0.0673946057261847,-0.0636548870532215,-0.111538103382125,-4.9960036108132e-16,-0.0463508311838087,0.114998445454511,1.47937218031302e-14,0.00661985909482837,0.0729116440975642,6.10622663543836e-16,0.0610573253334456,-0.0610747366838403,-0.126576158110253,-0.126458375179824,1.38777878078145e-17,0.0975387052012404,0.0966482635136079,-1.83880688453542e-16,-3.29597460435593e-16,0.0520909016310217,-1.80758186196783e-14,0.0146524560315871,0.0753196223137702,-0.0165077542808347,-2.4980018054066e-16,-0.0770342279618115,0.000438509572329937,-0.0524329878968827,-0.0089640555713732,0.0853883133230982,-0.0166463563497459,-0.027772471718315,0.0950815084335843,-9.43689570931383e-16,-0.000348977677885748,0.0184926588830088,0.0932234717752061,-0.0278142348863526,0.0159428868211954,0.000137318149231444,0.0305183597954488,0.130053251772867,0.147366042656423,0.0859816580253755,0.0867924378058129,0.00175764361744973,-0.000745600562146009,0.032776884949934,-1.31838984174237e-15,0.0642421262001329,-0.0303734051833385,-0.0967507809333422,0.00100448437628275,-0.0251111315803443,0.0333415925265172,0.137834178625535,0.0321016598968932,3.80251385934116e-15,-0.00970417403289825,0.00891247816656212,-0.0593558398996479,-0.169092671204044,0.132873047756129,-0.00845746282077978,-0.0270413470110782,-0.029250821027979,7.18175519054398e-16,-0.0185146987374558,0.0965987459093052,0.0546410914098666,0.0804914526838629,0.00351117405655236,0.0288937174457903,-7.28583859910259e-16,0.0360512202644794,0.0803817115890631,-0.0955099057039242,0.0695124336896738,-0.0262933218986058,0.0617763153061118,4.35762537165374e-15,-0.0408783388923061,-0.0167986725179528,-0.0196020072297535,0.0349436667123215,9.60677118106504e-05,1.01307850997046e-15,-0.0527340685340008,-0.0524746940646023,0.00108166004121826,0.00765626841569269,3.7470027081099e-16,0.04432313842531,-0.0106280796692163,-0.0890686896896891,-1.84574577843932e-15,0.158244141991316,0.138196128126704,-0.0366112711590137,1.22124532708767e-15,0.0718495788924755,0.116957134119131,1.1740608485411e-14,-0.100379967223254,8.32667268468867e-16,0.00681379986645295
0.0296555057566174,0.054798156367424,0.0716433498632665,0.0472091937057036,0.0870904604516142,0.0777423161207231,-0.113501053319475,-0.0723672635896009,-0.122475673134273,0.0454144570324838,0.0835298888833261,-0.0566069949904311,0.11286242866922,0.108245030215813,0.115719569103447,0.0864924403081992,-0.0331500853949797,0.105597879617917,0.0238143469775414,-0.0478364606482272,-0.0385638295874326,-0.00577665687784291,0.0898757592875549,-0.0143275729739946,-0.00312785060483573,0.054183419917829,-0.0248729602130091,-0.0213960883536958,0.0350105710905259,0.0418484158881727,0.0120362563096676,-0.0200515226255014,0.00923846586905754,-0.0184905314182238,-0.0449502480686528,-0.0390734835112739,0.0186909508308533,0.0642644638609602,0.0712287783728248,0.0397153086514054,0.0401758655723319,0.0649644628708661,0.0350594228899694,0.0947320819164401,-0.0950674612743366,-0.0444297751251157,0.0784169318247083,0.045721757746448,0.0139633199811824,-0.0974500600886646,-0.11707699419462,-0.0911378475372695,-0.0304054882863899,0.0629976485183359,0.0480600261424668,-0.0417541856194875,0.0209309052718804,0.117334160406807,-0.0771516749810437,0.0673296369711967,-0.100803521208419,0.0240598439450031,0.0366042372784497,-0.104480400701602,-0.0656814736965716,-0.109108945117995,-0.0720425985955477,0.0575955465753507,0.100803521208421,0.0272860961020233,0.0288704588612664,0.0771516749810463,0.0279100193998493,-0.0279485704506261,-0.056117993847694,-0.0559687462200988,0.0417541856194892,0.0291819300508182,0.0300127045996696,-8.23993651088983e-17,-0.0417541856194891,-0.0494780150681663,0.0771516749810632,0.00683028728344928,-0.0922999465871777,0.0101732484372625,-0.100803521208414,0.117310446817873,0.0340340431259905,0.0180478895595431,0.0321053868873488,-0.0327569300735065,0.0623145012889398,-0.0516304606692464,-0.101254326296209,0.109108945117996,-0.064925187871503,0.0091495286877011,-0.0362246769036301,-0.0826467327906773,-0.0856292190783692,-0.111342897617279,0.0135831799803281,-0.0309736810673381,0.00583792981017558,-0.0424701171614843,-0.0202866604506151,0.0923728545311733,0.131140450948388,0.0128043606856434,0.100803521208417,0.0978487440222635,-0.0787207129144696,-0.0103930520074913,0.126232889015547,-0.0098399056413965,0.0463587270216404,0.0243766695305438,0.0774147023959813,-0.0771516749810466,-0.00850464006858665,0.10289736064089,0.00716848737849186,-0.0159030767376392,-0.00243321824428675,0.0108041455080826,-0.0679467067130218,-0.0351134952752343,-0.0417541856194885,0.013703428563148,-0.0345196082363213,0.0293177437451987,-0.00225277949028317,0.00562594123296188,-0.012610979036583,1.04083408558608e-16,-0.00777930742489626,-0.0524882396036639,0.0198272549111613,-0.0101292691641149,0.0576685382318435,-0.0576369630624621,-0.0417541856194917,-0.00868081496198571,-0.0231638163017132,0.0925708612180413,-0.050375752786777,-0.025840232360281,0.0771516749810442,0.0957982816000503,0.094426838936537,0.0312976808017222,-0.110962738067048,-0.100803521208415,0.00266012061170913,-0.108408221449218,0.0301791828573498,0.109108945117997,-0.0741572923471414,-0.067300289316493,-0.0830180070731957,-0.100803521208412,0.0365013895603722,-0.0214609167817296,-0.0771516749810488,0.0361836968509377,0.0417541856194869,-0.0252080410176639
0.0240707027925516,0.0433740717967449,0.0540323688843257,0.042561028107825,0.0767604696244471,0.0537913880567561,-0.0957744934933028,-0.0424686402578022,-0.0955911872739197,0.0512150447608046,0.0925729245984782,-0.0220328864099581,0.0758015187198251,0.116016113787584,0.116892898061727,0.0397711066896484,0.0037062511554173,0.09607951405006,0.0466060519931605,0.00581956546444449,-0.0801639741119254,0.0297527193033973,0.0871000438496411,-0.0724683656843794,0.0518313911408719,0.0977652417594426,0.0280683692540897,-0.0508109936093695,0.06886199554617,0.0847068759616813,-0.0309718627347644,-0.0871170204621927,0.0249682276812794,0.0644157573819171,-0.0622158930391717,0.0591751285091422,0.0232828956929584,0.142109345079817,0.11906307524481,-0.0727951887507982,0.0605871002626447,0.0602218739459991,-0.0744321207540067,0.174691273873884,-0.109587630036596,0.0116950681610756,-0.0247146492490535,0.0713437098153283,-0.0788488702447991,-0.165867735475773,0.0196973001650043,-0.0772293656823201,-0.0479892585566335,0.103300322585971,0.0521624172083357,-1.39471767468535e-15,0.0810571567537542,-0.0321413535572033,-1.65145674912992e-15,0.0535121908522975,-6.10622663543836e-16,0.0499208944644605,0.0311320722381333,0.0347165323305129,-0.0241156919773753,-6.66133814775094e-16,0.0321344072160333,-0.00221055530607889,3.46944695195361e-16,-0.0183161389567668,-0.008617742344777,-5.27355936696949e-16,-0.0272304634343079,0.0271734551409624,0.0622632237241389,0.0624829982039631,-4.85722573273506e-17,-0.0531406569919055,-0.0542544598112751,2.08166817117217e-16,1.4137996329211e-16,-0.0302227447369281,1.04534436662362e-14,-0.0348866659737516,-0.0447900404911602,0.0521252419949143,-2.35922392732846e-16,0.0415963519268371,0.0468245543058471,0.0241570644537564,0.0422244353959707,-0.0458585421419501,0.0685114019515375,-0.0254104288218412,-0.0421685253774173,-7.28583859910259e-17,-0.0340722034765867,-0.00873310501505195,-0.0606355045461792,-0.011038082739644,-0.0726176011235046,-0.0437524796954574,-0.0229154296736748,-0.0604115868075559,-0.0768031189742004,-0.0535772898022167,-0.0706285846325285,0.0550815010073192,0.0209745794615055,-0.0429889286377797,2.19095575015871e-15,-0.02550576437925,-0.0267113898048187,0.0932738896705447,-0.025854937231065,0.0653007333592479,0.0241600747999193,-0.125755343399311,-0.0049777664238989,-2.62290189567693e-15,0.0861168773644887,-0.0798942534296074,0.0789243810017167,0.134108282083555,-0.0455556822419477,-0.105840475978062,0.121737204661589,-0.00364230797796357,1.80411241501588e-15,-0.130982371632517,0.0181418530472174,-0.134419651600873,-0.110326451974607,-0.15589611437825,0.0111755055635917,-5.27355936696949e-16,-0.101978036924853,0.0496726927148526,0.0336841541025047,0.0725876970470152,-0.0171752067718523,0.0639394017075192,4.69069227904129e-15,-0.0800533099691128,-0.0453756501523905,-0.0199817308774882,0.0601021109282665,-0.00455276324380538,7.7715611723761e-16,-0.14687019058292,-0.146514205625787,-0.0368297294120176,0.0178504694207957,3.88578058618805e-16,0.00376097943654102,0.00925102896648297,-0.0535137835384788,-1.33226762955019e-15,0.123964565559891,0.111977878688494,-0.00704609643207516,2.22044604925031e-16,0.0316963329527276,0.0635100666650123,6.18949336228525e-15,-0.0571797471571364,1.0547118733939e-15,0.00128416246473369
0.0207911524050724,0.0400230171119496,0.0562469737358634,0.0323218227771159,0.062258413473936,0.068227343664303,-0.0876000595933584,-0.0750271648176156,-0.106475113083505,0.0296189896657529,0.057192352190291,-0.0760696828903296,0.11748670562738,0.0808665711163869,0.0991990107432966,0.119809704206119,-0.0711673352638177,0.111672926698449,0.0144891737486597,-0.113225069700513,-0.0226617588857823,-0.0605061231779198,0.119271749852178,0.017008111469146,-0.0980038811422733,0.0582407160815921,-0.104357699127493,0.0445546338619151,0.0544469518051654,-0.0732461854506999,0.0118195235278266,0.0967033088076273,0.0498122476163043,-0.0285554604470219,0.0237632206851657,-0.0265465560774752,-0.0417156969600865,-0.0815538048110524,-0.0498228703537695,0.0409100573872502,-0.0307596271212298,0.00332692691447061,0.0497404701291928,-0.0619501123193649,0.0119406924083127,-0.0324133118822651,0.0617221937174383,-0.018873190151226,0.0519218345611302,0.0403822975565926,-0.0905815712401259,-0.0230297778629924,0.00839438029271613,-0.0194097321511852,0.0110065582067223,-0.0282394729875809,-0.0359644967480141,0.108242123287471,-0.054554472558996,0.0317838997308089,-0.0771516749810513,-0.0139017701572455,0.0210382547347065,-0.116059903465334,-0.0558850275699291,-0.0944911182523058,-0.104497336789696,0.0837796736457937,0.105391147968639,0.0591621869178883,0.0611214519456904,0.109108945117996,0.0295873911557982,-0.0295934609987175,-0.0384638503876039,-0.038451772521646,0.105391147968629,-0.0474872046004622,-0.0459975790678216,0.0944911182523067,0.0771516749810463,0.0458972810329064,-0.054554472559014,0.0304138425045546,0.0631398544865859,-0.0630911750947857,0.0282394729875834,-0.0419758852119909,-0.0815374820741867,-0.0377619080822645,-0.0173995113385702,0.064625119928872,-0.0381656980091246,0.083496123719628,-0.0171052497791145,-2.54054790726149e-16,-0.0287476097204801,0.02705054383398,0.0736199591609497,0.0640427720069164,0.0604551608673587,-0.0532649779368515,0.0511577022849525,-0.0651757656969372,-0.0703721025228104,-0.0264449293071801,0.06038715703211,-0.0755476777270721,0.0703397091060282,0.0705422466946608,0.028239472987581,-0.0311779035415872,0.0788101774927352,-0.0231454846801123,0.0777873814996463,-0.0845163012447858,-0.0679655634712748,-0.0213415452511412,0.0233826548209797,-0.0545544725589997,-0.0932110424709181,0.0738578707515005,-0.0101337097128812,0.0474881713639219,-0.0627688540650019,0.0973211609303993,-0.0571646301027032,-0.0585648436358907,-0.0771516749810455,0.0960131122634296,-0.035640262761218,0.0297399641772404,-0.00204753357150532,0.0759355143447276,0.0842285448626245,0.0944911182523075,0.0246878560357607,-0.0126800293014322,0.0433352435252535,-0.0671768774607824,-0.101527234823452,0.00571504627571068,0.105391147968628,0.0513311844126117,0.0285053842044523,-0.110531737200233,0.0211548501493521,0.00873257932269167,-0.109108945117996,0.03127138138756,0.0314140131301412,-0.0345540342616531,0.111459607422656,0.10539114796863,-0.0463668480877361,0.105046568376641,0.0564043361055587,-0.0944911182523056,-0.0796957110270244,-0.0671127500888646,0.0927906868576629,0.0771516749810442,-0.0774099758703733,-0.0651027378963012,0.0545544725589918,0.0431559817682542,-0.0282394729875818,0.0183942411512105
0.0113193674977167,0.0207161832701009,0.0265753085182526,0.0221942144194834,0.0406420453821097,0.0278507977146048,-0.0521982007802398,-0.0242437892299963,-0.054831921759732,0.0323518704596966,0.0593443591244788,-0.0162721944590809,0.0479810721203046,0.0765209488866096,0.0811976206422835,0.0327086443887781,-0.00522733946634724,0.0740626897110924,0.0409330565205991,-0.0116900250969334,-0.0716731416255724,0.00696150091179731,0.0837609594825667,-0.0642940740557722,0.010697320346947,0.0981026320846161,0.000739432489246504,-0.017889099634855,0.0797068172723257,0.0237953006162841,-0.0480603318794211,-0.0348673215946552,0.0482143810997204,0.0907283050241785,-0.0246341924588824,0.107716185812169,-0.0104905812347211,0.0710241610733097,0.0583057877200761,-0.1193298735614,0.0223737175379474,0.0213318569700281,-0.112649952790955,0.0966641044635673,-0.0487630192862226,0.0556825407724637,-0.103623418266606,0.0379457198478529,-0.0976371725383797,-0.0977101746168981,0.126941626399253,-0.0327079333336503,-0.0286187109294582,0.0631333333419487,0.0451878289197058,0.0417541856194872,0.0781350440621545,-0.143071119220136,0.0771516749810418,0.0308014554312352,0.100803521208417,0.0448126208375945,0.0233158068355254,0.133185467104852,-0.0105962059113486,0.109108945117994,0.103720029326801,-0.010665595574367,-0.100803521208414,-0.0562747804944758,-0.00731998188275465,-0.0771516749810464,-0.0154448111575445,0.0153962219123773,0.0333316239340169,0.0335754886052745,-0.0417541856194893,-0.0194764693784503,-0.0224432007419414,-2.04119595661881e-16,0.041754185619489,0.0493955688226342,-0.0771516749810633,-0.0425297919322467,0.0962584856323477,0.0465805815336533,0.100803521208414,-0.137027673325671,0.0261006345355778,-0.0575999349176892,0.0447613811983341,0.103405649021519,0.063566262540945,0.00274611026533345,0.142288991317571,-0.109108945117998,-0.0685256021114154,0.0298447338079076,0.133429527498507,0.0638177140341458,-0.0492247124794855,-0.115037998661674,0.0526507908326544,0.0640370737221679,0.00817155329624185,0.0522010644535487,0.143161144983575,0.0163467777751323,0.129883043854795,0.0651807616344148,-0.100803521208417,-0.117671658455012,0.0186918830199142,-0.118096310322583,0.116013194180229,-0.0676304784443107,-0.0546012861856506,0.0550400360973626,-0.11012708502104,0.0771516749810479,-0.0617682669566618,0.0832066907510758,-0.0343205043565463,0.000469591745620099,-0.0623505923432957,0.049339582243389,-0.0442513891850602,0.0665626704687903,0.0417541856194878,0.0306771419807264,-0.0387270575631138,0.0135168163699182,2.71078640260455e-05,0.00783819294398686,-0.0112566459803188,-7.04918535867595e-16,-0.000760243265785818,0.00770354652056736,-0.0035920229958369,0.0252592972924747,-0.0449863145273858,0.0509414169554848,0.0417541856194924,-0.0437810485359114,-0.0490344883098119,-0.0928034622158326,0.0813887066088731,-0.038461710245512,-0.0771516749810476,0.0906751851570992,0.0888505496610912,-0.094405730039193,0.124487194776351,0.100803521208415,-0.0898631132890432,0.134926476152586,0.0728206376412951,-0.109108945117996,-0.0652159688901178,-0.0489021334468762,0.122479626241831,0.100803521208412,-0.0901421918124918,-0.0500317986721051,0.0771516749810425,0.0216354687236836,-0.0417541856194895,0.00132828718898422
0.00673373924799287,0.013045861228235,0.0185556192087554,0.0133476043806455,0.02585182603294,0.0229618128330634,-0.0367536171465445,-0.0260775701666753,-0.04545988743663,0.0199009582472872,0.0385736527062138,-0.0278607762610527,0.051622122459529,0.0549550868524201,0.0683833691674909,0.0552195865720405,-0.028442532450089,0.0795158893656918,0.0267494092946819,-0.0566832270709838,-0.0477389639278388,-0.0281635188232507,0.104736287482473,-0.0275831642613762,-0.0572525570517947,0.0952034270082524,-0.0699810972450118,0.0276533030625724,0.0983138417793625,-0.0623681341021276,-0.0311851594811541,0.0700470719842943,0.096105052573907,0.0546161304293345,0.0281109314355029,0.0892862446091733,-0.0866400218043764,-0.0635420495441388,-0.0502978607269628,-0.1010374570486,-0.0703783830270382,-0.0333565843448695,-0.104427116921695,-0.0527427622472055,0.0687199500891045,0.0369469855297987,-0.0691486978841581,-0.0489859017041902,-0.0904462861890569,0.0379436338834399,0.103553776617871,0.0837076133724365,0.0248722961539871,-0.0198278016243707,-0.0168291623698956,0.0282394729875793,0.05344081779791,-0.120490056497235,0.0545544725589959,-0.0698935523176799,0.0771516749810511,0.0230584769887403,-0.0386225167923797,0.128101748159358,0.0467659600908787,0.094491118252306,0.117495379788037,-0.0691149498359588,-0.105391147968637,-0.0743256826592119,-0.0507248224427274,-0.109108945117995,0.0318385270863277,-0.031827966363764,-0.0918711496148757,-0.0918026853383254,-0.105391147968629,0.135835289350499,0.133815214656769,-0.0944911182523068,-0.0771516749810463,-0.0220091050378474,0.0545544725590056,-0.0113944317759942,-0.0258094482901106,0.0337060988975542,-0.0282394729875837,0.0028285665337151,0.0501569292500825,-0.00936644527264326,0.0248610975926614,0.022725718977498,0.0473694636679558,-0.0551056222009193,0.049185127753191,-6.66133814775094e-16,-0.0354448501647955,0.0104374824674883,0.0443233217794013,-0.0324457496984128,-0.0610443275207958,-0.0676554099704398,0.0209914497389053,0.0789391370119868,0.0749869911230412,0.0463411698824493,0.077156525816166,0.0601620376332061,0.0936468215448163,0.0316817657831457,-0.0282394729875838,-0.00343973405479022,-0.042986453364844,-0.113074805385518,0.110649533295347,-0.042552516137615,-0.00626894185325037,0.112488797321532,-0.0643931663583708,0.054554472559001,-0.0540725370517497,0.115717699011337,-0.055038413742494,-0.0763240640818949,-0.0309121151585825,0.0674028139355947,-0.105272941677587,0.100858894138254,0.0771516749810428,0.082525769130884,-0.0933447073366483,0.0776348255683064,0.0375339948063492,0.0845436209111123,-0.125791980917219,-0.094491118252307,0.0398348750644299,-0.114549548165333,0.0190360213299493,-0.0675068780078811,0.13996710010364,-0.116888849855457,-0.105391147968637,0.063037682421541,0.0425528895575032,0.142996503030274,-0.105614572803109,0.0195482194493172,0.109108945117997,0.00692591825652158,0.00757246643239325,0.0834150918996313,-0.134675428569469,-0.10539114796863,0.0535478827321253,-0.115280563023385,-0.0213475553810554,0.0944911182523072,-0.00805419324218184,-0.0124753691835413,-0.085705864062695,-0.0771516749810448,0.0480475436247848,0.00880843612074483,-0.0545544725589986,0.00687879828646251,0.0282394729875838,-0.00132828718898355
0.00288938882202058,0.00569440172132878,0.00833109425777419,-0.00568963811787137,-0.0111973223268237,0.0107160122060348,0.0163389029107213,-0.0127653039805998,0.0209238792173644,0.00831005440783956,0.0162946354932275,-0.0143917386031581,-0.0247459303113448,0.0235993141186958,0.0297700116673116,-0.0275600945203194,-0.0154969544878288,0.0338197106098613,-0.0106898008428885,0.0290216390770003,0.0226253019706851,-0.0159518299143061,0.020457497188881,0.044751038016861,0.0284726314783751,-0.0345673838638212,-0.0441724504978837,0.0155425226226002,-0.0444539053396063,0.0229916241944985,-0.0144653964918301,0.0413811959531467,-0.0510952417854579,0.0302875607039579,0.0137867511465773,0.0386688407405715,0.0548538075620905,-0.0362509301596437,0.022667954018341,-0.0525012642284686,0.0544287232420225,-0.00874188424710051,-0.0630373324817263,-0.0280195270806245,-0.00190290063333796,-0.0180208950177209,0.035834928320215,0.0470539933776995,-0.068644263120601,0.0177993104289505,-0.0499788291718015,0.0264428327010142,-0.0288844557323679,-0.00805300947492878,-0.013368475848064,0.0142415751433962,0.0581945019593981,0.0664214211342602,0.0282394729875862,-0.0339946551833602,0.0417541856194875,0.0333460522033315,-0.02197540506251,-0.0781303958446036,-0.00867292866771456,0.0545544725589984,-0.082003985788108,0.0335188467939676,-0.0664213173476615,0.0623121274125659,0.0310559268794827,-0.0771516749810509,-0.241691398978704,0.241655365990527,-0.228430823942992,-0.228343193091062,-0.0865619460650141,-0.194288544160002,-0.193129149875667,-0.0944911182523062,-0.100803521208414,0.0454875649869555,0.105391147968612,-0.0240506290064769,0.0821951389620539,0.0107520138760724,-0.108175502967154,-0.103778296879339,-0.0187708511045204,0.0227970287561744,-0.011390266594423,-0.0437094750620498,-0.00992991658876149,0.0499095998464548,0.0815987834290472,0.109108945117996,-0.00742174473816838,0.00457381834633855,-0.0602047492959976,0.0930359140642741,-0.00862425185081282,-0.0118147738962033,0.0120649306969787,-0.0108312165939837,-0.0665986439741924,0.0118456376407505,-0.0642385240917686,0.0376553260794548,0.0110309539755296,0.0231349684446488,0.108175502967155,-0.151019636462425,-0.0671319980199345,0.0354712044374404,0.00356497659926855,-0.0365167853716036,0.0837747013205328,0.0326173283383557,-0.14621495492566,-0.105391147968627,-0.0497869410947522,-0.0121478016807172,0.00620118950385705,-0.0918160447039267,0.137513685624076,0.0587894186338851,0.0372084017451716,0.137430664124176,-0.100803521208418,0.0544548864751535,0.119902902333242,-0.0674178795057571,-0.0914505915835595,0.0154991686960819,-0.126866087815953,0.0944911182523073,-0.0306881805258167,0.10032717199953,0.105679334521399,-0.0775128482083477,0.114213650158556,0.0810300427176724,0.0865619460650204,0.0455441650172596,0.0216343475223722,0.0994181370688908,0.0610132264672695,0.00541672939339903,-0.0771516749810472,0.025789242202996,0.0258174372578951,-0.0401378883572651,-0.0825148053175366,0.0664213173476648,-0.0190632978437265,-0.0635535267331632,-0.000434877202410416,-0.0545544725589982,0.0198547290434482,0.0194983893647934,-0.0425947153684791,0.0417541856194894,0.0199920590530725,-0.00201716204985425,0.0282394729875821,0.00867681983315598,-0.0142415751433985,0.0253163661500008
0.00351446950610152,0.00704243971363133,0.0105970698995909,-0.00595558300383123,-0.0119231324514788,0.0141906956937725,0.0179110544745204,-0.0178340047035916,0.0239193213014438,0.00651163869984949,0.0129895682506004,-0.0215345062858502,-0.0299312458029282,0.0193766757592481,0.0255454745985545,-0.0358976905092922,-0.0252935409812351,0.0310633528164273,-0.00465263447383232,0.0417028495957609,0.0107975357319166,-0.0291000796246206,0.0268217399498477,0.0292414805679311,0.0470716614868521,-0.0136729522947031,-0.0436805479625429,0.0329166681796316,-0.0204652912100879,0.0509031089056738,-0.00266301591501378,0.0461567392144704,-0.0257769925399677,0.00973849662781131,0.036641956780824,0.00199308959556041,0.0303098539164181,-0.0461045615774718,0.0543820446384474,-0.00990282607738547,0.0331703351981856,-0.0399381485496708,-0.0175170360194897,-0.0416986084422104,-0.0496917212502378,-0.000535840780848692,0.00328025582449498,0.0316781831621307,-0.0302816631554914,0.0317841645872093,0.00561691163247299,-0.0321716196798832,-0.0211041102656534,-0.0170908868825483,-0.0421562638848556,-3.26110655719431e-15,0.0422361566365356,0.00179240594087682,6.36473422327446e-16,0.0171136130520397,8.47756217518463e-16,0.0314681652614966,0.00803193582186003,-0.0059722890960191,0.0415686700712033,8.49996912406779e-16,-0.0134366309833311,-0.0314332548014052,-4.56786683151388e-15,0.0204296787778,-0.0162376071869332,-6.90383845854059e-15,-0.333207219307697,0.333179708007194,-0.251535855384158,-0.251410599091607,8.17196942990659e-16,-0.114359334214928,-0.113844042882117,9.11736634219935e-18,4.38408496398422e-17,-0.0141175719479787,4.95594718561082e-15,-0.0350952273946267,-0.0171393307399526,0.0574440485392802,-2.78055090885206e-16,0.00240128787307224,0.0694571265160526,-0.0185865119185947,-0.0358893372635796,0.0297089907203112,-0.0692342021491291,-0.0741148559223274,0.0385435445066148,-4.25526890138172e-16,-0.0149914353829138,-0.0373751891194229,0.0262819779505678,-0.0599434742348687,0.0981240700101247,-0.0311645260348822,-0.0690547293678825,0.0811445706945256,0.0921341946172815,0.0383335945107292,-0.000236797037829671,-0.117384658321008,0.0498048969921517,-0.0928573904827081,-1.92299705887477e-15,0.0569595855537257,0.121965941695102,0.058991184070747,0.0724508401822953,0.108587325783505,-0.089989989992848,-0.123530511775259,0.0242937709213598,-4.00560977067757e-15,0.115168506298456,0.100789955389369,0.0324755568097419,0.15192120514111,-0.117550261714067,-0.108155096339806,-0.134532189677548,-0.0121398295964369,-1.48066552535802e-16,-0.0757424118844634,-0.0549387340886216,0.164540548573292,0.17560848124064,0.00458381934668313,0.0049040134268086,-5.61564441711334e-16,0.0651843698430603,-0.0216345283793221,-0.163583090241678,0.0867763505474601,0.000569445198370733,0.000608652856702909,3.75003171996485e-16,-0.0300728407119867,0.00276458235011611,0.00544214842748925,0.0184441732289645,0.0167259524896398,5.7785967628625e-16,-0.0929803040577825,-0.091914551437731,-0.0344370363452663,-0.0103826571537229,-6.77448969216186e-17,-0.0494801903926053,-0.0159833438795377,0.0630858160058945,1.20708110404403e-15,-0.0919682629536846,-0.0778910170220302,-0.0229679412362867,7.1117874488514e-16,0.0322525362483711,0.0448901150316823,4.74350636808633e-15,-0.0369220361078716,-2.63238470435123e-18,-0.0253163661500011
0.0108743667964611,0.0215305258615063,0.0317546498372525,-0.0164716947175717,-0.032586955550466,0.0413418654802712,0.0479947503643667,-0.05010135613646,0.0623549505438182,0.0139029172763326,0.0274104450226953,-0.0578627367485079,-0.0753443365251396,0.0401150610279399,0.0515666726613186,-0.0866646926228431,-0.0644855434952676,0.0610791481214553,-0.00332543731446983,0.0960595638729908,0.00941873348118715,-0.0698769369102983,0.0575299296014781,0.0398265402916733,0.103374836572688,-0.00369264951364265,-0.0754050154109365,0.0740343103330757,-0.0103455795198402,0.109020831841261,0.00762622746396321,0.0769104449296054,-0.0143854158857281,-0.00571044700746511,0.0771863406275967,-0.0337782911900895,0.0176714477840993,-0.073858701523392,0.106884627788905,0.0291621111651828,0.0200389157141696,-0.0807127839046392,0.0238141172202306,-0.0648251914942488,-0.106685366458266,0.0168604231657785,-0.0288864546122983,0.0198252838191603,0.00492083507299693,0.0487425090784921,0.0614556777836181,-0.0914424010657445,-0.0135873352633952,-0.0262252744251753,-0.0708546612835332,-0.0142415751434029,0.0244957766143277,-0.0629476176607008,-0.0282394729875853,0.0664277212612481,-0.0417541856194862,0.0243206266009869,0.0365266610206178,0.0673162897707757,0.0824759237489964,-0.0545544725589973,0.0596161574640648,-0.0836120309881564,0.0664213173476545,-0.0313260880821426,-0.0550194165527144,0.0771516749810418,-0.224657420486893,0.224635028004578,-0.0957084365786918,-0.0955712933370872,0.0865619460650155,0.0670934284097571,0.067198907857787,0.0944911182523068,0.100803521208415,-0.0528020409605554,-0.10539114796861,0.00669552898791007,-0.0889144475861784,0.00915256994225386,0.108175502967154,0.104298067084235,0.0321945176655021,-0.0262089797506154,0.00509178735833177,0.0463546469270804,0.0054653658601678,-0.0540724647991443,-0.0807697256813166,-0.109108945117996,0.00753713811351069,-0.00419809800911716,0.0589877108010173,-0.0889146936622959,0.000784506522719988,0.0149022212894741,-0.00478580967899183,0.00208961299991741,0.0507363216415986,-0.0185108360254356,0.064287223393583,-0.0109898137787395,-0.0226151638862773,-0.000904222662711408,-0.108175502967155,0.135342299612517,0.0229969617585724,-0.0573015782135822,-0.0318086869797151,-0.00599287808506842,-0.040255869372311,0.02876255691264,0.134084983772864,0.10539114796863,-0.0131908611699385,-0.0437055393001205,-0.0247150945451728,0.00473059962471588,-0.0588670170231072,0.0165081366487954,0.0583666869194616,-0.128543064832688,0.100803521208418,0.00874384437170635,-0.0735272539393018,-0.0715057953949703,-0.0749771543691903,-0.0198639146317878,0.122171177877185,-0.0944911182523067,-0.0354757046768657,-0.0780456450201649,0.0630179251150655,-0.0204642000381573,-0.114879002746683,-0.0817640014948482,-0.0865619460650209,-0.00831832858468433,-0.0253145892239734,-0.106822017685075,-0.0861695581570596,-0.028811908526079,0.0771516749810466,0.112212671951049,0.110690581486465,0.0917591456326112,0.0983957825509618,-0.066421317347665,0.0986051731489239,0.0902845919577201,-0.105991235609784,0.0545544725589962,0.140026444757162,0.116623369687862,0.0836240911192131,-0.0417541856194907,-0.0802816902786016,-0.0841619963098825,-0.0282394729875913,0.0627676253424383,0.0142415751433985,0.0253163661500009
0.0191378782960345,0.0377120530168384,0.0551686725127675,-0.0234769437823058,-0.0463105820308323,0.0709736977285848,0.0678717482709085,-0.0846231809341279,0.0875611531481005,0.0102220176559075,0.0202336867731098,-0.0956543440712405,-0.104829642332335,0.0298497558869708,0.038967015135273,-0.119210393154656,-0.103658615616261,0.0478899588617402,0.010279235067431,0.130386987534573,-0.0179475263797816,-0.108299641462441,0.0611805119132956,-0.00196787342418545,0.138407898568255,0.0440250248302637,-0.0543560338476534,0.109345422285141,0.0475773792476685,0.145336919428824,0.0178485466879801,0.0598813644446417,0.050482292191279,-0.0227432292358249,0.106751655996464,-0.0664292405276046,-0.0504113132492473,-0.0615382240145435,0.137906245075008,0.0664740180216762,-0.045884035985606,-0.101096100915472,0.0642546613593319,-0.058477516598415,-0.143282312193554,0.00896639921744445,-0.0124958381054545,-0.0356847296262712,0.0420225508925371,0.0478947074071263,0.0410929618282018,-0.13379374221662,0.0197160744283695,-0.0276229445728674,-0.0845253710231565,-4.87857185418176e-15,0.000663981137949179,-0.0336103336002703,-1.86116341489996e-15,0.10316081965388,2.10448113517047e-15,0.0122139949890412,0.0578252298939058,0.0325309416647066,0.0775606620802151,6.96934158396338e-16,0.0242451073426232,-0.0621232134531553,-7.84159367087501e-15,-0.00809241282535228,-0.0356271737940996,7.08180586854239e-16,0.00967086952171832,-0.00965546088953207,0.0564699780827926,0.0565856923987268,1.38616101797084e-16,0.0459529568290899,0.0468389783246788,1.99053958540304e-16,2.75811037010961e-16,-0.0112659354550233,3.90126009195574e-15,0.0357364785862507,-0.0205748374150459,-0.0612905050067412,5.58833585200293e-16,0.0399422199166363,-0.0805298158470531,-0.0206758651160898,0.0338938364190427,0.0363574637803163,0.0600615160866221,0.0934564611310501,-0.0921210258374112,-1.01480382223296e-16,0.0156592995160452,-0.00455693553793217,0.0497508377762827,0.0709746484428344,-0.0768727558618268,0.0274626563472614,-0.00756582233086864,-0.14363535470237,-0.155322912660404,-0.0782257147142352,0.0697802133741102,0.0860712350985581,-0.0338509457606879,-0.0083445521485893,1.38092636924164e-15,-0.0726189692748461,-0.0862176215566618,-0.106670328774511,-0.035453862375985,0.00698818095036051,0.0521634903719968,0.142186596123184,-0.0239223367829821,4.7307603013658e-15,0.00405264242363697,-0.0340113167615298,-0.0510067960367782,-0.150517763372813,0.0928411740136253,-0.000560854607427915,0.0318194827674873,0.0129785778681189,-1.10997992841927e-16,0.00141342592192094,0.0468820078824524,-0.0310992684823648,-0.0323164122154786,-0.00395246725189019,-0.0117491844827573,7.07129131541783e-16,-0.0128687216769293,0.0408662545801633,0.0355233251384653,-0.0343688418097981,0.0154650131381933,0.050551126297309,2.70130003443986e-15,0.0386195852509614,0.0435611111285352,0.0229127842536773,0.0690459658841383,0.039177025901061,2.90066511730329e-16,-0.131352486336631,-0.129420451427228,-0.0936972711329217,-0.0340382586417303,-9.00114709039298e-17,-0.122384821634267,-0.0495554867899488,0.151454181403154,2.37615251092885e-15,-0.21895455805147,-0.185291420449654,-0.0710375982012535,2.31022325043068e-15,0.100862929512751,0.141827780858425,1.44716891623292e-14,-0.11706132214459,-2.66966300467181e-16,0.0183566313810652
0.01447737572473,0.0286313286633769,0.0421433544533446,-0.0139395675418479,-0.0276036783065188,0.0547045141343858,0.0407232544933357,-0.0660194298355216,0.053042948252944,-0.00107128334774407,-0.00195147356373324,-0.0758089412486881,-0.0643313614761446,-0.00240943362164946,-0.00207703475736932,-0.0743992966776641,-0.0838099296613227,0.000138135359547903,0.015936918212567,0.0831437194082783,-0.0313506519237722,-0.0897685434554031,0.0206667934367114,-0.0408120438273451,0.0907033234751743,0.0585956238986204,0.00419099002417243,0.0934155190337734,0.069757590015491,0.0987885964633965,0.0140639345387768,0.00234410638889916,0.0776850284075612,-0.0191896795976705,0.0943781381089091,-0.0509875443032887,-0.0811716980146111,-0.00853678251070445,0.0967964391908219,0.0525273718651966,-0.0780382546073088,-0.0916137352589284,0.0518683694161161,-0.0143357483082646,-0.105838496005951,-0.00561126536204936,0.0157989701036705,-0.0649630824684264,0.0354704061536729,0.0166692599452527,-0.00086690281130068,-0.103210568723908,0.0384606554989476,-0.0117142527655048,-0.0875248779988441,0.0142415751433935,-0.00140321323992538,0.0198785397436485,0.0282394729875829,0.0815567661030993,0.0417541856194898,0.00948023724089804,0.0463066363377759,-0.0301107202778135,0.0716609585958598,0.0545544725589983,-0.0426411402372435,-0.0418147126959419,-0.0664213173476709,0.0463758638655725,-0.0162933091594581,-0.0771516749810423,0.210855431752294,-0.21081289503349,0.00595284399771642,0.00605098784129367,-0.0865619460650155,-0.175180423393726,-0.173629202920463,-0.0944911182523065,-0.100803521208414,0.00392002480098002,0.105391147968627,-0.0232951148397431,0.0135812142242252,0.0225601119446025,-0.108175502967154,-0.025111352432836,0.00878764919375168,-0.0363546120111249,0.0101609328795404,0.0658071933541769,0.00988459448704427,0.00816378823908578,0.0209822929428645,0.109108945117995,0.0209106600227261,-0.0124398338840972,0.0857813448849226,0.0270991935890639,0.00462265967576176,0.0361917082130471,-0.0265260635817494,-0.0114166931762248,-0.0323108290294599,-0.00373956749439204,0.0928760561473366,-0.0277480104339994,-0.0424922561167071,-0.0425919953197787,0.108175502967152,-0.0529761068169566,0.0528735115540689,-0.0730877492935307,-0.0382325528411984,0.0598080954663089,-0.0775391189318213,0.014246480182601,-0.0482420827778994,-0.105391147968628,0.0765221067389908,-0.0218159570445585,-0.0274748835052487,0.0455925836640997,-0.120066364536795,-0.0894267352536343,-0.00868053627415149,0.0428301702555038,-0.100803521208414,-0.0893804704668413,-0.126889065561857,0.0499770257544392,0.0898111175669009,-0.0477924515788659,-0.036028246032736,0.0944911182523042,0.0198224858557963,-0.122695437049261,-0.127409655653824,0.119209126158171,0.0275430894671628,-0.117825763062974,0.0865619460650094,-0.0903860781749983,-0.0642983364140547,0.0171503714794192,-0.113322998431429,-0.0385725176246799,-0.0771516749810463,0.0657420632476619,0.064169167049686,0.109622186441199,-0.00449849668472251,0.0664213173476654,0.107089138829873,0.0110346403771532,-0.105797697047309,-0.0545544725589994,0.131190259056768,0.107945770063664,0.030509349828569,0.0417541856194879,-0.0553520004031045,-0.0866773562434414,0.0282394729875744,0.0735874426995149,-0.0142415751433988,0.00479029636625299
0.00789694129809714,0.0158242183969395,0.023811399923549,-0.00330509921929753,-0.00661683931390566,0.0318862037864702,0.00993988533489435,-0.0400726448215722,0.0132742218702468,-0.00522192879533627,-0.0104168249519641,-0.0483875964004396,-0.0166105882618443,-0.0155388874857954,-0.0204858800596372,-0.01992171527128,-0.0568340706906222,-0.0249108748241116,0.00373112315546886,0.0231433355143848,-0.00865895135712932,-0.0653872853830732,-0.021509365405728,-0.023449846718228,0.026122801332997,0.010964856404969,0.0350290797317979,0.0739630820219661,0.0164118892956033,0.0282490942357341,-0.00147786233792409,-0.0370148309377861,0.0206715430333589,0.00540445789790997,0.0823337295268084,0.0011060812790353,-0.0243066156223138,0.0369729877217084,0.0301797579116453,-0.00549565386228948,-0.0266005435047165,-0.0897402052013755,-0.00972122158913972,0.0334396876403608,-0.0275768248052369,-0.001204023305406,0.00737066793260546,-0.0254039304794479,-0.0168050552212721,-0.0254889209835169,0.0126210858740478,-0.0178539019637766,0.0169241824026252,0.0137058271295013,-0.0947242651181908,-6.08506118653749e-15,0.0234392985935615,0.00402749959073284,-4.62277192581941e-16,0.00949733873262497,1.70062155177378e-15,0.0174635142137359,0.00445738810074343,-0.0134196117862574,0.0934039538036541,7.61975758322138e-16,-0.0301918357622242,-0.0706298824172119,-9.40595140741349e-15,0.0459050715242175,-0.0364855721622148,4.27040480726927e-15,0.26721144300544,-0.267189380655407,-0.139591868456992,-0.139522356458845,-1.52985484830415e-16,-0.256963091475652,-0.255805242360852,-2.53967295089617e-16,-8.8413625431452e-17,-0.0317218962211217,1.11720561440406e-14,-0.078858260143553,-0.0385117265940408,0.129075605422719,-8.48705330775247e-16,0.0053956448734475,0.156068746614395,-0.0103147359363542,-0.0199170795696563,0.0164872459963444,-0.038422083501235,-0.166534569589923,0.0866065583613403,-8.50937825111445e-16,0.0120221977474377,0.0299725745377048,0.0145853973910076,-0.13469176398171,0.0544547506056269,0.0249920094458501,0.0553775933159075,0.182330195302998,0.207023656109968,0.0861348050027864,-0.000131412441797492,-0.065143570717537,-0.0399404263258913,0.0744658454764512,-2.3482111435602e-15,0.127987026975423,0.0676859911813933,0.0327376373215239,-0.0581010627329486,-0.0870802741759229,-0.049940676752992,-0.068554262070591,0.0545876077576578,-2.51029742318205e-15,-0.0923579711770106,-0.0808272686168245,0.0180225743456324,0.0843099082295716,-0.0652354736672203,0.0867336530744995,0.107886439582879,-0.0272779494957944,8.31844784180324e-17,0.0607406982910237,-0.0304886972490085,-0.131951274970971,-0.140827067834245,-0.00367593770821762,0.011019218146392,9.71247972037511e-16,-0.0522738059618099,-0.0120062574579284,0.131183453004376,-0.069589230079437,0.00127953174616845,0.000337776852444768,-2.79711943047295e-16,0.0241165457897895,-0.00221702291029851,0.012228396516972,0.010235743923043,-0.0134131724687211,-1.38565380104178e-15,0.0745644145105436,0.0737097472674898,-0.0191111133647953,-0.0233296188568072,-5.80657074254586e-16,-0.0274594340356081,-0.0359142476965236,0.035009986611839,1.07709480661626e-15,-0.0510385354200967,-0.0432262533129315,-0.0516084954973177,1.38377024331092e-15,0.0724707911182474,0.100867172884719,1.01486094831278e-14,-0.0829630620621058,2.72161090381839e-16,-0.00479029636625276
0.0164495024205501,0.0325425283279386,0.0479284949280183,0.00164095566692394,0.00330523724093408,0.0622684752395694,-0.00502077044143811,-0.0752406732013518,-0.0068266844462565,-0.0167421368701568,-0.0330972797483584,-0.086545391143841,0.00878545395243163,-0.0486855281216623,-0.0631499217110446,0.0110093221666404,-0.0959091119610525,-0.0762411112610002,-0.00469756985790112,-0.0137288886599077,0.00565333068743551,-0.103086945011695,-0.08320785389822,-0.027013907821257,-0.0175334988850947,-0.0279134593601141,0.0917026922400318,0.107861797583231,-0.0258118152040378,-0.0255272104495221,-0.0178593870075344,-0.0972066370430497,-0.0251736180557215,0.0328289487067759,0.110036543594778,0.053701594546706,0.0230109589536054,0.0968378512328926,-0.0249001803839752,-0.065479624653694,0.0183198448320561,-0.109389079535406,-0.0736356116922238,0.0887914317036405,0.0455765541341935,0.00300370878004864,-0.000185891405037271,0.011330066340916,-0.0708342407531791,-0.0700316560173895,0.0266551475570017,0.0671385296777253,-0.00440092359220559,0.0392033021436579,-0.101722793296931,-0.0142415751434056,0.0472928557789848,-0.0120729741912381,-0.0282394729875835,-0.0635577723346503,-0.0417541856194869,0.0225223551120276,-0.0382312985117417,0.00581164449748887,0.0941728660450408,-0.0545544725589966,-0.00766385337841021,-0.0707436504736624,0.0664213173476562,0.0232491345098781,-0.0375521633701872,0.0771516749810486,0.163127284625206,-0.163122967754492,-0.185836562553012,-0.1858099661855,0.0865619460650156,-0.110624407389555,-0.109333482384917,0.0944911182523067,0.100803521208415,-0.0203555031255404,-0.105391147968622,-0.0157014409224535,-0.0286793636537156,0.0221650819156603,0.108175502967154,0.0262792654818588,0.021375055775879,0.0344611220604775,-0.0136563251513931,-0.0643392337169092,-0.0123622332199935,-0.017517660880809,-0.0191194170934098,-0.109108945117996,-0.0210031983248754,0.0121385295675706,-0.0864567502947753,-0.0178388954033945,-0.00897339009908079,-0.0386676487850238,0.0206886617539342,-0.00822551180342413,-0.00333148571947087,-0.011236997330727,-0.0928490300737678,0.0425462533315562,0.0517820711836236,0.0247643213821584,-0.108175502967152,0.0177494506746023,-0.0773666088372835,0.0609728058399538,0.0608822499944217,-0.0257179922040408,0.101690248620431,0.0198167862840272,0.0209862850038961,0.105391147968629,-0.0260178305848796,0.066606858847869,0.0172004413458772,-0.0939213595972557,0.163711972838483,0.0290427842586012,-0.0679647339289111,-0.0228599159215196,0.100803521208414,0.0386990233457713,0.15262560876885,0.0614311115451537,0.0436535721975504,0.051292706051909,0.0254788791590368,-0.094491118252305,0.0332368304356953,0.135060751641731,-0.00787504277553044,-0.0406376339265275,-0.0290381231619589,0.117418446670964,-0.0865619460650092,0.0605332751928179,0.0672496611114519,-0.0337867402123442,0.0993622875866912,0.05733399460709,0.0771516749810482,-0.17641100582109,-0.173640098520741,-0.0809745499276699,0.0401827286153318,-0.0664213173476648,-0.0629467282877737,0.0490295179680673,0.0467356602757337,0.0545544725589977,-0.0424629014884455,-0.032403892923355,0.0616828206365902,-0.0417541856194904,-0.0801175712763051,-0.10696545485642,-0.0282394729875941,0.0869467684089521,0.0142415751433985,0.00479029636625283
0.0238645438935823,0.0470261609263093,0.0687942093875895,0.0104482229137569,0.0206101479311096,0.0885027534679612,-0.0302057696289835,-0.105523380626552,-0.0389683791536153,-0.0184194393502418,-0.0364598437309003,-0.119279016063833,0.0466535798361791,-0.0537874015372936,-0.07021613502397,0.0530536160441609,-0.129260179423056,-0.0862947240391078,-0.0185225415632243,-0.058027668483889,0.0323403250480655,-0.135047443993577,-0.110243473112428,0.00354598538232748,-0.0615973097126893,-0.0793303535614334,0.097946188558777,0.136351511349441,-0.0857314750370753,-0.0646810140992691,-0.00794335055755687,-0.107902490264284,-0.0909659472893959,0.0101216892214751,0.133117137690649,0.0295637932884221,0.0908380476552823,0.110888048046204,-0.0613740529049878,-0.0295837211480236,0.0826801759135023,-0.126064775856856,-0.0285960145135994,0.105372843854843,0.0637666278574603,0.0111809169429343,-0.0155820552488482,0.0643016609055633,-0.0187017945436601,-0.0863032806222275,0.0512420852561102,0.0595438169511015,-0.0355271385143935,0.0497748261999251,-0.105401413662534,-4.19087177981025e-15,-0.00029549940589281,-0.0419114004736768,-1.09718159962897e-15,-0.0459108838741635,3.74925246242667e-15,-0.00543573914459638,-0.0257346483244642,0.0405654207456097,0.0967165636648493,1.04291805355505e-15,0.0302331543461922,-0.0774663800934707,-9.74164040987179e-15,-0.0100910737380767,-0.0444263590593398,2.26094698738691e-17,-0.0174263047292289,0.0173985393334359,-0.0251315045269511,-0.0251830022422587,2.57437769088979e-16,0.0573023998963844,0.0584072506298391,2.40278944601394e-16,2.12715480203861e-16,-0.0140483917292115,5.20572704841083e-15,0.0445626599057408,-0.0256564026063651,-0.0764280096449501,7.0614099297708e-16,0.0498071335632422,-0.100419037852405,0.00920162563196345,-0.0150841762706487,-0.0161805935933566,-0.0267298893088612,0.116538300866029,-0.114873040292783,4.44758420126966e-16,-0.0282170827142278,0.00821131410543365,-0.0221412057741725,0.08850393898923,0.0342115948603411,-0.0494859967975824,0.0136331407603654,-0.179110357686579,-0.193684504077514,-0.0975458707348734,-0.0310551165033546,-0.0383053032418095,0.0609972965588739,0.015036363404932,6.07034013913139e-16,-0.0905543735287191,0.0383704513445605,0.0474727623686641,0.0638856524953192,-0.0125922669590903,-0.0232149371919957,-0.0632789883308049,-0.0298306660416156,-2.01736246336386e-15,-0.00730260931287329,0.0612862751170141,0.0227001597844444,0.0669867065654691,-0.041318209502225,0.00101062508142314,-0.0573367267325263,0.0161840218868027,-5.49336010793447e-16,-0.00254690550547399,-0.0208644563595124,0.0560389454343154,0.0582321626568953,0.00712209989071394,-0.0146509934103116,-1.04674718540938e-15,0.0231886352012303,-0.0181871942729597,-0.0640108200682778,0.0619305129929814,0.0192845559545519,-0.0224973676724414,-2.71406933996967e-17,-0.0695900880048386,-0.0784944099560966,0.0285717746287144,-0.0307283456289077,-0.070594561347727,-2.64444737674573e-15,0.236689001821765,0.233207595211615,0.0416992085633104,-0.0424450142722967,-4.11584442817018e-16,0.0544663696242682,-0.0617946812793552,-0.0674034517948369,-7.51581171188628e-16,0.0974439455032099,0.0824624398650982,-0.0885824360540397,2.4118133016707e-15,0.125774015873593,0.176856349970964,1.75877961644608e-14,-0.145973081098502,7.96275085008681e-16,0.0732769107606871
0.0151636034220721,0.0300082811492334,0.044220809177782,0.0118933292945891,0.0234821148816058,0.0574994011508224,-0.0344624561579188,-0.0695595784733529,-0.0445302119874483,-0.00637966851779836,-0.0127782016382936,-0.0801404649133817,0.0533760795880376,-0.0192576647539272,-0.0260273243594592,0.0606708964851355,-0.0890123183888337,-0.0340686219268774,-0.0180275334767792,-0.0660240752676675,0.0338666207728295,-0.0959877128300095,-0.0576977721605775,0.0287897238309532,-0.0688394079836662,-0.071018281992154,0.0366205474229511,0.100944724283196,-0.0812449284681124,-0.0669566856930352,0.00820635679449114,-0.0456051297120468,-0.0888883424092006,-0.0217473498511669,0.103900862112057,-0.0159772487835582,0.0914125381697817,0.0516336807080304,-0.0657464221231055,0.0291243845370385,0.0861913525712446,-0.105498575041071,0.0399537364710584,0.0538516529282925,0.049005462592889,0.0110237615601908,-0.0161339348411804,0.0700054363563466,0.0528584473103629,-0.0478362789522406,0.0488978190477083,0.0194901915921936,-0.0404192507549512,0.0291613635798772,-0.0957732618343705,0.0142415751433983,-0.0575700133180213,-0.0416332875222438,0.028239472987582,-0.00230152034407597,0.0417541856194933,-0.037565154693278,0.0013670131299947,0.0405829418049251,0.0980326824195911,0.0545544725589986,0.0288313536330099,-0.0856609406611058,-0.0664213173476763,-0.00448237106742084,-0.0513733510783902,-0.0771516749810477,-0.138256960295177,0.138216344764576,0.225781559130855,0.225650250159457,-0.0865619460650156,-0.0241578707825658,-0.0233829247758711,-0.0944911182523065,-0.100803521208414,-0.0405993740140381,0.105391147968643,-0.00499790406493968,-0.0652596418307283,0.017379985576429,-0.108175502967155,0.0724649525738304,0.0297288704137467,-0.00661770431950422,0.00686822604597706,0.0144225188096197,0.00553085819468874,-0.0397295224232472,-0.0554342920900719,0.109108945117996,-0.0302579626373645,0.0178419877565628,0.0220284593363566,-0.0592437723815184,0.00656697475399063,-0.0534004308561248,0.0357333842533313,-0.00340516693867083,0.0263076991952523,-0.0165088020329817,0.0229047905796039,-0.0253062996850555,0.0655374458006453,0.0536131551652843,0.108175502967153,0.0849595117773226,0.0436010716748111,-0.00294409597031505,0.0653277031014398,-0.0712536787557575,-0.0492665469948153,-0.038957608490002,0.0860580616607734,-0.105391147968631,-0.0881011306615185,0.0514587979220029,0.00602628397199805,0.0715254361070937,-0.0840791264771412,0.102351990209467,-0.0215666158657541,-0.0840223153918185,-0.100803521208413,0.106603156103035,-0.0634319555778888,-0.0226376091245,-0.0703834502550461,0.0706198532905015,0.0819395998554139,0.0944911182523084,-0.00503070475520989,-0.0457225655107336,0.123904931907158,-0.13729457466838,-0.0798679793696469,-0.0285926450359103,0.0865619460650111,0.117325920037681,0.0942272512115868,-0.0780319736378773,-0.0105797475678864,0.0640885456795192,-0.077151674981044,-0.144252346798625,-0.141446280839886,-0.00864857426119194,0.0769052717042951,0.0664213173476661,-0.0285958525342732,0.0773134982178299,0.047519281917199,-0.0545544725589973,-0.0782398869860123,-0.0675387765071961,0.0806392523273862,0.0417541856194871,-0.0890148745807062,-0.106067733289873,0.0282394729875729,0.0830852203028712,-0.0142415751433989,-0.0197225283401926
0.00633285522437974,0.0126900378721229,0.0190952601410344,0.0074264905340237,0.0148679029794109,0.0255707500679353,-0.0223347196108004,-0.032135766055923,-0.0298269057976658,0.00289795185015369,0.0057809017176292,-0.0388038394984102,0.0373236530300985,0.00862343197383337,0.0113688057320654,0.0447636878856435,-0.0455773859662095,0.0138244925610504,-0.00207061713694432,-0.052002602862814,0.00480535547098372,-0.0524365315905273,0.0119367972479464,0.0130136831324829,-0.0586974017872032,-0.00608503622909879,-0.0194396726566953,0.0593137865298441,-0.00910791142751251,-0.0634751385711853,0.00332072653040838,0.0205416814367627,-0.0114718409091577,-0.0121437066657514,0.0660265246370961,-0.00248534207404486,0.0134891540031291,-0.0205184602037255,-0.067813300472597,0.0123486221376591,0.0147621879358916,-0.0719660569698764,0.0218433866337809,-0.0185576265904785,0.0619645628726595,-0.000965551723395265,0.00591081675324079,0.0140981178065463,0.0377606163215429,0.0141452839779373,0.0101213250292342,0.040117353559365,-0.00939221265325264,-0.00760616022248714,-0.0759629626946651,-2.3473631310993e-17,-0.052667625865177,0.00322980390274757,5.02968197752514e-16,-0.0213403264218071,2.00000269943025e-15,-0.0392401602474964,-0.0100156601482277,-0.0107616930912506,0.0749041552285215,6.43436257222211e-16,-0.0242119724109494,-0.0566407679858204,-7.71591142545168e-15,0.0368130091200894,-0.0292591571293106,-2.26023151813663e-15,-0.148291163282669,0.148278919602106,0.313660081267672,0.313503889225624,-1.49978227113893e-16,-0.206068399763397,-0.20513987686587,-2.59879770371656e-17,-8.89595970311198e-18,-0.0254389856310026,8.86099891830692e-15,-0.0632394145890299,-0.0308840068267606,0.103510598760334,-6.01987278285896e-16,0.00432697123302044,0.125157417289849,0.0231770012667559,0.0447532715586091,-0.0370465054752618,0.0863336379596248,-0.13355035567017,0.0694530673181426,-2.82737611913882e-16,-0.00667181640550741,-0.0166335239792941,-0.0327730904497144,-0.108014408239046,-0.122358713936375,-0.0138695188791726,-0.0307322457460778,0.146217463990146,0.166020082038867,0.0690747504979255,0.000295281076393101,0.146376274715629,0.0221652643886004,-0.0413254265099193,2.2967574936766e-15,0.102637626625065,-0.152089041641989,-0.0735608033353655,0.0322436572465694,0.0483259062983242,0.112215682059819,0.154040028620537,0.0437758625681614,4.20157437476944e-15,0.0512548071677731,0.0448557500133192,-0.040496356961116,-0.189442644183141,0.146582778769091,-0.0481335460993385,-0.0598724569884707,-0.0218752170560591,6.48930304486479e-16,-0.0337085444652691,0.0685074808624973,0.0732274330844503,0.078153126512634,0.00203999152422216,0.00883672685065787,-4.72060424787123e-16,0.0290097737136646,0.0269778156249981,-0.0728013240400843,0.0386191091382823,0.0010261047914151,-0.000758977698051479,1.53333107271742e-17,-0.0133836732039013,0.00123035489309395,0.00980641261534458,-0.0229995078239516,0.00744374913860701,1.08626110496464e-15,-0.04138012819696,-0.0409058236601978,0.042942281935026,-0.018708901723217,8.98631780591166e-17,0.0617007882076361,-0.0288009904808835,-0.0786667258432227,-1.34928594772583e-15,0.114682548092569,0.0971285095392812,-0.0413868000274137,1.12815492639202e-15,0.0581170621413532,0.0808891922402077,8.13954910090041e-15,-0.0665312101455222,4.70870068317144e-16,0.0197225283401923
0.00963782721326591,0.019049343216831,0.0280112057748623,0.0157414007424023,0.0311159865948546,0.0363056530980571,-0.0457602973087506,-0.0437222287155958,-0.0593167901462072,0.0162653709280141,0.0322287923083829,-0.0500576008036003,0.0714344416876733,0.0476132292820726,0.0622255542829251,0.081765083321338,-0.055111162930829,0.076302587279435,0.0117901657080026,-0.0899496336194254,-0.0196056833798754,-0.0586703809288328,0.0924054422530567,0.00885083960300313,-0.0955716954778154,0.0539909652714936,-0.0898375262112657,0.0604671512735207,0.0568568633656166,-0.0976601544202073,0.00032194748966357,0.0982498625289529,0.0597467082070671,-0.00889980964660279,0.0600269848986624,0.00987883324313858,-0.0591357630596545,-0.100637076867407,-0.0958030049994699,-2.09366990862186e-05,-0.0530501354311305,-0.0556931671455507,0.00895681295200754,-0.0951714399086761,0.0864018916733626,-0.0131148595815468,0.0286546518217012,-0.0402413579080236,0.0266033677439626,0.077450174600145,-0.0282172524459563,0.0615629444090543,0.0215175255566174,-0.044416635075608,-0.0559915871909142,-0.0142415751433988,-0.0455430774891329,0.0478928650880213,-0.0282394729875817,-0.0381418515410718,-0.0417541856194898,-0.0343440175898336,-0.0195121325182296,-0.0600692876183477,0.0349557194327884,-0.054554472558997,-0.0691728263128239,-0.00460385824502447,0.066421317347664,0.0603172846200439,0.00819263475462506,0.0771516749810447,-0.0692877894186406,0.0693024031687219,0.178413487503747,0.178264507765064,0.0865619460650157,-0.205039808097864,-0.203535530395183,0.0944911182523067,0.100803521208414,0.0274191437395704,-0.105391147968639,-0.0262749055671833,0.0531518660623999,0.0184868351213016,0.108175502967155,-0.0715283590276804,-0.00554025908465181,0.0108723376184591,0.000985849095864,-0.0177209941736401,3.6345503629711e-05,0.0322282989759378,0.0569282025308697,-0.109108945117996,0.0303093175206719,-0.0176747764758733,-0.0205108371561774,0.0666699549414115,0.00320902776848081,0.0547744742111079,-0.0324938706387249,-0.0123466584489241,-0.0548906163838532,0.0044985295469913,-0.0229655176156819,-0.00794505027661166,-0.0706929042176207,-0.0437195425373997,-0.108175502967155,-0.113209096644099,0.0114344183524386,0.0301661268106927,-0.0778973367259381,0.0523350987266645,-0.00500054882222466,-0.0375818564965127,-0.107915514415204,0.105391147968629,0.0600733719046077,-0.0763158731212777,0.0170601779996848,0.0370683376873403,-0.0139916651685936,-0.0688414255572069,0.0641015318509767,0.100037215935863,0.100803521208413,-0.0784770748772408,0.00560246792153375,-0.0391892426506266,-0.00368386467625462,-0.0725623479746923,-0.0903995352402838,-0.0944911182523077,-0.0244149943037499,0.0179379558278499,-0.0488275883667954,0.0936906861041899,0.0786690554334875,0.0295078766610165,-0.0865619460650116,-0.100758864257118,-0.0958651128528375,0.0646906417641806,0.0419491800894076,-0.0745003799008774,0.0771516749810428,0.20566897644926,0.202198064486927,-0.0557220806794195,-0.0482887395459289,-0.0664213173476659,-0.0705912436127467,-0.0291457830714416,0.0851919100625402,0.0545544725589995,-0.121128675761755,-0.102202280653608,-0.00670687188562192,-0.041754185619489,-0.0196232870023318,-0.0492217441984366,-0.0282394729875885,0.0456532214726707,0.0142415751433982,-0.0197225283401927
0.0106207211912828,0.0209286104994046,0.0306163034474253,0.0188270471403994,0.037138203297599,0.0393874307187946,-0.0544289161334904,-0.0469623224224958,-0.0702185929000495,0.0229686651816643,0.045464681487178,-0.0530841561118283,0.0840668460172096,0.067071792653968,0.0875580882267845,0.0955993127708307,-0.0575261916971623,0.107607760785191,0.0230972315383616,-0.104562245561892,-0.0403277257125414,-0.0601017667317276,0.13747136241417,-0.00442177144684266,-0.110994516795307,0.0989233328468419,-0.122136899394652,0.0606821313036687,0.106905400767846,-0.116551160095603,-0.0143134231183382,0.134552204549886,0.113432680902713,0.0182386537582748,0.059242699609032,0.0532721147399449,-0.113273192667637,-0.138275134209644,-0.110592221928823,-0.0533080235021533,-0.103100492995903,-0.056104103325294,-0.0515282376455227,-0.131397787072694,0.114903493021381,0.00497597616126121,-0.006934666973875,-0.0801828596343889,-0.0336994693155284,0.107618430669822,0.0228048733381165,0.107294250698044,0.0443016171059177,-0.0620681930498697,-0.0469080420170102,-2.62071566662026e-15,-0.000532471530384902,-0.0186523279536376,2.39630876473334e-16,-0.0827285541370054,1.86713793410407e-15,-0.00979486348664233,-0.0463722339335149,0.0180533106212864,0.0430429201514945,6.49906588322483e-16,0.0134550194831202,-0.0344757824972277,-4.4712689717479e-15,-0.00449095030563796,-0.0197715898203258,4.6673607753116e-16,0.0217302465655131,-0.0216956236832701,-0.0452854063646635,-0.0453782020411838,2.19792247100961e-16,0.0255019670857632,0.0259936719199445,1.45233896433309e-16,1.89552806844696e-18,-0.00625212249633692,2.3020297810549e-15,0.0198322494036063,-0.011418173339855,-0.0340136641732329,1.66618513717271e-16,0.0221662597563586,-0.0446906761798254,0.0165807564569948,-0.0271807464356209,-0.0291564221835922,-0.0481655962195162,0.0518644231007802,-0.0511233124247023,4.89434070824523e-16,0.0351861266210562,-0.0102393412091924,-0.0398970742007047,0.039387958325391,0.0616471637809131,0.0617080286762047,-0.0170002484627995,-0.0797116081473362,-0.0861977134803868,-0.0434119965190118,-0.0559593863172121,-0.0690237713928527,-0.0760623846908331,-0.0187500384800315,-1.29478893552618e-16,-0.0403004875428785,0.069141164217628,0.0855429619349882,-0.0796641056318473,0.0157023000625543,-0.0418318713605957,-0.114024796956827,-0.0132758953362312,-2.73176787562629e-15,0.00910620486706939,-0.0764227350587361,0.0409042745243961,0.120705874357601,-0.0744528408779499,-0.00126022886353966,0.0714977287793811,0.00720256733084296,-3.63296043036718e-16,0.00317593921792192,-0.0375964512512139,-0.0698794219704434,-0.0726143191135063,-0.00888111329935878,-0.00652030547410091,8.26736053211284e-16,-0.0289157551339807,-0.0327721916688156,0.0798201870423832,-0.0772260865500078,0.00858243480387684,-0.0405388557652494,-3.91541187153557e-15,0.0867774203629366,0.0978809282210899,0.0127156359503429,-0.0553705655475862,0.0880299781339965,4.04867383799185e-15,-0.295146357695988,-0.290805114660881,0.075139377463431,-0.0188898084353193,2.75924288598581e-16,0.098145006758264,-0.0275012203836285,-0.12145682331262,-2.10676664317131e-15,0.175587922527945,0.148592182179458,-0.039422892805741,1.36233938104382e-15,0.0559747029592564,0.0787084803432883,8.28213368912293e-15,-0.06496413267704,-9.15043033167799e-16,0.00132828718898256
0.00443132846145431,0.00878838587233657,0.0129990926512318,0.00864653805688338,0.0171531540370589,0.0169960663266547,-0.0253860186319603,-0.0207199457639331,-0.0332251395315057,0.0125670487918933,0.0249769972915191,-0.0241245839307217,0.0405767713144174,0.0371105464452313,0.048976652682716,0.0473982075779823,-0.0271866158491642,0.0612514000973586,0.016547574642732,-0.0537602416239527,-0.0296748900309955,-0.0299261766511065,0.0833009994913002,-0.0110652459470494,-0.0600669047601049,0.0693748983550916,-0.0701789363314106,0.0324604932502578,0.0766407124339651,-0.0689900679933294,-0.0177161068953448,0.0798334977855096,0.0824862300527158,0.0288681607975886,0.0351841177534927,0.0580980889460302,-0.0835480040392109,-0.0845038951955896,-0.0675365286805966,-0.0654889423613646,-0.077273196090863,-0.0399408360384956,-0.069649454925435,-0.0827015772386869,0.0840290133956905,0.0193576711838579,-0.0359176577783409,-0.0611823550135671,-0.0589946282796562,0.0695287362392814,0.0618414858300557,0.0945366174517327,0.0343723176893906,-0.040832708696568,-0.031902426090103,0.0142415751433952,0.0270242795027334,-0.0717944001195917,0.028239472987582,-0.0805324931901353,0.0417541856194932,0.00723782937222586,-0.0469150144146128,0.0807168209674059,0.0505837968790819,0.0545544725589984,0.0785932501651721,-0.0650027331437035,-0.066421317347673,-0.0519652891629386,-0.0477682118099114,-0.0771516749810451,0.0382750022412569,-0.0382443523028159,-0.106435090813538,-0.106474796667209,-0.0865619460650153,0.145056051258624,0.144471172649693,-0.0944911182523066,-0.100803521208415,-0.0545466161201529,0.105391147968648,0.0170628304094257,-0.0949586565330518,-0.000887624417891072,-0.108175502967155,0.115473670276756,0.0282836458537487,0.0392997675027729,-0.0132175810282908,-0.0722258180652158,-0.0123460579491628,-0.0577056923663114,-0.0901077245257005,0.109108945117997,0.0336123046621201,-0.019710317136218,-0.0955849315752122,-0.100974969396097,-0.00754523838681525,0.060032543254837,-0.0378632699323431,0.00717051945644999,0.0651159933466754,-0.0168465719225462,-0.103069646931026,0.0390103733157956,-0.0756021405797439,-0.0540155721081041,0.108175502967158,0.158918885145074,-0.0722778139352202,0.0743979952634716,-0.0794839005707419,0.0685865970986062,0.0994647950319979,0.00309128666921958,0.155554730404337,-0.10539114796863,0.0822306451670726,-0.0709095927702566,0.0247929348297844,-0.0774243973524681,0.157485096036643,-0.0950051782395303,0.0475422352362669,-0.147604283806219,-0.10080352120841,-0.102711779271117,0.155118941557584,-0.00918546362462382,0.0370154774238061,-0.0794601269622874,0.13820525578921,0.0944911182523064,-0.0107574691196986,0.143043893009877,-0.095859316802001,0.128187148858064,-0.127136830731231,0.130550687218306,0.0865619460650251,-0.121027924528915,-0.105493303285265,-0.114454651043674,0.118031429051086,-0.0769110512680851,-0.077151674981049,0.194191683927188,0.190708223984956,-0.10577320879722,0.100397801918328,0.0664213173476666,-0.0943627872034653,0.0853737149925271,0.0846496270610111,-0.0545544725589972,-0.0963702336072396,-0.07788818681037,0.0700461530827076,0.0417541856194876,-0.0556477326265045,-0.0455869437815728,0.0282394729875791,0.0300181323885391,-0.0142415751433986,4.54058474997061e-16
