0.00161905710673185,0.00323769826409247,-0.00485550762957219,-0.00647206957435462,0.00808696879009618,0.00969979039562515,-0.0113101200435201,-0.0129175440265735,0.0145216493840522,0.0161220240078224,-0.0177182567481978,-0.0193099375195798,0.0208966574058065,0.0224780087652108,-0.0240535853353451,-0.0256229823373524,0.0271857965799593,0.0287416265630628,-0.03029007258087,-0.0318307368245861,0.0333632234846336,0.0348871388523093,-0.0364020914209577,-0.0379076919865385,0.0394035537476198,0.040889292404744,-0.0423645262591733,-0.0438288763109433,0.0452819663562179,0.0467234230839616,-0.0481528761718308,-0.0495699583813212,0.0509743056521098,0.0523655571955837,-0.0537433555875356,-0.0551073468599883,0.0564571805921211,0.0577925100003128,-0.0591129920272195,-0.0604182874299158,0.0617080608670509,0.0629819809849949,-0.0642397205029663,-0.0654809562971136,0.0667053694835446,0.0679126455002184,-0.0691024741877882,-0.0702745498692709,0.0714285714285714,0.0725642423878648,-0.0736812709837384,-0.0747793702421666,0.0758582580522183,0.0769176572385583,-0.077957295632635,-0.0789769061426093,0.0799762268219817,0.0809550009368719,-0.081912977031987,-0.0828499089952233,0.0837655561208864,0.0846596831715424,-0.0855320604384377,-0.086382463800525,0.0872106747820383,0.0880164806086176,-0.0887996742619799,-0.0895600545330905,0.0902974260738788,0.0910115994473946,-0.0917023911765041,-0.0923696237910086,0.0930131258732418,0.0936327321021168,-0.0942282832955871,-0.0947996264515471,0.0953466147871411,0.0958691077764726,-0.0963669711867039,-0.0968400771125393,0.0972883040090955,0.0977115367231146,-0.0981096665225614,-0.098482591124544,0.098830214721599,0.0991524480063048,-0.0994492081942229,-0.0997204190451694,0.0999660108827987,0.100185920612503,-0.100380091737626,-0.100548474373975,0.100691025262638,0.100807707781092,-0.100898491952617,-0.100963354454,0.101002278621516,0.101015254455222,-0.101002278621515,-0.100963354453999,0.100898491952617,0.100807707781091,-0.100691025262637,-0.100548474373976,0.100380091737624,0.100185920612501,-0.0999660108827969,-0.0997204190451708,0.0994492081942224,0.0991524480063047,-0.0988302147215991,-0.0984825911245435,0.0981096665225622,0.0977115367231167,-0.0972883040090953,-0.0968400771125377,0.0963669711867029,0.0958691077764727,-0.095346614787141,-0.0947996264515464,0.0942282832955853,0.0936327321021169,-0.0930131258732426,-0.0923696237910082,0.0917023911765041,0.0910115994473953,-0.090297426073878,-0.0895600545330923,0.0887996742619785,0.0880164806086177,-0.0872106747820391,-0.0863824638005263,0.0855320604384395,0.0846596831715436,-0.0837655561208892,-0.0828499089952242,0.0819129770319882,0.0809550009368722,-0.0799762268219824,-0.0789769061426112,0.0779572956326341,0.0769176572385576,-0.0758582580522177,-0.0747793702421645,0.0736812709837383,0.0725642423878641,-0.0714285714285709,-0.0702745498692688,0.0691024741877875,0.0679126455002183,-0.0667053694835443,-0.0654809562971155,0.0642397205029652,0.0629819809849948,-0.0617080608670526,-0.0604182874299181,0.0591129920272195,0.0577925100003123,-0.0564571805921211,-0.0551073468599879,0.053743355587537,0.0523655571955839,-0.050974305652109,-0.0495699583813212,0.0481528761718312,0.046723423083961,-0.045281966356218,-0.0438288763109425,0.0423645262591751,0.0408892924047435,-0.0394035537476176,-0.0379076919865387,0.036402091420958,0.0348871388523098,-0.0333632234846329,-0.0318307368245881,0.0302900725808691,0.0287416265630644,-0.0271857965799613,-0.0256229823373521,0.0240535853353446,0.0224780087652105,-0.0208966574058071,-0.0193099375195795,0.0177182567481997,0.0161220240078234,-0.0145216493840535,-0.0129175440265705,0.0113101200435221,0.00969979039562489,-0.00808696879009611,-0.00647206957435426,0.00485550762957124,0.00323769826409179,-0.00161905710673108
0.00323769826409265,0.00647206957435455,-0.0096997903956263,-0.0129175440265735,0.0161220240078233,0.0193099375195809,-0.0224780087652083,-0.0256229823373553,0.0287416265630621,0.0318307368245854,-0.0348871388523073,-0.0379076919865378,0.0408892924047436,0.0438288763109436,-0.0467234230839625,-0.0495699583813218,0.0523655571955806,0.055107346859986,-0.0577925100003145,-0.0604182874299153,0.0629819809849968,0.0654809562971153,-0.0679126455002171,-0.0702745498692681,0.0725642423878685,0.0747793702421648,-0.0769176572385541,-0.0789769061426112,0.0809550009368721,0.0828499089952249,-0.0846596831715434,-0.0863824638005261,0.0880164806086194,0.0895600545330918,-0.091011599447394,-0.0923696237910098,0.0936327321021171,0.0947996264515475,-0.0958691077764731,-0.0968400771125364,0.0977115367231129,0.0984825911245439,-0.0991524480063062,-0.0997204190451663,0.100185920612503,0.100548474373975,-0.100807707781091,-0.100963354454002,0.101015254455221,0.100963354453999,-0.10080770778109,-0.100548474373978,0.100185920612503,0.0997204190451703,-0.0991524480063057,-0.0984825911245426,0.0977115367231151,0.0968400771125387,-0.0958691077764716,-0.0947996264515456,0.0936327321021145,0.0923696237910075,-0.0910115994473946,-0.0895600545330903,0.0880164806086178,0.086382463800526,-0.0846596831715453,-0.0828499089952236,0.0809550009368731,0.0789769061426104,-0.0769176572385574,-0.0747793702421647,0.0725642423878642,0.0702745498692686,-0.0679126455002193,-0.0654809562971164,0.0629819809849954,0.0604182874299175,-0.0577925100003131,-0.0551073468599878,0.0523655571955838,0.0495699583813205,-0.0467234230839606,-0.043828876310943,0.0408892924047439,0.037907691986539,-0.0348871388523098,-0.0318307368245875,0.0287416265630641,0.0256229823373523,-0.0224780087652107,-0.0193099375195802,0.0161220240078235,0.0129175440265719,-0.00969979039562469,-0.00647206957435365,0.00323769826409188,-1.28046299301973e-16,0.00323769826409212,0.00647206957435388,-0.00969979039562483,-0.0129175440265719,0.0161220240078233,0.0193099375195804,-0.0224780087652101,-0.0256229823373518,0.0287416265630633,0.0318307368245877,-0.0348871388523093,-0.0379076919865385,0.0408892924047435,0.0438288763109424,-0.0467234230839608,-0.0495699583813213,0.0523655571955835,0.0551073468599868,-0.0577925100003123,-0.0604182874299174,0.062981980984995,0.0654809562971157,-0.0679126455002178,-0.0702745498692682,0.0725642423878645,0.0747793702421641,-0.0769176572385569,-0.0789769061426105,0.080955000936872,0.0828499089952247,-0.0846596831715434,-0.0863824638005257,0.0880164806086182,0.0895600545330913,-0.0910115994473962,-0.0923696237910086,0.0936327321021177,0.0947996264515466,-0.095869107776473,-0.0968400771125388,0.0977115367231157,0.0984825911245448,-0.0991524480063045,-0.0997204190451693,0.100185920612502,0.100548474373976,-0.10080770778109,-0.100963354453998,0.10101525445522,0.100963354453999,-0.10080770778109,-0.100548474373975,0.100185920612502,0.0997204190451689,-0.0991524480063044,-0.0984825911245435,0.097711536723115,0.0968400771125396,-0.0958691077764727,-0.0947996264515464,0.093632732102117,0.0923696237910091,-0.0910115994473962,-0.0895600545330921,0.0880164806086181,0.0863824638005263,-0.0846596831715446,-0.0828499089952242,0.0809550009368725,0.0789769061426101,-0.0769176572385576,-0.074779370242164,0.0725642423878644,0.0702745498692685,-0.0679126455002177,-0.0654809562971159,0.0629819809849952,0.0604182874299187,-0.0577925100003124,-0.0551073468599885,0.0523655571955839,0.0495699583813209,-0.0467234230839611,-0.0438288763109426,0.0408892924047446,0.037907691986537,-0.0348871388523109,-0.0318307368245874,0.0287416265630648,0.0256229823373495,-0.0224780087652124,-0.0193099375195805,0.0161220240078233,0.0129175440265729,-0.00969979039562459,-0.00647206957435328,0.00323769826409115
0.00485550762957225,0.00969979039562595,-0.0145216493840551,-0.0193099375195827,0.0240535853353441,0.0287416265630645,-0.0333632234846294,-0.0379076919865432,0.0423645262591727,0.0467234230839579,-0.0509743056521051,-0.0551073468599861,0.0591129920272193,0.0629819809849963,-0.0667053694835469,-0.0702745498692697,0.0736812709837352,0.0769176572385558,-0.0799762268219855,-0.082849908995221,0.0855320604384405,0.0880164806086169,-0.0902974260738759,-0.092369623791008,0.094228283295591,0.095869107776473,-0.09728830400909,-0.0984825911245447,0.0994492081942233,0.100185920612503,-0.100691025262637,-0.100963354453999,0.101002278621517,0.100807707781091,-0.100380091737624,-0.099720419045171,0.0988302147215996,0.097711536723117,-0.096366971186703,-0.0947996264515441,0.0930131258732398,0.0910115994473949,-0.0887996742619793,-0.086382463800523,0.0837655561208888,0.0809550009368718,-0.0779572956326346,-0.0747793702421673,0.0714285714285715,0.0679126455002188,-0.0642397205029653,-0.0604182874299194,0.0564571805921215,0.0523655571955838,-0.0481528761718312,-0.0438288763109422,0.0394035537476175,0.0348871388523097,-0.0302900725808687,-0.025622982337352,0.0208966574058062,0.0161220240078234,-0.0113101200435212,-0.00647206957435376,0.00161905710673172,-0.00323769826409186,0.00808696879009618,0.0129175440265715,-0.017718256748199,-0.0224780087652101,0.0271857965799604,0.0318307368245872,-0.036402091420958,-0.0408892924047435,0.045281966356218,0.0495699583813212,-0.0537433555875362,-0.0577925100003121,0.0617080608670536,0.0654809562971161,-0.0691024741877884,-0.0725642423878637,0.075858258052217,0.0789769061426103,-0.0819129770319875,-0.0846596831715432,0.0872106747820379,0.0895600545330907,-0.0917023911765053,-0.0936327321021168,0.0953466147871416,0.0968400771125383,-0.0981096665225631,-0.0991524480063055,0.0999660108827985,0.100548474373977,-0.100898491952617,-0.101015254455222,0.100898491952616,0.100548474373976,-0.0999660108827979,-0.0991524480063047,0.0981096665225619,0.0968400771125396,-0.0953466147871394,-0.0936327321021158,0.0917023911765038,0.0895600545330922,-0.0872106747820376,-0.0846596831715433,0.0819129770319877,0.0789769061426101,-0.0758582580522178,-0.0725642423878654,0.0691024741877885,0.0654809562971153,-0.0617080608670533,-0.0577925100003124,0.0537433555875363,0.0495699583813211,-0.0452819663562175,-0.0408892924047439,0.0364020914209587,0.0318307368245875,-0.0271857965799608,-0.0224780087652107,0.0177182567481992,0.0129175440265721,-0.00808696879009635,-0.00323769826409215,-0.00161905710673142,-0.00647206957435368,0.0113101200435212,0.0161220240078234,-0.0208966574058068,-0.0256229823373522,0.0302900725808691,0.0348871388523098,-0.0394035537476178,-0.0438288763109431,0.0481528761718305,0.0523655571955831,-0.0564571805921209,-0.0604182874299177,0.0642397205029651,0.0679126455002181,-0.071428571428571,-0.074779370242165,0.0779572956326338,0.0809550009368716,-0.0837655561208881,-0.0863824638005252,0.0887996742619778,0.0910115994473945,-0.0930131258732419,-0.0947996264515471,0.0963669711867026,0.0977115367231157,-0.0988302147215993,-0.0997204190451703,0.100380091737627,0.100807707781092,-0.101002278621516,-0.100963354453999,0.100691025262639,0.100185920612503,-0.099449208194224,-0.0984825911245434,0.0972883040090947,0.0958691077764721,-0.0942282832955859,-0.0923696237910085,0.0902974260738766,0.0880164806086176,-0.0855320604384381,-0.0828499089952255,0.0799762268219824,0.076917657238559,-0.0736812709837396,-0.0702745498692681,0.0667053694835446,0.0629819809849947,-0.0591129920272205,-0.055107346859985,0.0509743056521103,0.0467234230839609,-0.0423645262591768,-0.0379076919865348,0.0333632234846357,0.0287416265630641,-0.0240535853353443,-0.0193099375195819,0.0145216493840527,0.00969979039562414,-0.00485550762957006
0.00647206957435486,0.0129175440265734,-0.0193099375195832,-0.0256229823373553,0.031830736824587,0.0379076919865398,-0.0438288763109385,-0.0495699583813271,0.0551073468599843,0.0604182874299138,-0.0654809562971116,-0.0702745498692669,0.0747793702421646,0.0789769061426124,-0.0828499089952272,-0.0863824638005279,0.0895600545330871,0.0923696237910063,-0.0947996264515505,-0.0968400771125357,0.0984825911245468,0.0997204190451689,-0.100548474373974,-0.100963354453998,0.100963354454004,0.100548474373976,-0.0997204190451648,-0.0984825911245447,0.0968400771125387,0.0947996264515474,-0.0923696237910083,-0.089560054533091,0.0863824638005272,0.0828499089952242,-0.0789769061426094,-0.0747793702421655,0.0702745498692688,0.0654809562971169,-0.060418287429918,-0.0551073468599864,0.0495699583813196,0.0438288763109428,-0.0379076919865393,-0.0318307368245864,0.0256229823373523,0.0193099375195803,-0.0129175440265719,-0.00647206957435409,-9.72946253522093e-17,-0.00647206957435385,0.0129175440265718,0.0193099375195808,-0.0256229823373523,-0.0318307368245875,0.037907691986539,0.0438288763109421,-0.0495699583813206,-0.0551073468599874,0.0604182874299167,0.0654809562971154,-0.0702745498692666,-0.0747793702421636,0.0789769061426099,0.082849908995223,-0.0863824638005258,-0.0895600545330911,0.0923696237910105,0.0947996264515458,-0.09684007711254,-0.0984825911245437,0.0997204190451689,0.100548474373976,-0.100963354453998,-0.100963354453999,0.100548474373976,0.0997204190451704,-0.0984825911245442,-0.0968400771125388,0.0947996264515476,0.0923696237910088,-0.0895600545330918,-0.0863824638005249,0.0828499089952233,0.0789769061426108,-0.0747793702421646,-0.0702745498692688,0.0654809562971161,0.0604182874299177,-0.0551073468599883,-0.0495699583813215,0.0438288763109433,0.0379076919865387,-0.0318307368245877,-0.0256229823373523,0.0193099375195801,0.0129175440265717,-0.00647206957435337,3.68599758150392e-16,-0.00647206957435409,-0.0129175440265723,0.0193099375195806,0.0256229823373524,-0.0318307368245875,-0.0379076919865391,0.0438288763109421,0.0495699583813203,-0.0551073468599868,-0.060418287429918,0.0654809562971153,0.0702745498692683,-0.0747793702421642,-0.07897690614261,0.0828499089952238,0.0863824638005267,-0.0895600545330917,-0.0923696237910075,0.0947996264515468,0.096840077112539,-0.0984825911245441,-0.0997204190451696,0.100548474373975,0.100963354453999,-0.100963354453999,-0.100548474373975,0.0997204190451688,0.0984825911245442,-0.096840077112539,-0.0947996264515474,0.0923696237910087,0.089560054533091,-0.0863824638005265,-0.0828499089952241,0.0789769061426117,0.0747793702421647,-0.0702745498692691,-0.0654809562971162,0.0604182874299178,0.0551073468599877,-0.0495699583813211,-0.0438288763109433,0.0379076919865386,0.0318307368245873,-0.0256229823373521,-0.0193099375195803,0.0129175440265717,0.00647206957435364,1.37448562969094e-17,0.00647206957435374,-0.0129175440265717,-0.0193099375195801,0.0256229823373519,0.031830736824587,-0.0379076919865384,-0.0438288763109423,0.0495699583813204,0.0551073468599877,-0.0604182874299172,-0.0654809562971156,0.0702745498692683,0.0747793702421648,-0.0789769061426113,-0.0828499089952246,0.086382463800526,0.0895600545330917,-0.0923696237910098,-0.0947996264515467,0.0968400771125395,0.0984825911245434,-0.0997204190451696,-0.100548474373975,0.100963354453998,0.100963354453998,-0.100548474373974,-0.0997204190451692,0.0984825911245436,0.0968400771125403,-0.0947996264515461,-0.0923696237910096,0.0895600545330916,0.0863824638005252,-0.0828499089952237,-0.0789769061426097,0.0747793702421657,0.0702745498692651,-0.0654809562971178,-0.0604182874299174,0.0551073468599895,0.0495699583813159,-0.0438288763109467,-0.0379076919865393,0.0318307368245873,0.0256229823373544,-0.01930993751958,-0.012917544026571,0.00647206957435203
0.00808696879009754,0.0161220240078253,-0.0240535853353481,-0.0318307368245913,0.0394035537476173,0.0467234230839623,-0.0537433555875311,-0.0604182874299249,0.0667053694835407,0.0725642423878602,-0.0779572956326293,-0.0828499089952223,0.0872106747820388,0.0910115994473975,-0.0942282832955903,-0.0968400771125414,0.0988302147215951,0.1001859206125,-0.100898491952621,-0.100963354453996,0.100380091737629,0.0991524480063042,-0.0972883040090931,-0.0947996264515459,0.0917023911765095,0.0880164806086181,-0.0837655561208843,-0.078976906142611,0.0736812709837385,0.0679126455002191,-0.0617080608670527,-0.0551073468599872,0.0481528761718311,0.0408892924047437,-0.0333632234846323,-0.0256229823373525,0.0177182567481993,0.00969979039562525,-0.00161905710673204,0.00647206957435289,-0.0145216493840521,-0.0224780087652101,0.030290072580869,0.0379076919865371,-0.0452819663562176,-0.0523655571955829,0.0591129920272193,0.0654809562971181,-0.0714285714285715,-0.0769176572385581,0.0819129770319876,0.0863824638005285,-0.0902974260738786,-0.0936327321021176,0.0963669711867036,0.0984825911245428,-0.0999660108827976,-0.100807707781091,0.101002278621514,0.100548474373975,-0.099449208194221,-0.0977115367231149,0.0953466147871404,0.0923696237910076,-0.0887996742619783,-0.0846596831715435,0.0799762268219842,0.0747793702421643,-0.0691024741877893,-0.0629819809849953,0.0564571805921209,0.0495699583813215,-0.0423645262591754,-0.0348871388523103,0.0271857965799615,0.0193099375195807,-0.0113101200435215,-0.00323769826409224,-0.00485550762957126,-0.0129175440265718,0.0208966574058065,0.0287416265630632,-0.0364020914209579,-0.0438288763109424,0.0509743056521082,0.0577925100003118,-0.0642397205029649,-0.0702745498692679,0.0758582580522179,0.0809550009368716,-0.0855320604384385,-0.0895600545330905,0.0930131258732432,0.0958691077764731,-0.0981096665225626,-0.0997204190451707,0.100691025262638,0.101015254455221,-0.100691025262637,-0.09972041904517,0.0981096665225621,0.0958691077764725,-0.0930131258732422,-0.0895600545330917,0.0855320604384367,0.080955000936871,-0.0758582580522169,-0.0702745498692693,0.0642397205029649,0.0577925100003122,-0.0509743056521087,-0.0438288763109425,0.0364020914209586,0.0287416265630641,-0.0208966574058068,-0.0129175440265718,0.00485550762957161,-0.00323769826409175,0.0113101200435209,0.01930993751958,-0.0271857965799603,-0.0348871388523093,0.0423645262591749,0.0495699583813205,-0.0564571805921201,-0.0629819809849949,0.0691024741877878,0.0747793702421649,-0.0799762268219822,-0.0846596831715429,0.0887996742619784,0.0923696237910086,-0.0953466147871422,-0.0977115367231159,0.0994492081942242,0.100548474373976,-0.101002278621516,-0.100807707781091,0.0999660108827983,0.0984825911245451,-0.0963669711867025,-0.0936327321021169,0.0902974260738779,0.0863824638005262,-0.0819129770319874,-0.0769176572385573,0.071428571428571,0.0654809562971164,-0.059112992027219,-0.0523655571955831,0.0452819663562177,0.0379076919865386,-0.0302900725808691,-0.0224780087652107,0.0145216493840532,0.00647206957435416,0.00161905710673107,0.00969979039562432,-0.0177182567481986,-0.025622982337352,0.033363223484633,0.0408892924047439,-0.0481528761718306,-0.055107346859988,0.0617080608670538,0.0679126455002189,-0.0736812709837395,-0.0789769061426101,0.0837655561208884,0.0880164806086174,-0.0917023911765046,-0.0947996264515461,0.0972883040090932,0.0991524480063042,-0.100380091737625,-0.100963354454,0.100898491952616,0.100185920612503,-0.0988302147215995,-0.0968400771125376,0.0942282832955856,0.091011599447394,-0.0872106747820398,-0.0828499089952199,0.0779572956326366,0.0725642423878645,-0.066705369483547,-0.0604182874299113,0.053743355587541,0.0467234230839617,-0.0394035537476177,-0.0318307368245903,0.0240535853353441,0.0161220240078224,-0.00808696879009408
0.00969979039562634,0.0193099375195825,-0.0287416265630682,-0.0379076919865434,0.0467234230839603,0.0551073468599891,-0.0629819809849891,-0.070274549869277,0.0769176572385533,0.0828499089952189,-0.0880164806086122,-0.0923696237910068,0.0958691077764733,0.0984825911245469,-0.100185920612507,-0.100963354454002,0.100807707781087,0.0997204190451677,-0.0977115367231204,-0.0947996264515437,0.0910115994473978,0.0863824638005254,-0.0809550009368707,-0.0747793702421641,0.067912645500222,0.0604182874299179,-0.0523655571955808,-0.0438288763109432,0.0348871388523095,0.0256229823373523,-0.0161220240078233,-0.00647206957435339,-0.00323769826409244,-0.0129175440265722,0.0224780087652102,0.0318307368245877,-0.0408892924047436,-0.0495699583813212,0.057792510000312,0.0654809562971136,-0.0725642423878621,-0.07897690614261,0.0846596831715442,0.0895600545330878,-0.0936327321021169,-0.0968400771125382,0.0991524480063047,0.100548474373979,-0.101015254455221,-0.100548474373976,0.0991524480063044,0.0968400771125418,-0.0936327321021177,-0.0895600545330918,0.0846596831715442,0.0789769061426095,-0.0725642423878644,-0.065480956297116,0.0577925100003119,0.0495699583813208,-0.0408892924047429,-0.0318307368245872,0.0224780087652106,0.0129175440265719,-0.00323769826409238,0.00647206957435344,-0.0161220240078235,-0.0256229823373516,0.0348871388523097,0.0438288763109422,-0.0523655571955826,-0.0604182874299172,0.0679126455002177,0.0747793702421641,-0.0809550009368724,-0.0863824638005262,0.091011599447395,0.0947996264515462,-0.0977115367231169,-0.0997204190451699,0.100807707781091,0.100963354453997,-0.100185920612502,-0.0984825911245441,0.0958691077764726,0.0923696237910088,-0.0880164806086177,-0.082849908995224,0.0769176572385588,0.0702745498692689,-0.062981980984996,-0.0551073468599875,0.0467234230839615,0.0379076919865389,-0.0287416265630635,-0.0193099375195801,0.0096997903956243,-5.21750964983775e-16,0.00969979039562529,0.019309937519581,-0.0287416265630642,-0.0379076919865391,0.0467234230839612,0.0551073468599882,-0.0629819809849944,-0.0702745498692678,0.0769176572385571,0.0828499089952248,-0.0880164806086169,-0.0923696237910083,0.0958691077764725,0.0984825911245435,-0.100185920612503,-0.100963354454,0.100807707781091,0.0997204190451688,-0.0977115367231164,-0.0947996264515468,0.0910115994473954,0.0863824638005262,-0.0809550009368717,-0.0747793702421649,0.067912645500219,0.0604182874299178,-0.0523655571955833,-0.0438288763109433,0.0348871388523102,0.0256229823373528,-0.0161220240078239,-0.00647206957435412,-0.0032376982640917,-0.0129175440265717,0.0224780087652107,0.0318307368245875,-0.0408892924047443,-0.0495699583813213,0.0577925100003128,0.0654809562971164,-0.0725642423878651,-0.0789769061426117,0.0846596831715436,0.0895600545330913,-0.0936327321021171,-0.0968400771125394,0.0991524480063046,0.100548474373975,-0.101015254455221,-0.100548474373976,0.099152448006304,0.0968400771125383,-0.0936327321021166,-0.0895600545330906,0.0846596831715432,0.0789769061426103,-0.0725642423878646,-0.0654809562971168,0.0577925100003127,0.0495699583813214,-0.0408892924047441,-0.0318307368245878,0.022478008765211,0.0129175440265721,-0.0032376982640921,0.006472069574354,-0.0161220240078237,-0.0256229823373524,0.0348871388523102,0.0438288763109427,-0.0523655571955834,-0.0604182874299173,0.0679126455002184,0.0747793702421643,-0.0809550009368706,-0.0863824638005253,0.0910115994473944,0.0947996264515475,-0.0977115367231151,-0.0997204190451704,0.100807707781091,0.100963354453997,-0.100185920612502,-0.0984825911245428,0.0958691077764741,0.0923696237910039,-0.0880164806086203,-0.0828499089952238,0.0769176572385608,0.0702745498692612,-0.0629819809850008,-0.0551073468599885,0.046723423083961,0.0379076919865422,-0.0287416265630634,-0.0193099375195791,0.00969979039562227
0.011310120043523,0.0224780087652131,-0.033363223484638,-0.0438288763109482,0.0537433555875355,0.062981980984997,-0.0714285714285642,-0.0789769061426201,0.0855320604384333,0.0910115994473896,-0.0953466147871352,-0.0984825911245425,0.100380091737627,0.101015254455224,-0.100380091737631,-0.0984825911245475,0.0953466147871375,0.0910115994473937,-0.0855320604384426,-0.0789769061426088,0.0714285714285735,0.0629819809849952,-0.0537433555875358,-0.0438288763109428,0.0333632234846348,0.022478008765211,-0.0113101200435209,-2.09708888866448e-16,-0.0113101200435213,-0.0224780087652108,0.0333632234846329,0.0438288763109432,-0.0537433555875377,-0.0629819809849961,0.0714285714285704,0.0789769061426119,-0.0855320604384387,-0.0910115994473963,0.0953466147871416,0.0984825911245418,-0.100380091737623,-0.101015254455221,0.100380091737627,0.098482591124541,-0.0953466147871416,-0.091011599447395,0.0855320604384384,0.0789769061426136,-0.0714285714285711,-0.0629819809849951,0.0537433555875359,0.043828876310944,-0.0333632234846329,-0.0224780087652104,0.0113101200435209,-2.04865122062318e-16,0.0113101200435213,0.0224780087652106,-0.0333632234846325,-0.0438288763109425,0.0537433555875349,0.0629819809849944,-0.0714285714285705,-0.0789769061426098,0.0855320604384382,0.0910115994473952,-0.0953466147871433,-0.0984825911245438,0.100380091737627,0.101015254455221,-0.100380091737625,-0.0984825911245448,0.0953466147871409,0.0910115994473958,-0.0855320604384394,-0.0789769061426115,0.0714285714285715,0.0629819809849954,-0.0537433555875371,-0.043828876310943,0.0333632234846331,0.0224780087652103,-0.0113101200435211,-3.56429369083516e-16,-0.0113101200435208,-0.02247800876521,0.0333632234846324,0.0438288763109424,-0.0537433555875362,-0.0629819809849949,0.0714285714285714,0.0789769061426102,-0.0855320604384389,-0.0910115994473958,0.0953466147871415,0.0984825911245454,-0.100380091737626,-0.101015254455222,0.100380091737626,0.0984825911245449,-0.095346614787141,-0.0910115994473951,0.085532060438438,0.0789769061426112,-0.07142857142857,-0.0629819809849947,0.0537433555875359,0.0438288763109436,-0.0333632234846328,-0.0224780087652107,0.0113101200435213,1.59630843325436e-16,0.011310120043521,0.0224780087652106,-0.033363223484633,-0.0438288763109424,0.0537433555875365,0.0629819809849953,-0.0714285714285711,-0.0789769061426106,0.0855320604384377,0.0910115994473954,-0.0953466147871412,-0.098482591124544,0.100380091737625,0.101015254455221,-0.100380091737626,-0.0984825911245457,0.0953466147871417,0.0910115994473953,-0.085532060438439,-0.078976906142611,0.0714285714285722,0.0629819809849954,-0.0537433555875366,-0.0438288763109427,0.0333632234846326,0.0224780087652101,-0.0113101200435205,6.46148755596128e-16,-0.0113101200435218,-0.0224780087652112,0.0333632234846336,0.0438288763109437,-0.0537433555875366,-0.0629819809849953,0.0714285714285714,0.0789769061426115,-0.085532060438438,-0.091011599447395,0.0953466147871411,0.0984825911245438,-0.100380091737626,-0.10101525445522,0.100380091737625,0.0984825911245454,-0.0953466147871416,-0.0910115994473955,0.0855320604384387,0.0789769061426115,-0.0714285714285721,-0.062981980984996,0.0537433555875365,0.0438288763109428,-0.0333632234846332,-0.0224780087652103,0.0113101200435209,-2.7007066513995e-16,0.0113101200435215,0.0224780087652107,-0.033363223484633,-0.0438288763109427,0.0537433555875356,0.062981980984995,-0.0714285714285707,-0.0789769061426118,0.085532060438438,0.0910115994473961,-0.0953466147871414,-0.0984825911245434,0.100380091737625,0.10101525445522,-0.100380091737628,-0.0984825911245396,0.0953466147871441,0.0910115994473952,-0.0855320604384417,-0.0789769061426026,0.0714285714285776,0.0629819809849963,-0.0537433555875364,-0.0438288763109469,0.0333632234846325,0.0224780087652092,-0.0113101200435183
0.0129175440265739,0.025622982337355,-0.0379076919865444,-0.049569958381327,0.0604182874299164,0.0702745498692703,-0.0789769061426029,-0.0863824638005361,0.0923696237910029,0.0968400771125327,-0.0997204190451635,-0.100963354453997,0.100548474373977,0.0984825911245473,-0.0947996264515513,-0.0895600545330944,0.0828499089952208,0.0747793702421631,-0.065480956297119,-0.0551073468599862,0.0438288763109441,0.0318307368245873,-0.0193099375195803,-0.00647206957435371,-0.00647206957435386,-0.0193099375195799,0.0318307368245854,0.0438288763109427,-0.0551073468599873,-0.0654809562971164,0.0747793702421641,0.0828499089952239,-0.0895600545330928,-0.0947996264515471,0.0984825911245429,0.100548474373977,-0.100963354453999,-0.0997204190451711,0.0968400771125396,0.0923696237910067,-0.0863824638005237,-0.0789769061426108,0.0702745498692699,0.0604182874299159,-0.0495699583813215,-0.0379076919865388,0.0256229823373523,0.0129175440265725,3.04000393294305e-16,0.0129175440265723,-0.0256229823373522,-0.03790769198654,0.0495699583813217,0.0604182874299183,-0.0702745498692695,-0.0789769061426097,0.0863824638005256,0.0923696237910086,-0.096840077112538,-0.0997204190451691,0.100963354453996,0.100548474373975,-0.0984825911245436,-0.0947996264515456,0.0895600545330916,0.0828499089952242,-0.0747793702421663,-0.0654809562971161,0.0551073468599888,0.0438288763109433,-0.0318307368245876,-0.019309937519581,0.00647206957435442,-0.00647206957435287,0.0193099375195797,0.031830736824587,-0.0438288763109423,-0.0551073468599871,0.0654809562971164,0.0747793702421645,-0.0828499089952242,-0.0895600545330899,0.0947996264515454,0.0984825911245439,-0.100548474373975,-0.100963354453999,0.0997204190451696,0.0968400771125389,-0.0923696237910094,-0.0863824638005263,0.0789769061426113,0.0702745498692682,-0.0604182874299181,-0.0495699583813213,0.0379076919865385,0.025622982337352,-0.0129175440265713,5.53300126883035e-16,-0.0129175440265724,-0.0256229823373529,0.0379076919865391,0.0495699583813214,-0.0604182874299176,-0.0702745498692692,0.0789769061426094,0.0863824638005249,-0.0923696237910075,-0.0968400771125399,0.0997204190451688,0.100963354453999,-0.100548474373975,-0.0984825911245435,0.0947996264515465,0.0895600545330923,-0.0828499089952247,-0.074779370242164,0.0654809562971166,0.0551073468599879,-0.0438288763109431,-0.0318307368245878,0.0193099375195804,0.00647206957435413,0.00647206957435322,0.0193099375195797,-0.0318307368245866,-0.0438288763109425,0.0551073468599871,0.0654809562971163,-0.0747793702421641,-0.0828499089952233,0.0895600545330913,0.0947996264515463,-0.0984825911245451,-0.100548474373976,0.100963354453999,0.0997204190451696,-0.0968400771125389,-0.0923696237910084,0.0863824638005255,0.0789769061426107,-0.0702745498692677,-0.0604182874299168,0.0495699583813203,0.0379076919865381,-0.0256229823373514,-0.0129175440265712,-5.24173748497329e-16,-0.0129175440265723,0.0256229823373522,0.0379076919865386,-0.0495699583813208,-0.060418287429917,0.0702745498692679,0.0789769061426098,-0.0863824638005252,-0.0923696237910091,0.0968400771125388,0.0997204190451694,-0.100963354453999,-0.100548474373976,0.098482591124545,0.0947996264515472,-0.0895600545330914,-0.082849908995224,0.0747793702421652,0.0654809562971158,-0.0551073468599875,-0.0438288763109423,0.0318307368245869,0.0193099375195797,-0.00647206957435334,0.00647206957435366,-0.0193099375195802,-0.0318307368245874,0.0438288763109426,0.0551073468599884,-0.0654809562971156,-0.0747793702421652,0.0828499089952242,0.0895600545330905,-0.094799626451546,-0.0984825911245431,0.100548474373977,0.100963354453994,-0.0997204190451726,-0.0968400771125388,0.0923696237910119,0.086382463800517,-0.0789769061426174,-0.0702745498692694,0.0604182874299174,0.0495699583813253,-0.0379076919865381,-0.0256229823373505,0.0129175440265685
0.0145216493840551,0.0287416265630667,-0.0423645262591812,-0.0551073468599938,0.0667053694835429,0.0769176572385595,-0.0855320604384297,-0.0923696237910191,0.0972883040090888,0.100185920612496,-0.101002278621509,-0.0997204190451682,0.0963669711867041,0.0910115994473985,-0.0837655561208933,-0.0747793702421678,0.0642397205029635,0.0523655571955825,-0.0394035537476196,-0.0256229823373517,0.0113101200435214,-0.00323769826409194,0.0177182567481985,0.0318307368245874,-0.04528196635622,-0.0577925100003122,0.0691024741877844,0.0789769061426107,-0.0872106747820379,-0.0936327321021173,0.0981096665225617,0.100548474373975,-0.100898491952618,-0.099152448006305,0.0953466147871395,0.0895600545330922,-0.081912977031988,-0.0725642423878656,0.0617080608670535,0.0495699583813205,-0.0364020914209579,-0.022478008765211,0.00808696879009688,-0.00647206957435285,0.0208966574058061,0.0348871388523091,-0.0481528761718302,-0.0604182874299191,0.0714285714285713,0.080955000936872,-0.0887996742619774,-0.0947996264515489,0.0988302147215998,0.100807707781091,-0.100691025262638,-0.0984825911245426,0.0942282832955857,0.0880164806086179,-0.0799762268219819,-0.0702745498692682,0.0591129920272184,0.0467234230839609,-0.0333632234846332,-0.0193099375195806,0.00485550762957203,-0.0096997903956243,0.0240535853353446,0.037907691986538,-0.050974305652109,-0.0629819809849946,0.0736812709837381,0.0828499089952239,-0.0902974260738771,-0.0958691077764726,0.0994492081942241,0.100963354453999,-0.100380091737626,-0.0977115367231156,0.0930131258732435,0.0863824638005259,-0.0779572956326346,-0.0679126455002176,0.0564571805921203,0.043828876310943,-0.0302900725808691,-0.0161220240078239,0.00161905710673197,-0.0129175440265714,0.0271857965799603,0.0408892924047431,-0.0537433555875361,-0.0654809562971152,0.0758582580522181,0.0846596831715435,-0.091702391176505,-0.0968400771125396,0.0999660108827982,0.101015254455221,-0.0999660108827977,-0.096840077112539,0.0917023911765043,0.0846596831715429,-0.0758582580522172,-0.0654809562971162,0.0537433555875351,0.0408892924047431,-0.0271857965799605,-0.0129175440265721,-0.00161905710673141,-0.0161220240078232,0.0302900725808688,0.0438288763109424,-0.0564571805921209,-0.0679126455002192,0.0779572956326347,0.086382463800525,-0.093013125873243,-0.097711536723116,0.100380091737626,0.100963354453999,-0.0994492081942225,-0.0958691077764729,0.0902974260738782,0.0828499089952241,-0.0736812709837386,-0.0629819809849957,0.0509743056521093,0.0379076919865395,-0.0240535853353451,-0.00969979039562531,-0.00485550762957085,-0.0193099375195799,0.033363223484633,0.0467234230839609,-0.0591129920272199,-0.0702745498692686,0.0799762268219828,0.0880164806086181,-0.0942282832955864,-0.098482591124545,0.100691025262637,0.100807707781091,-0.098830214721599,-0.0947996264515463,0.0887996742619773,0.0809550009368711,-0.0714285714285707,-0.0604182874299176,0.04815287617183,0.0348871388523094,-0.0208966574058066,-0.00647206957435373,-0.00808696879009573,-0.0224780087652099,0.0364020914209578,0.0495699583813209,-0.0617080608670524,-0.0725642423878641,0.0819129770319873,0.0895600545330913,-0.0953466147871417,-0.0991524480063055,0.100898491952617,0.100548474373976,-0.0981096665225634,-0.0936327321021169,0.0872106747820388,0.0789769061426099,-0.0691024741877876,-0.0577925100003115,0.0452819663562172,0.0318307368245873,-0.0177182567481984,-0.00323769826409171,-0.0113101200435212,-0.0256229823373527,0.0394035537476177,0.052365557195584,-0.0642397205029657,-0.0747793702421642,0.0837655561208881,0.0910115994473943,-0.0963669711867044,-0.0997204190451651,0.101002278621518,0.100185920612502,-0.0972883040090985,-0.0923696237909988,0.0855320604384456,0.0769176572385588,-0.0667053694835444,-0.0551073468599922,0.0423645262591745,0.0287416265630618,-0.0145216493840491
0.0161220240078256,0.0318307368245904,-0.0467234230839672,-0.060418287429924,0.0725642423878624,0.0828499089952253,-0.0910115994473858,-0.0968400771125495,0.100185920612496,0.100963354453992,-0.0991524480062991,-0.0947996264515453,0.0880164806086198,0.0789769061426142,-0.0679126455002232,-0.0551073468599908,0.040889292404743,0.025622982337352,-0.00969979039562529,0.0064720695743533,-0.0224780087652114,-0.0379076919865386,0.0523655571955824,0.0654809562971161,-0.076917657238562,-0.0863824638005264,0.0936327321021124,0.0984825911245447,-0.100807707781091,-0.100548474373976,0.0977115367231153,0.0923696237910078,-0.084659683171544,-0.0747793702421642,0.0629819809849938,0.0495699583813212,-0.0348871388523095,-0.0193099375195804,0.00323769826409216,-0.012917544026571,0.0287416265630627,0.0438288763109425,-0.0577925100003128,-0.0702745498692657,0.080955000936872,0.0895600545330905,-0.0958691077764725,-0.0997204190451729,0.101015254455221,0.0997204190451694,-0.0958691077764717,-0.0895600545330932,0.080955000936872,0.0702745498692683,-0.0577925100003121,-0.0438288763109417,0.0287416265630631,0.0129175440265717,0.00323769826409192,0.0193099375195801,-0.0348871388523088,-0.0495699583813203,0.0629819809849945,0.0747793702421636,-0.0846596831715432,-0.0923696237910084,0.0977115367231179,0.100548474373975,-0.100807707781092,-0.0984825911245441,0.0936327321021164,0.0863824638005265,-0.0769176572385578,-0.0654809562971166,0.0523655571955842,0.0379076919865392,-0.0224780087652108,-0.00647206957435394,-0.0096997903956248,-0.0256229823373523,0.0408892924047439,0.0551073468599868,-0.067912645500218,-0.0789769061426103,0.0880164806086175,0.0947996264515464,-0.0991524480063045,-0.100963354453999,0.100185920612503,0.0968400771125393,-0.091011599447396,-0.0828499089952237,0.0725642423878655,0.0604182874299179,-0.0467234230839608,-0.0318307368245873,0.0161220240078229,-5.35169171525127e-16,0.0161220240078239,0.0318307368245882,-0.0467234230839614,-0.0604182874299179,0.0725642423878649,0.0828499089952249,-0.0910115994473939,-0.0968400771125379,0.100185920612501,0.100963354454,-0.0991524480063041,-0.0947996264515465,0.0880164806086177,0.0789769061426103,-0.0679126455002189,-0.0551073468599884,0.0408892924047443,0.0256229823373523,-0.0096997903956253,0.00647206957435322,-0.0224780087652101,-0.0379076919865382,0.0523655571955825,0.0654809562971156,-0.0769176572385575,-0.0863824638005255,0.093632732102116,0.0984825911245442,-0.100807707781091,-0.100548474373977,0.0977115367231162,0.0923696237910085,-0.084659683171544,-0.0747793702421646,0.062981980984996,0.049569958381321,-0.0348871388523097,-0.01930993751958,0.00323769826409149,-0.0129175440265724,0.0287416265630643,0.0438288763109438,-0.0577925100003128,-0.0702745498692689,0.0809550009368724,0.0895600545330919,-0.0958691077764724,-0.0997204190451693,0.101015254455221,0.0997204190451704,-0.0958691077764719,-0.0895600545330907,0.080955000936872,0.0702745498692681,-0.0577925100003125,-0.0438288763109432,0.0287416265630642,0.0129175440265726,0.00323769826409119,0.0193099375195794,-0.034887138852309,-0.0495699583813207,0.0629819809849955,0.0747793702421649,-0.0846596831715434,-0.0923696237910091,0.0977115367231172,0.100548474373976,-0.100807707781092,-0.0984825911245436,0.0936327321021167,0.0863824638005254,-0.0769176572385574,-0.065480956297116,0.0523655571955823,0.0379076919865384,-0.0224780087652103,-0.00647206957435367,-0.00969979039562485,-0.0256229823373525,0.0408892924047438,0.0551073468599875,-0.0679126455002183,-0.0789769061426099,0.0880164806086194,0.0947996264515418,-0.0991524480063074,-0.100963354453998,0.100185920612506,0.0968400771125285,-0.0910115994474027,-0.0828499089952247,0.0725642423878643,0.0604182874299224,-0.04672342308396,-0.0318307368245851,0.0161220240078191
0.0177182567482016,0.0348871388523131,-0.0509743056521157,-0.065480956297123,0.0779572956326317,0.0880164806086192,-0.0953466147871313,-0.0997204190451806,0.101002278621509,0.0991524480062985,-0.0942282832955809,-0.086382463800525,0.07585825805222,0.0629819809849985,-0.0481528761718344,-0.0318307368245902,0.0145216493840534,-0.00323769826409148,0.0208966574058074,0.0379076919865373,-0.0537433555875379,-0.0679126455002183,0.079976226821981,0.0895600545330912,-0.0963669711867078,-0.100185920612503,0.100898491952612,0.098482591124545,-0.0930131258732426,-0.0846596831715442,0.0736812709837386,0.060418287429917,-0.0452819663562179,-0.0287416265630632,0.0113101200435205,-0.00647206957435427,0.0240535853353448,0.0408892924047444,-0.0564571805921214,-0.0702745498692666,0.0819129770319858,0.0910115994473954,-0.0972883040090967,-0.100548474373973,0.100691025262638,0.0977115367231156,-0.0917023911765051,-0.0828499089952271,0.0714285714285712,0.057792510000312,-0.0423645262591748,-0.0256229823373527,0.00808696879009579,-0.00969979039562538,0.0271857965799617,0.0438288763109426,-0.0591129920272195,-0.072564242387865,0.083765556120888,0.0923696237910083,-0.0981096665225605,-0.10080770778109,0.100380091737626,0.0968400771125385,-0.0902974260738788,-0.0809550009368727,0.0691024741877901,0.055107346859988,-0.0394035537476191,-0.0224780087652112,0.00485550762957184,-0.0129175440265712,0.0302900725808681,0.0467234230839603,-0.0617080608670529,-0.0747793702421646,0.085532060438438,0.0936327321021165,-0.0988302147216003,-0.100963354453999,0.0999660108827985,0.0958691077764713,-0.0887996742619772,-0.0789769061426108,0.0667053694835448,0.0523655571955839,-0.036402091420959,-0.0193099375195809,0.00161905710673247,-0.0161220240078224,0.0333632234846323,0.0495699583813201,-0.0642397205029654,-0.0769176572385578,0.0872106747820384,0.0947996264515472,-0.0994492081942234,-0.101015254455221,0.0994492081942229,0.0947996264515466,-0.0872106747820379,-0.0769176572385574,0.0642397205029649,0.049569958381321,-0.033363223484632,-0.0161220240078231,-0.00161905710673155,-0.0193099375195804,0.0364020914209581,0.0523655571955831,-0.0667053694835444,-0.07897690614261,0.0887996742619781,0.0958691077764736,-0.0999660108827988,-0.100963354453998,0.0988302147216001,0.0936327321021175,-0.0855320604384388,-0.0747793702421652,0.061708060867053,0.0467234230839616,-0.0302900725808697,-0.0129175440265726,-0.00485550762957066,-0.02247800876521,0.0394035537476171,0.0551073468599877,-0.0691024741877877,-0.0809550009368715,0.090297426073878,0.0968400771125387,-0.100380091737627,-0.100807707781091,0.0981096665225628,0.0923696237910083,-0.0837655561208882,-0.0725642423878643,0.0591129920272187,0.0438288763109424,-0.0271857965799599,-0.00969979039562392,-0.00808696879009697,-0.0256229823373531,0.0423645262591757,0.0577925100003124,-0.0714285714285714,-0.0828499089952247,0.0917023911765045,0.0977115367231155,-0.100691025262637,-0.100548474373975,0.0972883040090949,0.091011599447395,-0.0819129770319879,-0.0702745498692697,0.0564571805921218,0.0408892924047445,-0.0240535853353451,-0.00647206957435442,-0.0113101200435207,-0.0287416265630636,0.0452819663562176,0.0604182874299181,-0.0736812709837399,-0.0846596831715438,0.0930131258732435,0.0984825911245437,-0.100898491952617,-0.100185920612502,0.0963669711867024,0.0895600545330913,-0.0799762268219811,-0.0679126455002184,0.053743355587536,0.0379076919865392,-0.0208966574058065,-0.00323769826409207,-0.0145216493840527,-0.0318307368245875,0.0481528761718301,0.0629819809849944,-0.0758582580522189,-0.0863824638005216,0.0942282832955884,0.0991524480063043,-0.101002278621519,-0.0997204190451588,0.0953466147871487,0.0880164806086185,-0.0779572956326339,-0.0654809562971212,0.0509743056521076,0.0348871388523072,-0.0177182567481943
0.0193099375195831,0.0379076919865425,-0.0551073468599951,-0.0702745498692762,0.0828499089952211,0.0923696237910101,-0.0984825911245344,-0.10096335445401,0.0997204190451635,0.0947996264515406,-0.0863824638005215,-0.074779370242164,0.0604182874299199,0.0438288763109457,-0.0256229823373551,-0.00647206957435593,-0.0129175440265702,-0.0318307368245864,0.0495699583813233,0.065480956297114,-0.0789769061426132,-0.0895600545330909,0.0968400771125373,0.100548474373976,-0.100548474373981,-0.0968400771125397,0.0895600545330873,0.0789769061426116,-0.0654809562971161,-0.0495699583813216,0.0318307368245873,0.0129175440265714,0.00647206957435425,0.0256229823373527,-0.0438288763109425,-0.0604182874299186,0.0747793702421647,0.086382463800527,-0.0947996264515471,-0.0997204190451675,0.100963354453996,0.0984825911245447,-0.0923696237910108,-0.082849908995222,0.0702745498692694,0.055107346859988,-0.0379076919865395,-0.0193099375195819,3.04056673823181e-16,-0.01930993751958,0.0379076919865379,0.0551073468599886,-0.0702745498692687,-0.0828499089952243,0.0923696237910092,0.0984825911245426,-0.100963354453998,-0.0997204190451699,0.0947996264515458,0.0863824638005257,-0.0747793702421634,-0.0604182874299177,0.0438288763109435,0.0256229823373527,-0.0064720695743549,0.0129175440265709,-0.0318307368245873,-0.0495699583813198,0.065480956297116,0.0789769061426096,-0.08956005453309,-0.0968400771125386,0.100548474373975,0.100548474373976,-0.0968400771125396,-0.0895600545330917,0.0789769061426106,0.0654809562971158,-0.0495699583813215,-0.0318307368245872,0.0129175440265718,-0.00647206957435363,0.0256229823373518,0.0438288763109423,-0.0604182874299171,-0.0747793702421641,0.0863824638005253,0.0947996264515461,-0.0997204190451703,-0.100963354453999,0.0984825911245449,0.0923696237910081,-0.0828499089952247,-0.0702745498692688,0.0551073468599873,0.0379076919865387,-0.0193099375195798,5.10001879600943e-16,-0.0193099375195807,-0.0379076919865396,0.055107346859988,0.0702745498692688,-0.082849908995224,-0.0923696237910096,0.0984825911245427,0.100963354453998,-0.0997204190451689,-0.0947996264515479,0.0863824638005255,0.0747793702421648,-0.0604182874299179,-0.043828876310943,0.0256229823373526,0.00647206957435423,0.0129175440265715,0.0318307368245866,-0.0495699583813209,-0.0654809562971158,0.0789769061426105,0.0895600545330912,-0.0968400771125381,-0.100548474373976,0.100548474373976,0.096840077112539,-0.0895600545330908,-0.0789769061426111,0.0654809562971165,0.0495699583813218,-0.031830736824588,-0.0129175440265723,-0.00647206957435335,-0.0256229823373519,0.0438288763109431,0.0604182874299174,-0.0747793702421651,-0.0863824638005259,0.0947996264515467,0.0997204190451697,-0.100963354453998,-0.0984825911245445,0.0923696237910077,0.0828499089952231,-0.0702745498692676,-0.0551073468599868,0.0379076919865377,0.0193099375195793,6.70161071207235e-16,0.0193099375195809,-0.0379076919865388,-0.0551073468599874,0.0702745498692683,0.0828499089952234,-0.0923696237910081,-0.0984825911245436,0.100963354453998,0.099720419045171,-0.0947996264515469,-0.0863824638005263,0.0747793702421649,0.0604182874299183,-0.0438288763109435,-0.0256229823373526,0.00647206957435377,-0.0129175440265725,0.031830736824588,0.0495699583813216,-0.065480956297117,-0.0789769061426106,0.0895600545330916,0.0968400771125389,-0.100548474373976,-0.100548474373976,0.0968400771125375,0.0895600545330909,-0.0789769061426103,-0.0654809562971171,0.0495699583813209,0.0318307368245879,-0.0129175440265723,0.00647206957435394,-0.0256229823373515,-0.043828876310942,0.0604182874299182,0.0747793702421605,-0.0863824638005277,-0.0947996264515458,0.0997204190451729,0.100963354453987,-0.098482591124552,-0.0923696237910092,0.0828499089952233,0.0702745498692738,-0.0551073468599862,-0.0379076919865359,0.0193099375195751
0.0208966574058096,0.0408892924047479,-0.0591129920272276,-0.0747793702421727,0.0872106747820352,0.0958691077764742,-0.100380091737616,-0.100548474373986,0.0963669711866966,0.0880164806086124,-0.0758582580522144,-0.0604182874299174,0.0423645262591776,0.0224780087652128,-0.00161905710673328,0.0193099375195788,-0.0394035537476151,-0.0577925100003108,0.0736812709837423,0.0863824638005233,-0.095346614787144,-0.100185920612502,0.100691025262636,0.0968400771125384,-0.0887996742619829,-0.0769176572385586,0.0617080608670502,0.0438288763109436,-0.0240535853353446,-0.00323769826409231,-0.0177182567481988,-0.0379076919865388,0.0564571805921219,0.0725642423878651,-0.085532060438437,-0.0947996264515475,0.0999660108827979,0.100807707781092,-0.0972883040090953,-0.0895600545330894,0.0779572956326324,0.0629819809849957,-0.0452819663562193,-0.0256229823373522,0.00485550762957223,-0.0161220240078224,0.0364020914209576,0.0551073468599882,-0.0714285714285706,-0.0846596831715426,0.0942282832955846,0.0997204190451715,-0.100898491952616,-0.0977115367231156,0.0902974260738778,0.0789769061426087,-0.0642397205029644,-0.0467234230839605,0.0271857965799604,0.00647206957435351,0.0145216493840526,0.0348871388523092,-0.0537433555875356,-0.0702745498692676,0.0837655561208882,0.0936327321021168,-0.0994492081942254,-0.100963354453998,0.0981096665225637,0.091011599447395,-0.0799762268219818,-0.0654809562971163,0.0481528761718307,0.0287416265630643,-0.0080869687900966,0.0129175440265718,-0.0333632234846327,-0.0523655571955832,0.0691024741877889,0.0828499089952243,-0.0930131258732432,-0.0991524480063036,0.101002278621514,0.0984825911245443,-0.0917023911765051,-0.0809550009368727,0.0667053694835451,0.0495699583813216,-0.0302900725808701,-0.00969979039562583,-0.0113101200435204,-0.0318307368245865,0.0509743056521085,0.0679126455002185,-0.0819129770319878,-0.0923696237910091,0.0988302147215993,0.101015254455221,-0.0988302147215989,-0.0923696237910085,0.0819129770319872,0.0679126455002179,-0.050974305652108,-0.0318307368245871,0.0113101200435205,-0.00969979039562492,0.0302900725808688,0.0495699583813216,-0.066705369483544,-0.0809550009368721,0.091702391176505,0.0984825911245436,-0.101002278621516,-0.099152448006306,0.0930131258732435,0.0828499089952235,-0.0691024741877889,-0.0523655571955839,0.0333632234846334,0.0129175440265726,0.00808696879009566,0.0287416265630633,-0.0481528761718301,-0.0654809562971153,0.0799762268219813,0.091011599447395,-0.098109666522562,-0.100963354453999,0.0994492081942234,0.0936327321021165,-0.0837655561208889,-0.0702745498692684,0.0537433555875369,0.0348871388523095,-0.0145216493840526,0.00647206957435404,-0.0271857965799615,-0.0467234230839615,0.064239720502966,0.0789769061426114,-0.0902974260738779,-0.0977115367231158,0.100898491952617,0.0997204190451698,-0.0942282832955854,-0.0846596831715424,0.0714285714285707,0.0551073468599876,-0.036402091420958,-0.0161220240078232,-0.00485550762957123,-0.0256229823373519,0.0452819663562172,0.0629819809849945,-0.0779572956326336,-0.0895600545330918,0.0972883040090948,0.100807707781091,-0.0999660108827981,-0.0947996264515469,0.0855320604384391,0.0725642423878653,-0.056457180592121,-0.0379076919865382,0.017718256748199,-0.00323769826409251,0.0240535853353453,0.0438288763109431,-0.0617080608670536,-0.0769176572385581,0.0887996742619785,0.0968400771125392,-0.100691025262636,-0.100185920612502,0.0953466147871408,0.0863824638005273,-0.0736812709837387,-0.0577925100003131,0.0394035537476184,0.0193099375195798,0.0016190571067309,0.02247800876521,-0.0423645262591757,-0.0604182874299143,0.0758582580522193,0.0880164806086171,-0.0963669711867058,-0.100548474373964,0.100380091737634,0.0958691077764734,-0.0872106747820379,-0.0747793702421701,0.0591129920272181,0.0408892924047408,-0.020896657405801
0.0224780087652138,0.0438288763109474,-0.0629819809850039,-0.0789769061426192,0.0910115994473915,0.0984825911245456,-0.101015254455211,-0.0984825911245545,0.0910115994473896,0.0789769061426061,-0.0629819809849929,-0.0438288763109432,0.022478008765213,1.70642333245125e-15,0.0224780087652099,0.0438288763109423,-0.0629819809849918,-0.0789769061426088,0.0910115994473994,0.0984825911245414,-0.101015254455224,-0.0984825911245438,0.0910115994473938,0.0789769061426102,-0.0629819809849986,-0.0438288763109435,0.0224780087652097,4.64476683841961e-16,0.0224780087652103,0.0438288763109429,-0.0629819809849949,-0.0789769061426106,0.0910115994473965,0.0984825911245446,-0.101015254455219,-0.0984825911245451,0.0910115994473949,0.0789769061426111,-0.0629819809849954,-0.0438288763109423,0.0224780087652101,3.38769649300158e-16,0.0224780087652104,0.0438288763109409,-0.0629819809849951,-0.07897690614261,0.0910115994473949,0.0984825911245471,-0.10101525445522,-0.0984825911245436,0.091011599447394,0.0789769061426121,-0.0629819809849948,-0.0438288763109421,0.0224780087652096,-9.28293242441396e-16,0.0224780087652114,0.0438288763109436,-0.0629819809849953,-0.0789769061426109,0.091011599447394,0.0984825911245441,-0.101015254455221,-0.0984825911245442,0.0910115994473964,0.0789769061426117,-0.0629819809849974,-0.0438288763109436,0.0224780087652117,7.62017542953048e-16,0.02247800876521,0.0438288763109424,-0.0629819809849944,-0.0789769061426104,0.0910115994473959,0.098482591124545,-0.101015254455221,-0.0984825911245444,0.0910115994473966,0.0789769061426111,-0.0629819809849958,-0.0438288763109425,0.0224780087652106,8.26995099488606e-16,0.0224780087652098,0.0438288763109421,-0.0629819809849944,-0.0789769061426101,0.0910115994473955,0.0984825911245441,-0.101015254455221,-0.0984825911245437,0.091011599447396,0.0789769061426112,-0.0629819809849951,-0.0438288763109429,0.0224780087652101,-4.41387142238532e-16,0.0224780087652109,0.0438288763109438,-0.0629819809849957,-0.078976906142611,0.0910115994473954,0.0984825911245454,-0.101015254455219,-0.0984825911245435,0.0910115994473946,0.0789769061426121,-0.0629819809849953,-0.0438288763109434,0.022478008765211,6.10718817179914e-16,0.02247800876521,0.0438288763109428,-0.0629819809849953,-0.0789769061426096,0.0910115994473955,0.0984825911245444,-0.101015254455221,-0.0984825911245447,0.0910115994473949,0.0789769061426113,-0.062981980984996,-0.0438288763109435,0.022478008765211,7.14031922281721e-16,0.0224780087652097,0.0438288763109428,-0.0629819809849947,-0.0789769061426099,0.0910115994473952,0.0984825911245441,-0.101015254455222,-0.0984825911245441,0.0910115994473955,0.0789769061426103,-0.0629819809849949,-0.0438288763109423,0.0224780087652097,-8.07972261184543e-16,0.0224780087652114,0.0438288763109436,-0.0629819809849961,-0.0789769061426117,0.0910115994473953,0.0984825911245439,-0.101015254455221,-0.0984825911245452,0.0910115994473948,0.0789769061426105,-0.0629819809849955,-0.0438288763109429,0.0224780087652111,6.5534503175896e-16,0.0224780087652098,0.0438288763109427,-0.0629819809849948,-0.0789769061426101,0.0910115994473948,0.0984825911245445,-0.101015254455222,-0.098482591124545,0.0910115994473953,0.0789769061426105,-0.062981980984996,-0.0438288763109426,0.02247800876521,-4.96595354633326e-16,0.0224780087652113,0.0438288763109433,-0.0629819809849958,-0.0789769061426109,0.0910115994473944,0.0984825911245442,-0.10101525445522,-0.098482591124546,0.0910115994473952,0.0789769061426118,-0.0629819809849959,-0.0438288763109422,0.022478008765211,2.41200785153968e-16,0.0224780087652107,0.0438288763109406,-0.0629819809849965,-0.0789769061426102,0.0910115994473985,0.0984825911245334,-0.101015254455229,-0.0984825911245452,0.091011599447395,0.0789769061426169,-0.062981980984994,-0.0438288763109398,0.0224780087652046
0.0240535853353479,0.0467234230839657,-0.0667053694835536,-0.0828499089952326,0.0942282832955817,0.100185920612503,-0.100380091737616,-0.0947996264515557,0.083765556120883,0.0679126455002146,-0.0481528761718293,-0.0256229823373527,0.00161905710673372,-0.0224780087652096,0.0452819663562184,0.0654809562971162,-0.0819129770319838,-0.0936327321021147,0.0999660108828025,0.100548474373973,-0.0953466147871437,-0.0846596831715427,0.0691024741877868,0.0495699583813202,-0.027185796579962,-0.00323769826409222,-0.0208966574058056,-0.0438288763109428,0.0642397205029652,0.0809550009368723,-0.093013125873242,-0.0997204190451691,0.100691025262638,0.0958691077764724,-0.0855320604384363,-0.0702745498692685,0.0509743056521079,0.0287416265630633,-0.00485550762957089,0.0193099375195796,-0.0423645262591742,-0.0629819809849953,0.0799762268219838,0.0923696237910056,-0.0994492081942239,-0.100807707781091,0.0963669711867028,0.0863824638005293,-0.0714285714285712,-0.052365557195583,0.0302900725808687,0.0064720695743538,0.0177182567481995,0.0408892924047444,-0.061708060867054,-0.0789769061426099,0.091702391176505,0.0991524480063054,-0.100898491952616,-0.0968400771125389,0.0872106747820373,0.0725642423878651,-0.0537433555875372,-0.0318307368245881,0.00808696879009751,-0.0161220240078224,0.0394035537476178,0.0604182874299162,-0.0779572956326347,-0.0910115994473944,0.0988302147215983,0.100963354453999,-0.0972883040090941,-0.088016480608618,0.0736812709837396,0.055107346859988,-0.0333632234846331,-0.00969979039562498,-0.0145216493840529,-0.0379076919865388,0.0591129920272196,0.0769176572385566,-0.0902974260738768,-0.0984825911245439,0.101002278621515,0.0977115367231161,-0.0887996742619781,-0.0747793702421647,0.0564571805921221,0.0348871388523107,-0.0113101200435219,0.0129175440265711,-0.0364020914209582,-0.057792510000312,0.0758582580522179,0.0895600545330918,-0.0981096665225624,-0.101015254455221,0.0981096665225618,0.0895600545330911,-0.0758582580522172,-0.0577925100003116,0.0364020914209578,0.0129175440265714,0.0113101200435214,0.0348871388523096,-0.0564571805921206,-0.0747793702421655,0.0887996742619776,0.0977115367231161,-0.101002278621516,-0.0984825911245439,0.0902974260738783,0.0769176572385591,-0.0591129920272204,-0.037907691986539,0.0145216493840537,-0.0096997903956241,0.0333632234846324,0.0551073468599869,-0.0736812709837379,-0.0880164806086175,0.0972883040090948,0.100963354453998,-0.0988302147215986,-0.0910115994473956,0.0779572956326348,0.0604182874299184,-0.0394035537476184,-0.0161220240078239,-0.00808696879009568,-0.0318307368245871,0.0537433555875365,0.0725642423878645,-0.0872106747820389,-0.0968400771125387,0.100898491952617,0.0991524480063045,-0.0917023911765044,-0.0789769061426107,0.061708060867052,0.0408892924047428,-0.0177182567481982,0.00647206957435468,-0.0302900725808695,-0.0523655571955835,0.0714285714285714,0.0863824638005268,-0.096366971186702,-0.10080770778109,0.0994492081942232,0.0923696237910081,-0.0799762268219826,-0.0629819809849955,0.0423645262591756,0.0193099375195812,0.00485550762957045,0.0287416265630627,-0.0509743056521079,-0.0702745498692681,0.0855320604384385,0.095869107776473,-0.100691025262637,-0.0997204190451696,0.0930131258732436,0.0809550009368718,-0.0642397205029654,-0.0438288763109422,0.020896657405806,-0.00323769826409251,0.0271857965799612,0.0495699583813208,-0.0691024741877872,-0.084659683171543,0.0953466147871405,0.100548474373977,-0.0999660108827977,-0.0936327321021178,0.0819129770319885,0.065480956297115,-0.0452819663562181,-0.0224780087652105,-0.00161905710673119,-0.0256229823373506,0.0481528761718311,0.0679126455002179,-0.0837655561208912,-0.0947996264515356,0.100380091737634,0.100185920612503,-0.0942282832955858,-0.08284990899523,0.0667053694835431,0.0467234230839576,-0.024053585335338
0.0256229823373559,0.049569958381326,-0.0702745498692777,-0.0863824638005347,0.0968400771125335,0.100963354453999,-0.0984825911245339,-0.0895600545330994,0.0747793702421594,0.0551073468599843,-0.0318307368245871,-0.00647206957435468,-0.0193099375195782,-0.0438288763109427,0.0654809562971178,0.0828499089952251,-0.094799626451542,-0.100548474373973,0.0997204190451741,0.0923696237910059,-0.0789769061426128,-0.060418287429917,0.037907691986538,0.0129175440265711,0.0129175440265727,0.0379076919865387,-0.0604182874299147,-0.078976906142611,0.0923696237910082,0.0997204190451703,-0.100548474373975,-0.0947996264515458,0.0828499089952246,0.0654809562971156,-0.0438288763109416,-0.0193099375195798,-0.00647206957435441,-0.0318307368245883,0.0551073468599883,0.0747793702421628,-0.0895600545330891,-0.0984825911245447,0.100963354454001,0.0968400771125365,-0.0863824638005271,-0.0702745498692692,0.049569958381322,0.0256229823373544,-4.69066471113762e-16,0.0256229823373517,-0.0495699583813199,-0.0702745498692697,0.086382463800526,0.096840077112539,-0.100963354453999,-0.0984825911245423,0.0895600545330904,0.0747793702421645,-0.0551073468599871,-0.0318307368245873,0.00647206957435385,-0.0193099375195796,0.043828876310942,0.0654809562971151,-0.0828499089952236,-0.0947996264515463,0.100548474373978,0.0997204190451692,-0.0923696237910099,-0.0789769061426105,0.0604182874299172,0.0379076919865392,-0.0129175440265722,0.0129175440265712,-0.0379076919865385,-0.0604182874299177,0.0789769061426105,0.0923696237910084,-0.0997204190451708,-0.100548474373976,0.0947996264515471,0.0828499089952231,-0.0654809562971156,-0.0438288763109436,0.0193099375195811,-0.0064720695743526,0.0318307368245863,0.0551073468599867,-0.0747793702421641,-0.0895600545330907,0.0984825911245445,0.100963354453998,-0.0968400771125396,-0.0863824638005264,0.0702745498692684,0.0495699583813213,-0.0256229823373519,2.33480562012389e-16,-0.0256229823373522,-0.0495699583813217,0.0702745498692686,0.0863824638005261,-0.0968400771125387,-0.100963354454,0.0984825911245426,0.0895600545330904,-0.0747793702421639,-0.0551073468599887,0.0318307368245876,0.0064720695743544,0.0193099375195796,0.0438288763109419,-0.0654809562971154,-0.0828499089952243,0.0947996264515468,0.100548474373974,-0.0997204190451701,-0.0923696237910088,0.0789769061426109,0.0604182874299182,-0.0379076919865388,-0.0129175440265724,-0.0129175440265711,-0.0379076919865379,0.0604182874299164,0.0789769061426102,-0.092369623791008,-0.0997204190451702,0.100548474373975,0.094799626451546,-0.0828499089952243,-0.0654809562971158,0.0438288763109433,0.0193099375195801,0.00647206957435418,0.0318307368245876,-0.0551073468599881,-0.0747793702421649,0.0895600545330914,0.0984825911245451,-0.100963354453999,-0.0968400771125386,0.0863824638005256,0.0702745498692682,-0.0495699583813202,-0.0256229823373514,-4.9697473580883e-16,-0.0256229823373526,0.0495699583813209,0.0702745498692683,-0.0863824638005258,-0.0968400771125382,0.100963354453998,0.0984825911245438,-0.089560054533091,-0.0747793702421657,0.0551073468599883,0.0318307368245881,-0.00647206957435453,0.0193099375195795,-0.0438288763109426,-0.065480956297116,0.0828499089952238,0.0947996264515468,-0.100548474373977,-0.0997204190451696,0.0923696237910088,0.0789769061426099,-0.060418287429917,-0.0379076919865382,0.0129175440265715,-0.0129175440265714,0.0379076919865382,0.0604182874299172,-0.07897690614261,-0.0923696237910097,0.0997204190451691,0.100548474373976,-0.0947996264515467,-0.0828499089952227,0.065480956297116,0.0438288763109426,-0.019309937519581,0.006472069574353,-0.0318307368245872,-0.0551073468599866,0.0747793702421668,0.0895600545330806,-0.0984825911245515,-0.100963354453999,0.0968400771125381,0.0863824638005322,-0.0702745498692668,-0.0495699583813174,0.0256229823373453
0.0271857965799648,0.0523655571955886,-0.0736812709837484,-0.0895600545331001,0.0988302147215933,0.100807707781091,-0.095346614787131,-0.0828499089952309,0.064239720502961,0.0408892924047413,-0.0145216493840538,0.0129175440265706,-0.0394035537476161,-0.062981980984996,0.0819129770319909,0.0947996264515485,-0.100691025262633,-0.0991524480063027,0.0902974260738817,0.0747793702421623,-0.0537433555875375,-0.0287416265630633,0.00161905710673141,-0.0256229823373528,0.0509743056521116,0.072564242387865,-0.0887996742619741,-0.0984825911245448,0.100898491952616,0.0958691077764732,-0.0837655561208879,-0.0654809562971151,0.0423645262591751,0.0161220240078227,0.0113101200435215,0.0379076919865397,-0.0617080608670533,-0.0809550009368731,0.094228283295587,0.100548474373973,-0.099449208194221,-0.0910115994473959,0.0758582580522202,0.055107346859987,-0.0302900725808703,-0.00323769826409323,-0.0240535853353431,-0.0495699583813211,0.0714285714285704,0.0880164806086167,-0.0981096665225604,-0.100963354454,0.096366971186702,0.0846596831715427,-0.0667053694835438,-0.043828876310941,0.0177182567481978,-0.00969979039562562,0.0364020914209589,0.0604182874299179,-0.0799762268219814,-0.0936327321021168,0.100380091737626,0.0997204190451697,-0.0917023911765061,-0.0769176572385588,0.0564571805921229,0.0318307368245882,-0.00485550762957232,0.0224780087652097,-0.0481528761718299,-0.0702745498692681,0.0872106747820374,0.0977115367231156,-0.101002278621516,-0.0968400771125394,0.0855320604384385,0.0679126455002187,-0.0452819663562184,-0.0193099375195803,-0.00808696879009602,-0.034887138852309,0.0591129920272185,0.0789769061426099,-0.093013125873242,-0.100185920612502,0.0999660108827977,0.0923696237910084,-0.0779572956326354,-0.057792510000313,0.0333632234846337,0.00647206957435429,0.0208966574058061,0.0467234230839606,-0.069102474187788,-0.0863824638005264,0.0972883040090948,0.101015254455221,-0.0972883040090942,-0.0863824638005257,0.0691024741877872,0.0467234230839601,-0.0208966574058057,0.00647206957435449,-0.033363223484633,-0.0577925100003121,0.077957295632634,0.0923696237910101,-0.0999660108827979,-0.100185920612503,0.0930131258732432,0.0789769061426109,-0.0591129920272201,-0.0348871388523107,0.00808696879009687,-0.0193099375195794,0.0452819663562173,0.0679126455002183,-0.0855320604384381,-0.0968400771125388,0.101002278621515,0.0977115367231162,-0.0872106747820389,-0.0702745498692689,0.0481528761718308,0.0224780087652112,0.00485550762957049,0.0318307368245872,-0.0564571805921203,-0.076917657238557,0.0917023911765049,0.0997204190451693,-0.100380091737627,-0.0936327321021166,0.0799762268219824,0.0604182874299171,-0.0364020914209578,-0.00969979039562396,-0.0177182567482,-0.0438288763109441,0.0667053694835454,0.084659683171544,-0.0963669711867032,-0.100963354453999,0.098109666522562,0.0880164806086172,-0.071428571428571,-0.0495699583813214,0.0240535853353442,-0.00323769826409193,0.0302900725808686,0.055107346859987,-0.0758582580522173,-0.0910115994473945,0.0994492081942226,0.100548474373976,-0.0942282832955866,-0.0809550009368723,0.0617080608670534,0.0379076919865394,-0.0113101200435217,0.0161220240078231,-0.0423645262591751,-0.0654809562971166,0.0837655561208895,0.0958691077764729,-0.100898491952617,-0.0984825911245435,0.088799674261978,0.0725642423878642,-0.0509743056521084,-0.0256229823373526,-0.0016190571067316,-0.0287416265630636,0.0537433555875358,0.0747793702421655,-0.0902974260738773,-0.0991524480063056,0.100691025262638,0.0947996264515453,-0.0819129770319879,-0.0629819809849948,0.0394035537476188,0.0129175440265717,0.014521649384052,0.0408892924047427,-0.0642397205029673,-0.0828499089952139,0.0953466147871478,0.100807707781091,-0.0988302147215986,-0.0895600545330974,0.073681270983737,0.0523655571955794,-0.0271857965799536
0.0287416265630678,0.0551073468599928,-0.0769176572385674,-0.0923696237910172,0.100185920612496,0.0997204190451688,-0.0910115994473852,-0.0747793702421699,0.0523655571955792,0.0256229823373505,0.00323769826409004,0.0318307368245859,-0.0577925100003109,-0.078976906142612,0.0936327321021206,0.100548474373978,-0.0991524480063008,-0.0895600545330892,0.0725642423878675,0.0495699583813196,-0.0224780087652107,0.00647206957435391,-0.034887138852309,-0.0604182874299177,0.0809550009368761,0.0947996264515466,-0.100807707781086,-0.0984825911245447,0.0880164806086172,0.0702745498692686,-0.0467234230839604,-0.0193099375195794,-0.00969979039562546,-0.0379076919865392,0.0629819809849944,0.0828499089952248,-0.0958691077764722,-0.100963354453999,0.097711536723116,0.0863824638005241,-0.0679126455002169,-0.0438288763109433,0.0161220240078245,-0.0129175440265704,0.040889292404743,0.0654809562971149,-0.0846596831715425,-0.0968400771125411,0.10101525445522,0.0968400771125377,-0.0846596831715418,-0.0654809562971168,0.0408892924047429,0.0129175440265707,0.0161220240078248,0.0438288763109433,-0.0679126455002194,-0.086382463800527,0.0977115367231161,0.100963354453999,-0.0958691077764719,-0.0828499089952247,0.0629819809849965,0.0379076919865398,-0.00969979039562666,0.0193099375195789,-0.0467234230839609,-0.0702745498692668,0.0880164806086181,0.0984825911245433,-0.10080770778109,-0.0947996264515466,0.0809550009368716,0.0604182874299182,-0.0348871388523106,-0.00647206957435417,-0.02247800876521,-0.0495699583813205,0.0725642423878651,0.0895600545330912,-0.0991524480063052,-0.100548474373974,0.093632732102116,0.0789769061426111,-0.0577925100003127,-0.0318307368245884,0.00323769826409284,-0.0256229823373514,0.0523655571955828,0.0747793702421638,-0.0910115994473954,-0.099720419045169,0.100185920612503,0.092369623791009,-0.0769176572385579,-0.0551073468599879,0.0287416265630634,-2.93817781386988e-16,0.0287416265630639,0.0551073468599882,-0.076917657238558,-0.0923696237910087,0.100185920612502,0.0997204190451707,-0.091011599447394,-0.074779370242164,0.0523655571955832,0.0256229823373531,0.00323769826409133,0.0318307368245866,-0.0577925100003116,-0.0789769061426095,0.0936327321021164,0.100548474373976,-0.0991524480063053,-0.0895600545330903,0.0725642423878652,0.0495699583813214,-0.0224780087652108,0.00647206957435311,-0.0348871388523092,-0.0604182874299173,0.0809550009368718,0.094799626451546,-0.10080770778109,-0.0984825911245444,0.088016480608618,0.0702745498692692,-0.0467234230839615,-0.0193099375195806,-0.00969979039562434,-0.0379076919865384,0.0629819809849956,0.0828499089952238,-0.0958691077764732,-0.100963354453998,0.0977115367231156,0.0863824638005255,-0.0679126455002178,-0.0438288763109422,0.0161220240078222,-0.0129175440265729,0.0408892924047449,0.0654809562971174,-0.0846596831715439,-0.0968400771125389,0.101015254455221,0.09684007711254,-0.0846596831715431,-0.0654809562971159,0.040889292404744,0.0129175440265721,0.0161220240078227,0.043828876310942,-0.0679126455002177,-0.0863824638005262,0.0977115367231157,0.100963354453998,-0.0958691077764727,-0.0828499089952245,0.0629819809849959,0.0379076919865393,-0.00969979039562491,0.0193099375195811,-0.0467234230839616,-0.0702745498692687,0.0880164806086186,0.0984825911245437,-0.100807707781091,-0.0947996264515459,0.0809550009368717,0.0604182874299179,-0.034887138852309,-0.00647206957435361,-0.0224780087652102,-0.0495699583813217,0.0725642423878642,0.0895600545330919,-0.099152448006305,-0.100548474373974,0.0936327321021166,0.0789769061426099,-0.0577925100003137,-0.0318307368245863,0.00323769826409348,-0.0256229823373511,0.0523655571955845,0.074779370242155,-0.0910115994474013,-0.0997204190451697,0.100185920612502,0.0923696237910146,-0.0769176572385558,-0.0551073468599833,0.0287416265630561
0.0302900725808731,0.0577925100003175,-0.0799762268219917,-0.0947996264515546,0.100898491952608,0.0977115367231141,-0.0855320604384283,-0.0654809562971195,0.039403553747614,0.00969979039562385,0.0208966574058036,0.0495699583813192,-0.0736812709837377,-0.0910115994473969,0.0999660108828021,0.0997204190451726,-0.0902974260738742,-0.0725642423878628,0.048152876171832,0.0193099375195795,0.011310120043522,0.0408892924047436,-0.0667053694835431,-0.0863824638005254,0.0981096665225666,0.100807707781091,-0.094228283295581,-0.0789769061426106,0.0564571805921201,0.0287416265630634,0.00161905710673197,0.031830736824588,-0.0591129920272205,-0.0809550009368723,0.0953466147871392,0.100963354453999,-0.0972883040090937,-0.084659683171543,0.0642397205029649,0.0379076919865378,-0.00808696879009569,0.0224780087652104,-0.0509743056521094,-0.0747793702421617,0.0917023911765051,0.100185920612502,-0.0994492081942233,-0.0895600545330943,0.0714285714285708,0.0467234230839603,-0.0177182567481987,0.0129175440265723,-0.0423645262591757,-0.0679126455002193,0.0872106747820394,0.0984825911245428,-0.100691025262637,-0.0936327321021174,0.0779572956326344,0.0551073468599879,-0.0271857965799612,0.00323769826409084,-0.0333632234846315,-0.060418287429916,0.0819129770319868,0.0958691077764719,-0.101002278621517,-0.0968400771125379,0.0837655561208894,0.0629819809849951,-0.0364020914209583,-0.00647206957435428,-0.0240535853353436,-0.0523655571955825,0.0758582580522177,0.0923696237910086,-0.100380091737625,-0.0991524480063044,0.0887996742619788,0.0702745498692683,-0.0452819663562179,-0.0161220240078232,-0.0145216493840526,-0.0438288763109419,0.0691024741877874,0.0880164806086172,-0.0988302147215986,-0.100548474373975,0.0930131258732435,0.0769176572385585,-0.0537433555875372,-0.0256229823373526,-0.00485550762957072,-0.0348871388523092,0.0617080608670527,0.0828499089952242,-0.0963669711867024,-0.101015254455221,0.0963669711867017,0.0828499089952234,-0.0617080608670519,-0.0348871388523087,0.00485550762957041,-0.0256229823373531,0.0537433555875361,0.0769176572385575,-0.0930131258732422,-0.100548474373977,0.0988302147215991,0.0880164806086184,-0.0691024741877887,-0.0438288763109434,0.0145216493840537,-0.0161220240078228,0.0452819663562174,0.0702745498692673,-0.0887996742619781,-0.0991524480063049,0.100380091737626,0.092369623791009,-0.0758582580522175,-0.0523655571955839,0.0240535853353451,-0.0064720695743529,0.0364020914209576,0.0629819809849948,-0.0837655561208879,-0.0968400771125394,0.101002278621515,0.0958691077764723,-0.0819129770319882,-0.0604182874299174,0.0333632234846333,0.00323769826409185,0.0271857965799614,0.0551073468599877,-0.077957295632635,-0.0936327321021173,0.100691025262637,0.0984825911245448,-0.0872106747820377,-0.0679126455002178,0.0423645262591742,0.0129175440265706,0.0177182567482001,0.0467234230839618,-0.0714285714285721,-0.0895600545330926,0.0994492081942233,0.100185920612503,-0.0917023911765054,-0.0747793702421646,0.0509743056521095,0.0224780087652112,0.00808696879009537,0.0379076919865383,-0.0642397205029649,-0.0846596831715427,0.0972883040090944,0.100963354453999,-0.0953466147871417,-0.0809550009368726,0.0591129920272194,0.0318307368245865,-0.0016190571067312,0.0287416265630643,-0.056457180592122,-0.0789769061426104,0.0942282832955866,0.100807707781091,-0.0981096665225621,-0.0863824638005263,0.0667053694835434,0.0408892924047434,-0.0113101200435212,0.0193099375195805,-0.0481528761718303,-0.0725642423878653,0.090297426073878,0.0997204190451688,-0.0999660108827979,-0.0910115994473945,0.0736812709837406,0.0495699583813192,-0.0208966574058086,0.00969979039562371,-0.0394035537476185,-0.0654809562971074,0.0855320604384439,0.0977115367231157,-0.100898491952616,-0.0947996264515526,0.0799762268219802,0.0577925100003079,-0.0302900725808609
0.0318307368245915,0.0604182874299225,-0.0828499089952328,-0.0968400771125464,0.100963354453989,0.0947996264515436,-0.0789769061426008,-0.0551073468599891,0.0256229823373489,-0.00647206957435387,0.0379076919865348,0.0654809562971138,-0.086382463800525,-0.098482591124546,0.10054847437398,0.0923696237910114,-0.0747793702421614,-0.0495699583813194,0.0193099375195802,-0.0129175440265717,0.0438288763109446,0.070274549869268,-0.089560054533089,-0.0997204190451685,0.0997204190451736,0.0895600545330906,-0.070274549869264,-0.0438288763109424,0.0129175440265709,-0.019309937519581,0.0495699583813212,0.0747793702421647,-0.0923696237910097,-0.100548474373976,0.0984825911245419,0.0863824638005257,-0.0654809562971143,-0.0379076919865375,0.00647206957435248,-0.0256229823373518,0.0551073468599866,0.0789769061426111,-0.0947996264515486,-0.100963354453996,0.09684007711254,0.0828499089952245,-0.0604182874299184,-0.0318307368245897,2.57999537394826e-16,-0.0318307368245872,0.0604182874299165,0.0828499089952256,-0.0968400771125388,-0.100963354453999,0.0947996264515465,0.0789769061426087,-0.0551073468599866,-0.0256229823373519,-0.00647206957435377,-0.0379076919865388,0.0654809562971149,0.0863824638005256,-0.0984825911245441,-0.100548474373975,0.0923696237910094,0.074779370242165,-0.0495699583813224,-0.0193099375195809,-0.0129175440265714,-0.0438288763109422,0.0702745498692678,0.0895600545330912,-0.0997204190451691,-0.09972041904517,0.0895600545330923,0.0702745498692692,-0.0438288763109433,-0.0129175440265722,-0.0193099375195802,-0.0495699583813211,0.0747793702421648,0.0923696237910073,-0.100548474373975,-0.0984825911245443,0.0863824638005262,0.0654809562971169,-0.0379076919865395,-0.00647206957435448,-0.0256229823373511,-0.0551073468599865,0.0789769061426105,0.0947996264515456,-0.100963354453999,-0.0968400771125391,0.0828499089952238,0.0604182874299178,-0.0318307368245871,2.46146890620705e-16,-0.0318307368245874,-0.0604182874299181,0.082849908995224,0.096840077112539,-0.100963354453998,-0.0947996264515473,0.0789769061426094,0.0551073468599872,-0.0256229823373522,0.00647206957435316,-0.0379076919865378,-0.0654809562971153,0.0863824638005254,0.0984825911245432,-0.100548474373975,-0.0923696237910094,0.0747793702421651,0.0495699583813208,-0.0193099375195808,0.0129175440265715,-0.0438288763109426,-0.0702745498692682,0.0895600545330905,0.09972041904517,-0.0997204190451701,-0.0895600545330914,0.0702745498692683,0.0438288763109434,-0.0129175440265726,0.0193099375195801,-0.0495699583813203,-0.0747793702421637,0.0923696237910085,0.100548474373975,-0.098482591124545,-0.0863824638005257,0.0654809562971158,0.0379076919865382,-0.0064720695743528,0.025622982337353,-0.0551073468599884,-0.078976906142612,0.0947996264515468,0.100963354453999,-0.0968400771125387,-0.0828499089952237,0.0604182874299165,0.0318307368245862,9.62908289771191e-16,0.0318307368245884,-0.0604182874299179,-0.0828499089952242,0.0968400771125392,0.100963354453999,-0.0947996264515468,-0.0789769061426109,0.0551073468599879,0.0256229823373532,0.00647206957435287,0.0379076919865379,-0.0654809562971152,-0.0863824638005257,0.0984825911245445,0.100548474373976,-0.0923696237910081,-0.0747793702421635,0.0495699583813209,0.0193099375195794,0.012917544026573,0.0438288763109433,-0.0702745498692694,-0.0895600545330915,0.0997204190451699,0.09972041904517,-0.0895600545330898,-0.070274549869268,0.0438288763109425,0.0129175440265719,0.0193099375195803,0.0495699583813216,-0.0747793702421646,-0.0923696237910082,0.100548474373975,0.0984825911245435,-0.0863824638005279,-0.0654809562971133,0.0379076919865412,0.0064720695743547,0.0256229823373526,0.0551073468599802,-0.0789769061426157,-0.0947996264515463,0.100963354453998,0.0968400771125451,-0.0828499089952218,-0.0604182874299129,0.031830736824579
0.0333632234846371,0.0629819809850002,-0.0855320604384469,-0.0984825911245513,0.100380091737615,0.0910115994473917,-0.0714285714285617,-0.0438288763109425,0.0113101200435184,-0.0224780087652101,0.0537433555875318,0.0789769061426086,-0.0953466147871407,-0.101015254455223,0.0953466147871452,0.0789769061426136,-0.0537433555875343,-0.0224780087652094,-0.0113101200435228,-0.043828876310942,0.0714285714285739,0.0910115994473947,-0.100380091737623,-0.0984825911245427,0.0855320604384414,0.0629819809849945,-0.0333632234846299,9.18641728014417e-16,-0.0333632234846339,-0.0629819809849965,0.0855320604384387,0.0984825911245445,-0.100380091737627,-0.0910115994473952,0.0714285714285695,0.0438288763109422,-0.0113101200435197,0.0224780087652122,-0.0537433555875379,-0.0789769061426095,0.0953466147871395,0.101015254455222,-0.0953466147871441,-0.0789769061426098,0.0537433555875382,0.0224780087652121,0.0113101200435197,0.0438288763109426,-0.0714285714285704,-0.0910115994473946,0.100380091737624,0.0984825911245463,-0.0855320604384381,-0.0629819809849947,0.033363223484632,-1.02500826018068e-15,0.0333632234846339,0.0629819809849963,-0.0855320604384387,-0.098482591124545,0.100380091737625,0.0910115994473962,-0.0714285714285726,-0.0438288763109441,0.0113101200435231,-0.0224780087652092,0.0537433555875367,0.0789769061426093,-0.095346614787142,-0.10101525445522,0.0953466147871407,0.0789769061426115,-0.0537433555875367,-0.0224780087652117,-0.0113101200435202,-0.0438288763109424,0.0714285714285706,0.0910115994473947,-0.100380091737627,-0.0984825911245443,0.0855320604384389,0.0629819809849947,-0.0333632234846328,-9.49585786427865e-16,-0.0333632234846322,-0.0629819809849945,0.0855320604384376,0.0984825911245439,-0.100380091737627,-0.0910115994473959,0.0714285714285722,0.0438288763109432,-0.0113101200435218,0.0224780087652102,-0.0537433555875363,-0.0789769061426112,0.0953466147871412,0.101015254455221,-0.0953466147871405,-0.0789769061426103,0.0537433555875355,0.0224780087652097,0.011310120043522,0.0438288763109441,-0.0714285714285708,-0.091011599447395,0.100380091737626,0.0984825911245463,-0.0855320604384385,-0.0629819809849962,0.0333632234846337,9.15107165930317e-16,0.0333632234846322,0.0629819809849953,-0.0855320604384385,-0.098482591124543,0.100380091737626,0.0910115994473956,-0.0714285714285715,-0.0438288763109435,0.0113101200435213,-0.0224780087652103,0.053743355587536,0.0789769061426102,-0.0953466147871403,-0.101015254455221,0.0953466147871413,0.0789769061426115,-0.0537433555875368,-0.0224780087652108,-0.0113101200435209,-0.0438288763109427,0.0714285714285717,0.0910115994473952,-0.100380091737626,-0.0984825911245439,0.085532060438438,0.0629819809849946,-0.0333632234846318,1.14066647642478e-15,-0.0333632234846341,-0.0629819809849963,0.0855320604384393,0.0984825911245454,-0.100380091737626,-0.0910115994473946,0.0714285714285706,0.0438288763109428,-0.0113101200435205,0.0224780087652109,-0.0537433555875366,-0.0789769061426106,0.0953466147871413,0.101015254455221,-0.0953466147871411,-0.078976906142612,0.0537433555875371,0.0224780087652112,0.0113101200435205,0.0438288763109425,-0.0714285714285714,-0.0910115994473954,0.100380091737625,0.0984825911245437,-0.0855320604384387,-0.0629819809849944,0.0333632234846318,-1.05643149321983e-15,0.0333632234846343,0.0629819809849963,-0.0855320604384392,-0.0984825911245449,0.100380091737625,0.0910115994473951,-0.071428571428571,-0.0438288763109434,0.0113101200435209,-0.022478008765211,0.0537433555875364,0.0789769061426109,-0.095346614787141,-0.10101525445522,0.0953466147871436,0.0789769061426076,-0.0537433555875394,-0.0224780087652116,-0.011310120043521,-0.0438288763109367,0.0714285714285756,0.0910115994473953,-0.100380091737626,-0.0984825911245506,0.0855320604384364,0.0629819809849907,-0.0333632234846242
0.0348871388523139,0.0654809562971205,-0.0880164806086255,-0.0997204190451758,0.0991524480062929,0.0863824638005212,-0.0629819809849859,-0.0318307368245848,-0.00323769826409423,-0.0379076919865375,0.0679126455002135,0.0895600545330889,-0.100185920612502,-0.0984825911245463,0.084659683171547,0.0604182874299201,-0.0287416265630627,0.00647206957435434,-0.0408892924047466,-0.0702745498692667,0.0910115994473982,0.100548474373975,-0.0977115367231132,-0.0828499089952218,0.0577925100003137,0.0256229823373512,0.00969979039562576,0.043828876310944,-0.0725642423878653,-0.0923696237910097,0.100807707781091,0.0968400771125385,-0.0809550009368727,-0.0551073468599872,0.0224780087652097,-0.0129175440265727,0.0467234230839617,0.0747793702421659,-0.093632732102118,-0.100963354453997,0.0958691077764709,0.0789769061426118,-0.0523655571955857,-0.0193099375195815,-0.0161220240078216,-0.0495699583813192,0.0769176572385565,0.0947996264515483,-0.10101525445522,-0.0947996264515454,0.0769176572385567,0.0495699583813219,-0.0161220240078229,0.019309937519581,-0.0523655571955844,-0.0789769061426099,0.0958691077764729,0.100963354454,-0.093632732102117,-0.074779370242165,0.0467234230839611,0.0129175440265731,0.022478008765209,0.055107346859986,-0.0809550009368709,-0.0968400771125381,0.100807707781093,0.092369623791008,-0.0725642423878659,-0.0438288763109432,0.00969979039562516,-0.0256229823373513,0.0577925100003111,0.0828499089952233,-0.0977115367231161,-0.100548474373976,0.0910115994473951,0.0702745498692683,-0.0408892924047441,-0.00647206957435344,-0.028741626563064,-0.0604182874299168,0.0846596831715427,0.0984825911245441,-0.100185920612503,-0.089560054533092,0.0679126455002193,0.0379076919865394,-0.00323769826409325,0.0318307368245862,-0.0629819809849949,-0.0863824638005251,0.0991524480063054,0.0997204190451701,-0.0880164806086177,-0.0654809562971164,0.0348871388523094,-2.10094794824134e-16,0.0348871388523097,0.0654809562971166,-0.0880164806086178,-0.0997204190451698,0.0991524480063047,0.0863824638005268,-0.0629819809849944,-0.0318307368245873,-0.0032376982640916,-0.0379076919865386,0.0679126455002176,0.0895600545330907,-0.100185920612502,-0.0984825911245435,0.0846596831715435,0.0604182874299184,-0.0287416265630644,0.00647206957435316,-0.0408892924047433,-0.0702745498692681,0.0910115994473951,0.100548474373976,-0.0977115367231153,-0.0828499089952244,0.0577925100003129,0.0256229823373528,0.00969979039562415,0.0438288763109423,-0.072564242387864,-0.092369623791009,0.100807707781091,0.0968400771125383,-0.0809550009368723,-0.0551073468599874,0.0224780087652108,-0.012917544026572,0.0467234230839616,0.0747793702421644,-0.0936327321021172,-0.100963354453999,0.0958691077764721,0.0789769061426104,-0.0523655571955821,-0.0193099375195791,-0.0161220240078246,-0.0495699583813225,0.0769176572385585,0.0947996264515466,-0.101015254455221,-0.0947996264515473,0.0769176572385573,0.0495699583813207,-0.0161220240078233,0.0193099375195804,-0.052365557195583,-0.0789769061426101,0.0958691077764722,0.100963354454,-0.0936327321021172,-0.0747793702421647,0.0467234230839612,0.0129175440265723,0.0224780087652103,0.0551073468599874,-0.0809550009368716,-0.0968400771125388,0.100807707781091,0.0923696237910077,-0.072564242387864,-0.0438288763109414,0.00969979039562325,-0.0256229823373534,0.0577925100003133,0.0828499089952243,-0.0977115367231149,-0.100548474373975,0.0910115994473947,0.0702745498692692,-0.0408892924047432,-0.00647206957435332,-0.0287416265630639,-0.0604182874299182,0.0846596831715433,0.0984825911245439,-0.100185920612505,-0.0895600545330879,0.0679126455002222,0.0379076919865398,-0.00323769826409264,0.0318307368245824,-0.0629819809849989,-0.0863824638005258,0.0991524480063047,0.099720419045176,-0.0880164806086156,-0.0654809562971111,0.0348871388523006
0.0364020914209628,0.0679126455002231,-0.0902974260738852,-0.100548474373981,0.0972883040090821,0.0809550009368666,-0.0537433555875276,-0.0193099375195757,-0.0177182567482008,-0.0523655571955817,0.0799762268219772,0.0968400771125369,-0.100691025262638,-0.0910115994473975,0.0691024741877915,0.0379076919865411,-0.00161905710673166,0.0348871388523098,-0.0667053694835487,-0.0895600545330891,0.100380091737629,0.0977115367231151,-0.0819129770319858,-0.0551073468599856,0.0208966574058065,-0.0161220240078243,0.0509743056521077,0.078976906142612,-0.096366971186703,-0.100807707781092,0.091702391176505,0.0702745498692681,-0.039403553747618,-0.00323769826409175,-0.0333632234846324,-0.0654809562971168,0.0887996742619782,0.100185920612503,-0.0981096665225629,-0.0828499089952228,0.0564571805921201,0.0224780087652115,0.014521649384052,0.0495699583813182,-0.0779572956326336,-0.0958691077764716,0.100898491952616,0.0923696237910117,-0.0714285714285708,-0.0408892924047432,0.00485550762957137,-0.031830736824588,0.0642397205029658,0.0880164806086182,-0.0999660108827989,-0.0984825911245426,0.0837655561208879,0.0577925100003125,-0.0240535853353446,0.0129175440265717,-0.0481528761718296,-0.0769176572385573,0.0953466147871408,0.100963354453998,-0.0930131258732435,-0.0725642423878654,0.0423645262591766,0.00647206957435475,0.0302900725808685,0.0629819809849943,-0.0872106747820375,-0.0997204190451697,0.0988302147215988,0.084659683171544,-0.0591129920272205,-0.0256229823373528,-0.0113101200435205,-0.0467234230839604,0.0758582580522183,0.0947996264515466,-0.101002278621516,-0.093632732102116,0.0736812709837385,0.043828876310944,-0.00808696879009715,0.0287416265630625,-0.0617080608670519,-0.0863824638005252,0.0994492081942236,0.0991524480063051,-0.0855320604384393,-0.0604182874299178,0.0271857965799618,-0.00969979039562411,0.0452819663562175,0.0747793702421646,-0.094228283295586,-0.101015254455221,0.0942282832955853,0.0747793702421638,-0.0452819663562168,-0.00969979039562388,-0.0271857965799616,-0.0604182874299187,0.0855320604384375,0.0991524480063042,-0.0994492081942228,-0.0863824638005276,0.061708060867053,0.0287416265630645,0.00808696879009544,0.0438288763109418,-0.0736812709837383,-0.0936327321021174,0.101002278621516,0.0947996264515455,-0.0758582580522184,-0.0467234230839613,0.0113101200435213,-0.0256229823373517,0.0591129920272189,0.0846596831715434,-0.0988302147215994,-0.0997204190451696,0.087210674782038,0.0629819809849958,-0.0302900725808698,0.00647206957435333,-0.0423645262591744,-0.0725642423878639,0.0930131258732425,0.100963354453998,-0.0953466147871418,-0.0769176572385575,0.0481528761718303,0.0129175440265715,0.0240535853353451,0.0577925100003129,-0.0837655561208889,-0.0984825911245451,0.0999660108827977,0.0880164806086171,-0.0642397205029648,-0.0318307368245864,-0.00485550762957237,-0.0408892924047445,0.0714285714285719,0.0923696237910098,-0.100898491952616,-0.0958691077764725,0.0779572956326344,0.0495699583813208,-0.0145216493840535,0.0224780087652098,-0.0564571805921203,-0.0828499089952243,0.0981096665225621,0.100185920612502,-0.088799674261978,-0.0654809562971164,0.0333632234846333,-0.0032376982640918,0.0394035537476175,0.0702745498692689,-0.0917023911765056,-0.10080770778109,0.0963669711867024,0.0789769061426092,-0.0509743056521074,-0.0161220240078221,-0.0208966574058077,-0.0551073468599877,0.0819129770319873,0.0977115367231156,-0.100380091737625,-0.0895600545330922,0.0667053694835439,0.0348871388523095,0.00161905710673161,0.0379076919865399,-0.069102474187788,-0.091011599447395,0.10069102526264,0.0968400771125351,-0.0799762268219861,-0.0523655571955843,0.0177182567482001,-0.0193099375195767,0.0537433555875392,0.0809550009368719,-0.0972883040090948,-0.100548474373982,0.0902974260738758,0.0679126455002138,-0.0364020914209491
0.0379076919865432,0.0702745498692727,-0.0923696237910154,-0.100963354454004,0.0947996264515329,0.0747793702421585,-0.0438288763109349,-0.00647206957434729,-0.0318307368245885,-0.065480956297114,0.0895600545330863,0.100548474373974,-0.0968400771125401,-0.0789769061426132,0.049569958381324,0.0129175440265739,0.0256229823373508,0.060418287429917,-0.0863824638005308,-0.0997204190451675,0.0984825911245476,0.0828499089952234,-0.0551073468599862,-0.0193099375195787,-0.019309937519582,-0.0551073468599883,0.0828499089952212,0.0984825911245457,-0.0997204190451699,-0.086382463800527,0.0604182874299177,0.0256229823373517,0.0129175440265722,0.0495699583813212,-0.0789769061426091,-0.0968400771125395,0.100548474373975,0.0895600545330914,-0.0654809562971159,-0.0318307368245874,-0.00647206957435318,-0.0438288763109424,0.0747793702421655,0.0947996264515434,-0.100963354453999,-0.0923696237910088,0.0702745498692693,0.0379076919865415,-3.87130357742193e-16,0.0379076919865384,-0.0702745498692673,-0.0923696237910105,0.100963354453999,0.0947996264515465,-0.0747793702421644,-0.0438288763109417,0.00647206957435311,-0.0318307368245877,0.0654809562971158,0.0895600545330916,-0.100548474373975,-0.0968400771125396,0.0789769061426121,0.0495699583813223,-0.0129175440265741,0.0256229823373505,-0.0604182874299176,-0.0863824638005243,0.0997204190451704,0.0984825911245437,-0.0828499089952235,-0.0551073468599884,0.019309937519581,-0.019309937519579,0.0551073468599868,0.0828499089952237,-0.0984825911245437,-0.0997204190451693,0.0863824638005265,0.0604182874299173,-0.0256229823373522,0.0129175440265717,-0.0495699583813205,-0.0789769061426102,0.0968400771125388,0.100548474373976,-0.0895600545330917,-0.0654809562971166,0.031830736824589,-0.00647206957435219,0.043828876310942,0.0747793702421632,-0.0947996264515465,-0.100963354453999,0.0923696237910082,0.0702745498692687,-0.0379076919865383,3.22055802048611e-16,-0.0379076919865387,-0.0702745498692692,0.0923696237910087,0.100963354453999,-0.0947996264515462,-0.0747793702421651,0.0438288763109421,0.00647206957435383,0.0318307368245868,0.0654809562971164,-0.0895600545330904,-0.100548474373976,0.096840077112539,0.0789769061426106,-0.0495699583813215,-0.0129175440265726,-0.0256229823373516,-0.0604182874299163,0.0863824638005258,0.0997204190451696,-0.0984825911245442,-0.0828499089952245,0.0551073468599873,0.0193099375195808,0.0193099375195796,0.0551073468599867,-0.0828499089952228,-0.0984825911245441,0.0997204190451697,0.0863824638005267,-0.0604182874299181,-0.0256229823373525,-0.0129175440265714,-0.0495699583813208,0.0789769061426111,0.0968400771125385,-0.100548474373976,-0.0895600545330907,0.0654809562971153,0.0318307368245866,0.0064720695743547,0.0438288763109441,-0.0747793702421651,-0.0947996264515468,0.100963354453999,0.0923696237910086,-0.0702745498692676,-0.0379076919865376,-9.08561869102913e-16,-0.0379076919865397,0.0702745498692687,0.0923696237910087,-0.100963354453999,-0.0947996264515462,0.074779370242165,0.0438288763109433,-0.00647206957435435,0.0318307368245869,-0.0654809562971153,-0.0895600545330904,0.100548474373975,0.096840077112539,-0.0789769061426111,-0.0495699583813213,0.0129175440265718,-0.0256229823373532,0.0604182874299183,0.086382463800526,-0.0997204190451701,-0.0984825911245431,0.0828499089952232,0.0551073468599865,-0.0193099375195793,0.0193099375195802,-0.0551073468599872,-0.0828499089952237,0.0984825911245435,0.099720419045171,-0.0863824638005252,-0.0604182874299175,0.0256229823373521,-0.0129175440265733,0.0495699583813209,0.0789769061426105,-0.0968400771125415,-0.100548474373972,0.0895600545330951,0.0654809562971169,-0.0318307368245889,0.00647206957435149,-0.0438288763109449,-0.0747793702421643,0.0947996264515466,0.100963354454005,-0.0923696237910064,-0.0702745498692633,0.037907691986529
0.0394035537476224,0.072564242387869,-0.0942282832955927,-0.100963354454003,0.0917023911764908,0.0679126455002122,-0.0333632234846258,0.00647206957436193,-0.0452819663562184,-0.0769176572385557,0.0963669711866981,0.100548474373975,-0.0887996742619803,-0.062981980984998,0.0271857965799633,-0.0129175440265702,0.0509743056521064,0.0809550009368711,-0.0981096665225676,-0.0997204190451677,0.0855320604384414,0.0577925100003121,-0.0208966574058062,0.0193099375195812,-0.056457180592124,-0.0846596831715439,0.0994492081942194,0.0984825911245455,-0.0819129770319879,-0.052365557195584,0.0145216493840532,-0.0256229823373524,0.0617080608670538,0.0880164806086178,-0.100380091737624,-0.0968400771125391,0.0779572956326333,0.0467234230839604,-0.00808696879009555,0.0318307368245862,-0.0667053694835429,-0.0910115994473956,0.100898491952619,0.0947996264515448,-0.0736812709837408,-0.0408892924047455,0.0016190571067334,-0.0379076919865377,0.0714285714285702,0.0936327321021161,-0.101002278621514,-0.0923696237910107,0.0691024741877882,0.0348871388523094,0.00485550762957205,0.0438288763109426,-0.075858258052218,-0.0958691077764734,0.100691025262637,0.0895600545330918,-0.0642397205029655,-0.0287416265630652,-0.0113101200435193,-0.0495699583813192,0.0799762268219809,0.0977115367231149,-0.0999660108827996,-0.0863824638005254,0.0591129920272205,0.022478008765211,0.0177182567481985,0.0551073468599868,-0.0837655561208873,-0.0991524480063046,0.0988302147216,0.0828499089952246,-0.0537433555875367,-0.0161220240078238,-0.0240535853353443,-0.0604182874299177,0.0872106747820391,0.100185920612502,-0.0972883040090946,-0.0789769061426118,0.0481528761718319,0.00969979039562648,0.0302900725808675,0.0654809562971149,-0.0902974260738776,-0.100807707781091,0.0953466147871418,0.0747793702421645,-0.0423645262591761,-0.00323769826409264,-0.0364020914209583,-0.0702745498692686,0.0930131258732425,0.101015254455221,-0.0930131258732418,-0.0702745498692679,0.0364020914209576,-0.00323769826409286,0.042364526259176,0.0747793702421657,-0.0953466147871401,-0.10080770778109,0.0902974260738774,0.0654809562971175,-0.0302900725808694,0.0096997903956239,-0.0481528761718299,-0.0789769061426094,0.0972883040090944,0.100185920612503,-0.0872106747820389,-0.0604182874299171,0.024053585335345,-0.016122024007823,0.0537433555875362,0.0828499089952238,-0.0988302147215986,-0.0991524480063052,0.083765556120889,0.0551073468599881,-0.0177182567481995,0.0224780087652099,-0.0591129920272185,-0.0863824638005262,0.0999660108827977,0.0977115367231152,-0.0799762268219826,-0.0495699583813209,0.0113101200435214,-0.0287416265630638,0.0642397205029661,0.0895600545330909,-0.100691025262637,-0.0958691077764724,0.0758582580522172,0.0438288763109423,-0.00485550762957029,0.0348871388523106,-0.0691024741877888,-0.0923696237910095,0.101002278621515,0.0936327321021162,-0.0714285714285707,-0.0379076919865386,-0.00161905710673203,-0.040889292404744,0.0736812709837391,0.0947996264515463,-0.100898491952617,-0.0910115994473954,0.0667053694835449,0.0318307368245884,0.00808696879009526,0.04672342308396,-0.0779572956326336,-0.0968400771125388,0.100380091737626,0.0880164806086179,-0.0617080608670525,-0.0256229823373507,-0.0145216493840536,-0.0523655571955839,0.0819129770319889,0.0984825911245437,-0.0994492081942232,-0.0846596831715427,0.0564571805921204,0.0193099375195807,0.0208966574058067,0.0577925100003121,-0.0855320604384376,-0.099720419045171,0.0981096665225614,0.0809550009368722,-0.0509743056521089,-0.01291754402657,-0.0271857965799607,-0.0629819809849952,0.0887996742619804,0.100548474373972,-0.0963669711867064,-0.0769176572385586,0.0452819663562197,0.0064720695743544,0.0333632234846341,0.0679126455002184,-0.0917023911765053,-0.100963354454005,0.0942282832955843,0.0725642423878597,-0.0394035537476077
0.0408892924047486,0.0747793702421686,-0.0958691077764788,-0.10054847437398,0.0880164806086032,0.0604182874299108,-0.0224780087652045,0.0193099375195901,-0.0577925100003125,-0.0863824638005238,0.100185920612499,0.096840077112539,-0.076917657238561,-0.0438288763109458,0.00323769826409385,-0.0379076919865376,0.0725642423878615,0.0947996264515452,-0.100807707781096,-0.0895600545330897,0.0629819809849978,0.0256229823373525,0.0161220240078226,0.0551073468599876,-0.0846596831715474,-0.0997204190451702,0.0977115367231117,0.0789769061426118,-0.0467234230839608,-0.00647206957435388,-0.0348871388523094,-0.0702745498692685,0.0936327321021179,0.100963354453999,-0.0910115994473932,-0.0654809562971158,0.0287416265630627,-0.0129175440265728,0.0523655571955841,0.0828499089952221,-0.0991524480063029,-0.0984825911245455,0.0809550009368754,0.0495699583813219,-0.00969979039562736,0.0318307368245849,-0.0679126455002168,-0.09236962379101,0.10101525445522,0.0923696237910078,-0.067912645500218,-0.0318307368245884,-0.0096997903956248,-0.0495699583813215,0.080955000936873,0.0984825911245429,-0.0991524480063047,-0.0828499089952246,0.0523655571955837,0.0129175440265722,0.0287416265630627,0.0654809562971152,-0.0910115994473948,-0.100963354453998,0.0936327321021177,0.0702745498692691,-0.0348871388523109,0.00647206957435257,-0.0467234230839608,-0.0789769061426098,0.097711536723115,0.09972041904517,-0.0846596831715433,-0.0551073468599887,0.0161220240078247,-0.0256229823373514,0.0629819809849944,0.0895600545330904,-0.100807707781091,-0.0947996264515463,0.0725642423878651,0.0379076919865385,0.00323769826409165,0.0438288763109417,-0.0769176572385571,-0.0968400771125385,0.100185920612502,0.0863824638005262,-0.0577925100003139,-0.0193099375195819,-0.0224780087652094,-0.0604182874299162,0.0880164806086177,0.100548474373976,-0.0958691077764725,-0.0747793702421649,0.0408892924047434,-2.53546379433316e-16,0.0408892924047437,0.0747793702421651,-0.0958691077764727,-0.100548474373976,0.0880164806086173,0.0604182874299179,-0.02247800876521,0.01930993751958,-0.0577925100003116,-0.0863824638005269,0.100185920612502,0.0968400771125391,-0.0769176572385583,-0.0438288763109433,0.00323769826409261,-0.0379076919865385,0.0725642423878646,0.094799626451545,-0.100807707781091,-0.0895600545330913,0.0629819809849953,0.0256229823373527,0.0161220240078232,0.0551073468599873,-0.0846596831715431,-0.0997204190451693,0.0977115367231151,0.078976906142611,-0.0467234230839617,-0.00647206957435419,-0.0348871388523088,-0.0702745498692676,0.0936327321021167,0.100963354453998,-0.091011599447396,-0.0654809562971156,0.0287416265630633,-0.012917544026572,0.052365557195584,0.0828499089952243,-0.0991524480063049,-0.0984825911245446,0.0809550009368712,0.0495699583813201,-0.00969979039562375,0.0318307368245887,-0.0679126455002192,-0.0923696237910087,0.101015254455221,0.0923696237910092,-0.0679126455002179,-0.0318307368245869,-0.00969979039562498,-0.0495699583813212,0.0809550009368721,0.098482591124544,-0.0991524480063047,-0.0828499089952251,0.052365557195584,0.0129175440265725,0.028741626563063,0.0654809562971155,-0.0910115994473954,-0.100963354453999,0.0936327321021164,0.0702745498692671,-0.0348871388523093,0.00647206957435476,-0.0467234230839624,-0.0789769061426109,0.0977115367231166,0.0997204190451697,-0.0846596831715433,-0.0551073468599881,0.0161220240078228,-0.0256229823373522,0.0629819809849947,0.0895600545330922,-0.10080770778109,-0.0947996264515467,0.0725642423878647,0.0379076919865368,0.0032376982640918,0.0438288763109429,-0.0769176572385598,-0.0968400771125349,0.100185920612506,0.0863824638005266,-0.0577925100003147,-0.0193099375195796,-0.0224780087652108,-0.0604182874299173,0.0880164806086184,0.100548474373981,-0.0958691077764708,-0.0747793702421592,0.0408892924047334
0.0423645262591804,0.0769176572385621,-0.0972883040091006,-0.0997204190451738,0.0837655561208736,0.0523655571955764,-0.0113101200435163,0.0318307368245987,-0.0691024741877878,-0.0936327321021147,0.100898491952614,0.0895600545330922,-0.061708060867057,-0.0224780087652136,-0.0208966574058054,-0.060418287429917,0.0887996742619744,0.10080770778109,-0.0942282832955912,-0.0702745498692677,0.0333632234846346,-0.009699790395624,0.050974305652107,0.0828499089952233,-0.0994492081942277,-0.0977115367231161,0.0779572956326307,0.0438288763109435,-0.00161905710673142,0.040889292404744,-0.0758582580522176,-0.0968400771125387,0.0999660108827992,0.0846596831715432,-0.0537433555875351,-0.0129175440265713,-0.0302900725808696,-0.0679126455002198,0.0930131258732435,0.100963354453997,-0.0902974260738764,-0.0629819809849968,0.0240535853353467,-0.0193099375195774,0.0591129920272175,0.0880164806086158,-0.100691025262637,-0.0947996264515495,0.071428571428571,0.0348871388523096,0.00808696879009537,0.0495699583813215,-0.0819129770319879,-0.0991524480063051,0.0981096665225628,0.0789769061426093,-0.0452819663562174,-0.00323769826409218,-0.0394035537476174,-0.0747793702421646,0.0963669711867015,0.100185920612503,-0.0855320604384397,-0.0551073468599888,0.0145216493840553,-0.0287416265630621,0.0667053694835448,0.0923696237910069,-0.101002278621516,-0.0910115994473949,0.0642397205029653,0.0256229823373531,0.0177182567481979,0.0577925100003111,-0.0872106747820381,-0.100548474373976,0.0953466147871409,0.0725642423878646,-0.0364020914209589,0.00647206957435396,-0.048152876171831,-0.0809550009368713,0.0988302147215988,0.0984825911245448,-0.0799762268219833,-0.0467234230839624,0.00485550762957262,-0.0379076919865376,0.0736812709837381,0.0958691077764721,-0.100380091737626,-0.0863824638005255,0.0564571805921217,0.0161220240078239,0.0271857965799607,0.0654809562971159,-0.0917023911765047,-0.101015254455221,0.091702391176504,0.0654809562971153,-0.02718579657996,0.0161220240078241,-0.0564571805921215,-0.0863824638005273,0.100380091737625,0.0958691077764723,-0.0736812709837387,-0.0379076919865401,-0.00485550762957063,-0.0467234230839602,0.079976226821982,0.0984825911245433,-0.0988302147215992,-0.0809550009368728,0.0481528761718311,0.00647206957435396,0.0364020914209581,0.0725642423878645,-0.0953466147871409,-0.100548474373976,0.0872106747820379,0.0577925100003128,-0.0177182567481998,0.0256229823373513,-0.0642397205029646,-0.091011599447395,0.101002278621515,0.0923696237910093,-0.066705369483545,-0.0287416265630639,-0.0145216493840527,-0.0551073468599874,0.0855320604384389,0.100185920612502,-0.0963669711867026,-0.0747793702421639,0.0394035537476169,-0.0032376982640927,0.0452819663562183,0.0789769061426114,-0.0981096665225622,-0.0991524480063045,0.0819129770319873,0.0495699583813203,-0.00808696879009517,0.0348871388523105,-0.0714285714285718,-0.0947996264515476,0.100691025262637,0.0880164806086174,-0.0591129920272193,-0.01930993751958,-0.0240535853353439,-0.0629819809849946,0.0902974260738772,0.100963354454,-0.0930131258732428,-0.0679126455002187,0.0302900725808693,-0.0129175440265713,0.0537433555875362,0.0846596831715435,-0.0999660108827976,-0.096840077112538,0.0758582580522179,0.0408892924047426,0.00161905710673308,0.0438288763109436,-0.0779572956326356,-0.0977115367231163,0.0994492081942236,0.0828499089952247,-0.0509743056521079,-0.00969979039562473,-0.0333632234846325,-0.0702745498692694,0.0942282832955854,0.100807707781091,-0.0887996742619782,-0.0604182874299155,0.0208966574058067,-0.0224780087652107,0.0617080608670545,0.0895600545330876,-0.10089849195262,-0.0936327321021175,0.0691024741877909,0.0318307368245852,0.0113101200435206,0.0523655571955831,-0.0837655561208895,-0.0997204190451755,0.0972883040090931,0.0769176572385527,-0.0423645262591647
0.0438288763109482,0.0789769061426149,-0.0984825911245495,-0.0984825911245479,0.0789769061425954,0.0438288763109357,3.73676438367947e-15,0.0438288763109555,-0.0789769061426099,-0.0984825911245421,0.0984825911245425,0.0789769061426125,-0.0438288763109477,-3.05686395387532e-15,-0.0438288763109423,-0.0789769061426108,0.0984825911245403,0.0984825911245429,-0.0789769061426147,-0.0438288763109429,7.45472734141839e-16,-0.0438288763109418,0.0789769061426082,0.098482591124543,-0.0984825911245483,-0.0789769061426109,0.0438288763109404,1.15883931335804e-16,0.0438288763109431,0.0789769061426115,-0.0984825911245442,-0.098482591124544,0.0789769061426114,0.0438288763109426,1.77178646395952e-16,0.0438288763109437,-0.0789769061426109,-0.0984825911245453,0.0984825911245449,0.0789769061426098,-0.0438288763109424,-9.30956741063089e-16,-0.0438288763109426,-0.0789769061426072,0.0984825911245441,0.0984825911245438,-0.0789769061426112,-0.0438288763109458,4.42580272201803e-16,-0.0438288763109423,0.0789769061426091,0.0984825911245461,-0.0984825911245442,-0.0789769061426106,0.0438288763109426,-3.20428620132656e-16,0.0438288763109431,0.0789769061426112,-0.0984825911245442,-0.0984825911245449,0.0789769061426105,0.0438288763109443,-1.89530176427464e-15,0.0438288763109412,-0.0789769061426093,-0.0984825911245434,0.0984825911245458,0.0789769061426103,-0.0438288763109437,-4.51671517805935e-16,-0.0438288763109423,-0.0789769061426103,0.0984825911245435,0.0984825911245446,-0.0789769061426118,-0.0438288763109435,6.63174348186422e-16,-0.0438288763109422,0.0789769061426112,0.0984825911245444,-0.098482591124545,-0.0789769061426101,0.0438288763109429,1.38456014355952e-15,0.0438288763109419,0.0789769061426099,-0.0984825911245438,-0.0984825911245442,0.078976906142612,0.0438288763109441,-9.82778002570589e-16,0.0438288763109418,-0.0789769061426106,-0.0984825911245443,0.098482591124544,0.0789769061426111,-0.0438288763109424,3.28087036618216e-16,-0.0438288763109428,-0.0789769061426115,0.0984825911245443,0.0984825911245443,-0.0789769061426102,-0.0438288763109429,-4.02093203537791e-16,-0.0438288763109427,0.0789769061426102,0.0984825911245458,-0.0984825911245438,-0.0789769061426111,0.0438288763109433,6.36257464580518e-16,0.0438288763109425,0.0789769061426111,-0.0984825911245446,-0.098482591124543,0.0789769061426111,0.0438288763109431,-4.12655595575828e-17,0.0438288763109425,-0.0789769061426101,-0.0984825911245445,0.0984825911245447,0.0789769061426111,-0.043828876310943,-5.11562121330416e-16,-0.0438288763109421,-0.0789769061426112,0.0984825911245441,0.0984825911245438,-0.0789769061426109,-0.0438288763109427,1.48482241218504e-16,-0.0438288763109429,0.0789769061426112,0.0984825911245439,-0.0984825911245442,-0.0789769061426103,0.0438288763109421,-6.70728944631712e-16,0.0438288763109436,0.0789769061426114,-0.0984825911245447,-0.0984825911245447,0.07897690614261,0.0438288763109419,8.76074197970541e-16,0.0438288763109439,-0.0789769061426108,-0.0984825911245443,0.0984825911245446,0.0789769061426106,-0.0438288763109435,-6.99260627746778e-16,-0.0438288763109421,-0.078976906142611,0.0984825911245442,0.0984825911245442,-0.0789769061426109,-0.0438288763109434,3.28564594048456e-16,-0.0438288763109428,0.0789769061426104,0.0984825911245444,-0.0984825911245448,-0.0789769061426098,0.0438288763109417,-1.08434158265362e-15,0.0438288763109444,0.0789769061426116,-0.0984825911245451,-0.0984825911245453,0.0789769061426099,0.043828876310943,-4.58229093080944e-16,0.0438288763109434,-0.0789769061426101,-0.0984825911245452,0.0984825911245448,0.0789769061426093,-0.0438288763109433,2.09563621393244e-16,-0.0438288763109441,-0.0789769061426077,0.0984825911245478,0.0984825911245451,-0.0789769061426141,-0.0438288763109396,1.41202325750801e-15,-0.0438288763109428,0.0789769061426122,0.0984825911245502,-0.0984825911245429,-0.0789769061426056,0.0438288763109322
0.0452819663562233,0.080955000936876,-0.0994492081942277,-0.0968400771125417,0.0736812709837231,0.0348871388523022,0.0113101200435237,0.0551073468600012,-0.0872106747820369,-0.100807707781088,0.0930131258732416,0.0654809562971182,-0.0240535853353497,0.0224780087652076,-0.0642397205029654,-0.092369623791009,0.100898491952612,0.0880164806086161,-0.0564571805921236,-0.0129175440265727,-0.0333632234846331,-0.0725642423878631,0.0963669711866996,0.0997204190451678,-0.0819129770319909,-0.0467234230839609,0.00161905710673071,-0.0438288763109434,0.0799762268219827,0.0991524480063059,-0.0972883040090949,-0.0747793702421639,0.0364020914209584,-0.00969979039562537,0.0537433555875357,0.0863824638005269,-0.100691025262637,-0.0936327321021171,0.0667053694835443,0.025622982337352,0.0208966574058062,0.0629819809849954,-0.0917023911765068,-0.100963354453996,0.0887996742619794,0.0577925100003132,-0.0145216493840542,0.0318307368245864,-0.0714285714285703,-0.0958691077764717,0.0999660108827965,0.0828499089952256,-0.0481528761718304,-0.00323769826409143,-0.0423645262591762,-0.0789769061426096,0.0988302147215991,0.0977115367231164,-0.075858258052218,-0.0379076919865392,-0.0080869687900953,-0.0523655571955823,0.0855320604384377,0.100548474373975,-0.0942282832955872,-0.0679126455002195,0.0271857965799621,-0.0193099375195788,0.061708060867053,0.0910115994473946,-0.101002278621515,-0.0895600545330921,0.05911299202722,0.0161220240078249,0.0302900725808679,0.0702745498692681,-0.0953466147871406,-0.100185920612502,0.0837655561208892,0.0495699583813208,-0.00485550762957127,0.0408892924047434,-0.0779572956326339,-0.0984825911245443,0.0981096665225629,0.0769176572385591,-0.0394035537476188,0.00647206957435272,-0.0509743056521077,-0.0846596831715423,0.100380091737626,0.0947996264515459,-0.0691024741877888,-0.0287416265630643,-0.0177182567481989,-0.0604182874299174,0.0902974260738776,0.101015254455221,-0.0902974260738772,-0.060418287429917,0.0177182567481984,-0.0287416265630643,0.0691024741877886,0.0947996264515478,-0.100380091737625,-0.0846596831715433,0.050974305652109,0.00647206957435473,0.0394035537476169,0.0769176572385575,-0.0981096665225623,-0.0984825911245438,0.0779572956326345,0.0408892924047443,0.00485550762957103,0.0495699583813202,-0.0837655561208885,-0.100185920612503,0.095346614787141,0.0702745498692689,-0.0302900725808688,0.0161220240078231,-0.059112992027219,-0.0895600545330907,0.101002278621515,0.0910115994473955,-0.0617080608670535,-0.0193099375195806,-0.0271857965799601,-0.067912645500218,0.0942282832955862,0.100548474373975,-0.085532060438439,-0.0523655571955829,0.00808696879009554,-0.0379076919865388,0.0758582580522184,0.0977115367231159,-0.0988302147215988,-0.0789769061426106,0.0423645262591742,-0.00323769826409296,0.0481528761718316,0.0828499089952251,-0.099966010882798,-0.0958691077764721,0.0714285714285706,0.0318307368245871,0.0145216493840535,0.0577925100003127,-0.0887996742619784,-0.100963354453999,0.0917023911765055,0.0629819809849957,-0.0208966574058071,0.0256229823373518,-0.066705369483544,-0.0936327321021162,0.100691025262637,0.0863824638005261,-0.0537433555875367,-0.00969979039562507,-0.0364020914209582,-0.0747793702421651,0.0972883040090954,0.0991524480063041,-0.0799762268219817,-0.0438288763109417,-0.00161905710673288,-0.046723423083962,0.0819129770319888,0.0997204190451705,-0.0963669711867017,-0.0725642423878649,0.0333632234846332,-0.0129175440265719,0.0564571805921207,0.0880164806086186,-0.100898491952617,-0.0923696237910072,0.0642397205029658,0.0224780087652101,0.0240535853353451,0.0654809562971135,-0.0930131258732456,-0.100807707781091,0.087210674782042,0.0551073468599828,-0.0113101200435234,0.0348871388523095,-0.0736812709837405,-0.0968400771125443,0.0994492081942221,0.0809550009368669,-0.0452819663562068
0.0467234230839667,0.0828499089952278,-0.100185920612506,-0.0947996264515486,0.0679126455002024,0.0256229823373443,0.022478008765212,0.0654809562971304,-0.0936327321021146,-0.100548474373973,0.084659683171543,0.0495699583813237,-0.00323769826409759,0.0438288763109401,-0.0809550009368724,-0.0997204190451705,0.0958691077764684,0.0702745498692669,-0.0287416265630649,0.0193099375195785,-0.0629819809849963,-0.0923696237910068,0.100807707781088,0.0863824638005238,-0.052365557195585,-0.00647206957435361,-0.0408892924047427,-0.0789769061426117,0.0991524480063051,0.09684007711254,-0.0725642423878649,-0.0318307368245868,-0.0161220240078241,-0.0604182874299181,0.0910115994473939,0.100963354454,-0.088016480608617,-0.0551073468599871,0.00969979039562389,-0.0379076919865377,0.0769176572385566,0.0984825911245454,-0.0977115367231191,-0.0747793702421641,0.0348871388523119,-0.0129175440265698,0.0577925100003106,0.0895600545330926,-0.10101525445522,-0.0895600545330904,0.0577925100003118,0.0129175440265726,0.0348871388523096,0.0747793702421648,-0.0977115367231166,-0.0984825911245426,0.0769176572385575,0.0379076919865393,0.00969979039562408,0.0551073468599873,-0.0880164806086164,-0.100963354453999,0.0910115994473965,0.0604182874299188,-0.016122024007826,0.0318307368245855,-0.0725642423878649,-0.096840077112537,0.0991524480063057,0.0789769061426106,-0.0408892924047439,0.00647206957435245,-0.0523655571955818,-0.0863824638005248,0.100807707781091,0.0923696237910089,-0.0629819809849958,-0.019309937519581,-0.0287416265630634,-0.0702745498692683,0.0958691077764733,0.0997204190451689,-0.0809550009368721,-0.0438288763109445,-0.00323769826409069,-0.0495699583813197,0.0846596831715424,0.100548474373975,-0.0936327321021179,-0.0654809562971169,0.0224780087652114,-0.0256229823373513,0.0679126455002184,0.0947996264515462,-0.100185920612502,-0.082849908995224,0.0467234230839602,-4.31442002410747e-16,0.0467234230839607,0.0828499089952243,-0.100185920612502,-0.0947996264515461,0.0679126455002179,0.0256229823373519,0.0224780087652105,0.0654809562971155,-0.0936327321021163,-0.100548474373977,0.0846596831715431,0.0495699583813215,-0.00323769826409243,0.043828876310942,-0.0809550009368718,-0.0997204190451703,0.095869107776473,0.0702745498692674,-0.028741626563064,0.01930993751958,-0.0629819809849951,-0.0923696237910083,0.10080770778109,0.0863824638005261,-0.0523655571955839,-0.00647206957435458,-0.0408892924047428,-0.0789769061426102,0.0991524480063044,0.0968400771125394,-0.072564242387865,-0.0318307368245876,-0.016122024007823,-0.0604182874299172,0.0910115994473956,0.100963354453998,-0.0880164806086175,-0.0551073468599871,0.00969979039562401,-0.0379076919865392,0.0769176572385581,0.0984825911245447,-0.0977115367231152,-0.0747793702421636,0.0348871388523087,-0.0129175440265731,0.0577925100003128,0.0895600545330913,-0.101015254455221,-0.0895600545330917,0.0577925100003114,0.0129175440265713,0.03488713885231,0.0747793702421646,-0.097711536723116,-0.0984825911245441,0.0769176572385578,0.0379076919865396,0.00969979039562401,0.0551073468599866,-0.088016480608617,-0.100963354453999,0.0910115994473955,0.0604182874299178,-0.0161220240078234,0.0318307368245885,-0.0725642423878654,-0.0968400771125387,0.099152448006305,0.0789769061426096,-0.0408892924047426,0.00647206957435485,-0.0523655571955844,-0.0863824638005265,0.10080770778109,0.0923696237910087,-0.0629819809849954,-0.0193099375195806,-0.0287416265630637,-0.0702745498692693,0.0958691077764731,0.0997204190451688,-0.0809550009368723,-0.0438288763109424,-0.00323769826409224,-0.0495699583813193,0.0846596831715458,0.100548474373976,-0.0936327321021207,-0.0654809562971099,0.0224780087652137,-0.0256229823373519,0.0679126455002206,0.0947996264515518,-0.100185920612502,-0.0828499089952189,0.0467234230839498
0.0481528761718368,0.0846596831715473,-0.100691025262641,-0.0923696237910102,0.0617080608670364,0.0161220240078153,0.0333632234846333,0.0747793702421795,-0.0981096665225595,-0.0977115367231131,0.0736812709837393,0.0318307368245905,0.0177182567481933,0.0629819809849927,-0.0930131258732433,-0.100548474373977,0.0837655561208848,0.0467234230839598,0.00161905710673168,0.0495699583813183,-0.08553206043844,-0.100807707781089,0.0917023911765023,0.0604182874299157,-0.0145216493840533,0.0348871388523097,-0.0758582580522152,-0.0984825911245457,0.0972883040090953,0.0725642423878659,-0.0302900725808695,0.0193099375195805,-0.0642397205029665,-0.0936327321021173,0.100380091737624,0.0828499089952246,-0.0452819663562171,0.00323769826409276,-0.0509743056521098,-0.0863824638005244,0.100898491952615,0.0910115994473972,-0.0591129920272227,-0.012917544026574,-0.0364020914209564,-0.076917657238556,0.0988302147215984,0.0968400771125419,-0.0714285714285708,-0.0287416265630635,-0.0208966574058057,-0.0654809562971167,0.094228283295586,0.100185920612502,-0.0819129770319877,-0.0438288763109417,-0.00485550762957163,-0.0523655571955832,0.0872106747820378,0.100963354453999,-0.0902974260738772,-0.0577925100003136,0.0113101200435232,-0.0379076919865368,0.0779572956326327,0.0991524480063038,-0.096366971186704,-0.0702745498692682,0.0271857965799615,-0.0224780087652101,0.066705369483544,0.0947996264515464,-0.0999660108827976,-0.0809550009368726,0.0423645262591762,-0.00647206957435323,0.0537433555875355,0.0880164806086169,-0.101002278621516,-0.0895600545330908,0.0564571805921213,0.00969979039562479,0.0394035537476171,0.0789769061426099,-0.0994492081942232,-0.0958691077764735,0.069102474187789,0.0256229823373531,0.024053585335343,0.0679126455002175,-0.0953466147871413,-0.0997204190451693,0.0799762268219833,0.0408892924047443,0.0080869687900962,0.0551073468599877,-0.0887996742619782,-0.101015254455221,0.0887996742619775,0.0551073468599869,-0.00808696879009537,0.0408892924047444,-0.0799762268219828,-0.0997204190451712,0.0953466147871401,0.0679126455002187,-0.0240535853353448,0.0256229823373517,-0.0691024741877871,-0.0958691077764726,0.0994492081942236,0.0789769061426108,-0.0394035537476183,0.00969979039562431,-0.0564571805921208,-0.0895600545330899,0.101002278621516,0.0880164806086181,-0.0537433555875364,-0.00647206957435432,-0.0423645262591749,-0.0809550009368721,0.0999660108827984,0.0947996264515467,-0.0667053694835445,-0.0224780087652111,-0.0271857965799599,-0.0702745498692687,0.0963669711867022,0.0991524480063044,-0.0779572956326347,-0.0379076919865387,-0.0113101200435208,-0.057792510000312,0.0902974260738784,0.100963354453998,-0.0872106747820381,-0.0523655571955829,0.00485550762957081,-0.0438288763109435,0.0819129770319882,0.100185920612503,-0.094228283295586,-0.0654809562971154,0.0208966574058056,-0.0287416265630645,0.0714285714285719,0.0968400771125399,-0.0988302147215986,-0.0769176572385573,0.0364020914209584,-0.012917544026572,0.0591129920272191,0.0910115994473947,-0.100898491952616,-0.086382463800527,0.0509743056521095,0.00323769826409283,0.0452819663562171,0.0828499089952238,-0.100380091737626,-0.0936327321021173,0.0642397205029654,0.0193099375195788,0.0302900725808697,0.0725642423878653,-0.0972883040090958,-0.0984825911245434,0.0758582580522172,0.0348871388523086,0.0145216493840541,0.0604182874299179,-0.0917023911765046,-0.100807707781091,0.0855320604384382,0.0495699583813217,-0.00161905710673132,0.0467234230839617,-0.0837655561208889,-0.100548474373975,0.0930131258732431,0.0629819809849949,-0.0177182567481994,0.0318307368245863,-0.0736812709837408,-0.0977115367231164,0.0981096665225665,0.0747793702421576,-0.0333632234846368,0.0161220240078233,-0.0617080608670555,-0.0923696237910138,0.100691025262637,0.0846596831715384,-0.0481528761718193
0.0495699583813274,0.0863824638005297,-0.100963354454001,-0.0895600545330921,0.0551073468599706,0.00647206957434533,0.0438288763109422,0.0828499089952393,-0.100548474373972,-0.0923696237910055,0.0604182874299186,0.012917544026575,0.0379076919865331,0.0789769061426084,-0.0997204190451707,-0.0947996264515477,0.0654809562971129,0.0193099375195794,0.031830736824589,0.0747793702421612,-0.0984825911245462,-0.0968400771125372,0.0702745498692664,0.0256229823373506,0.0256229823373532,0.0702745498692683,-0.0968400771125349,-0.0984825911245458,0.0747793702421648,0.0318307368245883,0.0193099375195795,0.0654809562971159,-0.0947996264515476,-0.0997204190451701,0.0789769061426096,0.0379076919865389,0.0129175440265723,0.0604182874299186,-0.0923696237910096,-0.100548474373974,0.0828499089952231,0.0438288763109446,0.00647206957435211,0.0551073468599841,-0.0895600545330905,-0.100963354453998,0.0863824638005262,0.0495699583813241,-2.39465693504508e-16,0.0495699583813206,-0.0863824638005244,-0.100963354454001,0.0895600545330909,0.0551073468599869,-0.00647206957435279,0.0438288763109426,-0.082849908995224,-0.100548474373976,0.0923696237910085,0.060418287429918,-0.0129175440265725,0.0379076919865376,-0.0789769061426098,-0.0997204190451692,0.0947996264515474,0.0654809562971169,-0.0193099375195815,0.0318307368245857,-0.0747793702421647,-0.0984825911245438,0.0968400771125386,0.0702745498692697,-0.0256229823373533,0.0256229823373504,-0.0702745498692676,-0.0968400771125387,0.0984825911245442,0.0747793702421648,-0.0318307368245881,0.0193099375195802,-0.0654809562971162,-0.0947996264515455,0.0997204190451694,0.078976906142612,-0.0379076919865401,0.01291754402657,-0.0604182874299161,-0.0923696237910077,0.100548474373976,0.0828499089952245,-0.0438288763109437,0.00647206957435291,-0.055107346859987,-0.0895600545330907,0.100963354453998,0.0863824638005259,-0.0495699583813203,3.99074456719344e-16,-0.0495699583813207,-0.0863824638005263,0.100963354453998,0.0895600545330907,-0.0551073468599867,-0.00647206957435322,-0.0438288763109426,-0.0828499089952234,0.100548474373975,0.0923696237910103,-0.0604182874299175,-0.0129175440265724,-0.0379076919865384,-0.0789769061426098,0.0997204190451696,0.0947996264515472,-0.0654809562971162,-0.01930993751958,-0.0318307368245873,-0.0747793702421644,0.0984825911245442,0.0968400771125391,-0.0702745498692677,-0.0256229823373523,-0.0256229823373518,-0.070274549869268,0.0968400771125379,0.0984825911245443,-0.0747793702421649,-0.0318307368245877,-0.0193099375195796,-0.0654809562971154,0.0947996264515464,0.0997204190451692,-0.0789769061426112,-0.0379076919865383,-0.0129175440265725,-0.0604182874299175,0.0923696237910088,0.100548474373975,-0.0828499089952232,-0.0438288763109424,-0.00647206957435473,-0.0551073468599882,0.0895600545330916,0.100963354453999,-0.086382463800525,-0.0495699583813199,-8.25060826231382e-16,-0.0495699583813218,0.0863824638005256,0.100963354453998,-0.0895600545330912,-0.0551073468599873,0.00647206957435445,-0.043828876310942,0.082849908995223,0.100548474373976,-0.0923696237910087,-0.0604182874299179,0.0129175440265723,-0.0379076919865383,0.0789769061426109,0.0997204190451699,-0.094799626451546,-0.0654809562971145,0.0193099375195797,-0.0318307368245884,0.0747793702421659,0.0984825911245439,-0.0968400771125387,-0.0702745498692676,0.025622982337351,-0.0256229823373522,0.0702745498692684,0.096840077112539,-0.0984825911245441,-0.0747793702421655,0.0318307368245869,-0.019309937519581,0.0654809562971164,0.0947996264515469,-0.0997204190451702,-0.0789769061426105,0.0379076919865396,-0.0129175440265717,0.060418287429919,0.0923696237910091,-0.10054847437398,-0.0828499089952162,0.0438288763109476,-0.00647206957435368,0.0551073468599905,0.0895600545330964,-0.100963354453998,-0.0863824638005212,0.0495699583813097
0.0509743056521155,0.0880164806086215,-0.101002278621517,-0.0863824638005262,0.0481528761718135,-0.00323769826410062,0.0537433555875347,0.0895600545331066,-0.100898491952613,-0.0846596831715403,0.0452819663562194,-0.00647206957435056,0.0564571805921158,0.0910115994473934,-0.100691025262639,-0.0828499089952252,0.042364526259173,-0.00969979039562518,0.0591129920272222,0.0923696237910048,-0.100380091737628,-0.0809550009368706,0.0394035537476166,-0.0129175440265726,0.0617080608670551,0.0936327321021165,-0.0999660108827937,-0.078976906142612,0.0364020914209589,-0.0161220240078227,0.0642397205029646,0.0947996264515459,-0.0994492081942242,-0.0769176572385579,0.0333632234846326,-0.0193099375195805,0.0667053694835445,0.0958691077764736,-0.0988302147216,-0.074779370242164,0.030290072580869,-0.0224780087652097,0.0691024741877887,0.0968400771125356,-0.0981096665225633,-0.0725642423878656,0.0271857965799622,-0.0256229823373507,0.0714285714285703,0.0977115367231149,-0.0972883040090935,-0.0702745498692702,0.0240535853353444,-0.0287416265630641,0.0736812709837397,0.0984825911245428,-0.0963669711867024,-0.0679126455002194,0.0208966574058073,-0.0318307368245869,0.0758582580522165,0.099152448006305,-0.0953466147871422,-0.0654809562971172,0.0177182567482017,-0.0348871388523078,0.0779572956326346,0.099720419045168,-0.0942282832955871,-0.0629819809849953,0.0145216493840533,-0.0379076919865375,0.0799762268219808,0.100185920612502,-0.0930131258732431,-0.060418287429918,0.011310120043522,-0.0408892924047425,0.0819129770319877,0.100548474373975,-0.0917023911765055,-0.0577925100003119,0.00808696879009666,-0.0438288763109414,0.0837655561208879,0.100807707781091,-0.0902974260738784,-0.0551073468599883,0.00485550762957293,-0.0467234230839596,0.0855320604384384,0.100963354453998,-0.088799674261979,-0.0523655571955839,0.00161905710673139,-0.0495699583813212,0.0872106747820385,0.101015254455221,-0.0872106747820378,-0.0495699583813204,-0.00161905710673217,-0.0523655571955838,0.0887996742619784,0.100963354454,-0.0855320604384374,-0.0467234230839611,-0.00485550762957065,-0.0551073468599875,0.0902974260738769,0.100807707781091,-0.083765556120889,-0.0438288763109436,-0.00808696879009537,-0.0577925100003121,0.091702391176505,0.100548474373974,-0.0819129770319885,-0.0408892924047443,-0.0113101200435209,-0.0604182874299171,0.093013125873242,0.100185920612503,-0.079976226821983,-0.0379076919865394,-0.0145216493840523,-0.062981980984995,0.0942282832955858,0.0997204190451704,-0.0779572956326346,-0.0348871388523098,-0.0177182567481987,-0.0654809562971157,0.0953466147871415,0.0991524480063043,-0.0758582580522176,-0.0318307368245871,-0.0208966574058072,-0.0679126455002188,0.0963669711867023,0.0984825911245445,-0.073681270983738,-0.0287416265630629,-0.0240535853353452,-0.0702745498692696,0.0972883040090948,0.0977115367231152,-0.0714285714285707,-0.025622982337352,-0.0271857965799612,-0.0725642423878648,0.0981096665225625,0.0968400771125387,-0.0691024741877888,-0.0224780087652113,-0.0302900725808681,-0.0747793702421645,0.0988302147215991,0.0958691077764726,-0.0667053694835447,-0.0193099375195807,-0.0333632234846328,-0.0769176572385578,0.0994492081942228,0.0947996264515454,-0.0642397205029652,-0.0161220240078221,-0.0364020914209602,-0.0789769061426108,0.0999660108827987,0.0936327321021164,-0.0617080608670521,-0.012917544026572,-0.0394035537476182,-0.0809550009368723,0.100380091737625,0.0923696237910097,-0.0591129920272186,-0.00969979039562405,-0.0423645262591757,-0.0828499089952252,0.100691025262638,0.091011599447395,-0.0564571805921223,-0.00647206957435297,-0.0452819663562187,-0.0846596831715441,0.100898491952621,0.0895600545330827,-0.0537433555875418,-0.00323769826409194,-0.048152876171834,-0.086382463800531,0.101002278621516,0.0880164806086133,-0.0509743056520974
0.0523655571955903,0.0895600545330947,-0.100807707781092,-0.0828499089952233,0.0408892924047263,-0.0129175440265806,0.0629819809849926,0.0947996264515615,-0.0991524480063003,-0.0747793702421611,0.0287416265630656,-0.0256229823373493,0.0725642423878603,0.0984825911245429,-0.0958691077764738,-0.065480956297117,0.0161220240078219,-0.0379076919865389,0.0809550009368758,0.100548474373972,-0.0910115994473967,-0.0551073468599861,0.0032376982640917,-0.049569958381321,0.0880164806086206,0.100963354453998,-0.084659683171539,-0.0438288763109436,-0.00969979039562454,-0.0604182874299173,0.0936327321021159,0.0997204190451687,-0.0769176572385582,-0.0318307368245871,-0.02247800876521,-0.070274549869269,0.0977115367231153,0.0968400771125392,-0.0679126455002187,-0.0193099375195808,-0.0348871388523088,-0.078976906142611,0.100185920612505,0.0923696237910071,-0.0577925100003144,-0.00647206957435571,-0.0467234230839592,-0.0863824638005269,0.10101525445522,0.086382463800525,-0.0467234230839608,0.0064720695743531,-0.0577925100003118,-0.0923696237910084,0.100185920612503,0.0789769061426091,-0.0348871388523095,0.0193099375195797,-0.0679126455002176,-0.0968400771125388,0.097711536723115,0.0702745498692698,-0.0224780087652127,0.0318307368245854,-0.0769176572385561,-0.0997204190451688,0.0936327321021184,0.0604182874299176,-0.00969979039562524,0.0438288763109425,-0.084659683171543,-0.100963354453999,0.0880164806086177,0.0495699583813222,0.00323769826409097,0.0551073468599873,-0.0910115994473947,-0.100548474373975,0.0809550009368725,0.0379076919865384,0.0161220240078234,0.0654809562971151,-0.095869107776472,-0.0984825911245448,0.0725642423878657,0.025622982337354,0.0287416265630619,0.0747793702421631,-0.0991524480063045,-0.0947996264515465,0.0629819809849962,0.0129175440265727,0.0408892924047428,0.0828499089952231,-0.10080770778109,-0.0895600545330912,0.0523655571955827,-2.14567811403102e-16,0.0523655571955828,0.0895600545330913,-0.10080770778109,-0.0828499089952233,0.0408892924047429,-0.0129175440265725,0.0629819809849948,0.094799626451546,-0.0991524480063044,-0.0747793702421662,0.028741626563064,-0.0256229823373516,0.0725642423878645,0.0984825911245435,-0.0958691077764728,-0.0654809562971166,0.0161220240078237,-0.0379076919865381,0.0809550009368721,0.100548474373976,-0.0910115994473952,-0.0551073468599881,0.00323769826409197,-0.0495699583813209,0.0880164806086177,0.100963354453999,-0.084659683171543,-0.0438288763109434,-0.00969979039562373,-0.0604182874299177,0.0936327321021165,0.0997204190451693,-0.0769176572385582,-0.0318307368245873,-0.0224780087652103,-0.0702745498692681,0.0977115367231162,0.0968400771125384,-0.0679126455002182,-0.0193099375195798,-0.0348871388523101,-0.0789769061426114,0.100185920612502,0.092369623791008,-0.0577925100003115,-0.00647206957435253,-0.0467234230839616,-0.0863824638005261,0.101015254455221,0.0863824638005264,-0.0467234230839601,0.00647206957435418,-0.0577925100003124,-0.0923696237910084,0.100185920612503,0.0789769061426109,-0.0348871388523102,0.0193099375195796,-0.067912645500218,-0.0968400771125383,0.0977115367231156,0.0702745498692688,-0.0224780087652109,0.0318307368245871,-0.0769176572385573,-0.0997204190451695,0.093632732102117,0.0604182874299162,-0.00969979039562311,0.0438288763109435,-0.0846596831715445,-0.100963354453999,0.0880164806086173,0.0495699583813214,0.00323769826409294,0.0551073468599879,-0.0910115994473948,-0.100548474373977,0.080955000936871,0.037907691986538,0.0161220240078239,0.0654809562971177,-0.0958691077764732,-0.098482591124544,0.0725642423878664,0.0256229823373505,0.0287416265630642,0.0747793702421652,-0.0991524480063096,-0.0947996264515373,0.0629819809850014,0.0129175440265717,0.0408892924047477,0.082849908995229,-0.100807707781092,-0.0895600545330871,0.052365557195572
0.0537433555875436,0.0910115994473986,-0.100380091737626,-0.0789769061426092,0.0333632234846152,-0.0224780087652194,0.0714285714285676,0.0984825911245588,-0.0953466147871362,-0.0629819809849917,0.0113101200435232,-0.0438288763109404,0.0855320604384348,0.10101525445522,-0.0855320604384394,-0.0438288763109437,-0.0113101200435217,-0.0629819809849951,0.0953466147871454,0.0984825911245406,-0.071428571428572,-0.0224780087652093,-0.0333632234846323,-0.07897690614261,0.100380091737629,0.0910115994473945,-0.0537433555875328,7.04482207988058e-17,-0.0537433555875364,-0.0910115994473956,0.100380091737625,0.0789769061426094,-0.0333632234846324,0.0224780087652112,-0.0714285714285702,-0.0984825911245451,0.0953466147871403,0.0629819809849949,-0.0113101200435203,0.0438288763109417,-0.0855320604384372,-0.101015254455222,0.0855320604384417,0.0438288763109437,0.0113101200435191,0.0629819809849934,-0.0953466147871402,-0.0984825911245473,0.0714285714285705,0.02247800876521,0.033363223484632,0.0789769061426118,-0.100380091737625,-0.0910115994473947,0.0537433555875356,-5.7170484827897e-16,0.0537433555875365,0.0910115994473954,-0.100380091737626,-0.0789769061426111,0.0333632234846333,-0.0224780087652092,0.0714285714285701,0.0984825911245436,-0.0953466147871421,-0.0629819809849963,0.0113101200435223,-0.0438288763109411,0.0855320604384388,0.101015254455221,-0.0855320604384384,-0.0438288763109444,-0.0113101200435197,-0.0629819809849939,0.0953466147871409,0.0984825911245446,-0.0714285714285718,-0.0224780087652113,-0.0333632234846326,-0.0789769061426106,0.100380091737627,0.0910115994473947,-0.0537433555875365,-1.6651061664079e-15,-0.0537433555875355,-0.091011599447395,0.100380091737626,0.0789769061426111,-0.0333632234846344,0.0224780087652093,-0.0714285714285712,-0.0984825911245438,0.0953466147871421,0.062981980984996,-0.011310120043521,0.0438288763109431,-0.0855320604384387,-0.101015254455221,0.085532060438438,0.0438288763109424,0.0113101200435216,0.0629819809849957,-0.0953466147871413,-0.0984825911245455,0.0714285714285705,0.022478008765211,0.033363223484632,0.0789769061426111,-0.100380091737625,-0.0910115994473955,0.0537433555875369,1.05449369918993e-15,0.0537433555875355,0.0910115994473955,-0.100380091737626,-0.0789769061426098,0.0333632234846335,-0.02247800876521,0.071428571428571,0.0984825911245443,-0.0953466147871405,-0.0629819809849957,0.0113101200435218,-0.0438288763109422,0.0855320604384376,0.101015254455221,-0.0855320604384389,-0.0438288763109433,-0.0113101200435205,-0.0629819809849949,0.0953466147871414,0.0984825911245441,-0.0714285714285719,-0.0224780087652102,-0.0333632234846338,-0.0789769061426107,0.100380091737626,0.0910115994473951,-0.0537433555875357,6.44867716646553e-16,-0.0537433555875371,-0.0910115994473956,0.100380091737626,0.0789769061426102,-0.0333632234846319,0.0224780087652114,-0.0714285714285717,-0.0984825911245453,0.0953466147871405,0.0629819809849949,-0.0113101200435211,0.0438288763109429,-0.0855320604384383,-0.101015254455221,0.0855320604384387,0.0438288763109441,0.0113101200435202,0.0629819809849944,-0.0953466147871407,-0.0984825911245446,0.0714285714285719,0.0224780087652111,0.0333632234846325,0.0789769061426115,-0.100380091737627,-0.0910115994473945,0.0537433555875352,-1.01366712923077e-15,0.0537433555875379,0.091011599447396,-0.100380091737626,-0.0789769061426112,0.0333632234846318,-0.0224780087652109,0.0714285714285709,0.0984825911245455,-0.0953466147871401,-0.0629819809849948,0.0113101200435206,-0.0438288763109452,0.0855320604384387,0.101015254455221,-0.0855320604384404,-0.0438288763109404,-0.011310120043521,-0.0629819809849961,0.0953466147871462,0.0984825911245348,-0.071428571428578,-0.0224780087652103,-0.0333632234846373,-0.0789769061426157,0.100380091737627,0.0910115994473916,-0.0537433555875251
0.0551073468599948,0.0923696237910113,-0.0997204190451682,-0.0747793702421619,0.0256229823373343,-0.0318307368245962,0.0789769061426059,0.100548474373989,-0.0895600545330855,-0.0495699583813171,-0.00647206957435161,-0.0604182874299155,0.0947996264515438,0.0984825911245437,-0.070274549869269,-0.0193099375195805,-0.0379076919865385,-0.0828499089952234,0.100963354454003,0.0863824638005224,-0.0438288763109424,0.0129175440265729,-0.0654809562971146,-0.0968400771125373,0.0968400771125415,0.0654809562971148,-0.0129175440265695,0.0438288763109438,-0.0863824638005261,-0.100963354453999,0.0828499089952233,0.0379076919865372,0.0193099375195815,0.0702745498692692,-0.0984825911245427,-0.094799626451547,0.0604182874299164,0.00647206957435264,0.0495699583813224,0.0895600545330897,-0.100548474373974,-0.0789769061426124,0.0318307368245898,-0.0256229823373494,0.0747793702421634,0.0997204190451686,-0.0923696237910084,-0.0551073468599904,-9.38218354011148e-17,-0.0551073468599874,0.092369623791007,0.0997204190451716,-0.0747793702421639,-0.0256229823373511,-0.0318307368245888,-0.07897690614261,0.100548474373975,0.0895600545330918,-0.0495699583813212,0.00647206957435366,-0.0604182874299165,-0.0947996264515465,0.0984825911245452,0.0702745498692695,-0.0193099375195826,0.0379076919865371,-0.0828499089952246,-0.100963354453997,0.0863824638005269,0.0438288763109429,0.0129175440265716,0.0654809562971154,-0.0968400771125379,-0.096840077112539,0.0654809562971169,0.0129175440265724,0.043828876310942,0.086382463800525,-0.100963354453999,-0.0828499089952236,0.0379076919865391,-0.0193099375195797,0.0702745498692677,0.0984825911245442,-0.094799626451547,-0.0604182874299192,0.00647206957435545,-0.0495699583813195,0.0895600545330905,0.100548474373975,-0.0789769061426115,-0.031830736824588,-0.0256229823373512,-0.0747793702421638,0.0997204190451691,0.0923696237910086,-0.0551073468599868,4.17762033039564e-16,-0.0551073468599872,-0.0923696237910089,0.0997204190451693,0.0747793702421639,-0.0256229823373512,0.0318307368245885,-0.0789769061426103,-0.100548474373975,0.0895600545330911,0.0495699583813226,0.00647206957435322,0.0604182874299172,-0.0947996264515466,-0.098482591124544,0.0702745498692689,0.0193099375195809,0.0379076919865386,0.0828499089952229,-0.100963354453999,-0.0863824638005263,0.043828876310943,-0.0129175440265711,0.0654809562971154,0.0968400771125389,-0.0968400771125392,-0.0654809562971164,0.0129175440265722,-0.0438288763109424,0.0863824638005252,0.100963354453999,-0.082849908995224,-0.0379076919865387,-0.01930993751958,-0.0702745498692681,0.0984825911245447,0.0947996264515459,-0.060418287429917,-0.00647206957435345,-0.0495699583813217,-0.0895600545330913,0.100548474373975,0.0789769061426106,-0.0318307368245862,0.025622982337353,-0.074779370242165,-0.0997204190451702,0.0923696237910077,0.0551073468599864,8.0698400841088e-16,0.0551073468599883,-0.092369623791008,-0.0997204190451691,0.0747793702421644,0.025622982337352,0.0318307368245866,0.0789769061426096,-0.100548474373975,-0.0895600545330923,0.0495699583813219,-0.00647206957435267,0.0604182874299167,0.0947996264515463,-0.0984825911245447,-0.070274549869269,0.0193099375195806,-0.0379076919865399,0.0828499089952247,0.100963354453999,-0.0863824638005258,-0.0438288763109419,-0.0129175440265733,-0.0654809562971169,0.0968400771125396,0.0968400771125395,-0.0654809562971148,-0.0129175440265716,-0.0438288763109424,-0.0863824638005271,0.100963354453998,0.0828499089952237,-0.0379076919865382,0.019309937519583,-0.0702745498692687,-0.0984825911245442,0.0947996264515487,0.0604182874299143,-0.00647206957435439,0.0495699583813219,-0.0895600545330962,-0.100548474373966,0.0789769061426178,0.031830736824587,0.0256229823373569,0.0747793702421693,-0.0997204190451716,-0.092369623791005,0.0551073468599763
0.0564571805921282,0.093632732102119,-0.0988302147215963,-0.0702745498692647,0.017718256748181,-0.0408892924047524,0.0855320604384325,0.100963354454011,-0.0819129770319818,-0.0348871388523056,-0.0240535853353424,-0.0747793702421632,0.0999660108827967,0.0910115994473954,-0.0509743056521091,0.00647206957435406,-0.0617080608670521,-0.0958691077764722,0.0972883040090988,0.0654809562971132,-0.0113101200435196,0.0467234230839619,-0.0887996742619765,-0.100548474373974,0.0779572956326362,0.0287416265630624,0.0302900725808697,0.0789769061426124,-0.100691025262638,-0.0880164806086183,0.0452819663562172,-0.0129175440265732,0.0667053694835462,0.0977115367231165,-0.0953466147871397,-0.0604182874299176,0.00485550762957043,-0.0523655571955846,0.0917023911765062,0.0997204190451685,-0.0736812709837381,-0.0224780087652118,-0.036402091420958,-0.0828499089952206,0.101002278621516,0.0846596831715439,-0.0394035537476188,0.0193099375195788,-0.0714285714285707,-0.0991524480063043,0.0930131258732417,0.0551073468599892,0.00161905710673161,0.0577925100003129,-0.0942282832955873,-0.0984825911245429,0.069102474187788,0.0161220240078241,0.0423645262591745,0.0863824638005262,-0.100898491952616,-0.0809550009368735,0.0333632234846351,-0.0256229823373503,0.0758582580522162,0.100185920612502,-0.0902974260738794,-0.0495699583813214,-0.00808696879009576,-0.0629819809849948,0.0963669711867022,0.0968400771125397,-0.0642397205029661,-0.00969979039562637,-0.0481528761718295,-0.0895600545330909,0.100380091737626,0.0769176572385579,-0.0271857965799614,0.0318307368245875,-0.0799762268219828,-0.10080770778109,0.0872106747820382,0.0438288763109445,0.0145216493840518,0.0679126455002176,-0.0981096665225617,-0.0947996264515464,0.0591129920272207,0.00323769826409323,0.053743355587536,0.0923696237910077,-0.0994492081942241,-0.0725642423878652,0.0208966574058064,-0.0379076919865388,0.0837655561208886,0.101015254455221,-0.083765556120888,-0.0379076919865382,-0.0208966574058069,-0.0725642423878648,0.0994492081942231,0.0923696237910093,-0.0537433555875356,0.0032376982640914,-0.0591129920272182,-0.0947996264515471,0.0981096665225614,0.0679126455002189,-0.0145216493840535,0.0438288763109416,-0.0872106747820378,-0.100807707781091,0.0799762268219826,0.0318307368245871,0.0271857965799605,0.0769176572385576,-0.100380091737626,-0.0895600545330917,0.0481528761718302,-0.00969979039562456,0.0642397205029652,0.0968400771125387,-0.0963669711867022,-0.0629819809849959,0.00808696879009715,-0.0495699583813213,0.0902974260738775,0.100185920612502,-0.0758582580522184,-0.0256229823373522,-0.0333632234846327,-0.0809550009368717,0.100898491952617,0.0863824638005256,-0.0423645262591747,0.0161220240078238,-0.0691024741877882,-0.0984825911245447,0.0942282832955854,0.0577925100003113,-0.00161905710673066,0.0551073468599885,-0.0930131258732425,-0.099152448006304,0.0714285714285705,0.01930993751958,0.0394035537476177,0.084659683171543,-0.101002278621515,-0.0828499089952236,0.0364020914209594,-0.0224780087652094,0.0736812709837376,0.09972041904517,-0.0917023911765053,-0.0523655571955841,-0.0048555076295705,-0.060418287429917,0.0953466147871415,0.0977115367231164,-0.0667053694835447,-0.0129175440265705,-0.0452819663562183,-0.0880164806086181,0.100691025262638,0.0789769061426099,-0.030290072580868,0.0287416265630648,-0.0779572956326355,-0.100548474373976,0.0887996742619772,0.0467234230839609,0.0113101200435208,0.0654809562971168,-0.097288304009094,-0.0958691077764729,0.0617080608670527,0.00647206957435068,0.0509743056521091,0.0910115994473954,-0.0999660108828006,-0.0747793702421607,0.0240535853353455,-0.0348871388523109,0.0819129770319929,0.100963354453989,-0.085532060438446,-0.0408892924047433,-0.0177182567482044,-0.0702745498692734,0.0988302147216019,0.0936327321021137,-0.0564571805921097
0.0577925100003193,0.0947996264515476,-0.0977115367231111,-0.0654809562971108,0.0096997903956066,-0.0495699583813295,0.0910115994473883,0.0997204190451799,-0.0725642423878581,-0.0193099375195759,-0.0408892924047421,-0.0863824638005255,0.100807707781091,0.0789769061426113,-0.0287416265630636,0.0318307368245884,-0.080955000936871,-0.100963354453998,0.0846596831715468,0.037907691986537,0.022478008765213,0.0747793702421653,-0.100185920612501,-0.0895600545330891,0.0467234230839617,-0.012917544026573,0.0679126455002176,0.0984825911245464,-0.0936327321021173,-0.0551073468599881,-0.00323769826409212,-0.0604182874299182,0.095869107776474,0.096840077112539,-0.0629819809849942,-0.00647206957435337,-0.0523655571955835,-0.0923696237910094,0.0991524480063053,0.070274549869268,-0.0161220240078236,0.0438288763109423,-0.0880164806086192,-0.100548474373973,0.0769176572385596,0.0256229823373539,0.0348871388523079,0.0828499089952246,-0.10101525445522,-0.0828499089952232,0.0348871388523099,-0.0256229823373517,0.0769176572385573,0.100548474373975,-0.0880164806086177,-0.0438288763109419,-0.0161220240078234,-0.0702745498692682,0.0991524480063042,0.0923696237910088,-0.0523655571955835,0.00647206957435222,-0.0629819809849939,-0.0968400771125381,0.0958691077764735,0.0604182874299184,-0.00323769826409292,0.0551073468599856,-0.0936327321021176,-0.0984825911245441,0.0679126455002187,0.0129175440265732,0.0467234230839594,0.0895600545330902,-0.100185920612503,-0.074779370242165,0.0224780087652114,-0.0379076919865377,0.0846596831715433,0.100963354453998,-0.0809550009368727,-0.0318307368245874,-0.0287416265630631,-0.0789769061426098,0.100807707781091,0.0863824638005271,-0.0408892924047452,0.0193099375195789,-0.0725642423878637,-0.0997204190451692,0.091011599447396,0.0495699583813215,0.00969979039562376,0.0654809562971151,-0.0977115367231153,-0.0947996264515466,0.0577925100003115,-3.91875451946774e-16,0.0577925100003119,0.0947996264515468,-0.0977115367231155,-0.0654809562971155,0.009699790395624,-0.0495699583813223,0.0910115994473947,0.0997204190451697,-0.0725642423878651,-0.0193099375195818,-0.0408892924047428,-0.0863824638005257,0.100807707781091,0.0789769061426111,-0.0287416265630646,0.0318307368245869,-0.0809550009368721,-0.100963354453997,0.0846596831715439,0.0379076919865393,0.0224780087652103,0.0747793702421641,-0.100185920612502,-0.0895600545330914,0.0467234230839613,-0.0129175440265713,0.067912645500218,0.0984825911245443,-0.093632732102117,-0.0551073468599877,-0.00323769826409155,-0.0604182874299172,0.095869107776473,0.0968400771125386,-0.0629819809849958,-0.00647206957435341,-0.0523655571955842,-0.0923696237910084,0.0991524480063048,0.0702745498692681,-0.0161220240078227,0.0438288763109436,-0.0880164806086179,-0.100548474373975,0.0769176572385573,0.0256229823373511,0.0348871388523103,0.082849908995224,-0.101015254455221,-0.0828499089952246,0.0348871388523092,-0.0256229823373521,0.0769176572385578,0.100548474373975,-0.0880164806086184,-0.0438288763109438,-0.0161220240078222,-0.0702745498692681,0.0991524480063045,0.0923696237910088,-0.0523655571955839,0.00647206957435293,-0.0629819809849951,-0.096840077112539,0.0958691077764726,0.0604182874299164,-0.00323769826409179,0.0551073468599883,-0.0936327321021182,-0.0984825911245439,0.0679126455002182,0.0129175440265709,0.0467234230839622,0.0895600545330919,-0.100185920612502,-0.0747793702421647,0.0224780087652109,-0.0379076919865393,0.0846596831715428,0.100963354453999,-0.0809550009368719,-0.0318307368245842,-0.0287416265630639,-0.0789769061426109,0.100807707781093,0.0863824638005218,-0.0408892924047453,0.0193099375195815,-0.0725642423878696,-0.0997204190451601,0.0910115994474032,0.0495699583813204,0.00969979039563059,0.0654809562971206,-0.0977115367231191,-0.0947996264515438,0.0577925100003011
0.0591129920272264,0.0958691077764732,-0.0963669711866964,-0.0604182874299111,0.00161905710671331,-0.0577925100003205,0.0953466147871334,0.0968400771125473,-0.0617080608670461,-0.00323769826408751,-0.0564571805921198,-0.0947996264515469,0.0972883040090963,0.0629819809849966,-0.00485550762957103,0.0551073468599891,-0.0942282832955848,-0.0977115367231157,0.0642397205029681,0.0064720695743534,0.0537433555875393,0.0936327321021173,-0.0981096665225607,-0.0654809562971142,0.00808696879009593,-0.0523655571955839,0.0930131258732399,0.0984825911245464,-0.066705369483545,-0.00969979039562535,-0.0509743056521083,-0.0923696237910082,0.0988302147215999,0.0679126455002182,-0.0113101200435208,0.0495699583813217,-0.0917023911765044,-0.0991524480063049,0.0691024741877876,0.0129175440265721,0.0481528761718298,0.0910115994473959,-0.0994492081942261,-0.0702745498692677,0.0145216493840548,-0.046723423083959,0.0902974260738764,0.0997204190451721,-0.0714285714285701,-0.0161220240078226,-0.0452819663562168,-0.0895600545330924,0.0999660108827972,0.0725642423878635,-0.0177182567481976,0.0438288763109428,-0.088799674261978,-0.100185920612503,0.0736812709837387,0.0193099375195803,0.0423645262591743,0.0880164806086173,-0.100380091737626,-0.0747793702421653,0.0208966574058091,-0.040889292404742,0.087210674782039,0.100548474373974,-0.0758582580522189,-0.0224780087652109,-0.0394035537476172,-0.0863824638005255,0.100691025262637,0.0769176572385588,-0.0240535853353458,0.0379076919865381,-0.0855320604384377,-0.10080770778109,0.0779572956326349,0.0256229823373519,0.0364020914209586,0.0846596831715424,-0.100898491952616,-0.078976906142612,0.0271857965799621,-0.0348871388523081,0.0837655561208874,0.100963354453998,-0.0799762268219835,-0.0287416265630649,-0.0333632234846324,-0.082849908995223,0.101002278621516,0.0809550009368725,-0.0302900725808688,0.0318307368245873,-0.0819129770319878,-0.101015254455221,0.0819129770319874,0.0318307368245869,0.0302900725808691,0.0809550009368719,-0.101002278621515,-0.0828499089952244,0.0333632234846323,-0.028741626563063,0.0799762268219812,0.100963354454,-0.0837655561208878,-0.0348871388523101,-0.0271857965799603,-0.0789769061426095,0.100898491952616,0.0846596831715441,-0.0364020914209588,0.0256229823373517,-0.0779572956326343,-0.100807707781091,0.0855320604384385,0.0379076919865396,0.0240535853353441,0.0769176572385578,-0.100691025262638,-0.0863824638005263,0.0394035537476179,-0.0224780087652099,0.0758582580522169,0.100548474373976,-0.0872106747820385,-0.0408892924047437,-0.0208966574058063,-0.0747793702421641,0.100380091737626,0.088016480608617,-0.0423645262591745,0.0193099375195804,-0.0736812709837393,-0.100185920612502,0.0887996742619774,0.0438288763109425,0.0177182567481999,0.0725642423878651,-0.099966010882798,-0.0895600545330908,0.0452819663562167,-0.0161220240078242,0.0714285714285716,0.0997204190451705,-0.090297426073877,-0.0467234230839605,-0.0145216493840528,-0.0702745498692682,0.0994492081942234,0.0910115994473955,-0.0481528761718314,0.0129175440265708,-0.0691024741877873,-0.0991524480063044,0.0917023911765051,0.0495699583813218,0.0113101200435206,0.0679126455002185,-0.0988302147215992,-0.0923696237910079,0.0509743056521088,-0.00969979039562591,0.0667053694835464,0.0984825911245443,-0.0930131258732429,-0.0523655571955826,-0.00808696879009748,-0.0654809562971164,0.0981096665225622,0.0936327321021172,-0.0537433555875365,0.0064720695743539,-0.0642397205029651,-0.0977115367231166,0.0942282832955863,0.0551073468599846,0.00485550762957152,0.0629819809849957,-0.0972883040090975,-0.094799626451542,0.0564571805921229,-0.00323769826409336,0.0617080608670577,0.0968400771125294,-0.0953466147871494,-0.0577925100003116,-0.00161905710673778,-0.0604182874299222,0.0963669711867065,0.0958691077764705,-0.0591129920272084
0.0604182874299244,0.0968400771125385,-0.0947996264515386,-0.05510734685998,-0.00647206957437164,-0.0654809562971237,0.0984825911245355,0.092369623791015,-0.0495699583813142,0.0129175440265761,-0.0702745498692675,-0.0997204190451709,0.089560054533094,0.0438288763109448,0.0193099375195807,0.0747793702421665,-0.100548474373974,-0.086382463800526,0.0379076919865402,-0.0256229823373512,0.078976906142614,0.100963354453999,-0.0828499089952228,-0.031830736824586,-0.0318307368245887,-0.0828499089952242,0.100963354453995,0.0789769061426125,-0.0256229823373525,0.0379076919865384,-0.0863824638005252,-0.100548474373975,0.0747793702421643,0.0193099375195794,0.0438288763109425,0.0895600545330921,-0.0997204190451687,-0.0702745498692677,0.0129175440265704,-0.0495699583813201,0.0923696237910073,0.0984825911245457,-0.0654809562971185,-0.00647206957435504,-0.0551073468599865,-0.0947996264515453,0.0968400771125384,0.0604182874299201,7.05927494163261e-16,0.0604182874299179,-0.0968400771125377,-0.0947996264515483,0.0551073468599867,-0.00647206957435513,0.0654809562971177,0.0984825911245432,-0.0923696237910083,-0.0495699583813215,-0.0129175440265714,-0.0702745498692687,0.0997204190451687,0.0895600545330922,-0.0438288763109447,0.0193099375195787,-0.0747793702421627,-0.100548474373975,0.0863824638005272,0.0379076919865391,0.0256229823373521,0.0789769061426102,-0.100963354453998,-0.0828499089952248,0.0318307368245881,-0.0318307368245858,0.0828499089952233,0.100963354453999,-0.0789769061426107,-0.0256229823373526,-0.0379076919865384,-0.0863824638005257,0.100548474373976,0.0747793702421638,-0.0193099375195805,0.0438288763109415,-0.0895600545330907,-0.0997204190451701,0.0702745498692693,0.0129175440265729,0.0495699583813197,0.0923696237910077,-0.0984825911245447,-0.0654809562971162,0.00647206957435478,-0.0551073468599867,0.0947996264515459,0.0968400771125391,-0.0604182874299169,2.88704422779697e-16,-0.060418287429917,-0.0968400771125392,0.0947996264515462,0.0551073468599873,0.00647206957435423,0.0654809562971172,-0.0984825911245436,-0.0923696237910088,0.0495699583813219,-0.0129175440265705,0.0702745498692673,0.0997204190451698,-0.0895600545330919,-0.0438288763109438,-0.0193099375195793,-0.0747793702421644,0.100548474373976,0.0863824638005249,-0.0379076919865393,0.0256229823373518,-0.0789769061426107,-0.100963354453999,0.0828499089952233,0.0318307368245875,0.0318307368245871,0.0828499089952238,-0.100963354453998,-0.0789769061426113,0.025622982337353,-0.037907691986539,0.0863824638005256,0.100548474373975,-0.0747793702421649,-0.0193099375195804,-0.0438288763109427,-0.0895600545330907,0.0997204190451697,0.0702745498692681,-0.0129175440265712,0.0495699583813211,-0.0923696237910082,-0.0984825911245444,0.0654809562971149,0.00647206957435285,0.055107346859988,0.094799626451547,-0.0968400771125381,-0.0604182874299165,-6.94401779147741e-16,-0.0604182874299182,0.0968400771125381,0.0947996264515459,-0.0551073468599876,0.00647206957435372,-0.0654809562971154,-0.0984825911245439,0.0923696237910085,0.0495699583813223,0.0129175440265708,0.0702745498692676,-0.0997204190451695,-0.0895600545330918,0.0438288763109435,-0.0193099375195799,0.0747793702421642,0.100548474373976,-0.0863824638005263,-0.0379076919865375,-0.0256229823373541,-0.0789769061426112,0.100963354454,0.0828499089952236,-0.0318307368245861,0.0318307368245877,-0.0828499089952244,-0.100963354453999,0.0789769061426108,0.0256229823373523,0.0379076919865389,0.086382463800527,-0.100548474373976,-0.0747793702421618,0.0193099375195802,-0.0438288763109435,0.0895600545330937,0.0997204190451652,-0.0702745498692708,-0.0129175440265704,-0.0495699583813256,-0.0923696237909996,0.0984825911245527,0.0654809562971153,-0.00647206957434703,0.0551073468599922,-0.0947996264515512,-0.0968400771125373,0.0604182874299067
0.0617080608670598,0.0977115367231149,-0.0930131258732335,-0.0495699583813125,-0.0145216493840705,-0.0725642423878719,0.100380091737617,0.0863824638005305,-0.036402091420952,0.0287416265630677,-0.0819129770319874,-0.100963354454001,0.0779572956326386,0.0224780087652131,0.0423645262591758,0.0895600545330935,-0.0994492081942218,-0.067912645500219,0.00808696879009647,-0.0551073468599854,0.0953466147871445,0.0958691077764725,-0.0564571805921204,0.00647206957435445,-0.0667053694835471,-0.0991524480063049,0.0902974260738742,0.0438288763109442,0.0208966574058064,0.0769176572385581,-0.100898491952616,-0.0828499089952226,0.0302900725808682,-0.0348871388523107,0.0855320604384375,0.100548474373977,-0.073681270983738,-0.0161220240078223,-0.0481528761718323,-0.0923696237910075,0.0981096665225615,0.0629819809849971,-0.00161905710673306,0.0604182874299146,-0.0972883040090953,-0.0936327321021174,0.0509743056521097,-0.0129175440265703,0.071428571428571,0.100185920612502,-0.0872106747820379,-0.0379076919865402,-0.027185796579961,-0.0809550009368728,0.101002278621516,0.0789769061426095,-0.0240535853353442,0.0408892924047435,-0.0887996742619777,-0.0997204190451702,0.069102474187788,0.00969979039562618,0.053743355587535,0.0947996264515457,-0.0963669711867034,-0.0577925100003131,-0.0048555076295707,-0.0654809562971141,0.0988302147216002,0.0910115994473952,-0.0452819663562179,0.0193099375195791,-0.0758582580522166,-0.100807707781091,0.0837655561208892,0.0318307368245878,0.033363223484632,0.0846596831715425,-0.100691025262638,-0.0747793702421641,0.0177182567481992,-0.0467234230839604,0.0917023911765045,0.098482591124545,-0.0642397205029665,-0.00323769826409378,-0.059112992027218,-0.0968400771125381,0.0942282832955871,0.0523655571955844,0.0113101200435204,0.0702745498692675,-0.0999660108827986,-0.0880164806086182,0.0394035537476176,-0.025622982337352,0.0799762268219823,0.101015254455221,-0.0799762268219821,-0.0256229823373518,-0.0394035537476177,-0.0880164806086175,0.0999660108827975,0.0702745498692687,-0.0113101200435208,0.0523655571955826,-0.0942282832955854,-0.0968400771125405,0.0591129920272192,-0.00323769826409164,0.0642397205029653,0.0984825911245435,-0.0917023911765051,-0.0467234230839616,-0.0177182567481989,-0.0747793702421636,0.100691025262638,0.0846596831715437,-0.033363223484633,0.0318307368245868,-0.0837655561208879,-0.100807707781091,0.0758582580522181,0.0193099375195806,0.0452819663562174,0.0910115994473953,-0.0988302147215994,-0.0654809562971161,0.00485550762957169,-0.0577925100003121,0.096366971186703,0.0947996264515462,-0.0537433555875369,0.00969979039562494,-0.0691024741877889,-0.0997204190451694,0.0887996742619779,0.0408892924047434,0.0240535853353447,0.0789769061426112,-0.101002278621515,-0.0809550009368713,0.0271857965799601,-0.0379076919865396,0.0872106747820383,0.100185920612502,-0.0714285714285706,-0.0129175440265717,-0.0509743056521086,-0.0936327321021163,0.0972883040090948,0.0604182874299173,0.00161905710673061,0.0629819809849943,-0.0981096665225615,-0.0923696237910095,0.0481528761718314,-0.0161220240078225,0.0736812709837382,0.100548474373976,-0.0855320604384389,-0.0348871388523101,-0.0302900725808686,-0.0828499089952247,0.100898491952617,0.0769176572385567,-0.0208966574058048,0.0438288763109438,-0.0902974260738792,-0.0991524480063047,0.0667053694835435,0.00647206957435344,0.056457180592122,0.0958691077764735,-0.0953466147871409,-0.0551073468599879,-0.0080869687900969,-0.06791264550022,0.0994492081942237,0.089560054533089,-0.0423645262591751,0.0224780087652114,-0.0779572956326368,-0.100963354453994,0.0819129770319904,0.0287416265630622,0.0364020914209628,0.0863824638005177,-0.100380091737634,-0.0725642423878639,0.0145216493840459,-0.0495699583813256,0.0930131258732479,0.0977115367231147,-0.0617080608670423
0.0629819809850023,0.098482591124543,-0.0910115994473851,-0.0438288763109337,-0.0224780087652276,-0.0789769061426175,0.101015254455211,0.0789769061426134,-0.0224780087652046,0.0438288763109464,-0.0910115994473953,-0.0984825911245471,0.0629819809850009,3.18831358949526e-15,0.0629819809849958,0.0984825911245468,-0.0910115994473938,-0.0438288763109433,-0.0224780087652115,-0.0789769061426076,0.101015254455224,0.07897690614261,-0.0224780087652104,0.043828876310943,-0.0910115994473985,-0.0984825911245441,0.0629819809849922,3.89268414840651e-16,0.0629819809849953,0.0984825911245449,-0.091011599447395,-0.0438288763109417,-0.0224780087652117,-0.0789769061426116,0.10101525445522,0.0789769061426118,-0.0224780087652103,0.0438288763109438,-0.0910115994473967,-0.0984825911245439,0.0629819809849955,1.76986741749449e-15,0.0629819809849954,0.0984825911245413,-0.0910115994473972,-0.043828876310945,-0.0224780087652085,-0.0789769061426111,0.10101525445522,0.0789769061426104,-0.0224780087652114,0.0438288763109426,-0.0910115994473947,-0.098482591124544,0.062981980984995,-2.10540838568751e-16,0.0629819809849952,0.0984825911245446,-0.0910115994473953,-0.0438288763109434,-0.0224780087652096,-0.0789769061426102,0.101015254455221,0.0789769061426117,-0.0224780087652132,0.0438288763109412,-0.0910115994473961,-0.0984825911245432,0.0629819809849962,3.7007882300995e-16,0.0629819809849948,0.0984825911245444,-0.0910115994473952,-0.0438288763109443,-0.0224780087652093,-0.0789769061426105,0.101015254455221,0.0789769061426108,-0.022478008765211,0.0438288763109429,-0.0910115994473958,-0.0984825911245434,0.0629819809849952,1.72042485515285e-15,0.0629819809849945,0.0984825911245441,-0.0910115994473957,-0.0438288763109436,-0.0224780087652091,-0.0789769061426096,0.101015254455221,0.0789769061426107,-0.0224780087652116,0.0438288763109421,-0.0910115994473949,-0.0984825911245446,0.0629819809849948,-2.0874135726343e-16,0.0629819809849949,0.0984825911245448,-0.0910115994473953,-0.0438288763109429,-0.0224780087652109,-0.0789769061426121,0.10101525445522,0.0789769061426114,-0.0224780087652118,0.043828876310942,-0.0910115994473941,-0.0984825911245447,0.0629819809849963,1.43568076970061e-15,0.0629819809849945,0.0984825911245448,-0.0910115994473958,-0.0438288763109427,-0.02247800876521,-0.0789769061426106,0.101015254455221,0.0789769061426117,-0.0224780087652105,0.0438288763109428,-0.0910115994473955,-0.0984825911245446,0.0629819809849953,5.28777148139789e-16,0.0629819809849945,0.098482591124545,-0.0910115994473955,-0.0438288763109429,-0.0224780087652104,-0.0789769061426106,0.101015254455222,0.0789769061426102,-0.0224780087652098,0.0438288763109429,-0.0910115994473958,-0.0984825911245441,0.0629819809849948,-4.01945358478131e-16,0.0629819809849958,0.0984825911245443,-0.091011599447395,-0.0438288763109421,-0.0224780087652111,-0.0789769061426109,0.101015254455221,0.0789769061426111,-0.0224780087652101,0.0438288763109427,-0.0910115994473951,-0.098482591124544,0.0629819809849962,1.09311317826452e-15,0.0629819809849942,0.0984825911245448,-0.0910115994473957,-0.0438288763109437,-0.0224780087652097,-0.0789769061426103,0.101015254455221,0.0789769061426112,-0.0224780087652108,0.0438288763109441,-0.0910115994473958,-0.0984825911245435,0.062981980984994,-1.11546212575854e-15,0.0629819809849968,0.0984825911245445,-0.0910115994473945,-0.0438288763109427,-0.022478008765212,-0.0789769061426114,0.10101525445522,0.0789769061426112,-0.0224780087652093,0.0438288763109444,-0.0910115994473958,-0.0984825911245427,0.0629819809849951,-1.06525369994596e-15,0.0629819809849975,0.0984825911245402,-0.0910115994473979,-0.0438288763109413,-0.0224780087652145,-0.0789769061426033,0.101015254455229,0.07897690614261,-0.0224780087652032,0.0438288763109473,-0.0910115994474013,-0.0984825911245437,0.0629819809849849
0.0642397205029728,0.0991524480063034,-0.0887996742619672,-0.0379076919865291,-0.0302900725808852,-0.0846596831715496,0.100380091737616,0.0702745498692695,-0.00808696879009125,0.0577925100003149,-0.0972883040090952,-0.0923696237910121,0.0452819663562247,-0.0224780087652066,0.0799762268219825,0.100963354454001,-0.0758582580522165,-0.016122024007824,-0.0509743056521108,-0.0947996264515424,0.0953466147871429,0.0523655571955821,0.0145216493840525,0.0747793702421638,-0.10089849195262,-0.0809550009368716,0.0240535853353422,-0.0438288763109434,0.0917023911765049,0.0977115367231165,-0.0591129920272194,0.00647206957435459,-0.0691024741877891,-0.100185920612503,0.0855320604384372,0.0318307368245879,0.036402091420958,0.088016480608618,-0.0994492081942237,-0.065480956297116,0.00161905710673247,-0.0629819809849944,0.0988302147216008,0.0895600545330893,-0.03940355374762,0.0287416265630611,-0.0837655561208864,-0.100548474373978,0.0714285714285701,0.00969979039562432,0.0564571805921194,0.0968400771125398,-0.0930131258732415,-0.0467234230839596,-0.0208966574058081,-0.0789769061426097,0.101002278621515,0.076917657238558,-0.0177182567481993,0.0495699583813211,-0.094228283295585,-0.0958691077764732,0.0537433555875379,-0.0129175440265705,0.0736812709837371,0.10080770778109,-0.081912977031989,-0.0256229823373526,-0.0423645262591756,-0.0910115994473949,0.098109666522562,0.0604182874299186,0.00485550762957027,0.0679126455002174,-0.099966010882798,-0.0863824638005261,0.0333632234846335,-0.0348871388523088,0.0872106747820383,0.0997204190451691,-0.0667053694835449,-0.00323769826409201,-0.0617080608670525,-0.0984825911245441,0.0902974260738783,0.0408892924047453,0.0271857965799594,0.0828499089952228,-0.100691025262638,-0.0725642423878653,0.0113101200435219,-0.0551073468599865,0.0963669711867028,0.0936327321021171,-0.0481528761718304,0.0193099375195801,-0.0779572956326342,-0.101015254455221,0.0779572956326341,0.01930993751958,0.0481528761718306,0.0936327321021166,-0.0963669711867018,-0.0551073468599876,-0.0113101200435213,-0.0725642423878641,0.100691025262637,0.0828499089952257,-0.0271857965799611,0.0408892924047434,-0.090297426073878,-0.0984825911245441,0.0617080608670535,-0.00323769826409149,0.0667053694835447,0.0997204190451686,-0.087210674782039,-0.0348871388523101,-0.033363223484633,-0.0863824638005259,0.0999660108827975,0.0679126455002188,-0.00485550762957159,0.0604182874299174,-0.098109666522562,-0.0910115994473959,0.042364526259176,-0.0256229823373526,0.0819129770319877,0.100807707781091,-0.0736812709837394,-0.0129175440265718,-0.0537433555875364,-0.0958691077764723,0.0942282832955862,0.0495699583813208,0.0177182567481997,0.076917657238558,-0.101002278621515,-0.0789769061426108,0.0208966574058056,-0.0467234230839616,0.0930131258732429,0.0968400771125389,-0.0564571805921202,0.00969979039562545,-0.0714285714285716,-0.100548474373976,0.0837655561208878,0.0287416265630636,0.0394035537476173,0.0895600545330908,-0.0988302147215996,-0.0629819809849961,-0.00161905710673022,-0.0654809562971153,0.0994492081942229,0.0880164806086179,-0.0364020914209592,0.0318307368245864,-0.085532060438438,-0.100185920612503,0.0691024741877881,0.00647206957435241,0.0591129920272194,0.0977115367231152,-0.0917023911765043,-0.0438288763109418,-0.0240535853353457,-0.0809550009368724,0.100898491952616,0.0747793702421645,-0.0145216493840513,0.0523655571955838,-0.0953466147871405,-0.094799626451547,0.0509743056521071,-0.0161220240078249,0.0758582580522182,0.100963354453998,-0.079976226821982,-0.0224780087652094,-0.0452819663562195,-0.0923696237910046,0.0972883040090975,0.0577925100003107,0.00808696879009962,0.0702745498692618,-0.100380091737634,-0.0846596831715425,0.0302900725808613,-0.0379076919865429,0.0887996742619847,0.0991524480063046,-0.0642397205029552
0.0654809562971235,0.0997204190451682,-0.0863824638005143,-0.0318307368245773,-0.0379076919865541,-0.0895600545330968,0.0984825911245345,0.0604182874299168,0.00647206957435756,0.0702745498692703,-0.100548474373976,-0.0828499089952281,0.0256229823373599,-0.0438288763109386,0.0923696237910085,0.0968400771125409,-0.0551073468599864,0.0129175440265713,-0.0747793702421675,-0.100963354453994,0.0789769061426112,0.0193099375195787,0.0495699583813202,0.0947996264515452,-0.0947996264515493,-0.0495699583813204,-0.0193099375195811,-0.0789769061426121,0.100963354453999,0.0747793702421652,-0.0129175440265721,0.0551073468599878,-0.0968400771125396,-0.0923696237910082,0.0438288763109421,-0.0256229823373523,0.0828499089952228,0.100548474373975,-0.0702745498692676,-0.00647206957435432,-0.0604182874299162,-0.0984825911245446,0.0895600545330934,0.0379076919865388,0.0318307368245859,0.0863824638005243,-0.0997204190451687,-0.0654809562971183,-9.79253494703833e-16,-0.0654809562971164,0.0997204190451685,0.0863824638005277,-0.0318307368245865,0.0379076919865402,-0.089560054533093,-0.0984825911245431,0.060418287429917,-0.00647206957435365,0.0702745498692682,0.100548474373976,-0.0828499089952237,-0.0256229823373535,-0.0438288763109416,-0.092369623791008,0.0968400771125397,0.0551073468599885,0.0129175440265713,0.0747793702421626,-0.100963354454,-0.0789769061426108,0.0193099375195806,-0.0495699583813199,0.0947996264515453,0.0947996264515467,-0.0495699583813222,0.0193099375195797,-0.0789769061426098,-0.100963354453998,0.0747793702421648,0.0129175440265715,0.0551073468599878,0.0968400771125379,-0.0923696237910082,-0.0438288763109446,-0.025622982337351,-0.082849908995223,0.100548474373975,0.0702745498692688,-0.00647206957435535,0.0604182874299162,-0.0984825911245443,-0.0895600545330911,0.03790769198654,-0.0318307368245863,0.0863824638005254,0.09972041904517,-0.0654809562971155,-3.67671241302265e-18,-0.0654809562971151,-0.0997204190451701,0.086382463800526,0.0318307368245876,0.0379076919865386,0.0895600545330925,-0.0984825911245437,-0.0604182874299185,-0.00647206957435203,-0.0702745498692679,0.100548474373974,0.0828499089952244,-0.0256229823373531,0.0438288763109412,-0.0923696237910079,-0.0968400771125396,0.0551073468599881,-0.0129175440265713,0.0747793702421643,0.100963354453999,-0.0789769061426109,-0.0193099375195812,-0.0495699583813206,-0.0947996264515465,0.0947996264515467,0.0495699583813214,0.0193099375195801,0.0789769061426107,-0.100963354453998,-0.0747793702421646,0.0129175440265721,-0.0551073468599875,0.0968400771125393,0.0923696237910083,-0.0438288763109432,0.0256229823373525,-0.0828499089952248,-0.100548474373976,0.070274549869268,0.00647206957435317,0.060418287429918,0.0984825911245451,-0.0895600545330905,-0.0379076919865377,-0.0318307368245883,-0.0863824638005271,0.0997204190451695,0.0654809562971152,8.08337312142377e-16,0.065480956297117,-0.0997204190451695,-0.0863824638005257,0.0318307368245877,-0.0379076919865386,0.089560054533091,0.0984825911245444,-0.0604182874299183,0.00647206957435258,-0.0702745498692676,-0.100548474373975,0.0828499089952243,0.0256229823373531,0.0438288763109423,0.0923696237910085,-0.0968400771125388,-0.0551073468599864,-0.0129175440265717,-0.0747793702421646,0.100963354453999,0.0789769061426098,-0.0193099375195793,0.0495699583813215,-0.0947996264515465,-0.0947996264515465,0.0495699583813193,-0.0193099375195806,0.0789769061426097,0.100963354453999,-0.0747793702421625,-0.0129175440265704,-0.0551073468599879,-0.0968400771125386,0.092369623791008,0.0438288763109414,0.0256229823373535,0.0828499089952205,-0.100548474373978,-0.0702745498692667,0.00647206957435064,-0.060418287429912,0.0984825911245523,0.0895600545330902,-0.0379076919865307,0.0318307368245915,-0.0863824638005332,-0.0997204190451701,0.0654809562971059
0.0667053694835525,0.100185920612501,-0.0837655561208761,-0.0256229823373417,-0.0452819663562322,-0.0936327321021219,0.0953466147871317,0.0495699583813186,0.0208966574058094,0.0809550009368732,-0.100691025262639,-0.0702745498692732,0.00485550762957978,-0.0629819809849909,0.0994492081942233,0.0863824638005278,-0.0302900725808682,0.0408892924047432,-0.0917023911765087,-0.0968400771125347,0.0537433555875356,-0.0161220240078252,0.0779572956326334,0.100963354453997,-0.0736812709837409,-0.00969979039562401,-0.0591129920272188,-0.0984825911245465,0.0887996742619784,0.0348871388523102,0.0364020914209581,0.0895600545330909,-0.0981096665225626,-0.0577925100003113,-0.0113101200435215,-0.0747793702421654,0.101002278621514,0.0769176572385568,-0.0145216493840512,0.0551073468599868,-0.0972883040090939,-0.0910115994473968,0.0394035537476195,-0.0318307368245855,0.0872106747820388,0.0991524480063051,-0.0617080608670536,0.00647206957435226,-0.0714285714285716,-0.100807707781091,0.0799762268219825,0.0193099375195817,0.0509743056521088,0.0958691077764734,-0.0930131258732434,-0.0438288763109423,-0.0271857965799608,-0.0846596831715434,0.099966010882798,0.0654809562971166,0.00161905710673057,0.0679126455002177,-0.100380091737626,-0.0828499089952245,0.0240535853353469,-0.0467234230839591,0.0942282832955867,0.094799626451545,-0.048152876171831,0.0224780087652103,-0.0819129770319871,-0.100548474373976,0.0691024741877882,0.00323769826409353,0.0642397205029645,0.0997204190451694,-0.0855320604384383,-0.0287416265630642,-0.0423645262591748,-0.092369623791008,0.0963669711867028,0.0523655571955827,0.0177182567481987,0.0789769061426095,-0.100898491952616,-0.0725642423878656,0.00808696879009745,-0.0604182874299163,0.0988302147215989,0.0880164806086179,-0.0333632234846336,0.0379076919865377,-0.0902974260738777,-0.0977115367231158,0.0564571805921207,-0.0129175440265715,0.0758582580522177,0.101015254455221,-0.0758582580522175,-0.0129175440265716,-0.0564571805921207,-0.0977115367231153,0.0902974260738771,0.0379076919865387,0.0333632234846327,0.0880164806086171,-0.0988302147215991,-0.0604182874299195,-0.00808696879009535,-0.0725642423878644,0.100898491952617,0.0789769061426113,-0.0177182567482001,0.052365557195583,-0.0963669711867028,-0.0923696237910077,0.0423645262591762,-0.0287416265630631,0.0855320604384383,0.0997204190451704,-0.0642397205029652,0.00323769826409172,-0.0691024741877879,-0.100548474373976,0.0819129770319878,0.0224780087652112,0.0481528761718296,0.094799626451547,-0.0942282832955863,-0.0467234230839608,-0.0240535853353443,-0.0828499089952237,0.100380091737627,0.0679126455002181,-0.00161905710673047,0.0654809562971161,-0.0999660108827985,-0.0846596831715431,0.0271857965799601,-0.0438288763109436,0.0930131258732429,0.0958691077764724,-0.0509743056521079,0.0193099375195817,-0.0799762268219829,-0.100807707781091,0.0714285714285706,0.00647206957435323,0.0617080608670531,0.0991524480063048,-0.0872106747820386,-0.0318307368245871,-0.0394035537476173,-0.091011599447395,0.097288304009095,0.0551073468599887,0.0145216493840521,0.0769176572385574,-0.101002278621515,-0.0747793702421652,0.0113101200435217,-0.0577925100003122,0.0981096665225622,0.0895600545330905,-0.0364020914209587,0.0348871388523105,-0.0887996742619795,-0.0984825911245439,0.0591129920272189,-0.00969979039562556,0.0736812709837395,0.100963354453999,-0.0779572956326328,-0.0161220240078232,-0.0537433555875354,-0.0968400771125393,0.0917023911765028,0.0408892924047424,0.0302900725808693,0.0863824638005265,-0.0994492081942228,-0.0629819809849937,-0.00485550762957238,-0.0702745498692659,0.10069102526264,0.0809550009368704,-0.020896657405804,0.0495699583813166,-0.0953466147871487,-0.0936327321021158,0.0452819663562095,-0.0256229823373562,0.0837655561208965,0.100185920612503,-0.0667053694835347
0.067912645500227,0.100548474373974,-0.0809550009368592,-0.0193099375195696,-0.0523655571955967,-0.0968400771125433,0.0910115994473863,0.0379076919865347,0.0348871388523113,0.0895600545330916,-0.0977115367231178,-0.0551073468599926,-0.0161220240078147,-0.0789769061426065,0.100807707781091,0.07027454986927,-0.00323769826409147,0.0654809562971159,-0.100185920612507,-0.0828499089952205,0.0224780087652086,-0.0495699583813231,0.095869107776472,0.0923696237910072,-0.0408892924047449,0.0318307368245881,-0.0880164806086162,-0.0984825911245472,0.0577925100003129,-0.0129175440265714,0.0769176572385574,0.100963354453998,-0.0725642423878647,-0.00647206957435276,-0.0629819809849951,-0.0997204190451712,0.0846596831715426,0.0256229823373511,0.0467234230839628,0.0947996264515459,-0.0936327321021169,-0.0438288763109451,-0.0287416265630629,-0.0863824638005231,0.0991524480063069,0.0604182874299198,0.00969979039562258,0.0747793702421646,-0.10101525445522,-0.0747793702421645,0.00969979039562621,-0.0604182874299172,0.0991524480063039,0.0863824638005253,-0.0287416265630628,0.0438288763109424,-0.0936327321021165,-0.0947996264515466,0.0467234230839611,-0.0256229823373522,0.0846596831715422,0.0997204190451701,-0.0629819809849967,0.00647206957435259,-0.072564242387863,-0.100963354453998,0.0769176572385589,0.0129175440265724,0.057792510000313,0.0984825911245442,-0.0880164806086176,-0.0318307368245886,-0.0408892924047425,-0.0923696237910077,0.0958691077764732,0.0495699583813214,0.0224780087652097,0.082849908995223,-0.100185920612503,-0.0654809562971153,-0.00323769826409216,-0.0702745498692679,0.100807707781091,0.0789769061426121,-0.0161220240078245,0.0551073468599862,-0.0977115367231153,-0.0895600545330913,0.0348871388523113,-0.0379076919865373,0.0910115994473953,0.0968400771125386,-0.0523655571955846,0.0193099375195792,-0.0809550009368716,-0.100548474373976,0.0679126455002183,-1.93010973016045e-17,0.0679126455002179,0.100548474373976,-0.0809550009368722,-0.0193099375195806,-0.0523655571955831,-0.0968400771125401,0.0910115994473947,0.0379076919865398,0.034887138852308,0.0895600545330913,-0.0977115367231149,-0.0551073468599881,-0.0161220240078226,-0.0789769061426095,0.100807707781091,0.0702745498692694,-0.00323769826409241,0.065480956297115,-0.100185920612503,-0.0828499089952244,0.0224780087652107,-0.0495699583813205,0.0958691077764721,0.0923696237910088,-0.0408892924047441,0.0318307368245871,-0.0880164806086175,-0.0984825911245448,0.057792510000313,-0.0129175440265722,0.0769176572385576,0.100963354453998,-0.0725642423878651,-0.00647206957435363,-0.0629819809849955,-0.0997204190451693,0.084659683171543,0.0256229823373519,0.0467234230839617,0.0947996264515466,-0.0936327321021164,-0.0438288763109426,-0.0287416265630647,-0.0863824638005264,0.0991524480063045,0.0604182874299165,0.00969979039562584,0.0747793702421649,-0.101015254455221,-0.0747793702421646,0.00969979039562399,-0.0604182874299176,0.0991524480063048,0.0863824638005255,-0.0287416265630643,0.0438288763109421,-0.0936327321021161,-0.0947996264515473,0.0467234230839614,-0.0256229823373516,0.0846596831715429,0.0997204190451698,-0.0629819809849955,0.00647206957435374,-0.0725642423878647,-0.100963354453999,0.0769176572385579,0.0129175440265703,0.0577925100003144,0.0984825911245443,-0.0880164806086177,-0.0318307368245863,-0.0408892924047451,-0.092369623791009,0.0958691077764717,0.0495699583813209,0.0224780087652099,0.0828499089952245,-0.100185920612501,-0.0654809562971149,-0.00323769826409239,-0.0702745498692699,0.10080770778109,0.0789769061426093,-0.0161220240078229,0.0551073468599856,-0.0977115367231178,-0.0895600545330895,0.0348871388523077,-0.0379076919865353,0.0910115994474021,0.0968400771125374,-0.0523655571955748,0.0193099375195841,-0.0809550009368806,-0.100548474373977,0.0679126455002089
0.0691024741877967,0.100807707781089,-0.0779572956326206,-0.0129175440265608,-0.0591129920272317,-0.0991524480063086,0.0855320604384299,0.0256229823373464,0.0481528761718312,0.0958691077764724,-0.0917023911765074,-0.0379076919865439,-0.0364020914209501,-0.0910115994473916,0.0963669711867027,0.0495699583813222,0.0240535853353447,0.0846596831715437,-0.099449208194228,-0.0604182874299151,-0.0113101200435242,-0.07691765723856,0.100898491952616,0.0702745498692675,-0.00161905710673163,0.0679126455002194,-0.100691025262635,-0.0789769061426139,0.014521649384054,-0.057792510000312,0.0988302147215991,0.0863824638005253,-0.0271857965799609,0.0467234230839614,-0.0953466147871403,-0.0923696237910101,0.0394035537476179,-0.03488713885231,0.090297426073879,0.0968400771125387,-0.0509743056521097,0.0224780087652084,-0.0837655561208889,-0.0997204190451672,0.0617080608670556,-0.00969979039562169,0.0758582580522154,0.100963354454,-0.0714285714285701,-0.00323769826409172,-0.0667053694835427,-0.100548474373977,0.0799762268219812,0.016122024007822,0.0564571805921228,0.0984825911245431,-0.087210674782038,-0.0287416265630641,-0.0452819663562173,-0.094799626451547,0.0930131258732422,0.0408892924047452,0.0333632234846314,0.0895600545330904,-0.0972883040090956,-0.0523655571955842,-0.0208966574058061,-0.0828499089952218,0.099966010882799,0.0629819809849954,0.00808696879009572,0.0747793702421637,-0.101002278621515,-0.0725642423878657,0.00485550762957272,-0.0654809562971154,0.100380091737625,0.0809550009368721,-0.0177182567481997,0.0551073468599873,-0.0981096665225628,-0.0880164806086171,0.0302900725808693,-0.043828876310941,0.0942282832955856,0.0936327321021174,-0.0423645262591765,0.031830736824586,-0.0887996742619772,-0.0977115367231156,0.053743355587537,-0.0193099375195793,0.0819129770319874,0.100185920612502,-0.0642397205029651,0.00647206957435336,-0.0736812709837387,-0.101015254455221,0.0736812709837385,0.00647206957435345,0.0642397205029652,0.100185920612502,-0.081912977031987,-0.01930993751958,-0.053743355587536,-0.0977115367231156,0.0887996742619784,0.0318307368245893,0.0423645262591741,0.0936327321021168,-0.0942282832955869,-0.043828876310944,-0.0302900725808678,-0.0880164806086178,0.0981096665225628,0.0551073468599873,0.0177182567481982,0.0809550009368716,-0.100380091737626,-0.0654809562971169,-0.00485550762957118,-0.0725642423878645,0.101002278621515,0.0747793702421647,-0.00808696879009624,0.0629819809849951,-0.0999660108827976,-0.0828499089952239,0.0208966574058067,-0.0523655571955834,0.0972883040090953,0.0895600545330907,-0.033363223484633,0.0408892924047442,-0.0930131258732435,-0.0947996264515462,0.045281966356217,-0.0287416265630643,0.0872106747820387,0.0984825911245447,-0.0564571805921199,0.0161220240078244,-0.079976226821983,-0.100548474373976,0.0667053694835436,-0.00323769826409298,0.0714285714285719,0.100963354454,-0.075858258052217,-0.00969979039562436,-0.0617080608670528,-0.0997204190451693,0.0837655561208889,0.0224780087652112,0.0509743056521078,0.0968400771125391,-0.0902974260738779,-0.0348871388523101,-0.0394035537476171,-0.0923696237910081,0.095346614787141,0.0467234230839608,0.0271857965799608,0.0863824638005265,-0.0988302147215992,-0.0577925100003102,-0.0145216493840556,-0.0789769061426114,0.100691025262638,0.0679126455002175,0.00161905710673349,0.0702745498692692,-0.100898491952616,-0.0769176572385578,0.0113101200435214,-0.0604182874299182,0.099449208194222,0.0846596831715428,-0.024053585335344,0.0495699583813233,-0.0963669711867022,-0.0910115994473941,0.0364020914209586,-0.0379076919865377,0.0917023911765064,0.0958691077764712,-0.0481528761718294,0.02562298233735,-0.0855320604384448,-0.0991524480063035,0.059112992027211,-0.0129175440265753,0.0779572956326434,0.100807707781092,-0.0691024741877786
0.0702745498692776,0.100963354453997,-0.0747793702421504,-0.00647206957434263,-0.065480956297127,-0.100548474373979,0.0789769061426031,0.0129175440265647,0.0604182874299169,0.0997204190451689,-0.082849908995227,-0.0193099375195855,-0.0551073468599796,-0.0984825911245414,0.0863824638005265,0.0256229823373532,0.0495699583813209,0.0968400771125397,-0.0895600545330959,-0.0318307368245867,-0.0438288763109463,-0.0947996264515482,0.0923696237910088,0.0379076919865386,0.0379076919865394,0.0923696237910089,-0.094799626451544,-0.0438288763109458,-0.0318307368245859,-0.0895600545330909,0.0968400771125387,0.0495699583813205,0.0256229823373522,0.0863824638005259,-0.098482591124543,-0.0551073468599888,-0.0193099375195791,-0.0828499089952234,0.0997204190451697,0.0604182874299179,0.0129175440265702,0.0789769061426095,-0.100548474373977,-0.0654809562971148,-0.00647206957435162,-0.074779370242162,0.100963354453997,0.0702745498692706,1.13568926199143e-15,0.0702745498692688,-0.100963354453997,-0.0747793702421661,0.00647206957435306,-0.0654809562971172,0.100548474373977,0.0789769061426097,-0.0129175440265716,0.0604182874299173,-0.0997204190451692,-0.0828499089952244,0.0193099375195809,-0.0551073468599863,0.098482591124544,0.0863824638005262,-0.0256229823373544,0.0495699583813194,-0.0968400771125393,-0.0895600545330898,0.0318307368245874,-0.0438288763109428,0.094799626451546,0.0923696237910091,-0.0379076919865391,0.0379076919865373,-0.092369623791008,-0.0947996264515463,0.0438288763109432,-0.0318307368245865,0.0895600545330911,0.0968400771125381,-0.049569958381321,0.0256229823373521,-0.0863824638005256,-0.098482591124545,0.0551073468599884,-0.0193099375195788,0.0828499089952231,0.0997204190451694,-0.0604182874299188,0.0129175440265706,-0.0789769061426106,-0.100548474373975,0.0654809562971173,-0.00647206957435278,0.0747793702421643,0.100963354453999,-0.0702745498692681,9.62623961454738e-17,-0.0702745498692678,-0.100963354453999,0.0747793702421646,0.00647206957435407,0.0654809562971157,0.100548474373977,-0.0789769061426101,-0.012917544026573,-0.0604182874299158,-0.0997204190451705,0.0828499089952234,0.019309937519581,0.0551073468599871,0.0984825911245435,-0.0863824638005263,-0.0256229823373529,-0.049569958381321,-0.0968400771125379,0.089560054533092,0.0318307368245881,0.0438288763109428,0.0947996264515466,-0.0923696237910081,-0.0379076919865391,-0.0379076919865382,-0.0923696237910083,0.0947996264515463,0.0438288763109436,0.0318307368245862,0.0895600545330916,-0.0968400771125387,-0.0495699583813207,-0.025622982337352,-0.0863824638005256,0.0984825911245446,0.0551073468599867,0.0193099375195815,0.0828499089952241,-0.0997204190451698,-0.060418287429917,-0.0129175440265727,-0.0789769061426116,0.100548474373975,0.0654809562971152,0.0064720695743548,0.0747793702421658,-0.100963354453999,-0.0702745498692676,-8.6470088390955e-16,-0.0702745498692695,0.100963354453998,0.0747793702421641,-0.00647206957435388,0.0654809562971158,-0.100548474373976,-0.0789769061426111,0.0129175440265728,-0.060418287429917,0.0997204190451691,0.082849908995224,-0.0193099375195808,0.0551073468599867,-0.0984825911245439,-0.0863824638005258,0.025622982337352,-0.0495699583813223,0.0968400771125388,0.0895600545330894,-0.0318307368245849,0.043828876310944,-0.0947996264515475,-0.0923696237910075,0.0379076919865366,-0.0379076919865395,0.0923696237910089,0.0947996264515466,-0.0438288763109428,0.0318307368245881,-0.0895600545330904,-0.0968400771125387,0.0495699583813208,-0.0256229823373551,0.0863824638005256,0.0984825911245432,-0.0551073468599882,0.0193099375195801,-0.0828499089952251,-0.0997204190451684,0.060418287429917,-0.0129175440265708,0.0789769061426163,0.100548474373974,-0.0654809562971075,0.0064720695743569,-0.074779370242174,-0.100963354454001,0.070274549869259
0.071428571428581,0.10101525445522,-0.0714285714285568,1.12577024502037e-14,-0.0714285714285813,-0.101015254455224,0.0714285714285647,-8.57466336607331e-15,0.0714285714285699,0.10101525445522,-0.071428571428575,-5.16041125237245e-15,-0.0714285714285644,-0.101015254455219,0.0714285714285724,7.49051529140452e-16,0.0714285714285711,0.101015254455222,-0.0714285714285758,-9.09632995427217e-16,-0.071428571428575,-0.101015254455222,0.0714285714285722,5.58356848278215e-16,0.0714285714285727,0.101015254455221,-0.0714285714285689,-2.08533964751959e-15,-0.0714285714285697,-0.101015254455221,0.0714285714285713,-4.0595579843874e-16,0.0714285714285716,0.10101525445522,-0.0714285714285698,-2.51676772846098e-16,-0.0714285714285698,-0.10101525445522,0.0714285714285703,6.4305223267004e-16,0.0714285714285701,0.101015254455221,-0.071428571428573,-7.80890010667505e-16,-0.0714285714285711,-0.101015254455221,0.0714285714285717,1.51137398190246e-15,0.0714285714285718,0.101015254455222,-0.0714285714285717,-1.05826283708225e-15,-0.0714285714285713,-0.101015254455221,0.0714285714285715,-1.55772128531878e-16,0.0714285714285714,0.101015254455222,-0.0714285714285715,4.00794855798139e-17,-0.0714285714285704,-0.101015254455222,0.0714285714285729,1.12091994438832e-15,0.0714285714285699,0.101015254455221,-0.0714285714285726,-8.51747176555427e-16,-0.0714285714285724,-0.101015254455221,0.0714285714285715,1.13275438652151e-15,0.0714285714285705,0.101015254455221,-0.0714285714285724,-2.83011846165188e-16,-0.0714285714285709,-0.101015254455221,0.0714285714285721,-3.91422914125947e-16,0.0714285714285722,0.101015254455221,-0.0714285714285719,-2.2171840269948e-15,-0.0714285714285706,-0.101015254455222,0.0714285714285727,1.40114570218268e-15,0.0714285714285702,0.101015254455221,-0.0714285714285724,-1.09030752046659e-15,-0.0714285714285709,-0.101015254455221,0.0714285714285712,4.40285410139983e-16,0.0714285714285712,0.101015254455221,-0.0714285714285711,3.12561733841977e-16,-0.0714285714285712,-0.101015254455221,0.0714285714285709,-4.09321656359212e-16,0.0714285714285708,0.101015254455221,-0.0714285714285722,-1.88825504290575e-15,-0.07142857142857,-0.101015254455221,0.0714285714285724,1.59576427833944e-15,0.0714285714285704,0.101015254455221,-0.0714285714285717,-3.17544828785738e-16,-0.071428571428571,-0.101015254455221,0.0714285714285713,6.48066827279425e-16,0.0714285714285712,0.101015254455221,-0.0714285714285715,-1.97000731850733e-17,-0.0714285714285714,-0.101015254455221,0.0714285714285719,-5.32579816863628e-16,0.0714285714285712,0.101015254455221,-0.0714285714285719,1.02926920953871e-16,-0.0714285714285716,-0.101015254455221,0.0714285714285709,-2.90244348836012e-16,0.0714285714285722,0.101015254455221,-0.0714285714285706,8.21016997199519e-16,-0.0714285714285724,-0.101015254455221,0.0714285714285707,-1.80251066525554e-15,0.0714285714285726,0.101015254455221,-0.0714285714285706,6.45687861330302e-16,-0.0714285714285718,-0.101015254455221,0.0714285714285719,-2.09720624880265e-16,0.0714285714285715,0.101015254455221,-0.0714285714285721,-9.75618680322566e-16,-0.0714285714285708,-0.101015254455221,0.071428571428572,9.78726009434707e-16,0.071428571428571,0.101015254455221,-0.0714285714285716,1.50250447903473e-15,-0.0714285714285714,-0.10101525445522,0.07142857142857,-1.11751837554836e-15,0.0714285714285727,0.101015254455221,-0.0714285714285697,5.50534246742842e-16,-0.0714285714285727,-0.101015254455222,0.0714285714285712,-5.58175560026089e-16,0.0714285714285713,0.101015254455222,-0.0714285714285714,3.33060643465962e-15,-0.0714285714285712,-0.10101525445522,0.0714285714285729,-5.50871050314308e-16,0.0714285714285722,0.10101525445522,-0.0714285714285718,5.67131781981212e-17,-0.071428571428576,-0.10101525445522,0.0714285714285633,-2.80485558318664e-15,0.0714285714285816,0.101015254455224,-0.0714285714285623
0.0725642423878748,0.100963354453997,-0.0679126455002035,0.00647206957436505,-0.0769176572385664,-0.100548474373978,0.0629819809849899,-0.0129175440265817,0.0809550009368697,0.0997204190451682,-0.0577925100003164,0.0193099375195754,-0.0846596831715376,-0.0984825911245436,0.0523655571955847,-0.0256229823373517,0.0880164806086172,0.0968400771125406,-0.0467234230839645,0.0318307368245849,-0.0910115994473988,-0.0947996264515473,0.0408892924047449,-0.0379076919865375,0.0936327321021183,0.0923696237910071,-0.0348871388523071,0.0438288763109422,-0.095869107776471,-0.089560054533091,0.0287416265630638,-0.0495699583813212,0.0977115367231161,0.0863824638005248,-0.0224780087652092,0.0551073468599883,-0.0991524480063032,-0.0828499089952227,0.0161220240078217,-0.0604182874299167,0.100185920612502,0.0789769061426129,-0.00969979039562611,0.0654809562971136,-0.100807707781093,-0.0747793702421665,0.00323769826409417,-0.0702745498692685,0.101015254455221,0.0702745498692687,0.00323769826409044,0.0747793702421648,-0.10080770778109,-0.0654809562971152,-0.00969979039562594,-0.0789769061426098,0.100185920612502,0.0604182874299183,0.0161220240078229,0.0828499089952246,-0.0991524480063044,-0.0551073468599892,-0.0224780087652086,-0.086382463800525,0.0977115367231167,0.0495699583813222,0.0287416265630632,0.0895600545330891,-0.0958691077764736,-0.0438288763109432,-0.0348871388523091,-0.0923696237910082,0.0936327321021167,0.0379076919865402,0.0408892924047424,0.0947996264515462,-0.0910115994473954,-0.0318307368245881,-0.0467234230839603,-0.0968400771125383,0.0880164806086182,0.025622982337352,0.0523655571955828,0.098482591124544,-0.0846596831715438,-0.019309937519582,-0.0577925100003107,-0.0997204190451689,0.0809550009368731,0.0129175440265733,0.0629819809849948,0.100548474373975,-0.0769176572385591,-0.0064720695743548,-0.0679126455002183,-0.100963354453999,0.0725642423878644,-1.11518336322044e-16,0.0725642423878642,0.100963354453999,-0.0679126455002189,0.00647206957435336,-0.0769176572385576,-0.100548474373977,0.0629819809849948,-0.0129175440265708,0.0809550009368707,0.0997204190451711,-0.0577925100003123,0.0193099375195795,-0.0846596831715433,-0.0984825911245443,0.0523655571955843,-0.0256229823373515,0.0880164806086179,0.096840077112538,-0.0467234230839619,0.0318307368245865,-0.091011599447395,-0.0947996264515471,0.0408892924047436,-0.0379076919865382,0.0936327321021165,0.0923696237910085,-0.0348871388523096,0.0438288763109424,-0.0958691077764718,-0.0895600545330909,0.0287416265630638,-0.0495699583813209,0.0977115367231161,0.0863824638005254,-0.0224780087652106,0.0551073468599878,-0.0991524480063052,-0.0828499089952235,0.0161220240078224,-0.0604182874299179,0.100185920612502,0.0789769061426105,-0.0096997903956233,0.0654809562971169,-0.100807707781091,-0.0747793702421634,0.00323769826409045,-0.0702745498692692,0.101015254455221,0.0702745498692684,0.00323769826409312,0.0747793702421651,-0.100807707781091,-0.0654809562971154,-0.00969979039562458,-0.0789769061426106,0.100185920612503,0.0604182874299185,0.016122024007823,0.0828499089952237,-0.099152448006305,-0.0551073468599882,-0.0224780087652104,-0.0863824638005262,0.0977115367231161,0.0495699583813196,0.0287416265630639,0.0895600545330912,-0.0958691077764724,-0.0438288763109418,-0.0348871388523112,-0.0923696237910086,0.0936327321021158,0.0379076919865383,0.0408892924047454,0.0947996264515473,-0.0910115994473949,-0.0318307368245869,-0.0467234230839614,-0.0968400771125396,0.0880164806086178,0.0256229823373487,0.052365557195583,0.0984825911245439,-0.0846596831715454,-0.0193099375195791,-0.0577925100003124,-0.0997204190451688,0.0809550009368732,0.0129175440265706,0.0629819809849991,0.100548474373974,-0.0769176572385498,-0.00647206957435119,-0.0679126455002293,-0.100963354454002,0.0725642423878558
0.0736812709837494,0.10080770778109,-0.0642397205029499,0.0129175440265832,-0.0819129770319951,-0.0991524480063066,0.0537433555875322,-0.0256229823373631,0.0887996742619751,0.095869107776471,-0.0423645262591798,0.0379076919865343,-0.0942282832955821,-0.0910115994473959,0.0302900725808707,-0.0495699583813209,0.0981096665225617,0.0846596831715455,-0.0177182567482017,0.0604182874299137,-0.100380091737629,-0.0769176572385582,0.00485550762957276,-0.0702745498692668,0.101002278621517,0.0679126455002165,0.00808696879009821,0.0789769061426116,-0.099966010882797,-0.0577925100003121,-0.0208966574058064,-0.0863824638005259,0.0972883040090952,0.0467234230839596,0.0333632234846337,0.0923696237910101,-0.0930131258732416,-0.0348871388523088,-0.0452819663562194,-0.0968400771125384,0.0872106747820392,0.0224780087652134,0.0564571805921205,0.0997204190451669,-0.0799762268219852,-0.00969979039562821,-0.0667053694835416,-0.100963354454,0.0714285714285704,-0.00323769826409193,0.0758582580522159,0.100548474373977,-0.0617080608670521,0.0161220240078246,-0.0837655561208899,-0.098482591124543,0.0509743056521087,-0.0287416265630631,0.0902974260738772,0.094799626451547,-0.0394035537476184,0.0408892924047422,-0.0953466147871407,-0.0895600545330914,0.0271857965799632,-0.0523655571955816,0.0988302147215999,0.0828499089952229,-0.0145216493840528,0.0629819809849952,-0.100691025262637,-0.0747793702421653,0.00161905710673222,-0.0725642423878636,0.100898491952617,0.0654809562971159,0.0113101200435205,0.0809550009368712,-0.0994492081942236,-0.0551073468599868,-0.0240535853353449,-0.0880164806086175,0.0963669711867027,0.0438288763109449,0.0364020914209575,0.0936327321021165,-0.0917023911765056,-0.0318307368245884,-0.0481528761718292,-0.0977115367231151,0.0855320604384391,0.0193099375195811,0.0591129920272185,0.100185920612502,-0.077957295632634,-0.00647206957435427,-0.0691024741877878,-0.101015254455221,0.0691024741877878,-0.00647206957435399,0.0779572956326339,0.100185920612502,-0.0591129920272189,0.0193099375195808,-0.0855320604384378,-0.0977115367231162,0.0481528761718318,-0.0318307368245859,0.0917023911765036,0.0936327321021174,-0.0364020914209595,0.0438288763109413,-0.096366971186702,-0.0880164806086182,0.0240535853353445,-0.0551073468599868,0.0994492081942236,0.0809550009368725,-0.0113101200435212,0.0654809562971158,-0.100898491952616,-0.072564242387865,-0.00161905710673126,-0.0747793702421645,0.100691025262637,0.062981980984996,0.0145216493840517,0.0828499089952243,-0.098830214721599,-0.052365557195583,-0.0271857965799607,-0.0895600545330907,0.0953466147871414,0.0408892924047429,0.0394035537476188,0.0947996264515461,-0.0902974260738774,-0.028741626563063,-0.0509743056521093,-0.0984825911245446,0.0837655561208873,0.0161220240078223,0.0617080608670534,0.100548474373976,-0.0758582580522168,-0.00323769826409098,-0.0714285714285717,-0.100963354453999,0.0667053694835433,-0.00969979039562541,0.0799762268219822,0.099720419045169,-0.0564571805921213,0.02247800876521,-0.0872106747820378,-0.0968400771125395,0.0452819663562178,-0.0348871388523095,0.0930131258732424,0.0923696237910086,-0.0333632234846328,0.0467234230839613,-0.0972883040090951,-0.086382463800525,0.0208966574058063,-0.0577925100003132,0.0999660108827991,0.0789769061426099,-0.00808696879009478,0.0679126455002194,-0.101002278621515,-0.0702745498692683,-0.00485550762957347,-0.0769176572385588,0.100380091737625,0.0604182874299173,0.0177182567482001,0.0846596831715447,-0.0981096665225627,-0.0495699583813177,-0.0302900725808687,-0.0910115994473954,0.0942282832955886,0.0379076919865366,0.042364526259175,0.095869107776472,-0.0887996742619799,-0.0256229823373498,-0.0537433555875392,-0.0991524480063033,0.0819129770319799,0.0129175440265696,0.0642397205029765,0.100807707781094,-0.0736812709837302
0.0747793702421752,0.100548474373974,-0.0604182874299014,0.0193099375195916,-0.0863824638005316,-0.0968400771125399,0.0438288763109399,-0.0379076919865505,0.0947996264515425,0.0895600545330891,-0.025622982337357,0.0551073468599837,-0.0997204190451671,-0.0789769061426124,0.00647206957435563,-0.0702745498692686,0.100963354453998,0.0654809562971182,0.0129175440265702,0.082849908995219,-0.0984825911245465,-0.0495699583813207,-0.0318307368245859,-0.0923696237910067,0.0923696237910097,0.0318307368245848,0.0495699583813222,0.0984825911245465,-0.0828499089952234,-0.0129175440265717,-0.0654809562971158,-0.100963354453998,0.0702745498692685,-0.00647206957435495,0.0789769061426107,0.0997204190451715,-0.0551073468599873,0.0256229823373525,-0.0895600545330921,-0.0947996264515463,0.0379076919865401,-0.0438288763109406,0.0968400771125393,0.0863824638005239,-0.0193099375195828,0.0604182874299144,-0.100548474373973,-0.0747793702421665,-1.067707823361e-15,-0.0747793702421646,0.100548474373974,0.060418287429919,0.0193099375195805,0.0863824638005265,-0.0968400771125395,-0.0438288763109421,-0.0379076919865387,-0.0947996264515464,0.0895600545330909,0.0256229823373523,0.0551073468599862,0.0997204190451697,-0.0789769061426122,-0.00647206957435485,-0.0702745498692669,-0.100963354453998,0.065480956297117,-0.0129175440265708,0.0828499089952251,0.0984825911245445,-0.0495699583813211,0.0318307368245864,-0.0923696237910078,-0.092369623791009,0.0318307368245884,-0.0495699583813207,0.0984825911245438,0.0828499089952241,-0.0129175440265726,0.0654809562971157,-0.100963354453999,-0.0702745498692681,-0.0064720695743533,-0.0789769061426095,0.0997204190451696,0.055107346859989,0.0256229823373504,0.08956005453309,-0.0947996264515469,-0.0379076919865398,-0.0438288763109423,-0.0968400771125379,0.0863824638005267,0.0193099375195811,0.0604182874299172,0.100548474373976,-0.074779370242164,1.81167393160456e-16,-0.0747793702421639,-0.100548474373976,0.0604182874299177,-0.0193099375195799,0.0863824638005255,0.0968400771125398,-0.0438288763109424,0.0379076919865378,-0.0947996264515455,-0.0895600545330929,0.0256229823373524,-0.0551073468599871,0.0997204190451699,0.0789769061426111,-0.00647206957435471,0.0702745498692681,-0.100963354453999,-0.0654809562971153,-0.012917544026571,-0.0828499089952233,0.0984825911245439,0.0495699583813217,0.0318307368245872,0.0923696237910082,-0.0923696237910083,-0.0318307368245873,-0.049569958381321,-0.0984825911245446,0.0828499089952242,0.0129175440265712,0.0654809562971157,0.100963354453998,-0.0702745498692688,0.00647206957435388,-0.078976906142611,-0.0997204190451691,0.0551073468599866,-0.0256229823373523,0.0895600545330916,0.094799626451546,-0.0379076919865377,0.0438288763109437,-0.0968400771125389,-0.0863824638005256,0.0193099375195794,-0.060418287429919,0.100548474373976,0.0747793702421639,7.09314397949278e-16,0.0747793702421654,-0.100548474373975,-0.0604182874299171,-0.0193099375195799,-0.0863824638005255,0.096840077112539,0.0438288763109435,0.0379076919865377,0.0947996264515465,-0.0895600545330909,-0.0256229823373522,-0.055107346859987,-0.0997204190451693,0.0789769061426105,0.0064720695743534,0.0702745498692686,0.100963354453999,-0.0654809562971157,0.0129175440265735,-0.0828499089952258,-0.0984825911245438,0.0495699583813201,-0.0318307368245884,0.092369623791009,0.0923696237910088,-0.0318307368245853,0.0495699583813218,-0.0984825911245436,-0.0828499089952242,0.0129175440265705,-0.0654809562971176,0.100963354453999,0.0702745498692657,0.0064720695743535,0.0789769061426113,-0.0997204190451728,-0.055107346859985,-0.0256229823373514,-0.0895600545330911,0.0947996264515493,0.0379076919865353,0.0438288763109449,0.0968400771125374,-0.0863824638005183,-0.0193099375195784,-0.060418287429929,-0.100548474373979,0.0747793702421562
0.0758582580522289,0.100185920612501,-0.0564571805921043,0.0256229823373634,-0.090297426073882,-0.0936327321021172,0.0333632234846311,-0.0495699583813336,0.0988302147215946,0.0809550009368695,-0.00808696879010098,0.0702745498692653,-0.100898491952616,-0.0629819809849979,-0.017718256748197,-0.0863824638005262,0.0963669711867014,0.0408892924047459,0.0423645262591748,0.0968400771125332,-0.0855320604384394,-0.0161220240078226,-0.0642397205029641,-0.100963354453997,0.0691024741877891,-0.00969979039562715,0.0819129770319882,0.0984825911245477,-0.0481528761718308,0.0348871388523099,-0.0942282832955863,-0.0895600545330907,0.0240535853353441,-0.0577925100003132,0.100380091737625,0.0747793702421658,0.00161905710673114,0.0769176572385577,-0.099966010882798,-0.0551073468599876,-0.0271857965799596,-0.0910115994473946,0.0930131258732438,0.0318307368245868,0.050974305652108,0.0991524480063037,-0.0799762268219819,-0.00647206957435511,-0.0714285714285719,-0.100807707781091,0.0617080608670531,-0.0193099375195796,0.087210674782038,0.0958691077764723,-0.039403553747617,0.0438288763109425,-0.0972883040090948,-0.0846596831715439,0.0145216493840533,-0.0654809562971163,0.101002278621515,0.0679126455002201,0.0113101200435191,0.082849908995223,-0.0981096665225631,-0.0467234230839622,-0.036402091420958,-0.0947996264515444,0.0887996742619792,0.022478008765211,0.0591129920272188,0.100548474373976,-0.0736812709837392,0.00323769826409031,-0.0779572956326335,-0.0997204190451697,0.0537433555875369,-0.0287416265630628,0.0917023911765049,0.0923696237910079,-0.0302900725808689,0.0523655571955832,-0.0994492081942233,-0.0789769061426124,0.00485550762957233,-0.072564242387864,0.100691025262638,0.0604182874299182,0.020896657405805,0.0880164806086168,-0.0953466147871418,-0.0379076919865395,-0.0452819663562167,-0.0977115367231153,0.0837655561208882,0.0129175440265726,0.0667053694835443,0.101015254455221,-0.0667053694835445,0.012917544026572,-0.0837655561208881,-0.0977115367231158,0.0452819663562176,-0.0379076919865394,0.0953466147871407,0.0880164806086185,-0.0208966574058081,0.0604182874299167,-0.100691025262636,-0.0725642423878654,-0.00485550762957044,-0.0789769061426095,0.0994492081942234,0.0523655571955841,0.030290072580869,0.0923696237910076,-0.0917023911765057,-0.0287416265630644,-0.0537433555875361,-0.09972041904517,0.0779572956326341,0.00323769826409243,0.0736812709837386,0.100548474373976,-0.0591129920272191,0.0224780087652102,-0.0887996742619771,-0.0947996264515461,0.0364020914209583,-0.046723423083961,0.0981096665225626,0.0828499089952233,-0.011310120043521,0.0679126455002188,-0.101002278621515,-0.0654809562971152,-0.014521649384054,-0.0846596831715435,0.0972883040090942,0.0438288763109423,0.039403553747619,0.0958691077764732,-0.0872106747820378,-0.0193099375195785,-0.0617080608670542,-0.100807707781091,0.0714285714285707,-0.00647206957435449,0.0799762268219828,0.099152448006305,-0.0509743056521091,0.0318307368245876,-0.0930131258732428,-0.0910115994473957,0.0271857965799616,-0.0551073468599871,0.0999660108827975,0.0769176572385578,-0.00161905710673203,0.0747793702421637,-0.100380091737626,-0.0577925100003121,-0.0240535853353443,-0.0895600545330918,0.094228283295586,0.0348871388523077,0.0481528761718331,0.0984825911245443,-0.0819129770319875,-0.00969979039562359,-0.0691024741877894,-0.100963354453999,0.0642397205029639,-0.0161220240078241,0.0855320604384379,0.0968400771125396,-0.0423645262591736,0.0408892924047456,-0.0963669711867035,-0.0863824638005238,0.0177182567481991,-0.0629819809849964,0.10089849195262,0.0702745498692654,0.00808696879009496,0.0809550009368723,-0.0988302147216029,-0.0495699583813166,-0.0333632234846339,-0.0936327321021156,0.0902974260738706,0.0256229823373506,0.0564571805921329,0.100185920612507,-0.0758582580522096
0.0769176572385693,0.0997204190451678,-0.052365557195566,0.0318307368245986,-0.0936327321021193,-0.0895600545330907,0.0224780087652099,-0.0604182874299305,0.100807707781085,0.0702745498692656,0.00969979039562014,0.0828499089952214,-0.0977115367231164,-0.0438288763109463,-0.0408892924047414,-0.0968400771125392,0.0846596831715421,0.0129175440265739,0.0679126455002192,0.100963354453993,-0.0629819809849951,0.0193099375195813,-0.0880164806086164,-0.0947996264515449,0.0348871388523104,-0.0495699583813227,0.0991524480063041,0.0789769061426145,-0.00323769826409292,0.0747793702421646,-0.100185920612503,-0.055107346859987,-0.028741626563064,-0.0923696237910088,0.0910115994473943,0.0256229823373527,0.0577925100003113,0.100548474373975,-0.0725642423878636,0.0064720695743533,-0.0809550009368713,-0.0984825911245455,0.0467234230839622,-0.0379076919865374,0.095869107776474,0.0863824638005274,-0.0161220240078249,0.0654809562971159,-0.10101525445522,-0.0654809562971159,-0.0161220240078217,-0.0863824638005264,0.0958691077764718,0.0379076919865377,0.0467234230839623,0.098482591124543,-0.0809550009368719,-0.0064720695743546,-0.0725642423878638,-0.100548474373976,0.0577925100003129,-0.0256229823373503,0.0910115994473946,0.0923696237910088,-0.0287416265630662,0.0551073468599858,-0.100185920612503,-0.0747793702421636,-0.00323769826409209,-0.0789769061426104,0.0991524480063045,0.0495699583813222,0.0348871388523086,0.0947996264515457,-0.0880164806086182,-0.0193099375195807,-0.0629819809849943,-0.100963354453998,0.0679126455002197,-0.0129175440265717,0.0846596831715441,0.0968400771125387,-0.0408892924047443,0.0438288763109409,-0.0977115367231155,-0.0828499089952253,0.00969979039562662,-0.0702745498692671,0.100807707781091,0.0604182874299184,0.02247800876521,0.0895600545330902,-0.0936327321021174,-0.0318307368245879,-0.0523655571955831,-0.0997204190451697,0.0769176572385572,-1.90949393725355e-16,0.076917657238557,0.09972041904517,-0.0523655571955834,0.0318307368245869,-0.0936327321021161,-0.089560054533092,0.0224780087652103,-0.0604182874299167,0.10080770778109,0.0702745498692705,0.00969979039562405,0.0828499089952238,-0.0977115367231163,-0.0438288763109438,-0.0408892924047426,-0.0968400771125387,0.0846596831715433,0.0129175440265717,0.0679126455002182,0.100963354453998,-0.062981980984995,0.0193099375195798,-0.0880164806086173,-0.0947996264515463,0.0348871388523097,-0.0495699583813209,0.0991524480063044,0.0789769061426112,-0.00323769826409326,0.0747793702421647,-0.100185920612502,-0.0551073468599872,-0.0287416265630635,-0.0923696237910079,0.0910115994473953,0.0256229823373514,0.0577925100003131,0.100548474373975,-0.0725642423878639,0.00647206957435426,-0.0809550009368721,-0.0984825911245442,0.0467234230839594,-0.0379076919865397,0.0958691077764727,0.0863824638005249,-0.0161220240078218,0.0654809562971166,-0.101015254455221,-0.0654809562971156,-0.0161220240078245,-0.0863824638005263,0.0958691077764728,0.0379076919865381,0.0467234230839608,0.0984825911245442,-0.0809550009368723,-0.00647206957435456,-0.0725642423878641,-0.100548474373975,0.0577925100003127,-0.0256229823373511,0.0910115994473948,0.0923696237910086,-0.0287416265630639,0.0551073468599888,-0.100185920612502,-0.0747793702421626,-0.00323769826409453,-0.0789769061426112,0.0991524480063052,0.0495699583813198,0.0348871388523114,0.0947996264515472,-0.0880164806086166,-0.0193099375195797,-0.062981980984995,-0.100963354454,0.0679126455002169,-0.0129175440265738,0.0846596831715445,0.0968400771125376,-0.0408892924047438,0.0438288763109443,-0.0977115367231195,-0.0828499089952204,0.00969979039562634,-0.0702745498692691,0.100807707781095,0.0604182874299119,0.0224780087652107,0.0895600545330897,-0.0936327321021098,-0.031830736824586,-0.0523655571955956,-0.0997204190451741,0.0769176572385499
0.0779572956326463,0.099152448006303,-0.0481528761718128,0.0379076919865501,-0.0963669711867035,-0.0846596831715422,0.0113101200435216,-0.0702745498692819,0.100691025262631,0.0577925100003091,0.0271857965799565,0.0923696237910067,-0.0902974260738801,-0.0224780087652148,-0.0617080608670504,-0.100963354453999,0.0667053694835436,-0.0161220240078213,0.0872106747820399,0.0947996264515414,-0.0333632234846319,0.0523655571955843,-0.0999660108827971,-0.0747793702421637,-0.0048555076295708,-0.0809550009368729,0.098109666522561,0.0438288763109466,0.0423645262591737,0.0977115367231159,-0.0819129770319882,-0.00647206957435346,-0.073681270983739,-0.100185920612502,0.0537433555875355,-0.0318307368245876,0.0942282832955851,0.0880164806086171,-0.0177182567481976,0.0654809562971154,-0.101002278621516,-0.0629819809849981,-0.0208966574058056,-0.0895600545330889,0.0930131258732456,0.028741626563067,0.0564571805921185,0.100548474373977,-0.0714285714285702,0.00969979039562498,-0.0837655561208865,-0.0968400771125402,0.0394035537476168,-0.046723423083962,0.0988302147216004,0.0789769061426093,-0.00161905710673141,0.0769176572385573,-0.0994492081942226,-0.0495699583813213,-0.036402091420957,-0.0958691077764722,0.0855320604384397,0.012917544026573,0.0691024741877866,0.100807707781091,-0.0591129920272204,0.025622982337351,-0.0917023911765062,-0.0910115994473955,0.0240535853353445,-0.0604182874299168,0.100898491952616,0.0679126455002196,0.0145216493840518,0.0863824638005256,-0.0953466147871409,-0.0348871388523103,-0.0509743056521081,-0.0997204190451689,0.0758582580522181,-0.00323769826409194,0.079976226821982,0.0984825911245451,-0.0452819663562187,0.0408892924047423,-0.0972883040090945,-0.0828499089952244,0.00808696879009792,-0.0725642423878636,0.100380091737627,0.0551073468599882,0.0302900725808679,0.0936327321021165,-0.088799674261978,-0.0193099375195809,-0.0642397205029656,-0.101015254455221,0.0642397205029653,-0.0193099375195807,0.0887996742619779,0.0936327321021168,-0.0302900725808687,0.0551073468599883,-0.100380091737625,-0.0725642423878659,-0.00808696879009436,-0.0828499089952238,0.0972883040090941,0.0408892924047446,0.0452819663562171,0.0984825911245436,-0.0799762268219832,-0.00323769826409285,-0.0758582580522181,-0.099720419045169,0.0509743056521098,-0.034887138852309,0.0953466147871409,0.0863824638005266,-0.0145216493840529,0.0679126455002182,-0.100898491952616,-0.0604182874299175,-0.0240535853353445,-0.0910115994473955,0.0917023911765049,0.0256229823373516,0.0591129920272191,0.100807707781091,-0.0691024741877887,0.0129175440265718,-0.0855320604384387,-0.0958691077764722,0.0364020914209577,-0.0495699583813209,0.0994492081942236,0.0769176572385574,0.00161905710673227,0.0789769061426114,-0.0988302147215988,-0.0467234230839601,-0.0394035537476184,-0.0968400771125393,0.0837655561208875,0.00969979039562367,0.0714285714285716,0.100548474373976,-0.0564571805921197,0.0287416265630642,-0.0930131258732425,-0.0895600545330904,0.0208966574058069,-0.062981980984995,0.101002278621515,0.0654809562971169,0.0177182567481986,0.0880164806086175,-0.0942282832955866,-0.0318307368245883,-0.0537433555875361,-0.100185920612503,0.0736812709837392,-0.0064720695743554,0.0819129770319879,0.0977115367231146,-0.0423645262591731,0.0438288763109438,-0.0981096665225632,-0.080955000936871,0.00485550762956923,-0.0747793702421653,0.0999660108827977,0.0523655571955831,0.0333632234846326,0.0947996264515476,-0.0872106747820368,-0.0161220240078217,-0.0667053694835457,-0.100963354453998,0.061708060867053,-0.0224780087652122,0.0902974260738816,0.0923696237910049,-0.0271857965799628,0.0577925100003134,-0.100691025262642,-0.070274549869262,-0.0113101200435204,-0.0846596831715422,0.096366971186696,0.0379076919865375,0.0481528761718434,0.0991524480063097,-0.0779572956326267
0.0789769061426231,0.0984825911245423,-0.0438288763109245,0.0438288763109542,-0.0984825911245435,-0.0789769061426086,1.46169596030119e-15,-0.0789769061426243,0.0984825911245379,0.0438288763109392,0.0438288763109392,0.0984825911245434,-0.0789769061426143,-4.55714654878065e-15,-0.0789769061426084,-0.0984825911245448,0.043828876310942,-0.0438288763109413,0.0984825911245467,0.0789769061426067,2.10220029935229e-15,0.0789769061426117,-0.0984825911245438,-0.0438288763109429,-0.0438288763109427,-0.0984825911245442,0.0789769061426091,2.87001228113177e-15,0.0789769061426091,0.0984825911245445,-0.0438288763109434,0.0438288763109429,-0.0984825911245446,-0.0789769061426101,-4.34754239003924e-16,-0.078976906142612,0.0984825911245437,0.0438288763109426,0.0438288763109444,0.0984825911245443,-0.0789769061426122,-3.05247928627835e-15,-0.0789769061426108,-0.0984825911245422,0.043828876310946,-0.0438288763109397,0.0984825911245422,0.078976906142613,1.27343647507096e-15,0.0789769061426112,-0.0984825911245434,-0.0438288763109442,-0.0438288763109432,-0.0984825911245447,0.0789769061426106,-4.52632590648124e-16,0.0789769061426109,0.0984825911245446,-0.0438288763109429,0.0438288763109433,-0.0984825911245434,-0.078976906142612,2.05103960092465e-15,-0.0789769061426099,0.0984825911245453,0.0438288763109443,0.0438288763109425,0.0984825911245425,-0.0789769061426119,-5.4877856211739e-16,-0.0789769061426103,-0.0984825911245451,0.0438288763109437,-0.0438288763109413,0.0984825911245441,0.0789769061426111,-1.00922302019989e-15,0.0789769061426099,-0.0984825911245451,-0.0438288763109428,-0.0438288763109433,-0.0984825911245442,0.0789769061426113,2.53223179252333e-15,0.0789769061426099,0.0984825911245451,-0.0438288763109448,0.0438288763109413,-0.098482591124544,-0.0789769061426115,8.13322875575324e-16,-0.0789769061426096,0.0984825911245447,0.0438288763109435,0.0438288763109426,0.0984825911245442,-0.07897690614261,1.0992985640035e-16,-0.0789769061426099,-0.0984825911245444,0.0438288763109431,-0.0438288763109423,0.0984825911245436,0.0789769061426114,1.89519644455233e-16,0.0789769061426102,-0.0984825911245442,-0.0438288763109449,-0.043828876310942,-0.0984825911245445,0.0789769061426115,1.17636907648905e-15,0.0789769061426101,0.0984825911245448,-0.0438288763109427,0.0438288763109427,-0.0984825911245446,-0.078976906142611,-2.60849145152151e-16,-0.0789769061426109,0.098482591124544,0.0438288763109431,0.0438288763109429,0.0984825911245445,-0.0789769061426105,-3.2927419184691e-16,-0.0789769061426097,-0.0984825911245442,0.0438288763109428,-0.0438288763109431,0.0984825911245447,0.0789769061426102,2.49875461875944e-16,0.078976906142611,-0.0984825911245442,-0.0438288763109423,-0.043828876310944,-0.0984825911245442,0.0789769061426098,-7.82668788588162e-16,0.0789769061426115,0.0984825911245441,-0.0438288763109419,0.0438288763109445,-0.0984825911245445,-0.0789769061426101,-6.24625163127494e-16,-0.0789769061426115,0.0984825911245435,0.0438288763109426,0.0438288763109424,0.0984825911245438,-0.0789769061426111,-6.86089509610893e-16,-0.07897690614261,-0.0984825911245451,0.0438288763109431,-0.0438288763109428,0.0984825911245445,0.0789769061426112,9.30930393384562e-17,0.0789769061426114,-0.0984825911245446,-0.0438288763109411,-0.0438288763109432,-0.0984825911245439,0.0789769061426095,-1.1974991713115e-15,0.0789769061426122,0.0984825911245437,-0.0438288763109408,0.0438288763109437,-0.0984825911245446,-0.0789769061426109,1.06984397020495e-16,-0.0789769061426121,0.098482591124543,0.0438288763109415,0.0438288763109441,0.0984825911245451,-0.0789769061426108,1.92397464613844e-15,-0.0789769061426145,-0.0984825911245408,0.0438288763109452,-0.0438288763109444,0.09848259112455,0.0789769061426037,-1.5983630921471e-15,0.0789769061426098,-0.0984825911245384,-0.0438288763109421,-0.0438288763109561,-0.0984825911245496,0.0789769061426034
0.0799762268219952,0.0977115367231138,-0.0394035537475988,0.0495699583813324,-0.0999660108827956,-0.0725642423878617,-0.0113101200435188,-0.0863824638005394,0.0942282832955793,0.0287416265630597,0.0591129920272163,0.100963354453998,-0.0642397205029702,0.0224780087652057,-0.0917023911765026,-0.0895600545330915,0.0177182567481983,-0.0679126455002172,0.10069102526264,0.0551073468599848,0.0333632234846355,0.0958691077764731,-0.0837655561208883,-0.00647206957435453,-0.0758582580522178,-0.0991524480063036,0.0452819663562159,-0.0438288763109413,0.0988302147215975,0.0769176572385577,0.00485550762957083,0.0828499089952235,-0.0963669711867026,-0.0348871388523087,-0.0537433555875362,-0.100548474373977,0.0691024741877879,-0.0161220240078234,0.0887996742619789,0.0923696237910087,-0.0240535853353461,0.0629819809849933,-0.101002278621516,-0.0604182874299165,-0.0271857965799591,-0.0936327321021152,0.0872106747820378,0.0129175440265736,0.0714285714285719,0.100185920612503,-0.0509743056521095,0.0379076919865382,-0.0972883040090943,-0.0809550009368716,0.00161905710673041,-0.0789769061426098,0.0981096665225623,0.0408892924047447,0.0481528761718297,0.0997204190451704,-0.0736812709837392,0.00969979039562279,-0.0855320604384375,-0.0947996264515466,0.0302900725808714,-0.0577925100003106,0.100898491952617,0.0654809562971153,0.0208966574058068,0.0910115994473949,-0.0902974260738775,-0.0193099375195815,-0.0667053694835435,-0.100807707781091,0.0564571805921219,-0.0318307368245869,0.0953466147871403,0.0846596831715434,-0.00808696879009719,0.0747793702421638,-0.0994492081942238,-0.0467234230839609,-0.0423645262591747,-0.0984825911245441,0.077957295632635,-0.00323769826409031,0.081912977031987,0.0968400771125389,-0.0364020914209602,0.0523655571955821,-0.100380091737627,-0.070274549869269,-0.0145216493840518,-0.0880164806086173,0.0930131258732425,0.0256229823373528,0.0617080608670529,0.101015254455221,-0.061708060867053,0.0256229823373525,-0.0930131258732425,-0.0880164806086178,0.014521649384053,-0.0702745498692693,0.100380091737625,0.0523655571955846,0.0364020914209565,0.0968400771125392,-0.0819129770319876,-0.00323769826409315,-0.0779572956326338,-0.0984825911245442,0.0423645262591766,-0.0467234230839601,0.0994492081942235,0.0747793702421641,0.00808696879009506,0.0846596831715427,-0.0953466147871409,-0.0318307368245881,-0.0564571805921208,-0.100807707781091,0.0667053694835445,-0.0193099375195804,0.0902974260738778,0.0910115994473957,-0.0208966574058075,0.0654809562971165,-0.100898491952616,-0.0577925100003118,-0.0302900725808688,-0.0947996264515459,0.0855320604384385,0.00969979039562405,0.0736812709837396,0.0997204190451691,-0.0481528761718297,0.040889292404744,-0.098109666522562,-0.0789769061426105,-0.00161905710673286,-0.0809550009368727,0.0972883040090945,0.0379076919865372,0.0509743056521099,0.100185920612503,-0.0714285714285708,0.0129175440265724,-0.0872106747820386,-0.0936327321021169,0.0271857965799614,-0.0604182874299173,0.101002278621516,0.062981980984996,0.0240535853353434,0.0923696237910086,-0.088799674261978,-0.0161220240078235,-0.0691024741877878,-0.100548474373975,0.0537433555875361,-0.0348871388523102,0.0963669711867028,0.0828499089952226,-0.00485550762957103,0.0769176572385583,-0.0988302147215992,-0.0438288763109417,-0.0452819663562194,-0.0991524480063048,0.0758582580522161,-0.00647206957435442,0.0837655561208896,0.0958691077764731,-0.0333632234846328,0.0551073468599888,-0.100691025262636,-0.0679126455002175,-0.0177182567482002,-0.089560054533093,0.0917023911765048,0.0224780087652083,0.0642397205029692,0.100963354453995,-0.0591129920272217,0.0287416265630657,-0.0942282832955923,-0.0863824638005182,0.0113101200435235,-0.072564242387864,0.0999660108827927,0.0495699583813204,0.0394035537476313,0.0977115367231215,-0.0799762268219753
0.0809550009368852,0.0968400771125364,-0.0348871388522901,0.0551073468599987,-0.100807707781086,-0.0654809562971119,-0.0224780087652072,-0.0923696237910215,0.0880164806086104,0.0129175440265675,0.0725642423878625,0.09972041904517,-0.0467234230839664,0.0438288763109383,-0.0991524480063027,-0.0747793702421645,-0.00969979039562545,-0.086382463800525,0.0936327321021194,0.0256229823373508,0.0629819809849984,0.100963354453998,-0.0577925100003121,0.031830736824586,-0.0958691077764727,-0.0828499089952216,0.00323769826409023,-0.0789769061426107,0.0977115367231142,0.0379076919865383,0.0523655571955829,0.100548474373975,-0.0679126455002183,0.0193099375195812,-0.0910115994473946,-0.0895600545330927,0.0161220240078239,-0.0702745498692681,0.100185920612503,0.0495699583813216,0.0408892924047423,0.0984825911245442,-0.0769176572385592,0.00647206957435302,-0.0846596831715438,-0.0947996264515473,0.0287416265630651,-0.0604182874299171,0.10101525445522,0.0604182874299176,0.0287416265630616,0.0947996264515469,-0.0846596831715423,-0.00647206957435275,-0.0769176572385589,-0.0984825911245426,0.0408892924047437,-0.0495699583813199,0.100185920612501,0.0702745498692689,0.0161220240078218,0.0895600545330902,-0.0910115994473964,-0.0193099375195815,-0.0679126455002169,-0.100548474373975,0.0523655571955843,-0.0379076919865373,0.0977115367231173,0.0789769061426111,0.00323769826409186,0.0828499089952238,-0.0958691077764726,-0.0318307368245887,-0.0577925100003114,-0.100963354453999,0.0629819809849957,-0.0256229823373513,0.0936327321021169,0.0863824638005253,-0.00969979039562458,0.0747793702421641,-0.0991524480063049,-0.0438288763109452,-0.0467234230839595,-0.0997204190451695,0.0725642423878662,-0.01291754402657,0.0880164806086166,0.0923696237910088,-0.0224780087652117,0.0654809562971143,-0.100807707781091,-0.0551073468599882,-0.0348871388523091,-0.0968400771125384,0.0809550009368714,8.71278133789672e-17,0.080955000936871,0.0968400771125389,-0.0348871388523099,0.0551073468599869,-0.10080770778109,-0.0654809562971162,-0.0224780087652106,-0.0923696237910081,0.088016480608618,0.0129175440265736,0.0725642423878636,0.0997204190451701,-0.0467234230839617,0.0438288763109416,-0.0991524480063046,-0.0747793702421651,-0.00969979039562496,-0.0863824638005253,0.0936327321021177,0.0256229823373529,0.0629819809849952,0.100963354453999,-0.057792510000312,0.031830736824587,-0.0958691077764724,-0.082849908995224,0.00323769826409188,-0.0789769061426107,0.0977115367231158,0.0379076919865381,0.0523655571955831,0.100548474373975,-0.0679126455002191,0.0193099375195803,-0.0910115994473956,-0.0895600545330906,0.0161220240078225,-0.0702745498692682,0.100185920612502,0.0495699583813205,0.0408892924047442,0.0984825911245448,-0.0769176572385567,0.00647206957435478,-0.0846596831715436,-0.0947996264515458,0.0287416265630623,-0.0604182874299184,0.101015254455221,0.0604182874299174,0.0287416265630647,0.0947996264515469,-0.0846596831715437,-0.00647206957435327,-0.0769176572385577,-0.0984825911245445,0.0408892924047444,-0.0495699583813203,0.100185920612502,0.0702745498692685,0.0161220240078228,0.0895600545330905,-0.0910115994473949,-0.01930993751958,-0.0679126455002185,-0.100548474373975,0.0523655571955831,-0.0379076919865399,0.0977115367231168,0.0789769061426097,0.00323769826409353,0.0828499089952244,-0.0958691077764717,-0.0318307368245869,-0.0577925100003141,-0.100963354453999,0.062981980984995,-0.0256229823373534,0.0936327321021163,0.0863824638005252,-0.00969979039562362,0.0747793702421673,-0.0991524480063046,-0.0438288763109405,-0.0467234230839644,-0.0997204190451664,0.0725642423878671,-0.0129175440265743,0.0880164806086243,0.0923696237910001,-0.0224780087652137,0.0654809562971154,-0.100807707781086,-0.0551073468599871,-0.0348871388523236,-0.0968400771125449,0.0809550009368653
0.0819129770320012,0.0958691077764699,-0.0302900725808488,0.0604182874299284,-0.101002278621509,-0.0577925100003073,-0.0333632234846286,-0.0968400771125511,0.0799762268219747,-0.00323769826409656,0.083765556120887,0.0947996264515472,-0.0271857965799669,0.062981980984991,-0.100898491952615,-0.0551073468599872,-0.036402091420959,-0.0977115367231152,0.0779572956326363,-0.00647206957435351,0.0855320604384413,0.0936327321021158,-0.0240535853353442,0.0654809562971142,-0.100691025262637,-0.0523655571955801,-0.0394035537476191,-0.0984825911245457,0.0758582580522165,-0.00969979039562542,0.0872106747820381,0.0923696237910073,-0.020896657405806,0.0679126455002193,-0.100380091737625,-0.0495699583813217,-0.0423645262591743,-0.0991524480063042,0.0736812709837378,-0.0129175440265712,0.0887996742619778,0.0910115994473971,-0.0177182567482001,0.0702745498692666,-0.0999660108828006,-0.0467234230839636,-0.0452819663562154,-0.099720419045171,0.0714285714285699,-0.0161220240078237,0.0902974260738758,0.0895600545330923,-0.014521649384052,0.0725642423878654,-0.0994492081942235,-0.0438288763109416,-0.0481528761718306,-0.100185920612502,0.0691024741877876,-0.0193099375195804,0.0917023911765034,0.0880164806086185,-0.0113101200435233,0.0747793702421633,-0.0988302147216,-0.0408892924047451,-0.0509743056521084,-0.100548474373974,0.0667053694835455,-0.02247800876521,0.0930131258732421,0.0863824638005269,-0.0080869687900971,0.0769176572385567,-0.0981096665225626,-0.037907691986539,-0.0537433555875354,-0.10080770778109,0.0642397205029664,-0.025622982337352,0.0942282832955868,0.0846596831715431,-0.00485550762957182,0.0789769061426094,-0.0972883040090949,-0.0348871388523113,-0.0564571805921197,-0.100963354453998,0.0617080608670543,-0.0287416265630625,0.0953466147871417,0.0828499089952242,-0.00161905710673267,0.0809550009368716,-0.0963669711867025,-0.0318307368245882,-0.0591129920272194,-0.101015254455221,0.0591129920272196,-0.0318307368245876,0.0963669711867023,0.0809550009368722,0.00161905710673119,0.0828499089952247,-0.0953466147871405,-0.0287416265630652,-0.0617080608670508,-0.100963354454,0.056457180592121,-0.0348871388523086,0.0972883040090945,0.078976906142611,0.00485550762956983,0.0846596831715426,-0.0942282832955861,-0.0256229823373521,-0.0642397205029647,-0.10080770778109,0.0537433555875361,-0.0379076919865381,0.0981096665225618,0.076917657238558,0.00808696879009597,0.0863824638005259,-0.0930131258732425,-0.022478008765211,-0.0667053694835435,-0.100548474373976,0.0509743056521086,-0.0408892924047439,0.0988302147215998,0.0747793702421638,0.0113101200435215,0.0880164806086178,-0.0917023911765046,-0.0193099375195798,-0.069102474187789,-0.100185920612502,0.0481528761718296,-0.0438288763109437,0.0994492081942232,0.0725642423878638,0.0145216493840538,0.0895600545330918,-0.090297426073877,-0.0161220240078223,-0.0714285714285714,-0.09972041904517,0.0452819663562165,-0.0467234230839613,0.0999660108827979,0.0702745498692677,0.0177182567481985,0.091011599447395,-0.0887996742619785,-0.012917544026573,-0.0736812709837381,-0.0991524480063048,0.042364526259176,-0.0495699583813198,0.100380091737625,0.0679126455002187,0.0208966574058062,0.0923696237910089,-0.0872106747820384,-0.00969979039562311,-0.0758582580522198,-0.0984825911245438,0.0394035537476166,-0.0523655571955842,0.100691025262637,0.0654809562971156,0.0240535853353466,0.0936327321021177,-0.0855320604384377,-0.00647206957435253,-0.0779572956326344,-0.0977115367231156,0.0364020914209575,-0.0551073468599911,0.100898491952616,0.0629819809849927,0.0271857965799639,0.0947996264515434,-0.0837655561208907,-0.00323769826408921,-0.0799762268219892,-0.0968400771125299,0.0333632234846368,-0.0577925100003119,0.101002278621511,0.0604182874299173,0.0302900725808832,0.0958691077764792,-0.0819129770319816
0.0828499089952374,0.0947996264515432,-0.0256229823373316,0.0654809562971265,-0.100548474373967,-0.0495699583813151,-0.0438288763109378,-0.0997204190451809,0.0702745498692607,-0.019309937519585,0.0923696237910079,0.0863824638005272,-0.00647206957436003,0.078976906142607,-0.0968400771125372,-0.0318307368245866,-0.060418287429918,-0.100963354453999,0.0551073468599887,-0.0379076919865372,0.0984825911245469,0.0747793702421626,0.0129175440265721,0.0895600545330894,-0.0895600545330909,-0.0129175440265682,-0.0747793702421654,-0.0984825911245469,0.0379076919865378,-0.0551073468599884,0.100963354453999,0.0604182874299162,0.0318307368245881,0.0968400771125389,-0.0789769061426095,0.00647206957435388,-0.0863824638005249,-0.0923696237910079,0.0193099375195787,-0.0702745498692679,0.0997204190451704,0.0438288763109458,0.0495699583813206,0.100548474373973,-0.0654809562971191,0.0256229823373489,-0.0947996264515442,-0.082849908995226,-1.60356090348586e-15,-0.0828499089952244,0.0947996264515455,0.0256229823373529,0.0654809562971162,0.100548474373975,-0.0495699583813199,0.0438288763109431,-0.0997204190451698,-0.0702745498692689,-0.0193099375195801,-0.0923696237910093,0.0863824638005257,0.00647206957435526,0.0789769061426099,0.096840077112539,-0.0318307368245896,0.0604182874299162,-0.100963354454,-0.0551073468599872,-0.0379076919865395,-0.0984825911245444,0.0747793702421642,-0.0129175440265709,0.0895600545330905,0.0895600545330918,-0.012917544026573,0.0747793702421641,-0.098482591124544,-0.0379076919865394,-0.0551073468599868,-0.100963354453998,0.0604182874299177,-0.0318307368245871,0.0968400771125385,0.0789769061426125,0.00647206957435223,0.086382463800525,-0.0923696237910094,-0.0193099375195819,-0.0702745498692669,-0.0997204190451697,0.0438288763109441,-0.0495699583813194,0.100548474373975,0.0654809562971165,0.0256229823373517,0.0947996264515461,-0.0828499089952233,9.04275011887575e-17,-0.0828499089952232,-0.0947996264515466,0.0256229823373522,-0.0654809562971157,0.100548474373975,0.0495699583813211,0.0438288763109431,0.0997204190451699,-0.0702745498692693,0.0193099375195789,-0.0923696237910076,-0.0863824638005267,0.00647206957435453,-0.0789769061426097,0.0968400771125392,0.0318307368245882,0.0604182874299177,0.100963354453998,-0.0551073468599886,0.0379076919865378,-0.0984825911245439,-0.0747793702421653,-0.0129175440265718,-0.0895600545330909,0.089560054533091,0.0129175440265718,0.0747793702421643,0.0984825911245447,-0.0379076919865395,0.0551073468599882,-0.100963354453998,-0.0604182874299171,-0.0318307368245873,-0.0968400771125383,0.0789769061426107,-0.0064720695743544,0.0863824638005266,0.0923696237910079,-0.0193099375195791,0.0702745498692687,-0.099720419045169,-0.0438288763109422,-0.0495699583813221,-0.100548474373976,0.065480956297115,-0.0256229823373538,0.0947996264515467,0.0828499089952232,5.7119475497477e-16,0.0828499089952245,-0.0947996264515454,-0.0256229823373517,-0.0654809562971154,-0.100548474373975,0.0495699583813215,-0.0438288763109422,0.0997204190451692,0.0702745498692695,0.0193099375195797,0.0923696237910083,-0.0863824638005265,-0.00647206957435484,-0.0789769061426104,-0.0968400771125392,0.031830736824588,-0.0604182874299187,0.100963354453999,0.0551073468599859,0.0379076919865411,0.0984825911245445,-0.0747793702421642,0.012917544026573,-0.0895600545330919,-0.0895600545330915,0.0129175440265695,-0.0747793702421655,0.0984825911245438,0.037907691986538,0.0551073468599882,0.100963354453999,-0.0604182874299167,0.0318307368245917,-0.0968400771125385,-0.0789769061426084,-0.00647206957435634,-0.0863824638005234,0.0923696237910107,0.0193099375195771,0.0702745498692755,0.0997204190451605,-0.0438288763109473,0.049569958381321,-0.100548474373972,-0.0654809562971159,-0.0256229823373668,-0.0947996264515532,0.0828499089952177
0.0837655561209017,0.0936327321021129,-0.0208966574057855,0.0702745498692784,-0.0994492081942129,-0.0408892924047368,-0.0537433555875304,-0.100963354454009,0.0591129920272116,-0.0348871388523145,0.0981096665225627,0.0747793702421661,0.0145216493840467,0.0910115994473926,-0.0872106747820373,-0.00647206957435263,-0.0799762268219829,-0.0958691077764732,0.0271857965799611,-0.0654809562971134,0.100380091737628,0.0467234230839584,0.0481528761718313,0.100548474373974,-0.0642397205029651,0.0287416265630673,-0.0963669711867029,-0.0789769061426139,-0.0080869687900965,-0.0880164806086185,0.0902974260738778,0.0129175440265705,0.0758582580522185,0.0977115367231153,-0.0333632234846318,0.0604182874299186,-0.100898491952616,-0.0523655571955827,-0.0423645262591768,-0.0997204190451696,0.0691024741877895,-0.0224780087652078,0.0942282832955868,0.0828499089952223,0.0016190571067293,0.0846596831715414,-0.0930131258732418,-0.0193099375195821,-0.0714285714285722,-0.0991524480063054,0.0394035537476187,-0.0551073468599876,0.101002278621515,0.0577925100003116,0.0364020914209601,0.0984825911245433,-0.073681270983739,0.0161220240078224,-0.0917023911765041,-0.0863824638005267,0.00485550762957274,-0.080955000936871,0.0953466147871424,0.0256229823373534,0.066705369483543,0.100185920612502,-0.0452819663562188,0.0495699583813195,-0.100691025262639,-0.0629819809849958,-0.0302900725808686,-0.096840077112539,0.0779572956326346,-0.00969979039562321,0.0887996742619776,0.0895600545330913,-0.0113101200435219,0.0769176572385571,-0.0972883040090954,-0.031830736824587,-0.0617080608670534,-0.10080770778109,0.0509743056521091,-0.0438288763109408,0.0999660108827977,0.0679126455002199,0.0240535853353428,0.0947996264515455,-0.0819129770319889,0.00323769826409075,-0.0855320604384385,-0.0923696237910085,0.0177182567482002,-0.072564242387864,0.0988302147215992,0.0379076919865396,0.056457180592121,0.101015254455221,-0.0564571805921212,0.0379076919865389,-0.0988302147215989,-0.0725642423878648,-0.0177182567481985,-0.0923696237910091,0.0855320604384377,0.00323769826409352,0.081912977031986,0.0947996264515477,-0.0240535853353448,0.0679126455002178,-0.0999660108827981,-0.0438288763109437,-0.0509743056521074,-0.100807707781091,0.0617080608670529,-0.0318307368245869,0.097288304009095,0.0769176572385582,0.0113101200435211,0.0895600545330913,-0.0887996742619778,-0.00969979039562518,-0.0779572956326341,-0.0968400771125389,0.0302900725808689,-0.0629819809849952,0.100691025262637,0.0495699583813205,0.0452819663562176,0.100185920612502,-0.0667053694835451,0.0256229823373522,-0.0953466147871416,-0.0809550009368714,-0.00485550762957237,-0.0863824638005255,0.0917023911765045,0.0161220240078228,0.073681270983739,0.0984825911245444,-0.036402091420957,0.0577925100003131,-0.101002278621515,-0.0551073468599859,-0.0394035537476189,-0.0991524480063048,0.0714285714285707,-0.0193099375195806,0.0930131258732423,0.0846596831715432,-0.00161905710673228,0.0828499089952232,-0.0942282832955864,-0.0224780087652115,-0.0691024741877869,-0.0997204190451702,0.0423645262591756,-0.0523655571955829,0.100898491952617,0.0604182874299184,0.0333632234846325,0.0977115367231162,-0.0758582580522185,0.0129175440265734,-0.0902974260738779,-0.0880164806086166,0.00808696879009399,-0.0789769061426113,0.0963669711867031,0.0287416265630627,0.064239720502967,0.100548474373976,-0.0481528761718287,0.046723423083962,-0.100380091737626,-0.0654809562971158,-0.0271857965799621,-0.0958691077764739,0.079976226821982,-0.00647206957435848,0.0872106747820383,0.0910115994473933,-0.0145216493840508,0.0747793702421627,-0.0981096665225644,-0.0348871388523062,-0.0591129920272265,-0.100963354453989,0.0537433555875413,-0.0408892924047441,0.0994492081942205,0.0702745498692685,0.0208966574058215,0.093632732102124,-0.0837655561208825
0.0846596831715563,0.0923696237910035,-0.0161220240078017,0.0747793702421737,-0.097711536723103,-0.0318307368245794,-0.0629819809849886,-0.100548474373984,0.0467234230839531,-0.0495699583813258,0.100807707781092,0.0604182874299194,0.034887138852304,0.0984825911245428,-0.0725642423878642,0.0193099375195818,-0.0936327321021177,-0.0828499089952251,-0.00323769826409268,-0.0863824638005228,0.0910115994473969,0.0129175440265691,0.0769176572385588,0.0968400771125379,-0.0287416265630633,0.0654809562971188,-0.100185920612502,-0.043828876310946,-0.0523655571955829,-0.100963354453999,0.0577925100003122,-0.0379076919865394,0.0991524480063051,0.0702745498692673,0.0224780087652111,0.0947996264515479,-0.0809550009368713,0.00647206957435394,-0.0880164806086185,-0.0895600545330913,0.00969979039562636,-0.0789769061426092,0.0958691077764737,0.025622982337352,0.0679126455002182,0.0997204190451698,-0.0408892924047447,0.0551073468599868,-0.10101525445522,-0.0551073468599877,-0.0408892924047413,-0.0997204190451705,0.0679126455002177,-0.0256229823373529,0.0958691077764735,0.0789769061426092,0.00969979039562469,0.0895600545330904,-0.0880164806086169,-0.00647206957435375,-0.0809550009368703,-0.0947996264515469,0.0224780087652127,-0.0702745498692674,0.0991524480063056,0.03790769198654,0.0577925100003123,0.100963354453997,-0.052365557195584,0.0438288763109426,-0.100185920612502,-0.0654809562971171,-0.0287416265630628,-0.0968400771125384,0.0769176572385587,-0.0129175440265714,0.0910115994473946,0.0863824638005262,-0.00323769826409301,0.0828499089952234,-0.0936327321021174,-0.0193099375195804,-0.0725642423878643,-0.0984825911245451,0.0348871388523109,-0.0604182874299161,0.100807707781091,0.0495699583813223,0.0467234230839591,0.100548474373975,-0.0629819809849965,0.0318307368245859,-0.0977115367231155,-0.0747793702421649,-0.016122024007823,-0.0923696237910081,0.0846596831715428,-4.7330658097426e-17,0.0846596831715426,0.0923696237910088,-0.0161220240078236,0.0747793702421642,-0.0977115367231154,-0.0318307368245874,-0.0629819809849953,-0.100548474373976,0.0467234230839624,-0.04956995838132,0.10080770778109,0.0604182874299187,0.0348871388523087,0.0984825911245436,-0.0725642423878658,0.0193099375195792,-0.093632732102117,-0.0828499089952234,-0.00323769826409084,-0.0863824638005252,0.0910115994473949,0.0129175440265725,0.0769176572385576,0.0968400771125387,-0.0287416265630636,0.0654809562971161,-0.100185920612502,-0.0438288763109432,-0.0523655571955824,-0.100963354453999,0.057792510000312,-0.0379076919865392,0.0991524480063054,0.0702745498692677,0.022478008765211,0.0947996264515465,-0.0809550009368716,0.00647206957435395,-0.0880164806086185,-0.0895600545330908,0.00969979039562387,-0.0789769061426114,0.095869107776472,0.0256229823373512,0.067912645500219,0.0997204190451693,-0.0408892924047425,0.0551073468599882,-0.101015254455221,-0.0551073468599876,-0.0408892924047442,-0.0997204190451698,0.0679126455002192,-0.0256229823373519,0.0958691077764725,0.0789769061426114,0.00969979039562335,0.0895600545330909,-0.0880164806086177,-0.00647206957435427,-0.0809550009368716,-0.0947996264515468,0.0224780087652108,-0.0702745498692688,0.0991524480063054,0.0379076919865372,0.0577925100003123,0.100963354453998,-0.0523655571955818,0.0438288763109437,-0.100185920612504,-0.0654809562971152,-0.0287416265630657,-0.0968400771125398,0.0769176572385566,-0.0129175440265727,0.091011599447395,0.0863824638005262,-0.00323769826409045,0.0828499089952255,-0.0936327321021168,-0.0193099375195755,-0.0725642423878644,-0.0984825911245426,0.0348871388523084,-0.0604182874299164,0.100807707781093,0.0495699583813174,0.046723423083968,0.100548474373966,-0.0629819809850008,0.031830736824588,-0.0977115367231138,-0.0747793702421647,-0.0161220240078386,-0.0923696237910161,0.0846596831715379
0.0855320604384512,0.0910115994473896,-0.0113101200434991,0.0789769061426194,-0.0953466147871264,-0.0224780087652017,-0.0714285714285642,-0.0984825911245512,0.0333632234846254,-0.0629819809850002,0.100380091737628,0.0438288763109451,0.0537433555875315,0.101015254455221,-0.0537433555875367,0.0438288763109447,-0.100380091737627,-0.0629819809849972,-0.0333632234846343,-0.0984825911245408,0.0714285714285722,-0.022478008765213,0.0953466147871423,0.0789769061426106,0.0113101200435212,0.0910115994473969,-0.0855320604384376,-2.67432422287688e-15,-0.0855320604384373,-0.0910115994473955,0.0113101200435213,-0.0789769061426107,0.095346614787141,0.0224780087652092,0.0714285714285711,0.0984825911245456,-0.0333632234846327,0.0629819809849952,-0.100380091737626,-0.0438288763109431,-0.0537433555875355,-0.101015254455221,0.0537433555875372,-0.0438288763109418,0.100380091737628,0.0629819809849972,0.033363223484631,0.0984825911245454,-0.0714285714285695,0.0224780087652111,-0.0953466147871392,-0.0789769061426116,-0.0113101200435221,-0.0910115994473958,0.0855320604384378,-1.00799261800596e-15,0.0855320604384385,0.0910115994473953,-0.011310120043521,0.0789769061426115,-0.0953466147871406,-0.022478008765212,-0.0714285714285703,-0.0984825911245444,0.0333632234846353,-0.062981980984994,0.100380091737627,0.043828876310943,0.0537433555875372,0.101015254455221,-0.0537433555875364,0.043828876310942,-0.100380091737626,-0.0629819809849967,-0.0333632234846317,-0.0984825911245442,0.0714285714285718,-0.0224780087652095,0.0953466147871412,0.0789769061426103,0.0113101200435213,0.091011599447395,-0.0855320604384387,-2.55247362461956e-15,-0.0855320604384376,-0.0910115994473963,0.0113101200435229,-0.0789769061426095,0.0953466147871418,0.0224780087652118,0.0714285714285713,0.0984825911245441,-0.0333632234846342,0.0629819809849946,-0.100380091737626,-0.0438288763109438,-0.0537433555875363,-0.101015254455221,0.0537433555875367,-0.043828876310943,0.100380091737625,0.0629819809849955,0.0333632234846322,0.0984825911245449,-0.0714285714285706,0.0224780087652091,-0.0953466147871398,-0.0789769061426124,-0.0113101200435205,-0.091011599447395,0.0855320604384388,1.18007972096781e-15,0.0855320604384376,0.0910115994473957,-0.0113101200435211,0.07897690614261,-0.095346614787142,-0.0224780087652115,-0.0714285714285711,-0.0984825911245451,0.0333632234846329,-0.0629819809849948,0.100380091737626,0.043828876310943,0.0537433555875363,0.101015254455221,-0.0537433555875371,0.0438288763109436,-0.100380091737625,-0.0629819809849949,-0.0333632234846328,-0.0984825911245436,0.0714285714285713,-0.0224780087652112,0.0953466147871417,0.0789769061426101,0.0113101200435224,0.0910115994473954,-0.0855320604384376,7.19359607702797e-16,-0.0855320604384389,-0.0910115994473948,0.0113101200435203,-0.0789769061426117,0.0953466147871406,0.0224780087652097,0.0714285714285713,0.0984825911245447,-0.0333632234846319,0.0629819809849956,-0.100380091737626,-0.0438288763109425,-0.0537433555875358,-0.101015254455221,0.0537433555875375,-0.0438288763109419,0.100380091737626,0.0629819809849958,0.0333632234846322,0.098482591124544,-0.0714285714285714,0.0224780087652107,-0.0953466147871414,-0.0789769061426096,-0.0113101200435213,-0.0910115994473955,0.0855320604384379,-1.07522085086762e-15,0.0855320604384403,0.091011599447395,-0.0113101200435189,0.0789769061426119,-0.0953466147871408,-0.0224780087652099,-0.0714285714285713,-0.0984825911245452,0.0333632234846311,-0.0629819809849974,0.100380091737626,0.0438288763109384,0.0537433555875362,0.10101525445522,-0.0537433555875358,0.0438288763109426,-0.100380091737627,-0.0629819809849917,-0.0333632234846398,-0.0984825911245352,0.0714285714285772,-0.0224780087652115,0.09534661478714,0.0789769061426111,0.0113101200435366,0.0910115994474032,-0.0855320604384333
0.0863824638005382,0.0895600545330844,-0.00647206957433136,0.0828499089952317,-0.0923696237909916,-0.0129175440265622,-0.0789769061426029,-0.0947996264515514,0.0193099375195732,-0.0747793702421689,0.0968400771125422,0.0256229823373546,0.0702745498692643,0.0984825911245455,-0.0318307368245885,0.0654809562971178,-0.0997204190451708,-0.037907691986541,-0.0604182874299195,-0.100548474373972,0.0438288763109429,-0.0551073468599896,0.100963354454,0.0495699583813216,0.0495699583813209,0.100963354453999,-0.0551073468599863,0.0438288763109414,-0.100548474373974,-0.0604182874299172,-0.0379076919865386,-0.099720419045169,0.0654809562971152,-0.0318307368245887,0.0984825911245435,0.0702745498692692,0.0256229823373518,0.0968400771125384,-0.0747793702421633,0.01930993751958,-0.0947996264515466,-0.0789769061426127,-0.0129175440265717,-0.0923696237910066,0.0828499089952267,-0.00647206957435114,0.0895600545330892,0.0863824638005278,2.1096919426927e-15,0.0863824638005269,-0.0895600545330905,-0.00647206957435393,-0.0828499089952244,-0.0923696237910081,0.0129175440265699,-0.0789769061426105,0.0947996264515464,0.0193099375195808,0.074779370242164,0.0968400771125395,-0.025622982337353,0.0702745498692673,-0.0984825911245451,-0.0318307368245882,-0.0654809562971144,-0.0997204190451695,0.0379076919865393,-0.0604182874299158,0.100548474373977,0.0438288763109431,0.0551073468599871,0.100963354453999,-0.0495699583813214,0.0495699583813196,-0.100963354453998,-0.0551073468599875,-0.0438288763109421,-0.100548474373975,0.0604182874299181,-0.0379076919865386,0.0997204190451702,0.0654809562971156,0.0318307368245869,0.0984825911245439,-0.0702745498692692,0.0256229823373505,-0.0968400771125386,-0.0747793702421653,-0.0193099375195785,-0.0947996264515458,0.0789769061426117,-0.0129175440265705,0.0923696237910079,0.0828499089952243,0.0064720695743533,0.0895600545330907,-0.0863824638005255,-9.83273863517463e-17,-0.0863824638005251,-0.0895600545330916,0.00647206957435412,-0.0828499089952237,0.0923696237910082,0.0129175440265719,0.0789769061426104,0.0947996264515476,-0.0193099375195824,0.0747793702421638,-0.0968400771125384,-0.0256229823373536,-0.0702745498692677,-0.0984825911245443,0.0318307368245889,-0.0654809562971152,0.0997204190451698,0.0379076919865386,0.0604182874299169,0.100548474373975,-0.0438288763109427,0.0551073468599873,-0.100963354453998,-0.0495699583813213,-0.049569958381321,-0.100963354453999,0.0551073468599874,-0.0438288763109428,0.100548474373975,0.060418287429917,0.0379076919865386,0.0997204190451698,-0.0654809562971165,0.0318307368245873,-0.0984825911245446,-0.0702745498692677,-0.0256229823373531,-0.0968400771125383,0.0747793702421637,-0.0193099375195806,0.0947996264515461,0.0789769061426104,0.0129175440265731,0.0923696237910088,-0.0828499089952231,0.00647206957435531,-0.0895600545330915,-0.0863824638005253,-4.93293660585945e-16,-0.0863824638005265,0.0895600545330901,0.00647206957435339,0.0828499089952235,0.0923696237910077,-0.0129175440265725,0.0789769061426102,-0.0947996264515466,-0.0193099375195815,-0.0747793702421638,-0.0968400771125391,0.025622982337353,-0.0702745498692675,0.098482591124544,0.0318307368245873,0.0654809562971159,0.0997204190451692,-0.0379076919865386,0.0604182874299184,-0.100548474373976,-0.0438288763109419,-0.0551073468599895,-0.100963354453999,0.0495699583813188,-0.0495699583813222,0.100963354453999,0.0551073468599872,0.0438288763109431,0.100548474373977,-0.0604182874299155,0.037907691986541,-0.0997204190451705,-0.065480956297112,-0.0318307368245872,-0.0984825911245436,0.0702745498692686,-0.0256229823373527,0.0968400771125401,0.0747793702421608,0.0193099375195868,0.0947996264515376,-0.0789769061426169,0.0129175440265731,-0.092369623791008,-0.0828499089952244,-0.00647206957436939,-0.0895600545330993,0.0863824638005211
0.0872106747820505,0.0880164806086102,-0.001619057106709,0.0863824638005329,-0.0887996742619595,-0.00323769826408182,-0.0855320604384302,-0.0895600545330945,0.00485550762956508,-0.0846596831715475,0.0902974260738822,0.00647206957435646,0.0837655561208854,0.091011599447398,-0.0080869687900981,0.0828499089952258,-0.0917023911765062,-0.0096997903956275,-0.0819129770319904,-0.0923696237910055,0.0113101200435203,-0.0809550009368735,0.0930131258732435,0.0129175440265731,0.0799762268219823,0.0936327321021159,-0.0145216493840516,0.0789769061426109,-0.094228283295585,-0.0161220240078228,-0.0779572956326346,-0.0947996264515456,0.0177182567481983,-0.0769176572385589,0.0953466147871404,0.0193099375195805,0.0758582580522172,0.0958691077764725,-0.0208966574058052,0.0747793702421643,-0.096366971186704,-0.0224780087652136,-0.0736812709837393,-0.0968400771125372,0.0240535853353471,-0.0725642423878626,0.097288304009094,0.0256229823373541,0.0714285714285725,0.0977115367231166,-0.0271857965799621,0.0702745498692691,-0.098109666522562,-0.0287416265630627,-0.0691024741877899,-0.0984825911245431,0.0302900725808689,-0.067912645500218,0.0988302147215986,0.0318307368245875,0.066705369483543,0.0991524480063052,-0.033363223484635,0.065480956297115,-0.0994492081942241,-0.0348871388523109,-0.0642397205029657,-0.0997204190451683,0.0364020914209589,-0.0629819809849951,0.0999660108827977,0.0379076919865398,0.0617080608670522,0.100185920612503,-0.0394035537476187,0.0604182874299173,-0.100380091737626,-0.0408892924047443,-0.0591129920272188,-0.100548474373975,0.0423645262591753,-0.057792510000312,0.100691025262637,0.0438288763109453,0.0564571805921199,0.100807707781091,-0.0452819663562194,0.055107346859986,-0.100898491952617,-0.0467234230839621,-0.0537433555875359,-0.100963354453998,0.0481528761718318,-0.0523655571955823,0.101002278621515,0.0495699583813221,0.0509743056521086,0.101015254455221,-0.0509743056521092,0.0495699583813211,-0.101002278621515,-0.0523655571955836,-0.0481528761718298,-0.100963354453999,0.0537433555875357,-0.0467234230839598,0.100898491952616,0.0551073468599894,0.0452819663562169,0.100807707781091,-0.0564571805921217,0.0438288763109417,-0.100691025262637,-0.0577925100003129,-0.0423645262591755,-0.100548474373975,0.0591129920272206,-0.0408892924047429,0.100380091737626,0.0604182874299183,0.0394035537476178,0.100185920612502,-0.0617080608670526,0.037907691986539,-0.0999660108827981,-0.0629819809849956,-0.0364020914209577,-0.0997204190451701,0.0642397205029652,-0.0348871388523103,0.099449208194224,0.0654809562971152,0.0333632234846334,0.0991524480063048,-0.066705369483544,0.0318307368245874,-0.0988302147215997,-0.0679126455002182,-0.0302900725808695,-0.0984825911245446,0.0691024741877869,-0.0287416265630645,0.098109666522562,0.0702745498692671,0.027185796579962,0.0977115367231157,-0.0714285714285706,0.0256229823373525,-0.0972883040090943,-0.0725642423878644,-0.0240535853353436,-0.0968400771125379,0.0736812709837392,-0.0224780087652097,0.096366971186702,0.0747793702421655,0.0208966574058061,0.0958691077764726,-0.0758582580522185,0.0193099375195792,-0.0953466147871408,-0.0769176572385579,-0.0177182567481987,-0.0947996264515468,0.0779572956326342,-0.016122024007825,0.0942282832955877,0.0789769061426098,0.014521649384055,0.0936327321021174,-0.0799762268219804,0.0129175440265731,-0.0930131258732439,-0.0809550009368718,-0.0113101200435218,-0.0923696237910102,0.0819129770319859,-0.00969979039562729,0.091702391176506,0.0828499089952207,0.0080869687900962,0.0910115994473952,-0.0837655561208892,0.00647206957435511,-0.0902974260738787,-0.0846596831715396,-0.0048555076295775,-0.0895600545330828,0.0855320604384447,-0.00323769826409351,0.0887996742619783,0.0863824638005264,0.00161905710674737,0.0880164806086261,-0.0872106747820339
0.0880164806086297,0.0863824638005179,0.00323769826411453,0.0895600545330974,-0.0846596831715231,0.00647206957436422,-0.0910115994473868,-0.0828499089952256,-0.00969979039562994,-0.092369623791012,0.0809550009368773,-0.0129175440265688,0.0936327321021148,0.0789769061426146,0.0161220240078207,0.0947996264515481,-0.076917657238559,0.0193099375195774,-0.0958691077764752,-0.074779370242162,-0.0224780087652122,-0.0968400771125393,0.0725642423878652,-0.0256229823373506,0.0977115367231157,0.0702745498692663,0.028741626563065,0.098482591124546,-0.0679126455002177,0.0318307368245881,-0.0991524480063051,-0.065480956297115,-0.0348871388523102,-0.09972041904517,0.0629819809849948,-0.037907691986539,0.100185920612502,0.0604182874299177,0.0408892924047446,0.100548474373976,-0.0577925100003145,0.04382887631094,-0.100807707781092,-0.0551073468599872,-0.0467234230839594,-0.100963354453998,0.0523655571955843,-0.0495699583813198,0.101015254455221,0.0495699583813215,0.0523655571955807,0.100963354454,-0.0467234230839603,0.0551073468599881,-0.100807707781091,-0.0438288763109418,-0.0577925100003121,-0.100548474373975,0.0408892924047435,-0.0604182874299179,0.100185920612502,0.0379076919865403,0.0629819809849939,0.0997204190451696,-0.0348871388523121,0.0654809562971145,-0.0991524480063057,-0.0318307368245877,-0.0679126455002196,-0.0984825911245445,0.0287416265630638,-0.0702745498692678,0.0977115367231157,0.0256229823373537,0.0725642423878637,0.0968400771125387,-0.0224780087652112,0.0747793702421635,-0.0958691077764729,-0.0193099375195799,-0.0769176572385583,-0.0947996264515459,0.0161220240078237,-0.0789769061426093,0.093632732102117,0.0129175440265735,0.0809550009368712,0.0923696237910088,-0.00969979039562651,0.082849908995223,-0.0910115994473962,-0.00647206957435492,-0.0846596831715427,-0.0895600545330914,0.00323769826409241,-0.0863824638005255,0.0880164806086174,1.49607529004065e-16,0.088016480608617,0.0863824638005263,0.00323769826409149,0.089560054533091,-0.0846596831715433,0.00647206957435356,-0.0910115994473949,-0.0828499089952254,-0.00969979039562231,-0.0923696237910085,0.0809550009368721,-0.0129175440265703,0.0936327321021164,0.0789769061426114,0.0161220240078216,0.094799626451546,-0.076917657238558,0.0193099375195798,-0.0958691077764728,-0.074779370242165,-0.0224780087652104,-0.0968400771125393,0.0725642423878646,-0.0256229823373517,0.0977115367231157,0.0702745498692686,0.0287416265630638,0.0984825911245446,-0.0679126455002191,0.0318307368245882,-0.0991524480063044,-0.0654809562971154,-0.0348871388523098,-0.0997204190451691,0.0629819809849952,-0.0379076919865393,0.100185920612503,0.0604182874299169,0.0408892924047449,0.100548474373975,-0.0577925100003113,0.0438288763109435,-0.100807707781091,-0.0551073468599867,-0.0467234230839613,-0.100963354453998,0.0523655571955821,-0.0495699583813216,0.10101525445522,0.049569958381321,0.0523655571955835,0.100963354453999,-0.0467234230839616,0.055107346859987,-0.100807707781091,-0.0438288763109437,-0.057792510000311,-0.100548474373976,0.0408892924047439,-0.0604182874299171,0.100185920612503,0.0379076919865395,0.0629819809849948,0.0997204190451697,-0.0348871388523102,0.065480956297117,-0.0991524480063045,-0.0318307368245855,-0.0679126455002207,-0.0984825911245435,0.028741626563062,-0.0702745498692693,0.0977115367231145,0.0256229823373511,0.0725642423878666,0.0968400771125388,-0.0224780087652096,0.0747793702421663,-0.0958691077764708,-0.0193099375195777,-0.076917657238559,-0.0947996264515441,0.0161220240078232,-0.0789769061426111,0.0936327321021182,0.0129175440265697,0.0809550009368722,0.0923696237910049,-0.00969979039561919,0.082849908995216,-0.0910115994474015,-0.00647206957435198,-0.0846596831715442,-0.0895600545330915,0.00323769826407603,-0.0863824638005345,0.0880164806086134
0.0887996742619903,0.0846596831715351,0.00808696879011853,0.0923696237910143,-0.0799762268219611,0.0161220240078339,-0.0953466147871327,-0.0747793702421649,-0.0240535853353481,-0.0977115367231188,0.0691024741877945,-0.0318307368245838,0.0994492081942226,0.0629819809850006,0.0394035537476141,0.100548474373977,-0.0564571805921222,0.0467234230839578,-0.101002278621518,-0.0495699583813195,-0.0537433555875384,-0.10080770778109,0.0423645262591753,-0.0604182874299157,0.0999660108827979,0.0348871388523068,0.0667053694835455,0.0984825911245473,-0.0271857965799605,0.0725642423878654,-0.096366971186703,-0.0193099375195797,-0.0779572956326345,-0.0936327321021165,0.0113101200435212,-0.0828499089952246,0.0902974260738772,0.00323769826409258,0.0872106747820384,0.0863824638005261,0.00485550762956923,0.0910115994473938,-0.0819129770319887,0.0129175440265708,-0.0942282832955867,-0.0769176572385592,-0.0208966574058043,-0.0968400771125391,0.0714285714285695,-0.028741626563064,0.098830214721597,0.0654809562971167,0.036402091420959,0.100185920612502,-0.059112992027218,0.0438288763109431,-0.100898491952616,-0.0523655571955835,-0.0509743056521082,-0.100963354453999,0.045281966356218,-0.057792510000311,0.100380091737626,0.0379076919865392,0.064239720502964,0.0991524480063045,-0.0302900725808692,0.0702745498692668,-0.0972883040090959,-0.0224780087652105,-0.0758582580522175,-0.094799626451547,0.0145216493840534,-0.080955000936871,0.0917023911765052,0.0064720695743538,0.0855320604384377,0.0880164806086178,0.00161905710673068,0.0895600545330904,-0.0837655561208887,0.00969979039562477,-0.0930131258732424,-0.0789769061426124,-0.0177182567481979,-0.0958691077764722,0.0736812709837401,-0.0256229823373507,0.0981096665225618,0.0679126455002194,0.0333632234846323,0.0997204190451688,-0.0617080608670539,0.0408892924047427,-0.100691025262637,-0.0551073468599885,-0.0481528761718304,-0.101015254455221,0.0481528761718311,-0.0551073468599875,0.100691025262637,0.040889292404744,0.0617080608670519,0.0997204190451701,-0.0333632234846324,0.0679126455002178,-0.0981096665225621,-0.0256229823373539,-0.073681270983738,-0.0958691077764734,0.0177182567481998,-0.0789769061426099,0.0930131258732435,0.00969979039562568,0.0837655561208889,0.0895600545330908,-0.0016190571067326,0.0880164806086173,-0.0855320604384382,0.00647206957435317,-0.0917023911765049,-0.0809550009368722,-0.0145216493840531,-0.0947996264515469,0.0758582580522176,-0.0224780087652106,0.0972883040090946,0.070274549869268,0.030290072580869,0.099152448006305,-0.064239720502966,0.0379076919865389,-0.100380091737626,-0.0577925100003115,-0.0452819663562189,-0.100963354453998,0.0509743056521079,-0.0523655571955837,0.100898491952616,0.0438288763109425,0.0591129920272204,0.100185920612502,-0.0364020914209578,0.0654809562971171,-0.098830214721599,-0.028741626563063,-0.0714285714285714,-0.0968400771125393,0.0208966574058058,-0.076917657238558,0.0942282832955866,0.0129175440265718,0.0819129770319873,0.0910115994473958,-0.00485550762957285,0.0863824638005254,-0.0872106747820382,0.00323769826409132,-0.0902974260738772,-0.0828499089952243,-0.0113101200435206,-0.0936327321021168,0.0779572956326348,-0.0193099375195816,0.0963669711867021,0.072564242387863,0.0271857965799629,0.0984825911245438,-0.0667053694835435,0.0348871388523107,-0.0999660108827973,-0.0604182874299166,-0.0423645262591776,-0.100807707781091,0.0537433555875351,-0.0495699583813228,0.101002278621514,0.0467234230839586,0.0564571805921224,0.100548474373974,-0.0394035537476174,0.0629819809849962,-0.0994492081942253,-0.0318307368245846,-0.0691024741877878,-0.0977115367231125,0.0240535853353396,-0.074779370242157,0.0953466147871475,0.0161220240078214,0.0799762268219839,0.0923696237910088,-0.00808696879008009,0.0846596831715522,-0.088799674261974
0.0895600545331034,0.0828499089952154,0.012917544026594,0.0947996264515516,-0.0747793702421423,0.0256229823373626,-0.098482591124536,-0.065480956297115,-0.037907691986541,-0.100548474373978,0.0551073468599947,-0.0495699583813172,0.100963354453999,0.0438288763109491,0.0604182874299133,0.0997204190451707,-0.0318307368245884,0.0702745498692657,-0.0968400771125406,-0.0193099375195797,-0.0789769061426133,-0.092369623791007,0.00647206957435313,-0.0863824638005244,0.0863824638005257,-0.00647206957435697,0.0923696237910091,0.0789769061426144,0.01930993751958,0.0968400771125395,-0.0702745498692689,0.0318307368245875,-0.0997204190451695,-0.0604182874299165,-0.0438288763109424,-0.100963354453999,0.0495699583813206,-0.0551073468599868,0.100548474373975,0.0379076919865389,0.0654809562971148,0.0984825911245447,-0.0256229823373524,0.0747793702421626,-0.0947996264515486,-0.012917544026574,-0.0828499089952219,-0.0895600545330928,-2.42764833195099e-15,-0.0895600545330922,0.0828499089952233,-0.012917544026572,0.0947996264515466,0.0747793702421636,0.0256229823373545,0.0984825911245436,-0.0654809562971157,0.0379076919865382,-0.100548474373975,-0.0551073468599877,-0.0495699583813198,-0.100963354453999,0.0438288763109448,-0.0604182874299169,0.0997204190451706,0.0318307368245885,0.0702745498692689,0.0968400771125376,-0.0193099375195804,0.0789769061426107,-0.0923696237910083,-0.00647206957435499,-0.0863824638005252,-0.0863824638005268,-0.00647206957435248,-0.0923696237910082,0.0789769061426109,-0.0193099375195793,0.0968400771125385,0.0702745498692676,0.0318307368245876,0.0997204190451692,-0.0604182874299178,0.0438288763109407,-0.100963354453998,-0.0495699583813226,-0.0551073468599863,-0.100548474373975,0.0379076919865404,-0.0654809562971149,0.0984825911245453,0.0256229823373534,0.0747793702421635,0.0947996264515467,-0.0129175440265724,0.0828499089952233,-0.089560054533091,-4.11402523410328e-16,-0.0895600545330904,-0.0828499089952245,-0.012917544026571,-0.0947996264515462,0.0747793702421648,-0.0256229823373519,0.0984825911245437,0.0654809562971179,0.0379076919865359,0.100548474373976,-0.055107346859988,0.0495699583813196,-0.100963354453999,-0.0438288763109441,-0.060418287429916,-0.0997204190451698,0.0318307368245874,-0.0702745498692677,0.0968400771125397,0.0193099375195812,0.0789769061426104,0.0923696237910094,-0.00647206957435366,0.0863824638005256,-0.0863824638005257,0.00647206957435395,-0.0923696237910085,-0.078976906142611,-0.0193099375195795,-0.0968400771125393,0.0702745498692679,-0.0318307368245882,0.0997204190451704,0.0604182874299166,0.0438288763109436,0.100963354453999,-0.04956995838132,0.0551073468599877,-0.100548474373976,-0.0379076919865381,-0.0654809562971166,-0.0984825911245447,0.0256229823373506,-0.0747793702421654,0.094799626451546,0.0129175440265701,0.0828499089952249,0.0895600545330909,4.67099016291395e-16,0.089560054533092,-0.0828499089952231,0.0129175440265721,-0.0947996264515464,-0.0747793702421641,-0.0256229823373514,-0.0984825911245444,0.065480956297117,-0.0379076919865376,0.100548474373975,0.0551073468599881,0.0495699583813202,0.100963354453999,-0.0438288763109432,0.0604182874299176,-0.0997204190451702,-0.031830736824586,-0.0702745498692681,-0.0968400771125378,0.0193099375195785,-0.0789769061426106,0.0923696237910084,0.00647206957435273,0.0863824638005259,0.0863824638005255,0.00647206957435615,0.0923696237910088,-0.0789769061426094,0.0193099375195819,-0.0968400771125376,-0.0702745498692664,-0.0318307368245888,-0.0997204190451698,0.0604182874299168,-0.0438288763109444,0.100963354454001,0.0495699583813174,0.0551073468599868,0.100548474373972,-0.0379076919865345,0.0654809562971092,-0.0984825911245504,-0.0256229823373499,-0.0747793702421667,-0.0947996264515466,0.0129175440265557,-0.0828499089952328,0.0895600545330873
0.0902974260738901,0.0809550009368633,0.0177182567482208,0.0968400771125435,-0.0691024741877652,0.0348871388523201,-0.100380091737618,-0.0551073468599852,-0.0509743056521097,-0.100807707781093,0.0394035537476254,-0.0654809562971122,0.0981096665225641,0.0224780087652173,0.07795729563263,0.0923696237910093,-0.00485550762957214,0.0880164806086156,-0.0837655561208898,0.0129175440265714,-0.0953466147871441,-0.0725642423878624,-0.0302900725808702,-0.0997204190451686,0.0591129920272191,-0.0467234230839641,0.101002278621515,0.0438288763109464,0.0617080608670521,0.0991524480063051,-0.027185796579961,0.0747793702421644,-0.0942282832955857,-0.00969979039562323,-0.0855320604384379,-0.0863824638005266,-0.00808696879009638,-0.0936327321021165,0.0758582580522163,-0.0256229823373522,0.0988302147215998,0.0629819809849974,0.0423645262591758,0.100963354453997,-0.0481528761718334,0.0577925100003105,-0.0999660108827975,-0.0318307368245894,-0.071428571428573,-0.0958691077764739,0.0145216493840544,-0.0828499089952251,0.0887996742619779,-0.00323769826409299,0.0917023911765065,0.0789769061426097,0.0208966574058065,0.0977115367231155,-0.0667053694835444,0.0379076919865388,-0.100691025262636,-0.0523655571955848,-0.0537433555875345,-0.100548474373975,0.0364020914209607,-0.067912645500217,0.0972883040090952,0.0193099375195807,0.0799762268219831,0.091011599447395,-0.00161905710673153,0.0895600545330906,-0.0819129770319876,0.0161220240078218,-0.0963669711867018,-0.0702745498692683,-0.033363223484632,-0.100185920612502,0.0564571805921216,-0.0495699583813205,0.100898491952617,0.0408892924047434,0.0642397205029648,0.0984825911245447,-0.0240535853353454,0.0769176572385565,-0.0930131258732431,-0.00647206957435502,-0.0872106747820372,-0.0846596831715437,-0.0113101200435204,-0.0947996264515452,0.0736812709837396,-0.0287416265630627,0.0994492081942229,0.0604182874299185,0.0452819663562174,0.101015254455221,-0.0452819663562185,0.0604182874299173,-0.0994492081942228,-0.0287416265630643,-0.0736812709837377,-0.0947996264515467,0.0113101200435208,-0.0846596831715428,0.0872106747820389,-0.00647206957435194,0.0930131258732418,0.0769176572385591,0.0240535853353435,0.098482591124544,-0.064239720502967,0.0408892924047427,-0.100898491952617,-0.0495699583813212,-0.0564571805921202,-0.100185920612503,0.0333632234846331,-0.0702745498692682,0.0963669711867025,0.016122024007824,0.0819129770319876,0.0895600545330914,0.00161905710673155,0.0910115994473955,-0.0799762268219828,0.0193099375195811,-0.0972883040090945,-0.0679126455002181,-0.0364020914209587,-0.100548474373975,0.0537433555875361,-0.052365557195584,0.100691025262638,0.0379076919865382,0.0667053694835459,0.0977115367231157,-0.0208966574058055,0.0789769061426116,-0.0917023911765042,-0.00323769826409078,-0.0887996742619785,-0.0828499089952228,-0.0145216493840545,-0.0958691077764731,0.0714285714285707,-0.0318307368245881,0.0999660108827978,0.057792510000312,0.0481528761718303,0.100963354453998,-0.0423645262591758,0.0629819809849951,-0.0988302147215998,-0.0256229823373533,-0.0758582580522176,-0.0936327321021173,0.00808696879009685,-0.0863824638005256,0.0855320604384385,-0.00969979039562496,0.0942282832955866,0.0747793702421633,0.0271857965799607,0.0991524480063047,-0.0617080608670518,0.0438288763109433,-0.101002278621516,-0.04672342308396,-0.0591129920272205,-0.0997204190451697,0.0302900725808666,-0.0725642423878652,0.0953466147871398,0.0129175440265705,0.0837655561208877,0.0880164806086162,0.00485550762957277,0.0923696237910098,-0.0779572956326336,0.0224780087652125,-0.0981096665225652,-0.0654809562971118,-0.0394035537476166,-0.100807707781088,0.0509743056521055,-0.0551073468599816,0.100380091737632,0.0348871388523073,0.069102474187791,0.0968400771125389,-0.0177182567481829,0.0809550009368811,-0.0902974260738743
0.091011599447408,0.0789769061426021,0.0224780087652319,0.0984825911245487,-0.0629819809849721,0.0438288763109531,-0.101015254455214,-0.0438288763109394,-0.0629819809849949,-0.0984825911245455,0.0224780087652185,-0.0789769061426072,0.0910115994473985,6.90404193665909e-15,0.0910115994473914,0.0789769061426113,0.0224780087652103,0.0984825911245434,-0.0629819809849962,0.0438288763109419,-0.101015254455224,-0.0438288763109403,-0.0629819809849974,-0.0984825911245444,0.0224780087652105,-0.0789769061426135,0.0910115994473955,2.8863873776678e-15,0.0910115994473945,0.078976906142611,0.0224780087652105,0.0984825911245442,-0.062981980984995,0.0438288763109444,-0.101015254455221,-0.0438288763109436,-0.0629819809849952,-0.0984825911245447,0.0224780087652093,-0.078976906142611,0.0910115994473975,3.23594049220963e-15,0.0910115994473965,0.0789769061426103,0.0224780087652083,0.0984825911245439,-0.0629819809849966,0.0438288763109415,-0.101015254455221,-0.0438288763109436,-0.0629819809849927,-0.0984825911245457,0.0224780087652101,-0.0789769061426112,0.0910115994473951,-6.66432046191452e-16,0.0910115994473952,0.0789769061426108,0.0224780087652103,0.0984825911245449,-0.0629819809849952,0.0438288763109416,-0.101015254455221,-0.0438288763109432,-0.062981980984994,-0.098482591124544,0.0224780087652105,-0.0789769061426092,0.0910115994473963,-1.72403137739676e-16,0.0910115994473952,0.0789769061426117,0.0224780087652101,0.0984825911245442,-0.0629819809849961,0.0438288763109428,-0.101015254455221,-0.0438288763109434,-0.0629819809849947,-0.0984825911245434,0.0224780087652104,-0.0789769061426104,0.0910115994473954,2.44295022088055e-15,0.0910115994473948,0.0789769061426119,0.0224780087652092,0.0984825911245439,-0.0629819809849967,0.0438288763109418,-0.101015254455222,-0.0438288763109439,-0.0629819809849943,-0.0984825911245446,0.0224780087652111,-0.0789769061426101,0.0910115994473952,3.853622940918e-16,0.0910115994473946,0.0789769061426114,0.0224780087652098,0.0984825911245444,-0.062981980984996,0.0438288763109428,-0.10101525445522,-0.043828876310945,-0.0629819809849928,-0.0984825911245455,0.0224780087652113,-0.0789769061426099,0.0910115994473956,1.36408599018475e-15,0.0910115994473947,0.0789769061426114,0.0224780087652108,0.0984825911245438,-0.0629819809849966,0.0438288763109421,-0.101015254455221,-0.0438288763109438,-0.0629819809849955,-0.0984825911245445,0.0224780087652104,-0.0789769061426112,0.0910115994473953,4.69741090016418e-17,0.091011599447395,0.0789769061426103,0.0224780087652107,0.0984825911245447,-0.0629819809849958,0.0438288763109431,-0.101015254455221,-0.0438288763109421,-0.0629819809849965,-0.098482591124544,0.0224780087652093,-0.0789769061426111,0.0910115994473946,-8.03935957933148e-16,0.0910115994473959,0.07897690614261,0.0224780087652114,0.0984825911245447,-0.0629819809849939,0.0438288763109439,-0.101015254455221,-0.0438288763109425,-0.062981980984996,-0.0984825911245443,0.0224780087652109,-0.0789769061426106,0.0910115994473955,4.42776095630715e-16,0.091011599447395,0.0789769061426115,0.0224780087652105,0.0984825911245444,-0.0629819809849957,0.0438288763109423,-0.101015254455221,-0.0438288763109424,-0.0629819809849956,-0.0984825911245436,0.0224780087652101,-0.0789769061426115,0.091011599447395,-1.1526934655324e-15,0.0910115994473971,0.07897690614261,0.0224780087652127,0.0984825911245449,-0.0629819809849933,0.0438288763109437,-0.10101525445522,-0.0438288763109419,-0.0629819809849954,-0.0984825911245435,0.0224780087652093,-0.0789769061426134,0.0910115994473945,-2.29346941147714e-15,0.0910115994473983,0.0789769061426064,0.0224780087652088,0.0984825911245419,-0.0629819809849931,0.0438288763109378,-0.101015254455226,-0.0438288763109403,-0.0629819809849987,-0.0984825911245439,0.0224780087651944,-0.0789769061426197,0.0910115994473917
0.0917023911765175,0.0769176572385489,0.0271857965799816,0.0997204190451733,-0.0564571805920971,0.0523655571955932,-0.100380091737619,-0.0318307368245824,-0.0736812709837371,-0.0936327321021173,0.00485550762957919,-0.0895600545330881,0.0799762268219867,-0.022478008765204,0.098830214721596,0.0604182874299178,0.048152876171831,0.100807707781091,-0.0364020914209587,0.0702745498692669,-0.0953466147871445,-0.00969979039562204,-0.087210674782041,-0.082849908995225,-0.0177182567481989,-0.0977115367231178,0.0642397205029655,-0.0438288763109413,0.101002278621515,0.0408892924047439,0.0667053694835446,0.0968400771125387,-0.014521649384053,0.0846596831715443,-0.0855320604384386,0.0129175440265712,-0.096366971186702,-0.0679126455002196,-0.0394035537476181,-0.100963354453999,0.0452819663562206,-0.0629819809849923,0.0981096665225632,0.019309937519581,0.0819129770319873,0.0880164806086187,0.00808696879009391,0.0947996264515464,-0.0714285714285694,0.03488713885231,-0.100691025262635,-0.0495699583813218,-0.0591129920272198,-0.0991524480063044,0.0240535853353425,-0.0789769061426105,0.0902974260738778,-0.00323769826409138,0.093013125873242,0.0747793702421648,0.0302900725808677,0.100185920612502,-0.0537433555875381,0.0551073468599868,-0.0999660108827988,-0.0287416265630648,-0.0758582580522183,-0.0923696237910073,0.00161905710673144,-0.0910115994473951,0.0779572956326341,-0.025622982337351,0.0994492081942229,0.0577925100003136,0.0509743056521076,0.100548474373975,-0.0333632234846336,0.0725642423878637,-0.0942282832955866,-0.00647206957435368,-0.0887996742619784,-0.0809550009368717,-0.0208966574058059,-0.0984825911245436,0.0617080608670537,-0.0467234230839591,0.100898491952617,0.0379076919865399,0.0691024741877864,0.0958691077764727,-0.0113101200435222,0.0863824638005243,-0.083765556120889,0.0161220240078223,-0.0972883040090942,-0.0654809562971169,-0.0423645262591749,-0.101015254455221,0.0423645262591759,-0.0654809562971157,0.0972883040090943,0.0161220240078239,0.0837655561208873,0.0863824638005263,0.0113101200435214,0.0958691077764726,-0.0691024741877892,0.0379076919865373,-0.100898491952616,-0.0467234230839626,-0.0617080608670521,-0.0984825911245445,0.0208966574058085,-0.0809550009368712,0.0887996742619785,-0.00647206957435312,0.0942282832955861,0.0725642423878654,0.0333632234846326,0.100548474373976,-0.0509743056521086,0.0577925100003116,-0.0994492081942228,-0.025622982337352,-0.0779572956326342,-0.0910115994473953,-0.00161905710673083,-0.0923696237910089,0.0758582580522171,-0.0287416265630646,0.0999660108827985,0.0551073468599864,0.0537433555875371,0.100185920612502,-0.0302900725808676,0.0747793702421646,-0.0930131258732424,-0.0032376982640913,-0.0902974260738782,-0.0789769061426107,-0.0240535853353459,-0.0991524480063052,0.0591129920272185,-0.0495699583813225,0.100691025262637,0.0348871388523087,0.0714285714285715,0.0947996264515466,-0.00808696879009508,0.0880164806086179,-0.0819129770319881,0.0193099375195804,-0.098109666522562,-0.0629819809849958,-0.0452819663562166,-0.100963354453999,0.0394035537476175,-0.0679126455002183,0.0963669711867024,0.0129175440265725,0.0855320604384377,0.0846596831715428,0.0145216493840529,0.0968400771125388,-0.0667053694835438,0.0408892924047454,-0.101002278621516,-0.0438288763109413,-0.0642397205029679,-0.0977115367231154,0.0177182567481962,-0.082849908995225,0.0872106747820371,-0.00969979039562578,0.0953466147871405,0.0702745498692679,0.0364020914209594,0.100807707781091,-0.0481528761718296,0.0604182874299211,-0.0988302147215985,-0.0224780087652081,-0.0799762268219856,-0.0895600545330867,-0.00485550762956917,-0.0936327321021148,0.0736812709837376,-0.0318307368245832,0.100380091737631,0.0523655571955806,0.0564571805921247,0.099720419045169,-0.0271857965799448,0.0769176572385666,-0.0917023911765014
0.0923696237910213,0.0747793702421556,0.0318307368246075,0.100548474373979,-0.0495699583812972,0.0604182874299269,-0.0984825911245385,-0.0193099375195743,-0.0828499089952209,-0.0863824638005259,-0.0129175440265642,-0.0968400771125365,0.0654809562971215,-0.0438288763109368,0.100963354453996,0.0379076919865391,0.0702745498692693,0.0947996264515482,-0.0064720695743537,0.0895600545330891,-0.078976906142614,0.0256229823373542,-0.0997204190451723,-0.0551073468599897,-0.0551073468599868,-0.0997204190451705,0.0256229823373523,-0.0789769061426105,0.0895600545330906,-0.00647206957435347,0.0947996264515464,0.0702745498692682,0.0379076919865382,0.100963354453999,-0.0438288763109436,0.0654809562971154,-0.0968400771125379,-0.0129175440265732,-0.0863824638005251,-0.0828499089952241,-0.0193099375195777,-0.0984825911245426,0.0604182874299179,-0.049569958381319,0.100548474373977,0.0318307368245892,0.0747793702421621,0.0923696237910097,2.55753231569416e-15,0.0923696237910094,-0.0747793702421641,0.0318307368245877,-0.100548474373975,-0.0495699583813199,-0.0604182874299196,-0.0984825911245432,0.0193099375195802,-0.0828499089952233,0.0863824638005254,-0.0129175440265719,0.0968400771125372,0.065480956297117,0.043828876310941,0.100963354453998,-0.0379076919865407,0.0702745498692669,-0.0947996264515467,-0.00647206957435418,-0.0895600545330921,-0.0789769061426104,-0.0256229823373522,-0.0997204190451696,0.0551073468599875,-0.0551073468599863,0.0997204190451695,0.025622982337352,0.07897690614261,0.0895600545330911,0.00647206957435293,0.0947996264515456,-0.0702745498692686,0.0379076919865386,-0.100963354453998,-0.0438288763109451,-0.0654809562971151,-0.0968400771125395,0.0129175440265732,-0.0863824638005251,0.0828499089952249,-0.0193099375195791,0.0984825911245449,0.0604182874299182,0.0495699583813199,0.100548474373976,-0.0318307368245878,0.0747793702421638,-0.0923696237910084,-4.0906056297544e-16,-0.0923696237910079,-0.0747793702421653,-0.0318307368245865,-0.100548474373976,0.0495699583813218,-0.0604182874299174,0.0984825911245436,0.0193099375195824,0.0828499089952215,0.0863824638005275,0.0129175440265708,0.0968400771125384,-0.0654809562971166,0.0438288763109415,-0.100963354453999,-0.0379076919865397,-0.0702745498692688,-0.0947996264515461,0.00647206957435506,-0.0895600545330908,0.0789769061426108,-0.0256229823373514,0.0997204190451697,0.0551073468599881,0.0551073468599872,0.09972041904517,-0.0256229823373522,0.0789769061426106,-0.0895600545330913,0.00647206957435454,-0.0947996264515458,-0.0702745498692677,-0.0379076919865388,-0.100963354453998,0.0438288763109423,-0.0654809562971165,0.0968400771125385,0.0129175440265712,0.0863824638005269,0.0828499089952234,0.0193099375195813,0.098482591124545,-0.0604182874299161,0.0495699583813222,-0.100548474373975,-0.0318307368245856,-0.0747793702421655,-0.0923696237910083,-4.67886232434194e-16,-0.0923696237910093,0.0747793702421636,-0.0318307368245877,0.100548474373976,0.0495699583813207,0.0604182874299168,0.0984825911245446,-0.0193099375195815,0.0828499089952233,-0.0863824638005257,0.0129175440265713,-0.0968400771125382,-0.0654809562971164,-0.0438288763109422,-0.100963354453998,0.0379076919865389,-0.0702745498692691,0.0947996264515454,0.00647206957435158,0.0895600545330925,0.0789769061426091,0.0256229823373547,0.0997204190451697,-0.0551073468599845,0.0551073468599889,-0.0997204190451694,-0.025622982337351,-0.0789769061426106,-0.0895600545330912,-0.00647206957435528,-0.0947996264515472,0.0702745498692678,-0.0379076919865433,0.100963354453998,0.0438288763109403,0.0654809562971192,0.0968400771125345,-0.0129175440265745,0.0863824638005244,-0.0828499089952239,0.0193099375195768,-0.0984825911245487,-0.0604182874299148,-0.0495699583813251,-0.100548474373974,0.0318307368245715,-0.0747793702421729,0.0923696237910049
0.0930131258732556,0.0725642423878558,0.0364020914209779,0.100963354454001,-0.0423645262591513,0.0679126455002276,-0.0953466147871364,-0.00647206957434674,-0.0902974260738738,-0.0769176572385573,-0.0302900725808619,-0.100548474373974,0.0481528761718372,-0.0629819809849902,0.0972883040090938,0.0129175440265722,0.0872106747820398,0.0809550009368751,0.0240535853353448,0.0997204190451674,-0.0537433555875391,0.0577925100003134,-0.0988302147216017,-0.0193099375195832,-0.0837655561208873,-0.0846596831715428,-0.0177182567481987,-0.0984825911245453,0.059112992027219,-0.0523655571955829,0.0999660108827978,0.0256229823373519,0.0799762268219813,0.0880164806086166,0.0113101200435204,0.0968400771125386,-0.0642397205029645,0.0467234230839599,-0.100691025262636,-0.0318307368245873,-0.075858258052217,-0.0910115994473958,-0.00485550762957181,-0.0947996264515445,0.0691024741877905,-0.0408892924047418,0.101002278621514,0.0379076919865406,0.071428571428573,0.0936327321021177,-0.00161905710673305,0.0923696237910096,-0.0736812709837381,0.0348871388523108,-0.100898491952617,-0.0438288763109415,-0.0667053694835447,-0.0958691077764725,0.00808696879009598,-0.0895600545330918,0.0779572956326338,-0.0287416265630625,0.100380091737626,0.0495699583813212,0.0617080608670516,0.0977115367231157,-0.0145216493840529,0.0863824638005243,-0.0819129770319887,0.0224780087652107,-0.0994492081942231,-0.0551073468599884,-0.0564571805921207,-0.0991524480063053,0.0208966574058074,-0.082849908995224,0.0855320604384385,-0.0161220240078228,0.0981096665225625,0.060418287429917,0.0509743056521093,0.100185920612502,-0.0271857965799615,0.0789769061426094,-0.0887996742619789,0.00969979039562264,-0.0963669711867024,-0.0654809562971173,-0.0452819663562157,-0.100807707781091,0.0333632234846343,-0.0747793702421628,0.0917023911765055,-0.00323769826409078,0.0942282832955857,0.0702745498692694,0.0394035537476174,0.101015254455221,-0.0394035537476184,0.0702745498692684,-0.0942282832955859,-0.0032376982640925,-0.0917023911765039,-0.0747793702421649,-0.0333632234846329,-0.100807707781091,0.0452819663562196,-0.0654809562971149,0.0963669711867024,0.00969979039562669,0.0887996742619774,0.0789769061426115,0.0271857965799589,0.100185920612502,-0.0509743056521088,0.0604182874299166,-0.0981096665225627,-0.0161220240078241,-0.0855320604384379,-0.0828499089952244,-0.020896657405807,-0.0991524480063046,0.0564571805921204,-0.0551073468599881,0.0994492081942231,0.0224780087652104,0.0819129770319875,0.0863824638005255,0.0145216493840533,0.0977115367231161,-0.0617080608670531,0.0495699583813213,-0.100380091737626,-0.0287416265630626,-0.0779572956326354,-0.0895600545330904,-0.00808696879009786,-0.0958691077764728,0.0667053694835432,-0.0438288763109442,0.100898491952617,0.0348871388523082,0.0736812709837398,0.0923696237910077,0.00161905710673355,0.0936327321021178,-0.0714285714285707,0.0379076919865398,-0.101002278621515,-0.0408892924047434,-0.0691024741877882,-0.0947996264515461,0.00485550762957201,-0.0910115994473955,0.0758582580522188,-0.0318307368245865,0.100691025262637,0.0467234230839616,0.0642397205029649,0.0968400771125393,-0.0113101200435217,0.0880164806086177,-0.079976226821983,0.0256229823373535,-0.0999660108827974,-0.0523655571955813,-0.0591129920272214,-0.0984825911245432,0.0177182567481968,-0.084659683171544,0.083765556120886,-0.0193099375195818,0.0988302147216001,0.0577925100003114,0.0537433555875368,0.0997204190451706,-0.0240535853353425,0.0809550009368737,-0.0872106747820384,0.0129175440265767,-0.0972883040090942,-0.0629819809849931,-0.0481528761718335,-0.100548474373972,0.0302900725808722,-0.0769176572385568,0.0902974260738793,-0.00647206957435108,0.095346614787145,0.0679126455002159,0.0423645262591797,0.100963354453997,-0.0364020914209429,0.0725642423878729,-0.0930131258732391
0.0936327321021298,0.0702745498692593,0.0408892924047623,0.100963354454001,-0.0348871388522858,0.0747793702421728,-0.0910115994473913,0.00647206957436161,-0.0958691077764674,-0.0654809562971148,-0.0467234230839545,-0.100548474373975,0.0287416265630711,-0.0789769061426068,0.088016480608618,-0.0129175440265715,0.0977115367231177,0.0604182874299217,0.052365557195584,0.0997204190451674,-0.0224780087652123,0.0828499089952241,-0.0846596831715448,0.0193099375195771,-0.0991524480063032,-0.0551073468599855,-0.0577925100003118,-0.098482591124546,0.0161220240078231,-0.0863824638005254,0.0809550009368713,-0.0256229823373525,0.100185920612501,0.049569958381319,0.0629819809849948,0.096840077112539,-0.0096997903956239,0.0895600545330909,-0.0769176572385561,0.0318307368245876,-0.100807707781092,-0.0438288763109455,-0.0679126455002196,-0.0947996264515453,0.00323769826409452,-0.0923696237910075,0.0725642423878653,-0.0379076919865372,0.101015254455221,0.0379076919865388,0.0725642423878623,0.0923696237910095,0.0032376982640931,0.0947996264515468,-0.0679126455002172,0.0438288763109437,-0.100807707781091,-0.0318307368245876,-0.0769176572385577,-0.0895600545330919,-0.00969979039562375,-0.0968400771125387,0.0629819809849974,-0.0495699583813202,0.100185920612503,0.0256229823373534,0.0809550009368724,0.0863824638005249,0.0161220240078236,0.0984825911245441,-0.0577925100003119,0.0551073468599868,-0.0991524480063045,-0.0193099375195816,-0.0846596831715426,-0.0828499089952237,-0.0224780087652098,-0.0997204190451692,0.0523655571955842,-0.060418287429917,0.0977115367231162,0.0129175440265719,0.0880164806086172,0.0789769061426123,0.0287416265630626,0.100548474373975,-0.0467234230839621,0.0654809562971148,-0.095869107776473,-0.00647206957435478,-0.0910115994473957,-0.0747793702421648,-0.0348871388523086,-0.100963354453999,0.0408892924047441,-0.0702745498692679,0.0936327321021168,2.68651199086723e-16,0.0936327321021165,0.0702745498692692,0.0408892924047431,0.100963354453999,-0.0348871388523105,0.0747793702421646,-0.0910115994473947,0.0064720695743518,-0.0958691077764709,-0.0654809562971178,-0.0467234230839598,-0.100548474373976,0.0287416265630647,-0.0789769061426098,0.088016480608619,-0.0129175440265706,0.0977115367231164,0.0604182874299179,0.0523655571955823,0.09972041904517,-0.0224780087652109,0.0828499089952238,-0.0846596831715433,0.0193099375195796,-0.0991524480063043,-0.0551073468599875,-0.0577925100003121,-0.0984825911245443,0.0161220240078239,-0.0863824638005264,0.0809550009368712,-0.0256229823373531,0.100185920612503,0.0495699583813198,0.0629819809849961,0.0968400771125382,-0.00969979039562319,0.0895600545330909,-0.0769176572385568,0.0318307368245881,-0.10080770778109,-0.043828876310942,-0.0679126455002199,-0.0947996264515458,0.00323769826409068,-0.0923696237910092,0.0725642423878631,-0.0379076919865402,0.101015254455221,0.037907691986538,0.0725642423878656,0.0923696237910085,0.003237698264092,0.0947996264515464,-0.067912645500219,0.043828876310943,-0.100807707781091,-0.0318307368245881,-0.076917657238558,-0.0895600545330918,-0.00969979039562441,-0.096840077112539,0.0629819809849956,-0.0495699583813215,0.100185920612503,0.0256229823373505,0.0809550009368719,0.0863824638005248,0.0161220240078256,0.0984825911245439,-0.0577925100003109,0.0551073468599887,-0.0991524480063033,-0.019309937519579,-0.0846596831715453,-0.0828499089952235,-0.0224780087652114,-0.0997204190451712,0.0523655571955812,-0.0604182874299196,0.0977115367231163,0.0129175440265668,0.0880164806086172,0.0789769061426089,0.0287416265630662,0.100548474373972,-0.0467234230839646,0.0654809562971156,-0.0958691077764753,-0.00647206957435543,-0.0910115994473985,-0.0747793702421619,-0.0348871388523145,-0.100963354453997,0.0408892924047283,-0.0702745498692766,0.0936327321021134
0.0942282832955988,0.0679126455002092,0.0452819663562353,0.100548474373977,-0.0271857965799371,0.0809550009368795,-0.0855320604384354,0.019309937519589,-0.099449208194217,-0.0523655571955816,-0.0617080608670475,-0.0968400771125389,0.00808696879010391,-0.0910115994473928,0.0736812709837403,-0.0379076919865383,0.101002278621517,0.0348871388523146,0.0758582580522186,0.089560054533089,0.0113101200435203,0.0977115367231148,-0.0591129920272199,0.0551073468599844,-0.0988302147215975,-0.0161220240078203,-0.0872106747820379,-0.0789769061426129,-0.0302900725808691,-0.10080770778109,0.042364526259174,-0.0702745498692688,0.0930131258732412,-0.00323769826409442,0.0953466147871409,0.0654809562971163,0.0481528761718309,0.100185920612503,-0.0240535853353432,0.0828499089952243,-0.0837655561208912,0.0224780087652072,-0.0999660108827993,-0.0495699583813212,-0.0642397205029643,-0.0958691077764731,0.00485550762957311,-0.0923696237910083,0.0714285714285689,-0.0408892924047445,0.100898491952615,0.0318307368245874,0.0779572956326349,0.0880164806086169,0.0145216493840553,0.0984825911245437,-0.0564571805921211,0.0577925100003115,-0.098109666522562,-0.0129175440265721,-0.0887996742619766,-0.076917657238559,-0.033363223484631,-0.100963354453998,0.0394035537476197,-0.0725642423878634,0.0917023911765051,-0.00647206957435321,0.0963669711867036,0.0629819809849948,0.0509743056521088,0.0997204190451698,-0.0208966574058066,0.0846596831715426,-0.0819129770319882,0.0256229823373522,-0.100380091737626,-0.0467234230839614,-0.0667053694835442,-0.0947996264515458,0.00161905710673129,-0.0936327321021168,0.0691024741877886,-0.0438288763109408,0.100691025262638,0.0287416265630657,0.0799762268219818,0.0863824638005268,0.0177182567481969,0.0991524480063045,-0.0537433555875378,0.0604182874299159,-0.0972883040090953,-0.00969979039562597,-0.0902974260738773,-0.0747793702421654,-0.0364020914209584,-0.101015254455221,0.0364020914209591,-0.0747793702421646,0.0902974260738775,-0.00969979039562447,0.097288304009094,0.0604182874299178,0.0537433555875363,0.0991524480063057,-0.0177182567482013,0.0863824638005255,-0.0799762268219825,0.0287416265630619,-0.100691025262637,-0.043828876310944,-0.0691024741877868,-0.0936327321021169,-0.0016190571067319,-0.0947996264515458,0.0667053694835454,-0.0467234230839604,0.100380091737626,0.0256229823373527,0.0819129770319882,0.0846596831715436,0.0208966574058067,0.0997204190451702,-0.0509743056521087,0.0629819809849954,-0.0963669711867027,-0.00647206957435289,-0.0917023911765045,-0.0725642423878641,-0.0394035537476179,-0.100963354453998,0.0333632234846324,-0.0769176572385584,0.0887996742619775,-0.0129175440265724,0.098109666522563,0.0577925100003115,0.0564571805921218,0.0984825911245445,-0.0145216493840512,0.0880164806086185,-0.0779572956326335,0.0318307368245892,-0.100898491952617,-0.0408892924047425,-0.0714285714285716,-0.0923696237910086,-0.00485550762957273,-0.0958691077764729,0.0642397205029656,-0.0495699583813214,0.099966010882798,0.0224780087652106,0.0837655561208881,0.0828499089952242,0.0240535853353448,0.100185920612503,-0.0481528761718306,0.0654809562971159,-0.0953466147871411,-0.00323769826409135,-0.0930131258732435,-0.0702745498692671,-0.0423645262591755,-0.100807707781091,0.0302900725808671,-0.0789769061426111,0.0872106747820382,-0.0161220240078249,0.0988302147215992,0.0551073468599867,0.0591129920272221,0.0977115367231159,-0.0113101200435199,0.0895600545330934,-0.0758582580522159,0.0348871388523123,-0.101002278621516,-0.0379076919865338,-0.0736812709837384,-0.0910115994473939,-0.00808696879009827,-0.0968400771125361,0.0617080608670568,-0.0523655571955834,0.0994492081942271,0.019309937519581,0.085532060438441,0.0809550009368697,0.0271857965799659,0.100548474373973,-0.0452819663562027,0.0679126455002265,-0.0942282832955829
0.0947996264515586,0.0654809562971062,0.0495699583813374,0.0997204190451699,-0.0193099375195569,0.0863824638005325,-0.0789769061426087,0.0318307368245967,-0.100963354453991,-0.0379076919865365,-0.0747793702421603,-0.089560054533092,-0.012917544026564,-0.0984825911245432,0.0551073468599901,-0.0604182874299171,0.0968400771125408,0.00647206957435892,0.0923696237910091,0.0702745498692666,0.043828876310943,0.100548474373973,-0.0256229823373518,0.0828499089952214,-0.0828499089952223,0.0256229823373557,-0.100548474373975,-0.0438288763109451,-0.0702745498692684,-0.0923696237910079,-0.00647206957435499,-0.096840077112539,0.0604182874299164,-0.0551073468599895,0.0984825911245444,0.0129175440265723,0.0895600545330908,0.0747793702421656,0.0379076919865388,0.100963354453999,-0.0318307368245906,0.078976906142608,-0.0863824638005267,0.0193099375195789,-0.0997204190451704,-0.0495699583813224,-0.0654809562971141,-0.0947996264515475,-3.27899050984478e-15,-0.0947996264515475,0.0654809562971153,-0.0495699583813219,0.0997204190451689,0.0193099375195788,0.0863824638005272,0.078976906142609,0.0318307368245871,0.100963354453998,-0.0379076919865385,0.0747793702421646,-0.0895600545330904,0.0129175440265703,-0.0984825911245442,-0.0551073468599877,-0.0604182874299163,-0.0968400771125388,0.00647206957435341,-0.092369623791007,0.070274549869269,-0.0438288763109432,0.100548474373975,0.0256229823373528,0.0828499089952235,0.0828499089952245,0.0256229823373512,0.100548474373975,-0.0438288763109433,0.0702745498692675,-0.0923696237910091,0.00647206957435357,-0.0968400771125393,-0.0604182874299175,-0.0551073468599868,-0.0984825911245449,0.012917544026573,-0.08956005453309,0.0747793702421653,-0.0379076919865373,0.100963354453998,0.0318307368245883,0.0789769061426107,0.0863824638005259,0.0193099375195791,0.0997204190451694,-0.0495699583813213,0.0654809562971153,-0.0947996264515464,-2.5692724438442e-16,-0.094799626451546,-0.0654809562971166,-0.0495699583813203,-0.09972041904517,0.0193099375195812,-0.0863824638005262,0.0789769061426101,-0.0318307368245857,0.100963354453998,0.0379076919865407,0.0747793702421634,0.0895600545330923,0.0129175440265706,0.0984825911245438,-0.0551073468599894,0.0604182874299163,-0.0968400771125393,-0.00647206957435446,-0.0923696237910081,-0.070274549869269,-0.0438288763109425,-0.100548474373976,0.0256229823373517,-0.0828499089952234,0.0828499089952233,-0.0256229823373525,0.100548474373975,0.0438288763109428,0.0702745498692679,0.0923696237910082,0.00647206957435392,0.0968400771125391,-0.0604182874299179,0.0551073468599877,-0.0984825911245445,-0.0129175440265708,-0.0895600545330921,-0.0747793702421637,-0.0379076919865404,-0.100963354453999,0.0318307368245859,-0.0789769061426119,0.0863824638005249,-0.0193099375195819,0.0997204190451698,0.0495699583813191,0.0654809562971174,0.0947996264515462,6.38138802149227e-16,0.0947996264515472,-0.0654809562971147,0.0495699583813213,-0.0997204190451697,-0.0193099375195798,-0.0863824638005253,-0.0789769061426109,-0.0318307368245862,-0.100963354453998,0.0379076919865383,-0.0747793702421641,0.0895600545330908,-0.0129175440265714,0.0984825911245438,0.0551073468599867,0.060418287429918,0.096840077112538,-0.00647206957435307,0.0923696237910094,-0.0702745498692674,0.043828876310944,-0.100548474373977,-0.0256229823373507,-0.082849908995225,-0.0828499089952238,-0.0256229823373553,-0.100548474373976,0.0438288763109414,-0.070274549869271,0.0923696237910068,-0.00647206957435669,0.0968400771125404,0.0604182874299132,0.0551073468599875,0.0984825911245436,-0.0129175440265703,0.0895600545330892,-0.0747793702421686,0.0379076919865394,-0.100963354454004,-0.0318307368245873,-0.0789769061426126,-0.0863824638005239,-0.0193099375195855,-0.0997204190451673,0.0495699583813064,-0.0654809562971237,0.0947996264515433
0.0953466147871529,0.0629819809849852,0.0537433555875515,0.0984825911245434,-0.0113101200434982,0.0910115994474008,-0.0714285714285701,0.0438288763109527,-0.100380091737618,-0.0224780087652078,-0.0855320604384354,-0.0789769061426121,-0.0333632234846254,-0.101015254455221,0.0333632234846364,-0.0789769061426103,0.0855320604384401,-0.0224780087652054,0.100380091737626,0.0438288763109415,0.0714285714285724,0.0910115994473922,0.0113101200435226,0.0984825911245426,-0.0537433555875351,0.0629819809849988,-0.0953466147871409,-1.66782953157589e-15,-0.095346614787141,-0.0629819809849947,-0.0537433555875375,-0.0984825911245442,0.0113101200435205,-0.0910115994473965,0.0714285714285716,-0.0438288763109426,0.100380091737625,0.0224780087652117,0.0855320604384376,0.0789769061426109,0.0333632234846308,0.10101525445522,-0.0333632234846328,0.078976906142609,-0.0855320604384406,0.0224780087652091,-0.100380091737625,-0.0438288763109445,-0.0714285714285736,-0.0910115994473959,-0.0113101200435201,-0.0984825911245455,0.0537433555875347,-0.0629819809849966,0.0953466147871403,-1.85962954422116e-15,0.0953466147871412,0.0629819809849948,0.0537433555875365,0.0984825911245447,-0.0113101200435215,0.0910115994473949,-0.071428571428573,0.0438288763109422,-0.100380091737626,-0.0224780087652116,-0.0855320604384388,-0.0789769061426096,-0.0333632234846335,-0.101015254455221,0.0333632234846324,-0.0789769061426102,0.0855320604384381,-0.0224780087652093,0.100380091737626,0.0438288763109426,0.0714285714285709,0.0910115994473953,0.0113101200435206,0.0984825911245437,-0.0537433555875363,0.0629819809849956,-0.0953466147871412,-2.083790203996e-15,-0.0953466147871411,-0.0629819809849966,-0.0537433555875356,-0.0984825911245446,0.011310120043523,-0.0910115994473947,0.0714285714285727,-0.0438288763109413,0.100380091737626,0.0224780087652116,0.085532060438438,0.0789769061426116,0.0333632234846329,0.101015254455221,-0.0333632234846334,0.0789769061426111,-0.085532060438438,0.0224780087652105,-0.100380091737625,-0.0438288763109429,-0.0714285714285713,-0.0910115994473965,-0.0113101200435187,-0.0984825911245445,0.0537433555875367,-0.062981980984994,0.0953466147871413,1.4184118469545e-15,0.0953466147871408,0.0629819809849961,0.053743355587537,0.0984825911245442,-0.0113101200435224,0.0910115994473955,-0.0714285714285715,0.0438288763109426,-0.100380091737626,-0.0224780087652111,-0.0855320604384383,-0.078976906142611,-0.0333632234846329,-0.101015254455221,0.0333632234846336,-0.0789769061426115,0.0855320604384378,-0.0224780087652114,0.100380091737627,0.0438288763109419,0.0714285714285722,0.0910115994473949,0.0113101200435227,0.0984825911245442,-0.0537433555875352,0.062981980984996,-0.0953466147871405,1.19107364819596e-15,-0.0953466147871418,-0.0629819809849941,-0.0537433555875375,-0.0984825911245438,0.0113101200435191,-0.0910115994473962,0.0714285714285705,-0.0438288763109439,0.100380091737626,0.0224780087652103,0.0855320604384383,0.0789769061426105,0.0333632234846321,0.101015254455221,-0.0333632234846343,0.07897690614261,-0.0855320604384382,0.0224780087652099,-0.100380091737625,-0.0438288763109435,-0.0714285714285706,-0.0910115994473948,-0.0113101200435212,-0.0984825911245444,0.0537433555875356,-0.062981980984997,0.0953466147871411,-1.49667904862237e-15,0.0953466147871433,0.0629819809849942,0.0537433555875386,0.0984825911245448,-0.011310120043518,0.0910115994473966,-0.07142857142857,0.0438288763109456,-0.100380091737625,-0.0224780087652075,-0.0855320604384404,-0.0789769061426073,-0.0333632234846332,-0.101015254455221,0.033363223484632,-0.0789769061426097,0.0855320604384428,-0.0224780087652116,0.100380091737632,0.0438288763109422,0.0714285714285725,0.0910115994473938,0.0113101200435264,0.0984825911245419,-0.0537433555875225,0.0629819809850029,-0.0953466147871386
0.0958691077764833,0.0604182874299066,0.0577925100003259,0.0968400771125364,-0.00323769826406939,0.0947996264515503,-0.0629819809849946,0.0551073468599974,-0.0977115367231065,-0.0064720695743503,-0.0936327321021146,-0.0654809562971174,-0.0523655571955762,-0.0984825911245453,0.00969979039562874,-0.0923696237910077,0.0679126455002196,-0.0495699583813163,0.0991524480063044,0.012917544026571,0.091011599447397,0.0702745498692644,0.0467234230839631,0.0997204190451686,-0.0161220240078224,0.0895600545330937,-0.0725642423878641,0.0438288763109421,-0.100185920612502,-0.0193099375195795,-0.0880164806086182,-0.0747793702421637,-0.0408892924047437,-0.100548474373975,0.0224780087652108,-0.0863824638005257,0.0769176572385565,-0.0379076919865378,0.100807707781089,0.025622982337352,0.0846596831715431,0.078976906142612,0.0348871388523109,0.100963354453997,-0.0287416265630661,0.0828499089952234,-0.0809550009368725,0.0318307368245864,-0.101015254455221,-0.0318307368245869,-0.0809550009368703,-0.0828499089952247,-0.0287416265630654,-0.100963354453999,0.0348871388523071,-0.0789769061426116,0.0846596831715435,-0.0256229823373522,0.100807707781091,0.0379076919865387,0.0769176572385569,0.0863824638005269,0.0224780087652091,0.100548474373975,-0.0408892924047452,0.0747793702421638,-0.0880164806086177,0.01930993751958,-0.100185920612504,-0.043828876310942,-0.0725642423878649,-0.0895600545330915,-0.0161220240078234,-0.0997204190451695,0.0467234230839615,-0.0702745498692685,0.0910115994473955,-0.0129175440265711,0.0991524480063052,0.0495699583813208,0.0679126455002193,0.0923696237910088,0.00969979039562408,0.0984825911245442,-0.0523655571955844,0.0654809562971145,-0.0936327321021176,0.00647206957435233,-0.0977115367231151,-0.0551073468599883,-0.0629819809849951,-0.094799626451546,-0.00323769826409081,-0.0968400771125384,0.0577925100003125,-0.0604182874299168,0.0958691077764727,3.34107044194841e-16,0.0958691077764724,0.0604182874299183,0.0577925100003115,0.0968400771125393,-0.0032376982640931,0.0947996264515468,-0.0629819809849948,0.0551073468599862,-0.0977115367231156,-0.00647206957435579,-0.0936327321021161,-0.0654809562971177,-0.0523655571955822,-0.0984825911245445,0.00969979039562687,-0.0923696237910077,0.0679126455002187,-0.0495699583813202,0.099152448006305,0.0129175440265724,0.0910115994473948,0.0702745498692688,0.0467234230839613,0.0997204190451694,-0.016122024007823,0.0895600545330916,-0.0725642423878644,0.0438288763109429,-0.100185920612502,-0.0193099375195795,-0.0880164806086173,-0.0747793702421639,-0.0408892924047438,-0.100548474373975,0.02247800876521,-0.0863824638005262,0.0769176572385568,-0.0379076919865391,0.100807707781091,0.0256229823373512,0.0846596831715437,0.0789769061426103,0.0348871388523113,0.100963354453998,-0.0287416265630624,0.0828499089952249,-0.0809550009368706,0.0318307368245887,-0.101015254455221,-0.0318307368245867,-0.0809550009368726,-0.0828499089952238,-0.0287416265630636,-0.100963354453998,0.0348871388523103,-0.0789769061426108,0.0846596831715443,-0.0256229823373512,0.100807707781091,0.0379076919865394,0.0769176572385572,0.0863824638005263,0.0224780087652098,0.100548474373975,-0.0408892924047441,0.0747793702421652,-0.0880164806086168,0.0193099375195821,-0.100185920612503,-0.0438288763109413,-0.0725642423878673,-0.0895600545330906,-0.0161220240078263,-0.0997204190451706,0.0467234230839582,-0.0702745498692699,0.0910115994473941,-0.0129175440265744,0.0991524480063043,0.0495699583813183,0.0679126455002208,0.0923696237910062,0.00969979039562516,0.0984825911245448,-0.052365557195583,0.0654809562971157,-0.0936327321021211,0.0064720695743553,-0.097711536723123,-0.0551073468599861,-0.0629819809849957,-0.0947996264515453,-0.00323769826409734,-0.0968400771125363,0.057792510000299,-0.0604182874299251,0.0958691077764706
0.0963669711867123,0.0577925100003005,0.0617080608670651,0.0947996264515424,0.00485550762959353,0.0977115367231183,-0.0537433555875361,0.0654809562971259,-0.0930131258732323,0.00969979039562872,-0.0988302147215979,-0.0495699583813225,-0.0691024741877816,-0.0910115994473971,-0.0145216493840486,-0.0997204190451687,0.045281966356218,-0.0725642423878608,0.0887996742619771,-0.0193099375195805,0.100380091737628,0.0408892924047394,0.0758582580522205,0.0863824638005257,0.0240535853353448,0.100807707781092,-0.0364020914209578,0.0789769061426109,-0.0837655561208871,0.0287416265630644,-0.101002278621515,-0.0318307368245861,-0.0819129770319871,-0.0809550009368702,-0.0333632234846327,-0.100963354453999,0.0271857965799596,-0.0846596831715431,0.0779572956326327,-0.0379076919865389,0.100691025262639,0.0224780087652136,0.08721067478204,0.0747793702421645,0.0423645262591737,0.100185920612503,-0.0177182567482008,0.0895600545330913,-0.0714285714285693,0.046723423083962,-0.099449208194222,-0.0129175440265718,-0.0917023911765054,-0.0679126455002178,-0.0509743056521111,-0.0984825911245436,0.00808696879009645,-0.0936327321021164,0.0642397205029657,-0.0551073468599877,0.0972883040090943,0.00323769826409364,0.0953466147871413,0.0604182874299179,0.0591129920272183,0.095869107776473,0.00161905710673186,0.0968400771125376,-0.0564571805921214,0.0629819809849956,-0.0942282832955858,0.00647206957435298,-0.098109666522562,-0.0523655571955844,-0.0667053694835438,-0.0923696237910082,-0.0113101200435205,-0.0991524480063042,0.0481528761718314,-0.0702745498692678,0.0902974260738781,-0.0161220240078234,0.0999660108827977,0.0438288763109449,0.0736812709837382,0.0880164806086185,0.0208966574058055,0.100548474373975,-0.0394035537476192,0.0769176572385571,-0.0855320604384395,0.0256229823373507,-0.100898491952617,-0.0348871388523106,-0.0799762268219818,-0.0828499089952246,-0.0302900725808689,-0.101015254455221,0.0302900725808694,-0.0828499089952241,0.0799762268219818,-0.0348871388523096,0.100898491952616,0.0256229823373521,0.0855320604384381,0.0769176572385592,0.0394035537476151,0.100548474373976,-0.0208966574058072,0.0880164806086169,-0.0736812709837393,0.0438288763109415,-0.0999660108827986,-0.0161220240078245,-0.0902974260738785,-0.0702745498692687,-0.0481528761718296,-0.0991524480063052,0.0113101200435214,-0.0923696237910085,0.0667053694835443,-0.0523655571955826,0.0981096665225616,0.00647206957435347,0.094228283295586,0.0629819809849952,0.0564571805921203,0.0968400771125385,-0.00161905710673127,0.0958691077764729,-0.0591129920272197,0.0604182874299176,-0.0953466147871413,0.00323769826409302,-0.0972883040090952,-0.0551073468599868,-0.0642397205029668,-0.0936327321021162,-0.00808696879009735,-0.0984825911245448,0.0509743056521071,-0.0679126455002195,0.0917023911765042,-0.0129175440265736,0.0994492081942232,0.0467234230839599,0.0714285714285713,0.0895600545330911,0.0177182567482001,0.100185920612503,-0.0423645262591755,0.0747793702421645,-0.0872106747820387,0.0224780087652104,-0.100691025262638,-0.0379076919865395,-0.0779572956326344,-0.0846596831715439,-0.0271857965799603,-0.100963354453999,0.0333632234846335,-0.0809550009368719,0.0819129770319886,-0.0318307368245886,0.101002278621515,0.0287416265630619,0.0837655561208897,0.0789769061426093,0.036402091420961,0.100807707781091,-0.0240535853353414,0.0863824638005269,-0.0758582580522161,0.0408892924047451,-0.100380091737625,-0.0193099375195783,-0.088799674261978,-0.0725642423878627,-0.0452819663562199,-0.0997204190451687,0.0145216493840525,-0.0910115994473963,0.0691024741877887,-0.0495699583813217,0.0988302147216035,0.00969979039562282,0.0930131258732508,0.0654809562971138,0.0537433555875361,0.0977115367231152,-0.00485550762956598,0.0947996264515438,-0.0617080608670404,0.0577925100003197,-0.0963669711867009
0.0968400771125476,0.055107346859975,0.0654809562971267,0.0923696237910031,0.0129175440265935,0.0997204190451707,-0.0438288763109432,0.0747793702421742,-0.0863824638005148,0.0256229823373564,-0.100963354453998,-0.0318307368245889,-0.0828499089952182,-0.0789769061426133,-0.0379076919865341,-0.100548474373974,0.0193099375195799,-0.0895600545330882,0.0702745498692671,-0.0495699583813203,0.0984825911245466,0.0064720695743499,0.094799626451549,0.0604182874299183,0.0604182874299171,0.0947996264515461,0.00647206957435429,0.0984825911245453,-0.0495699583813196,0.0702745498692687,-0.0895600545330901,0.0193099375195815,-0.100548474373974,-0.037907691986536,-0.0789769061426103,-0.0828499089952238,-0.0318307368245879,-0.100963354453999,0.0256229823373508,-0.0863824638005259,0.0747793702421673,-0.0438288763109393,0.0997204190451706,0.012917544026573,0.0923696237910082,0.0654809562971173,0.0551073468599852,0.0968400771125397,2.93093473930369e-15,0.0968400771125395,-0.0551073468599872,0.0654809562971166,-0.0923696237910072,0.0129175440265733,-0.0997204190451699,-0.0438288763109409,-0.0747793702421642,-0.0863824638005252,-0.0256229823373521,-0.100963354453999,0.0318307368245875,-0.082849908995223,0.078976906142612,-0.0379076919865381,0.100548474373976,0.0193099375195812,0.0895600545330915,0.0702745498692675,0.0495699583813217,0.0984825911245437,-0.00647206957435321,0.094799626451546,-0.0604182874299172,0.0604182874299164,-0.0947996264515464,0.00647206957435401,-0.0984825911245441,-0.0495699583813215,-0.0702745498692684,-0.0895600545330907,-0.0193099375195807,-0.100548474373976,0.0379076919865394,-0.0789769061426096,0.0828499089952249,-0.0318307368245855,0.100963354453999,0.0256229823373536,0.0863824638005246,0.0747793702421652,0.0438288763109423,0.0997204190451692,-0.0129175440265732,0.092369623791008,-0.0654809562971163,0.0551073468599866,-0.096840077112539,-5.47253378660358e-16,-0.0968400771125386,-0.0551073468599884,-0.0654809562971151,-0.0923696237910091,-0.0129175440265706,-0.0997204190451701,0.0438288763109425,-0.0747793702421636,0.0863824638005264,-0.0256229823373504,0.100963354453998,0.0318307368245893,0.0828499089952231,0.0789769061426115,0.037907691986537,0.100548474373975,-0.0193099375195798,0.0895600545330906,-0.0702745498692691,0.0495699583813206,-0.098482591124544,-0.00647206957435404,-0.0947996264515467,-0.0604182874299176,-0.0604182874299173,-0.0947996264515466,-0.00647206957435368,-0.0984825911245441,0.0495699583813216,-0.0702745498692689,0.0895600545330905,-0.0193099375195809,0.100548474373976,0.0379076919865378,0.0789769061426112,0.0828499089952233,0.0318307368245886,0.100963354453998,-0.0256229823373509,0.0863824638005261,-0.0747793702421634,0.0438288763109438,-0.0997204190451693,-0.0129175440265706,-0.0923696237910089,-0.0654809562971147,-0.0551073468599887,-0.0968400771125389,-2.45724833455025e-16,-0.0968400771125394,0.0551073468599867,-0.065480956297116,0.0923696237910088,-0.012917544026572,0.0997204190451694,0.0438288763109433,0.0747793702421637,0.0863824638005264,0.0256229823373524,0.100963354453999,-0.0318307368245876,0.0828499089952239,-0.078976906142611,0.037907691986539,-0.100548474373977,-0.0193099375195789,-0.0895600545330907,-0.0702745498692673,-0.0495699583813227,-0.0984825911245434,0.00647206957435171,-0.0947996264515467,0.0604182874299148,-0.0604182874299186,0.0947996264515456,-0.00647206957435499,0.0984825911245437,0.0495699583813198,0.0702745498692688,0.0895600545330898,0.0193099375195822,0.100548474373976,-0.0379076919865382,0.0789769061426122,-0.0828499089952252,0.0318307368245888,-0.100963354454003,-0.0256229823373499,-0.0863824638005347,-0.0747793702421616,-0.0438288763109418,-0.0997204190451694,0.0129175440265665,-0.0923696237910056,0.0654809562971041,-0.0551073468599947,0.0968400771125374
0.0972883040091026,0.0523655571955699,0.0691024741877974,0.0895600545330842,0.0208966574058277,0.10080770778109,-0.0333632234846336,0.0828499089952334,-0.0779572956326226,0.0408892924047483,-0.0999660108827984,-0.0129175440265733,-0.093013125873238,-0.0629819809849983,-0.0591129920272149,-0.094799626451545,-0.00808696879009712,-0.099152448006303,0.045281966356216,-0.074779370242163,0.0855320604384406,-0.0287416265630666,0.101002278621518,0.0256229823373538,0.0872106747820372,0.0725642423878629,0.048152876171831,0.098482591124546,-0.00485550762957003,0.0958691077764726,-0.0564571805921193,0.065480956297117,-0.0917023911765032,0.0161220240078263,-0.100380091737626,-0.0379076919865384,-0.0799762268219821,-0.0809550009368722,-0.036402091420959,-0.100548474373975,0.0177182567482015,-0.0910115994473928,0.0667053694835443,-0.0551073468599857,0.0963669711867037,-0.00323769826409069,0.0981096665225605,0.0495699583813221,0.0714285714285734,0.0880164806086175,0.0240535853353434,0.100963354454,-0.0302900725808668,0.0846596831715444,-0.0758582580522158,0.0438288763109444,-0.0994492081942233,-0.00969979039562439,-0.0942282832955863,-0.0604182874299173,-0.0617080608670522,-0.0936327321021174,-0.01131012004352,-0.0997204190451695,0.0423645262591764,-0.0769176572385574,0.0837655561208882,-0.031830736824587,0.100898491952618,0.0224780087652096,0.088799674261978,0.0702745498692686,0.0509743056521086,0.097711536723116,-0.00161905710673232,0.0968400771125386,-0.0537433555875368,0.0679126455002177,-0.0902974260738786,0.0193099375195799,-0.100691025262638,-0.0348871388523098,-0.0819129770319872,-0.0789769061426122,-0.0394035537476168,-0.100185920612502,0.0145216493840539,-0.0923696237910079,0.0642397205029665,-0.0577925100003114,0.0953466147871421,-0.00647206957435253,0.0988302147215989,0.0467234230839616,0.0736812709837383,0.0863824638005263,0.027185796579961,0.101015254455221,-0.0271857965799612,0.0863824638005261,-0.0736812709837382,0.0467234230839609,-0.0988302147215987,-0.00647206957435354,-0.0953466147871407,-0.0577925100003138,-0.064239720502963,-0.0923696237910097,-0.0145216493840521,-0.100185920612502,0.0394035537476185,-0.0789769061426097,0.0819129770319892,-0.0348871388523085,0.100691025262638,0.0193099375195808,0.0902974260738773,0.0679126455002192,0.0537433555875359,0.0968400771125391,0.00161905710673206,0.0977115367231154,-0.0509743056521081,0.0702745498692689,-0.0887996742619779,0.0224780087652106,-0.100898491952617,-0.0318307368245866,-0.0837655561208881,-0.0769176572385574,-0.0423645262591753,-0.0997204190451689,0.0113101200435206,-0.0936327321021172,0.0617080608670519,-0.0604182874299177,0.0942282832955861,-0.00969979039562557,0.0994492081942232,0.0438288763109422,0.0758582580522189,0.0846596831715426,0.0302900725808701,0.100963354453999,-0.0240535853353425,0.0880164806086188,-0.0714285714285709,0.0495699583813218,-0.098109666522562,-0.00323769826409183,-0.0963669711867027,-0.0551073468599872,-0.0667053694835439,-0.0910115994473958,-0.0177182567481978,-0.100548474373975,0.0364020914209582,-0.0809550009368719,0.0799762268219822,-0.0379076919865384,0.100380091737626,0.0161220240078229,0.0917023911765057,0.0654809562971146,0.0564571805921209,0.0958691077764723,0.00485550762957314,0.0984825911245441,-0.0481528761718294,0.0725642423878656,-0.0872106747820363,0.0256229823373532,-0.101002278621516,-0.0287416265630627,-0.0855320604384382,-0.074779370242164,-0.0452819663562187,-0.0991524480063042,0.00808696879009458,-0.094799626451548,0.0591129920272188,-0.0629819809849972,0.0930131258732446,-0.0129175440265739,0.0999660108828015,0.0408892924047413,0.0779572956326437,0.0828499089952206,0.033363223484631,0.100807707781091,-0.0208966574058014,0.0895600545330882,-0.0691024741877772,0.0523655571955905,-0.0972883040090943
0.0977115367231224,0.0495699583813067,0.0725642423878724,0.0863824638005174,0.0287416265630841,0.100963354453997,-0.0224780087652116,0.0895600545331001,-0.0679126455002065,0.0551073468599922,-0.0958691077764737,0.00647206957435247,-0.0991524480063015,-0.0438288763109461,-0.0769176572385538,-0.0828499089952224,-0.0348871388523114,-0.100548474373975,0.0161220240078214,-0.0923696237910063,0.062981980984997,-0.0604182874299191,0.093632732102118,-0.0129175440265697,0.100185920612501,0.0379076919865355,0.0809550009368721,0.0789769061426126,0.0408892924047447,0.0997204190451692,-0.00969979039562282,0.0947996264515471,-0.0577925100003106,0.0654809562971184,-0.0910115994473951,0.0193099375195807,-0.10080770778109,-0.0318307368245876,-0.0846596831715432,-0.0747793702421641,-0.04672342308396,-0.098482591124544,0.00323769826409059,-0.0968400771125374,0.0523655571955852,-0.0702745498692679,0.0880164806086175,-0.0256229823373514,0.101015254455221,0.0256229823373512,0.0880164806086161,0.0702745498692691,0.0523655571955847,0.0968400771125387,0.00323769826409464,0.0984825911245444,-0.0467234230839612,0.0747793702421643,-0.0846596831715437,0.0318307368245877,-0.10080770778109,-0.0193099375195818,-0.0910115994473955,-0.0654809562971164,-0.0577925100003115,-0.094799626451547,-0.00969979039562543,-0.0997204190451686,0.0408892924047438,-0.0789769061426111,0.0809550009368714,-0.0379076919865383,0.100185920612502,0.0129175440265729,0.0936327321021164,0.060418287429917,0.062981980984995,0.0923696237910085,0.0161220240078229,0.100548474373975,-0.0348871388523096,0.0828499089952243,-0.0769176572385583,0.0438288763109412,-0.0991524480063056,-0.00647206957435555,-0.095869107776473,-0.0551073468599889,-0.0679126455002172,-0.089560054533092,-0.0224780087652098,-0.100963354453998,0.0287416265630651,-0.0863824638005255,0.0725642423878652,-0.0495699583813201,0.0977115367231162,5.72810788209588e-16,0.0977115367231157,0.049569958381322,0.0725642423878639,0.0863824638005266,0.0287416265630623,0.100963354453999,-0.0224780087652104,0.0895600545330908,-0.0679126455002201,0.055107346859986,-0.0958691077764727,0.0064720695743516,-0.0991524480063045,-0.0438288763109442,-0.0769176572385568,-0.0828499089952245,-0.0348871388523103,-0.100548474373975,0.0161220240078245,-0.0923696237910086,0.0629819809849954,-0.0604182874299173,0.0936327321021169,-0.0129175440265713,0.100185920612502,0.0379076919865386,0.0809550009368718,0.0789769061426105,0.0408892924047429,0.0997204190451695,-0.0096997903956245,0.0947996264515466,-0.0577925100003126,0.0654809562971158,-0.0910115994473952,0.0193099375195811,-0.100807707781091,-0.0318307368245868,-0.0846596831715443,-0.0747793702421637,-0.0467234230839617,-0.0984825911245444,0.00323769826409031,-0.0968400771125391,0.0523655571955822,-0.0702745498692696,0.0880164806086164,-0.0256229823373535,0.101015254455221,0.0256229823373515,0.0880164806086182,0.0702745498692684,0.0523655571955833,0.0968400771125387,0.00323769826409121,0.0984825911245446,-0.0467234230839621,0.0747793702421639,-0.0846596831715432,0.031830736824587,-0.10080770778109,-0.0193099375195805,-0.0910115994473949,-0.065480956297115,-0.0577925100003129,-0.0947996264515454,-0.00969979039562534,-0.09972041904517,0.040889292404742,-0.078976906142611,0.0809550009368715,-0.03790769198654,0.100185920612501,0.0129175440265707,0.0936327321021182,0.0604182874299166,0.0629819809849955,0.0923696237910086,0.0161220240078249,0.100548474373976,-0.0348871388523084,0.0828499089952267,-0.0769176572385571,0.0438288763109451,-0.0991524480063072,-0.00647206957435084,-0.0958691077764755,-0.0551073468599849,-0.0679126455002283,-0.0895600545330873,-0.022478008765208,-0.100963354454,0.0287416265630586,-0.086382463800523,0.0725642423878546,-0.0495699583813282,0.097711536723116
0.0981096665225676,0.0467234230839455,0.075858258052224,0.0828499089952135,0.0364020914209783,0.100185920612499,-0.0113101200435222,0.0947996264515546,-0.0564571805921082,0.0679126455002236,-0.0887996742619796,0.0256229823373515,-0.101002278621513,-0.0224780087652135,-0.0902974260738744,-0.0654809562971142,-0.0591129920272217,-0.0936327321021177,-0.0145216493840549,-0.100548474373973,0.033363223484634,-0.0846596831715436,0.0736812709837392,-0.0495699583813187,0.097288304009093,-0.00323769826409572,0.0988302147215995,0.043828876310945,0.0779572956326351,0.0809550009368717,0.0394035537476195,0.0997204190451701,-0.00808696879009524,0.0958691077764743,-0.0537433555875367,0.0702745498692691,-0.0872106747820375,0.0287416265630635,-0.100898491952616,-0.0193099375195802,-0.0917023911765059,-0.0629819809849975,-0.0617080608670547,-0.0923696237910082,-0.0177182567481971,-0.100807707781091,0.0302900725808705,-0.0863824638005259,0.0714285714285695,-0.0523655571955841,0.0963669711867015,-0.00647206957435339,0.099449208194223,0.0408892924047429,0.0799762268219835,0.0789769061426095,0.0423645262591745,0.0991524480063042,-0.00485550762957196,0.0968400771125389,-0.0509743056521091,0.0725642423878634,-0.08553206043844,0.0318307368245864,-0.100691025262638,-0.0161220240078247,-0.0930131258732428,-0.0604182874299169,-0.0642397205029661,-0.0910115994473946,-0.0208966574058067,-0.100963354453998,0.0271857965799609,-0.0880164806086167,0.0691024741877885,-0.0551073468599873,0.0953466147871413,-0.00969979039562358,0.0999660108827983,0.0379076919865388,0.0819129770319881,0.0769176572385581,0.0452819663562168,0.0984825911245449,-0.00161905710673274,0.0977115367231149,-0.0481528761718315,0.0747793702421633,-0.0837655561208889,0.0348871388523087,-0.100380091737626,-0.0129175440265728,-0.0942282832955854,-0.0577925100003126,-0.0667053694835438,-0.0895600545330914,-0.0240535853353445,-0.101015254455221,0.0240535853353447,-0.0895600545330913,0.0667053694835441,-0.057792510000312,0.0942282832955858,-0.0129175440265718,0.100380091737625,0.0348871388523115,0.0837655561208862,0.0747793702421662,0.0481528761718296,0.0977115367231166,0.00161905710673041,0.0984825911245439,-0.0452819663562198,0.0769176572385569,-0.0819129770319881,0.037907691986538,-0.0999660108827984,-0.00969979039562531,-0.0953466147871409,-0.0551073468599879,-0.0691024741877886,-0.0880164806086177,-0.027185796579961,-0.100963354453999,0.0208966574058065,-0.0910115994473952,0.064239720502966,-0.0604182874299181,0.093013125873242,-0.0161220240078239,0.100691025262638,0.0318307368245866,0.0855320604384388,0.0725642423878642,0.0509743056521097,0.0968400771125383,0.00485550762957252,0.0991524480063047,-0.0423645262591743,0.0789769061426113,-0.0799762268219813,0.0408892924047447,-0.099449208194223,-0.00647206957435205,-0.0963669711867028,-0.0523655571955825,-0.0714285714285713,-0.0863824638005259,-0.03029007258087,-0.100807707781091,0.0177182567481992,-0.0923696237910085,0.0617080608670533,-0.0629819809849954,0.0917023911765055,-0.0193099375195797,0.100898491952616,0.0287416265630641,0.0872106747820377,0.0702745498692685,0.0537433555875357,0.0958691077764716,0.00808696879009642,0.0997204190451691,-0.0394035537476165,0.0809550009368729,-0.0779572956326329,0.0438288763109438,-0.0988302147215995,-0.00323769826409047,-0.0972883040090943,-0.04956995838132,-0.0736812709837409,-0.0846596831715426,-0.0333632234846335,-0.100548474373976,0.0145216493840511,-0.0936327321021175,0.0591129920272185,-0.0654809562971197,0.0902974260738768,-0.022478008765213,0.101002278621518,0.0256229823373486,0.0887996742619804,0.0679126455002159,0.0564571805921309,0.0947996264515422,0.0113101200435179,0.100185920612504,-0.0364020914209536,0.082849908995221,-0.0758582580522088,0.0467234230839681,-0.0981096665225631
0.0984825911245486,0.0438288763109266,0.0789769061426154,0.0789769061425989,0.043828876310962,0.0984825911245392,-1.17364995870465e-15,0.0984825911245518,-0.0438288763109302,0.0789769061426158,-0.0789769061426128,0.0438288763109427,-0.0984825911245437,-2.70598630391404e-15,-0.0984825911245417,-0.0438288763109413,-0.0789769061426134,-0.0789769061426127,-0.0438288763109447,-0.0984825911245414,3.29194578916337e-16,-0.0984825911245431,0.0438288763109422,-0.0789769061426085,0.078976906142609,-0.0438288763109466,0.0984825911245446,1.85580943019372e-15,0.0984825911245445,0.0438288763109427,0.0789769061426119,0.0789769061426109,0.0438288763109429,0.0984825911245446,-6.22785052171619e-16,0.0984825911245451,-0.0438288763109423,0.0789769061426107,-0.0789769061426099,0.0438288763109428,-0.0984825911245469,-3.65042908336104e-15,-0.0984825911245457,-0.0438288763109437,-0.0789769061426098,-0.0789769061426119,-0.0438288763109404,-0.0984825911245449,-2.80664074530204e-15,-0.0984825911245445,0.0438288763109427,-0.078976906142611,0.0789769061426087,-0.0438288763109439,0.098482591124543,-1.8784477861976e-15,0.0984825911245438,0.0438288763109422,0.0789769061426105,0.0789769061426105,0.0438288763109422,0.0984825911245445,-1.19900977235004e-15,0.098482591124544,-0.0438288763109439,0.0789769061426104,-0.0789769061426103,0.0438288763109427,-0.0984825911245451,1.22528364198984e-15,-0.0984825911245442,-0.043828876310943,-0.0789769061426108,-0.0789769061426112,-0.0438288763109423,-0.0984825911245439,3.14261865661494e-16,-0.0984825911245438,0.0438288763109434,-0.0789769061426102,0.0789769061426107,-0.0438288763109433,0.0984825911245443,1.87244669478013e-15,0.0984825911245446,0.0438288763109443,0.0789769061426107,0.0789769061426117,0.0438288763109415,0.0984825911245449,-6.57160740543498e-16,0.0984825911245438,-0.043828876310944,0.0789769061426105,-0.0789769061426112,0.0438288763109423,-0.0984825911245448,-2.83583251935534e-16,-0.0984825911245445,-0.0438288763109437,-0.0789769061426102,-0.0789769061426114,-0.0438288763109417,-0.098482591124545,-2.32841965706462e-16,-0.0984825911245445,0.0438288763109449,-0.0789769061426099,0.078976906142611,-0.0438288763109411,0.0984825911245443,1.63731115867234e-15,0.098482591124544,0.043828876310944,0.0789769061426112,0.0789769061426111,0.0438288763109416,0.0984825911245446,-5.34762768470041e-16,0.0984825911245443,-0.0438288763109427,0.07897690614261,-0.0789769061426103,0.0438288763109431,-0.0984825911245442,-6.51146829571669e-17,-0.0984825911245442,-0.0438288763109423,-0.0789769061426105,-0.0789769061426107,-0.043828876310943,-0.0984825911245439,-3.92224583259081e-16,-0.0984825911245448,0.043828876310942,-0.078976906142611,0.0789769061426105,-0.0438288763109436,0.0984825911245442,-6.97009830485986e-16,0.098482591124545,0.0438288763109421,0.0789769061426115,0.07897690614261,0.0438288763109443,0.0984825911245448,1.48730604787249e-16,0.0984825911245451,-0.0438288763109422,0.078976906142611,-0.0789769061426112,0.0438288763109429,-0.0984825911245444,-2.6893113448199e-16,-0.0984825911245442,-0.0438288763109436,-0.0789769061426107,-0.0789769061426111,-0.0438288763109421,-0.0984825911245441,7.01397148385145e-16,-0.0984825911245434,0.0438288763109431,-0.0789769061426108,0.0789769061426092,-0.043828876310944,0.0984825911245434,-1.17882428882821e-15,0.0984825911245451,0.0438288763109414,0.0789769061426112,0.0789769061426101,0.0438288763109453,0.0984825911245439,7.53060531249597e-16,0.0984825911245455,-0.043828876310941,0.0789769061426118,-0.0789769061426104,0.0438288763109475,-0.0984825911245436,2.37716816096952e-15,-0.0984825911245475,-0.043828876310939,-0.0789769061426124,-0.0789769061426081,-0.0438288763109529,-0.09848259112454,3.82628377313194e-15,-0.0984825911245466,0.0438288763109382,-0.0789769061426081,0.0789769061426028,-0.0438288763109501,0.0984825911245462
0.0988302147216024,0.0408892924047264,0.081912977031991,0.0747793702421508,0.0509743056521272,0.0958691077764659,0.0113101200435202,0.100548474373982,-0.030290072580856,0.0880164806086228,-0.0667053694835468,0.0604182874299179,-0.0917023911765056,0.0224780087652084,-0.101002278621514,-0.0193099375195786,-0.0930131258732454,-0.0577925100003151,-0.0691024741877895,-0.086382463800523,-0.0333632234846333,-0.1001859206125,0.00808696879009471,-0.0968400771125369,0.0481528761718295,-0.0769176572385607,0.0799762268219825,-0.0438288763109416,0.0981096665225619,-0.00323769826409202,0.0994492081942237,0.0379076919865384,0.0837655561208876,0.0725642423878636,0.0537433555875357,0.0947996264515469,0.0145216493840533,0.100807707781091,-0.0271857965799598,0.0895600545330911,-0.0642397205029683,0.0629819809849921,-0.0902974260738781,0.0256229823373509,-0.100898491952617,-0.0161220240078243,-0.0942282832955843,-0.055107346859988,-0.0714285714285736,-0.0846596831715425,-0.0364020914209579,-0.0997204190451703,0.00485550762956871,-0.0977115367231165,0.0452819663562148,-0.0789769061426119,0.0779572956326344,-0.0467234230839612,0.0972883040090952,-0.00647206957435428,0.0999660108827979,0.0348871388523112,0.0855320604384389,0.0702745498692692,0.0564571805921204,0.093632732102118,0.0177182567481996,0.100963354453998,-0.0240535853353447,0.0910115994473958,-0.0617080608670528,0.0654809562971156,-0.0887996742619785,0.0287416265630624,-0.100691025262638,-0.0129175440265719,-0.0953466147871411,-0.0523655571955844,-0.0736812709837386,-0.0828499089952239,-0.0394035537476178,-0.0991524480063054,0.00161905710673272,-0.098482591124544,0.0423645262591768,-0.0809550009368705,0.075858258052219,-0.0495699583813194,0.0963669711867027,-0.00969979039562333,0.100380091737626,0.0318307368245884,0.0872106747820374,0.0679126455002192,0.0591129920272185,0.0923696237910088,0.0208966574058066,0.101015254455221,-0.0208966574058071,0.0923696237910087,-0.059112992027219,0.0679126455002186,-0.0872106747820382,0.0318307368245875,-0.100380091737625,-0.00969979039562657,-0.0963669711867009,-0.049569958381323,-0.0758582580522169,-0.0809550009368735,-0.0423645262591741,-0.0984825911245446,-0.00161905710672935,-0.0991524480063043,0.0394035537476176,-0.0828499089952233,0.0736812709837397,-0.0523655571955829,0.095346614787141,-0.0129175440265713,0.100691025262638,0.0287416265630641,0.0887996742619777,0.0654809562971159,0.0617080608670527,0.0910115994473951,0.0240535853353436,0.100963354453998,-0.0177182567481986,0.0936327321021171,-0.0564571805921211,0.0702745498692685,-0.0855320604384382,0.0348871388523108,-0.099966010882798,-0.00647206957435304,-0.0972883040090957,-0.0467234230839599,-0.077957295632635,-0.0789769061426105,-0.0452819663562194,-0.0977115367231157,-0.00485550762957265,-0.0997204190451702,0.0364020914209567,-0.0846596831715447,0.0714285714285711,-0.0551073468599884,0.094228283295586,-0.0161220240078236,0.100898491952617,0.0256229823373521,0.0902974260738774,0.0629819809849959,0.0642397205029645,0.0895600545330915,0.0271857965799608,0.100807707781091,-0.0145216493840536,0.0947996264515458,-0.0537433555875369,0.0725642423878638,-0.083765556120889,0.037907691986539,-0.0994492081942218,-0.003237698264091,-0.098109666522562,-0.0438288763109418,-0.0799762268219834,-0.0769176572385569,-0.0481528761718316,-0.0968400771125386,-0.00808696879009843,-0.100185920612502,0.0333632234846322,-0.0863824638005274,0.0691024741877864,-0.0577925100003139,0.093013125873243,-0.0193099375195853,0.101002278621515,0.0224780087652082,0.0917023911765084,0.0604182874299133,0.0667053694835456,0.088016480608615,0.030290072580879,0.100548474373971,-0.0113101200435254,0.0958691077764756,-0.0509743056521042,0.0747793702421619,-0.0819129770319808,0.0408892924047509,-0.0988302147216019
0.0991524480063072,0.0379076919865205,0.0846596831715452,0.0702745498692534,0.0577925100003301,0.0923696237910005,0.02247800876521,0.100963354454004,-0.0161220240078106,0.0947996264515517,-0.0523655571955859,0.0747793702421656,-0.0809550009368743,0.0438288763109413,-0.0977115367231153,0.00647206957435507,-0.100185920612505,-0.031830736824591,-0.0880164806086185,-0.0654809562971135,-0.0629819809849962,-0.0895600545330875,-0.0287416265630656,-0.100548474373974,0.00969979039562468,-0.0968400771125403,0.0467234230839612,-0.07897690614261,0.0769176572385571,-0.0495699583813206,0.0958691077764722,-0.0129175440265723,0.100807707781089,0.0256229823373501,0.0910115994473949,0.0604182874299178,0.0679126455002186,0.0863824638005264,0.0348871388523104,0.0997204190451699,-0.00323769826409402,0.0984825911245431,-0.0408892924047429,0.0828499089952229,-0.0725642423878667,0.0551073468599873,-0.0936327321021169,0.0193099375195798,-0.101015254455222,-0.0193099375195793,-0.0936327321021159,-0.0551073468599885,-0.0725642423878659,-0.082849908995224,-0.0408892924047459,-0.098482591124544,-0.00323769826409118,-0.0997204190451693,0.0348871388523105,-0.0863824638005262,0.067912645500219,-0.0604182874299159,0.0910115994473969,-0.0256229823373511,0.100807707781091,0.0129175440265732,0.0958691077764728,0.0495699583813207,0.0769176572385584,0.0789769061426098,0.0467234230839609,0.0968400771125386,0.00969979039562461,0.100548474373975,-0.0287416265630644,0.0895600545330906,-0.0629819809849954,0.0654809562971147,-0.088016480608618,0.0318307368245868,-0.100185920612502,-0.00647206957435357,-0.0977115367231151,-0.0438288763109446,-0.0809550009368715,-0.0747793702421651,-0.052365557195583,-0.0947996264515467,-0.016122024007822,-0.100963354453999,0.0224780087652112,-0.0923696237910078,0.0577925100003131,-0.0702745498692682,0.0846596831715437,-0.0379076919865382,0.0991524480063054,2.15449667254312e-16,0.099152448006305,0.0379076919865394,0.0846596831715429,0.0702745498692692,0.0577925100003111,0.0923696237910091,0.0224780087652107,0.100963354453999,-0.0161220240078257,0.0947996264515463,-0.0523655571955838,0.0747793702421632,-0.0809550009368723,0.0438288763109414,-0.0977115367231164,0.00647206957435238,-0.100185920612503,-0.031830736824588,-0.0880164806086167,-0.0654809562971164,-0.0629819809849945,-0.0895600545330913,-0.028741626563064,-0.100548474373975,0.00969979039562464,-0.0968400771125388,0.0467234230839609,-0.0789769061426103,0.0769176572385583,-0.0495699583813212,0.095869107776472,-0.012917544026572,0.100807707781091,0.0256229823373517,0.0910115994473954,0.060418287429917,0.0679126455002192,0.0863824638005254,0.0348871388523108,0.0997204190451693,-0.00323769826409104,0.0984825911245448,-0.0408892924047422,0.0828499089952247,-0.0725642423878638,0.0551073468599891,-0.0936327321021159,0.0193099375195819,-0.101015254455221,-0.0193099375195794,-0.0936327321021177,-0.0551073468599874,-0.0725642423878651,-0.0828499089952239,-0.0408892924047432,-0.0984825911245451,-0.0032376982640908,-0.0997204190451698,0.0348871388523096,-0.086382463800526,0.0679126455002189,-0.0604182874299171,0.0910115994473957,-0.0256229823373518,0.100807707781092,0.0129175440265711,0.0958691077764717,0.0495699583813205,0.0769176572385584,0.0789769061426101,0.0467234230839623,0.0968400771125387,0.00969979039562629,0.100548474373976,-0.0287416265630619,0.0895600545330918,-0.0629819809849949,0.0654809562971178,-0.0880164806086166,0.0318307368245894,-0.100185920612504,-0.00647206957434854,-0.0977115367231155,-0.0438288763109408,-0.0809550009368759,-0.0747793702421602,-0.0523655571955838,-0.094799626451544,-0.0161220240078332,-0.100963354453994,0.0224780087652151,-0.0923696237910121,0.0577925100003078,-0.0702745498692659,0.0846596831715373,-0.0379076919865459,0.0991524480063081
0.0994492081942248,0.0348871388522905,0.0872106747820389,0.0654809562970994,0.0642397205029826,0.0880164806086083,0.0333632234846328,0.0997204190451744,-0.00161905710671906,0.09915244800631,-0.0364020914209611,0.0863824638005276,-0.066705369483548,0.0629819809849944,-0.0887996742619784,0.0318307368245885,-0.0999660108828004,-0.00323769826409595,-0.0988302147215993,-0.0379076919865368,-0.0855320604384397,-0.0679126455002143,-0.0617080608670549,-0.0895600545330905,-0.0302900725808679,-0.100185920612502,0.00485550762957173,-0.0984825911245444,0.0394035537476168,-0.0846596831715426,0.069102474187787,-0.0604182874299178,0.0902974260738764,-0.0287416265630657,0.100380091737626,0.00647206957435404,0.0981096665225616,0.0408892924047446,0.0837655561208883,0.070274549869269,0.0591129920272186,0.0910115994473966,0.027185796579962,0.100548474373975,-0.00808696879009885,0.0977115367231162,-0.0423645262591771,0.0828499089952236,-0.0714285714285699,0.0577925100003127,-0.0917023911765043,0.0256229823373514,-0.100691025262636,-0.00969979039562422,-0.0972883040090947,-0.0438288763109414,-0.081912977031987,-0.0725642423878641,-0.0564571805921204,-0.0923696237910083,-0.0240535853353436,-0.100807707781091,0.0113101200435225,-0.0968400771125385,0.0452819663562187,-0.0809550009368718,0.0736812709837383,-0.0551073468599873,0.0930131258732434,-0.0224780087652119,0.100898491952617,0.0129175440265719,0.096366971186703,0.0467234230839618,0.0799762268219823,0.0747793702421641,0.0537433555875364,0.0936327321021173,0.0208966574058063,0.100963354453999,-0.0145216493840527,0.0958691077764735,-0.0481528761718314,0.0789769061426097,-0.0758582580522192,0.0523655571955815,-0.0942282832955871,0.0193099375195786,-0.101002278621515,-0.0161220240078248,-0.0953466147871413,-0.0495699583813218,-0.0779572956326332,-0.0769176572385583,-0.0509743056521078,-0.0947996264515465,-0.017718256748199,-0.101015254455221,0.0177182567481994,-0.0947996264515466,0.0509743056521083,-0.076917657238558,0.0779572956326343,-0.0495699583813214,0.0953466147871406,-0.0161220240078219,0.101002278621515,0.0193099375195823,0.0942282832955857,0.0523655571955853,0.075858258052217,0.0789769061426118,0.0481528761718289,0.0958691077764729,0.0145216493840532,0.100963354453998,-0.020896657405808,0.0936327321021169,-0.0537433555875367,0.0747793702421641,-0.0799762268219823,0.0467234230839602,-0.096366971186702,0.012917544026572,-0.100898491952616,-0.0224780087652106,-0.0930131258732423,-0.055107346859987,-0.0736812709837387,-0.0809550009368721,-0.0452819663562178,-0.0968400771125384,-0.0113101200435215,-0.100807707781091,0.0240535853353435,-0.0923696237910085,0.0564571805921205,-0.0725642423878651,0.0819129770319873,-0.0438288763109436,0.0972883040090946,-0.00969979039562584,0.100691025262637,0.0256229823373505,0.0917023911765054,0.0577925100003114,0.0714285714285715,0.0828499089952237,0.0423645262591765,0.0977115367231158,0.00808696879009643,0.100548474373976,-0.0271857965799612,0.0910115994473959,-0.0591129920272202,0.0702745498692683,-0.0837655561208881,0.0408892924047438,-0.0981096665225622,0.00647206957435353,-0.100380091737626,-0.0287416265630633,-0.0902974260738791,-0.0604182874299166,-0.0691024741877879,-0.0846596831715434,-0.0394035537476191,-0.0984825911245442,-0.00485550762957267,-0.100185920612503,0.0302900725808672,-0.0895600545330923,0.0617080608670519,-0.0679126455002197,0.0855320604384383,-0.0379076919865408,0.0988302147215988,-0.00323769826409434,0.0999660108828002,0.0318307368245825,0.0887996742619783,0.0629819809849937,0.0667053694835487,0.0863824638005219,0.0364020914209585,0.0991524480063029,0.00161905710674091,0.0997204190451651,-0.0333632234846379,0.088016480608622,-0.0642397205029614,0.0654809562971136,-0.0872106747820334,0.0348871388523169,-0.0994492081942275
0.0997204190451705,0.0318307368245674,0.0895600545330904,0.0604182874298996,0.0702745498692848,0.0828499089952133,0.0438288763109433,0.0968400771125425,0.0129175440265838,0.100963354454004,-0.0193099375195829,0.0947996264515487,-0.0495699583813256,0.0789769061426105,-0.0747793702421655,0.0551073468599883,-0.09236962379101,0.0256229823373483,-0.100548474373975,-0.00647206957435236,-0.0984825911245458,-0.0379076919865339,-0.0863824638005277,-0.0654809562971157,-0.0654809562971141,-0.0863824638005239,-0.0379076919865384,-0.098482591124545,-0.00647206957435483,-0.100548474373975,0.0256229823373505,-0.0923696237910087,0.0551073468599863,-0.074779370242166,0.078976906142611,-0.0495699583813209,0.0947996264515455,-0.0193099375195793,0.100963354453998,0.0129175440265728,0.0968400771125397,0.0438288763109463,0.0828499089952248,0.0702745498692689,0.0604182874299152,0.089560054533092,0.0318307368245843,0.0997204190451698,2.45672423578998e-15,0.0997204190451692,-0.0318307368245875,0.089560054533091,-0.060418287429915,0.0702745498692691,-0.0828499089952215,0.0438288763109444,-0.0968400771125385,0.0129175440265721,-0.100963354453999,-0.0193099375195799,-0.0947996264515459,-0.0495699583813226,-0.0789769061426109,-0.0747793702421653,-0.0551073468599867,-0.0923696237910098,-0.0256229823373525,-0.100548474373975,0.00647206957435414,-0.0984825911245446,0.0379076919865389,-0.0863824638005254,0.0654809562971164,-0.0654809562971145,0.0863824638005265,-0.0379076919865383,0.0984825911245445,-0.00647206957435223,0.100548474373976,0.0256229823373525,0.0923696237910086,0.0551073468599876,0.0747793702421635,0.0789769061426119,0.0495699583813202,0.0947996264515464,0.0193099375195798,0.100963354453998,-0.0129175440265729,0.0968400771125387,-0.0438288763109434,0.0828499089952232,-0.070274549869269,0.0604182874299174,-0.0895600545330914,0.0318307368245869,-0.0997204190451701,-2.5759273606796e-17,-0.0997204190451699,-0.0318307368245878,-0.0895600545330906,-0.0604182874299179,-0.0702745498692673,-0.0828499089952242,-0.0438288763109431,-0.0968400771125397,-0.0129175440265695,-0.100963354453999,0.0193099375195807,-0.0947996264515459,0.0495699583813215,-0.0789769061426098,0.0747793702421657,-0.0551073468599864,0.0923696237910085,-0.0256229823373515,0.100548474373975,0.00647206957435415,0.0984825911245436,0.037907691986539,0.086382463800526,0.0654809562971157,0.0654809562971155,0.0863824638005255,0.0379076919865385,0.0984825911245436,0.00647206957435302,0.100548474373975,-0.0256229823373515,0.0923696237910085,-0.0551073468599874,0.0747793702421644,-0.0789769061426103,0.0495699583813219,-0.0947996264515459,0.0193099375195807,-0.100963354453999,-0.0129175440265709,-0.0968400771125389,-0.0438288763109423,-0.082849908995225,-0.0702745498692677,-0.0604182874299184,-0.0895600545330904,-0.0318307368245888,-0.0997204190451699,-2.01142574862746e-16,-0.09972041904517,0.0318307368245862,-0.0895600545330911,0.0604182874299174,-0.0702745498692685,0.0828499089952237,-0.0438288763109431,0.0968400771125389,-0.0129175440265715,0.100963354453998,0.0193099375195801,0.0947996264515459,0.0495699583813208,0.0789769061426105,0.0747793702421634,0.0551073468599885,0.0923696237910076,0.0256229823373527,0.100548474373976,-0.00647206957435184,0.0984825911245447,-0.0379076919865376,0.0863824638005274,-0.0654809562971141,0.0654809562971175,-0.0863824638005258,0.0379076919865403,-0.0984825911245445,0.0064720695743558,-0.100548474373976,-0.0256229823373498,-0.0923696237910112,-0.0551073468599832,-0.0747793702421649,-0.0789769061426097,-0.049569958381325,-0.0947996264515429,-0.0193099375195796,-0.100963354453997,0.0129175440265631,-0.0968400771125345,0.0438288763109482,-0.0828499089952291,0.0702745498692648,-0.0604182874299154,0.0895600545330873,-0.0318307368245947,0.099720419045175
0.0999660108827982,0.028741626563043,0.0917023911765027,0.0551073468599684,0.0758582580522333,0.0769176572385461,0.0537433555875372,0.0923696237910111,0.027185796579972,0.100185920612507,-0.0016190571067341,0.0997204190451723,-0.0302900725808744,0.0910115994473957,-0.0564571805921228,0.0747793702421649,-0.0779572956326349,0.0523655571955798,-0.0930131258732406,0.0256229823373528,-0.100380091737627,-0.00323769826408748,-0.0994492081942246,-0.0318307368245876,-0.0902974260738753,-0.0577925100003086,-0.0736812709837388,-0.0789769061426118,-0.0509743056521098,-0.0936327321021157,-0.0240535853353462,-0.100548474373975,0.00485550762957054,-0.0991524480063053,0.0333632234846333,-0.0895600545330913,0.0591129920272183,-0.0725642423878639,0.079976226821981,-0.0495699583813202,0.0942282832955881,-0.0224780087652067,0.100691025262637,0.00647206957435462,0.0988302147215986,0.0348871388523102,0.0887996742619757,0.0604182874299177,0.0714285714285736,0.0809550009368709,0.0481528761718298,0.0947996264515469,0.020896657405809,0.100807707781091,-0.00808696879009316,0.0984825911245446,-0.036402091420959,0.0880164806086175,-0.0617080608670537,0.0702745498692686,-0.0819129770319881,0.0467234230839589,-0.0953466147871426,0.0193099375195789,-0.100898491952617,-0.00969979039562621,-0.0981096665225619,-0.0379076919865384,-0.0872106747820387,-0.0629819809849941,-0.0691024741877878,-0.0828499089952235,-0.0452819663562178,-0.0958691077764725,-0.0177182567481985,-0.100963354453998,0.0113101200435212,-0.0977115367231153,0.039403553747618,-0.0863824638005257,0.0642397205029654,-0.0679126455002195,0.0837655561208891,-0.0438288763109413,0.0963669711867037,-0.0161220240078215,0.101002278621516,0.0129175440265735,0.0972883040090943,0.0408892924047452,0.0855320604384385,0.0654809562971167,0.0667053694835433,0.0846596831715439,0.0423645262591743,0.0968400771125389,0.014521649384053,0.101015254455221,-0.0145216493840532,0.0968400771125392,-0.0423645262591748,0.0846596831715437,-0.0667053694835447,0.0654809562971165,-0.0855320604384378,0.0408892924047426,-0.0972883040090948,0.01291754402657,-0.101002278621515,-0.0161220240078255,-0.0963669711867021,-0.0438288763109443,-0.0837655561208875,-0.0679126455002195,-0.0642397205029659,-0.0863824638005261,-0.0394035537476162,-0.0977115367231162,-0.0113101200435204,-0.100963354453999,0.0177182567481989,-0.0958691077764718,0.0452819663562176,-0.0828499089952237,0.069102474187788,-0.0629819809849947,0.0872106747820388,-0.0379076919865388,0.0981096665225615,-0.0096997903956247,0.100898491952617,0.0193099375195801,0.095346614787141,0.0467234230839604,0.081912977031988,0.070274549869268,0.0617080608670537,0.088016480608617,0.0364020914209591,0.0984825911245444,0.00808696879009769,0.100807707781091,-0.0208966574058056,0.0947996264515471,-0.0481528761718292,0.0809550009368732,-0.0714285714285712,0.0604182874299182,-0.0887996742619778,0.0348871388523097,-0.0988302147215996,0.00647206957435372,-0.100691025262637,-0.0224780087652108,-0.0942282832955856,-0.0495699583813213,-0.0799762268219821,-0.0725642423878646,-0.0591129920272187,-0.0895600545330907,-0.0333632234846325,-0.0991524480063035,-0.00485550762957195,-0.100548474373975,0.024053585335343,-0.0936327321021177,0.0509743056521068,-0.0789769061426115,0.0736812709837381,-0.0577925100003143,0.0902974260738763,-0.0318307368245891,0.099449208194224,-0.00323769826409386,0.100380091737626,0.0256229823373502,0.0930131258732436,0.0523655571955811,0.0779572956326375,0.074779370242161,0.0564571805921218,0.0910115994473948,0.0302900725808729,0.0997204190451667,0.00161905710673037,0.100185920612502,-0.0271857965799529,0.0923696237910045,-0.053743355587542,0.0769176572385637,-0.0758582580522147,0.0551073468599857,-0.0917023911765024,0.0287416265630711,-0.0999660108828045
0.100185920612502,0.0256229823373307,0.0936327321021135,0.0495699583813008,0.0809550009368866,0.070274549869256,0.0629819809849968,0.0863824638005276,0.0408892924047538,0.0968400771125434,0.0161220240078208,0.100963354454002,-0.00969979039563114,0.0984825911245456,-0.0348871388523124,0.0895600545330914,-0.0577925100003121,0.0747793702421618,-0.0769176572385554,0.0551073468599874,-0.0910115994473967,0.0318307368245911,-0.0991524480063056,0.0064720695743531,-0.100807707781088,-0.0193099375195758,-0.0958691077764731,-0.0438288763109442,-0.0846596831715443,-0.065480956297115,-0.0679126455002204,-0.0828499089952235,-0.0467234230839612,-0.0947996264515459,-0.0224780087652103,-0.100548474373976,0.00323769826409106,-0.0997204190451696,0.0287416265630623,-0.0923696237910083,0.0523655571955855,-0.0789769061426081,0.0725642423878639,-0.0604182874299165,0.0880164806086189,-0.0379076919865386,0.0977115367231153,-0.0129175440265715,0.101015254455222,0.0129175440265707,0.0977115367231149,0.0379076919865396,0.0880164806086183,0.0604182874299172,0.072564242387866,0.0789769061426097,0.0523655571955823,0.092369623791008,0.0287416265630629,0.0997204190451697,0.00323769826409115,0.100548474373975,-0.0224780087652121,0.094799626451546,-0.046723423083962,0.0828499089952238,-0.0679126455002181,0.0654809562971157,-0.0846596831715444,0.043828876310944,-0.0958691077764728,0.0193099375195799,-0.100807707781091,-0.00647206957435519,-0.0991524480063052,-0.0318307368245876,-0.0910115994473955,-0.0551073468599889,-0.0769176572385577,-0.0747793702421647,-0.0577925100003124,-0.0895600545330918,-0.0348871388523086,-0.0984825911245449,-0.00969979039562354,-0.100963354453998,0.0161220240078241,-0.0968400771125382,0.0408892924047446,-0.0863824638005254,0.0629819809849958,-0.0702745498692677,0.0809550009368723,-0.0495699583813209,0.093632732102117,-0.0256229823373518,0.100185920612503,1.96073477193899e-17,0.100185920612503,0.0256229823373525,0.0936327321021162,0.0495699583813213,0.080955000936871,0.0702745498692686,0.0629819809849954,0.086382463800527,0.0408892924047413,0.0968400771125397,0.0161220240078229,0.100963354453999,-0.00969979039562541,0.098482591124544,-0.0348871388523114,0.0895600545330904,-0.0577925100003121,0.0747793702421639,-0.0769176572385585,0.0551073468599872,-0.0910115994473951,0.031830736824587,-0.0991524480063048,0.00647206957435333,-0.10080770778109,-0.01930993751958,-0.0958691077764725,-0.0438288763109427,-0.084659683171543,-0.0654809562971153,-0.0679126455002185,-0.082849908995224,-0.0467234230839611,-0.0947996264515461,-0.0224780087652107,-0.100548474373976,0.00323769826409124,-0.0997204190451696,0.0287416265630631,-0.0923696237910086,0.0523655571955828,-0.0789769061426114,0.0725642423878639,-0.0604182874299183,0.0880164806086173,-0.0379076919865403,0.0977115367231152,-0.0129175440265732,0.101015254455221,0.0129175440265711,0.0977115367231165,0.0379076919865387,0.0880164806086182,0.0604182874299174,0.0725642423878641,0.0789769061426114,0.0523655571955821,0.0923696237910087,0.0287416265630637,0.0997204190451697,0.00323769826409143,0.100548474373975,-0.022478008765211,0.0947996264515453,-0.0467234230839609,0.0828499089952238,-0.0679126455002168,0.065480956297117,-0.0846596831715415,0.0438288763109441,-0.0958691077764724,0.0193099375195825,-0.10080770778109,-0.00647206957435183,-0.0991524480063063,-0.0318307368245853,-0.0910115994473959,-0.0551073468599857,-0.0769176572385594,-0.0747793702421622,-0.0577925100003156,-0.0895600545330885,-0.034887138852311,-0.0984825911245441,-0.00969979039562859,-0.100963354453996,0.0161220240078247,-0.0968400771125385,0.0408892924047364,-0.0863824638005224,0.0629819809850009,-0.070274549869275,0.0809550009368692,-0.0495699583813195,0.0936327321021154,-0.0256229823373596,0.10018592061251
0.100380091737625,0.0224780087651883,0.0953466147871366,0.0438288763109216,0.085532060438452,0.0629819809849821,0.0714285714285736,0.0789769061426114,0.0537433555875453,0.0910115994473997,0.0333632234846306,0.0984825911245481,0.0113101200435142,0.101015254455223,-0.0113101200435246,0.0984825911245445,-0.0333632234846322,0.0910115994473938,-0.0537433555875337,0.07897690614261,-0.0714285714285727,0.0629819809849979,-0.0855320604384387,0.043828876310942,-0.0953466147871392,0.0224780087652153,-0.100380091737627,-1.16535954009609e-15,-0.100380091737627,-0.0224780087652099,-0.0953466147871427,-0.0438288763109423,-0.0855320604384383,-0.062981980984994,-0.0714285714285716,-0.0789769061426115,-0.0537433555875369,-0.0910115994473961,-0.0333632234846339,-0.098482591124545,-0.0113101200435196,-0.101015254455221,0.01131012004352,-0.098482591124544,0.0333632234846356,-0.0910115994473959,0.0537433555875382,-0.0789769061426105,0.0714285714285702,-0.0629819809849957,0.0855320604384382,-0.043828876310942,0.0953466147871398,-0.022478008765211,0.100380091737625,-1.38707752238456e-15,0.100380091737625,0.0224780087652104,0.095346614787141,0.0438288763109429,0.0855320604384376,0.062981980984997,0.071428571428571,0.0789769061426117,0.0537433555875352,0.0910115994473967,0.0333632234846329,0.0984825911245438,0.0113101200435205,0.101015254455221,-0.0113101200435217,0.0984825911245436,-0.0333632234846336,0.0910115994473941,-0.0537433555875372,0.07897690614261,-0.0714285714285717,0.062981980984994,-0.0855320604384388,0.0438288763109425,-0.0953466147871414,0.022478008765211,-0.100380091737626,-1.8594846940182e-15,-0.100380091737627,-0.0224780087652121,-0.0953466147871421,-0.0438288763109443,-0.0855320604384377,-0.0629819809849968,-0.0714285714285715,-0.0789769061426114,-0.0537433555875352,-0.0910115994473959,-0.0333632234846322,-0.0984825911245446,-0.0113101200435214,-0.101015254455221,0.0113101200435214,-0.0984825911245449,0.0333632234846325,-0.0910115994473959,0.0537433555875366,-0.0789769061426117,0.0714285714285708,-0.0629819809849948,0.0855320604384392,-0.0438288763109417,0.0953466147871413,-0.0224780087652087,0.100380091737626,1.52809189611552e-15,0.100380091737626,0.0224780087652118,0.0953466147871418,0.0438288763109435,0.0855320604384375,0.062981980984996,0.0714285714285706,0.0789769061426111,0.0537433555875366,0.091011599447395,0.0333632234846326,0.0984825911245442,0.011310120043521,0.10101525445522,-0.011310120043522,0.0984825911245439,-0.0333632234846323,0.0910115994473953,-0.0537433555875363,0.0789769061426106,-0.071428571428571,0.0629819809849962,-0.0855320604384378,0.0438288763109431,-0.0953466147871413,0.0224780087652114,-0.100380091737626,6.90717394605352e-16,-0.100380091737626,-0.0224780087652095,-0.0953466147871417,-0.0438288763109414,-0.0855320604384392,-0.0629819809849945,-0.0714285714285715,-0.0789769061426105,-0.0537433555875379,-0.0910115994473953,-0.0333632234846335,-0.0984825911245445,-0.0113101200435208,-0.101015254455222,0.0113101200435223,-0.0984825911245445,0.0333632234846327,-0.0910115994473955,0.0537433555875366,-0.0789769061426103,0.0714285714285717,-0.0629819809849947,0.085532060438439,-0.0438288763109433,0.0953466147871394,-0.0224780087652116,0.100380091737625,-1.19512831000525e-15,0.100380091737626,0.0224780087652083,0.0953466147871406,0.0438288763109412,0.0855320604384402,0.0629819809849932,0.071428571428572,0.0789769061426092,0.0537433555875383,0.0910115994473931,0.0333632234846363,0.0984825911245424,0.0113101200435229,0.101015254455221,-0.0113101200435174,0.0984825911245421,-0.0333632234846342,0.0910115994473954,-0.0537433555875296,0.0789769061426076,-0.0714285714285765,0.0629819809850026,-0.0855320604384357,0.0438288763109417,-0.0953466147871408,0.0224780087652181,-0.100380091737634
0.100548474373974,0.0193099375195572,0.0968400771125328,0.0379076919865162,0.0895600545331038,0.0551073468599733,0.0789769061426138,0.0702745498692678,0.0654809562971238,0.0828499089952278,0.0495699583813193,0.0923696237910126,0.0318307368245805,0.0984825911245474,0.0129175440265682,0.100963354453999,-0.00647206957435216,0.0997204190451694,-0.0256229823373493,0.0947996264515452,-0.0438288763109438,0.0863824638005271,-0.060418287429917,0.0747793702421635,-0.0747793702421631,0.0604182874299216,-0.0863824638005269,0.0438288763109421,-0.0947996264515466,0.0256229823373523,-0.0997204190451703,0.00647206957435434,-0.100963354453998,-0.0129175440265699,-0.0984825911245446,-0.031830736824588,-0.0923696237910082,-0.0495699583813222,-0.0828499089952239,-0.0654809562971171,-0.0702745498692679,-0.0789769061426131,-0.0551073468599883,-0.0895600545330913,-0.0379076919865358,-0.0968400771125395,-0.0193099375195771,-0.100548474373975,-2.24822495837365e-15,-0.100548474373975,0.0193099375195808,-0.0968400771125385,0.0379076919865362,-0.0895600545330914,0.0551073468599846,-0.0789769061426114,0.0702745498692687,-0.0654809562971156,0.0828499089952246,-0.0495699583813209,0.0923696237910085,-0.0318307368245849,0.0984825911245455,-0.0129175440265703,0.100963354453999,0.0064720695743553,0.0997204190451691,0.0256229823373522,0.0947996264515467,0.0438288763109417,0.0863824638005255,0.0604182874299174,0.0747793702421646,0.0747793702421651,0.0604182874299171,0.0863824638005257,0.0438288763109427,0.0947996264515471,0.0256229823373516,0.0997204190451698,0.00647206957435359,0.100963354453999,-0.0129175440265731,0.098482591124544,-0.031830736824589,0.0923696237910071,-0.049569958381322,0.0828499089952226,-0.0654809562971165,0.0702745498692675,-0.0789769061426111,0.0551073468599865,-0.0895600545330912,0.0379076919865385,-0.0968400771125386,0.0193099375195799,-0.100548474373976,1.00396707709019e-16,-0.100548474373975,-0.0193099375195804,-0.096840077112538,-0.0379076919865388,-0.0895600545330901,-0.0551073468599874,-0.0789769061426107,-0.0702745498692695,-0.0654809562971137,-0.0828499089952251,-0.0495699583813206,-0.0923696237910094,-0.0318307368245868,-0.0984825911245447,-0.0129175440265701,-0.100963354453999,0.00647206957435322,-0.0997204190451696,0.0256229823373534,-0.0947996264515467,0.0438288763109434,-0.086382463800526,0.0604182874299176,-0.0747793702421638,0.0747793702421644,-0.0604182874299175,0.0863824638005263,-0.0438288763109422,0.094799626451547,-0.0256229823373521,0.0997204190451692,-0.0064720695743533,0.100963354453999,0.012917544026572,0.0984825911245441,0.0318307368245871,0.0923696237910084,0.0495699583813209,0.0828499089952245,0.0654809562971153,0.0702745498692687,0.0789769061426106,0.0551073468599888,0.0895600545330908,0.0379076919865396,0.0968400771125384,0.0193099375195818,0.100548474373976,2.19850531896351e-16,0.100548474373976,-0.0193099375195789,0.0968400771125388,-0.0379076919865384,0.0895600545330914,-0.0551073468599874,0.0789769061426115,-0.070274549869269,0.065480956297116,-0.0828499089952234,0.0495699583813212,-0.0923696237910084,0.0318307368245871,-0.0984825911245445,0.0129175440265718,-0.100963354453999,-0.00647206957435287,-0.0997204190451681,-0.0256229823373513,-0.0947996264515458,-0.0438288763109417,-0.0863824638005262,-0.0604182874299157,-0.0747793702421642,-0.0747793702421629,-0.0604182874299193,-0.0863824638005238,-0.0438288763109433,-0.0947996264515448,-0.0256229823373542,-0.0997204190451673,-0.00647206957435674,-0.100963354453997,0.0129175440265697,-0.0984825911245439,0.0318307368245838,-0.0923696237910064,0.0495699583813219,-0.0828499089952241,0.0654809562971097,-0.0702745498692656,0.0789769061426153,-0.0551073468599952,0.0895600545330883,-0.0379076919865379,0.0968400771125392,-0.0193099375195879,0.100548474373984
0.100691025262635,0.0161220240077995,0.0981096665225551,0.0318307368245639,0.0930131258732542,0.0467234230839461,0.0855320604384423,0.0604182874299158,0.0758582580522245,0.0725642423878681,0.0642397205029645,0.0828499089952283,0.0509743056521022,0.0910115994473993,0.0364020914209549,0.0968400771125394,0.0208966574058087,0.100185920612504,0.00485550762957393,0.100963354453997,-0.0113101200435217,0.0991524480063047,-0.02718579657996,0.0947996264515457,-0.042364526259175,0.0880164806086207,-0.0564571805921222,0.0789769061426105,-0.0691024741877879,0.0679126455002183,-0.0799762268219821,0.055107346859988,-0.0887996742619772,0.0408892924047455,-0.0953466147871417,0.0256229823373516,-0.0994492081942225,0.00969979039562347,-0.101002278621514,-0.00647206957435508,-0.0999660108827989,-0.0224780087652144,-0.0963669711867027,-0.0379076919865393,-0.0902974260738763,-0.0523655571955837,-0.0819129770319852,-0.065480956297116,-0.0714285714285736,-0.0769176572385565,-0.0591129920272185,-0.0863824638005265,-0.0452819663562197,-0.0936327321021169,-0.0302900725808715,-0.098482591124544,-0.014521649384052,-0.10080770778109,0.00161905710673264,-0.100548474373976,0.0177182567481999,-0.0977115367231149,0.0333632234846346,-0.0923696237910079,0.0481528761718316,-0.0846596831715431,0.0617080608670523,-0.0747793702421638,0.0736812709837397,-0.0629819809849962,0.0837655561208885,-0.0495699583813204,0.0917023911765056,-0.034887138852308,0.0972883040090954,-0.0193099375195797,0.100380091737626,-0.00323769826409027,0.100898491952617,0.0129175440265723,0.0988302147215993,0.0287416265630637,0.0942282832955856,0.0438288763109446,0.0872106747820383,0.0577925100003132,0.0779572956326346,0.0702745498692693,0.0667053694835436,0.0809550009368731,0.0537433555875363,0.0895600545330915,0.0394035537476165,0.0958691077764731,0.0240535853353437,0.0997204190451697,0.0080869687900963,0.101015254455221,-0.00808696879009648,0.0997204190451701,-0.024053585335344,0.095869107776473,-0.0394035537476181,0.0895600545330918,-0.0537433555875356,0.0809550009368716,-0.0667053694835458,0.0702745498692673,-0.0779572956326344,0.0577925100003106,-0.0872106747820384,0.0438288763109414,-0.0942282832955869,0.0287416265630625,-0.0988302147215995,0.0129175440265713,-0.100898491952616,-0.00323769826409231,-0.100380091737625,-0.0193099375195805,-0.0972883040090952,-0.0348871388523097,-0.0917023911765047,-0.0495699583813208,-0.0837655561208887,-0.0629819809849952,-0.0736812709837387,-0.0747793702421641,-0.0617080608670531,-0.0846596831715438,-0.0481528761718309,-0.0923696237910087,-0.0333632234846331,-0.0977115367231166,-0.0177182567481996,-0.100548474373976,-0.00161905710673208,-0.100807707781091,0.0145216493840525,-0.0984825911245449,0.0302900725808678,-0.0936327321021175,0.0452819663562171,-0.086382463800527,0.0591129920272182,-0.0769176572385592,0.0714285714285712,-0.0654809562971167,0.0819129770319874,-0.0523655571955833,0.0902974260738781,-0.0379076919865388,0.0963669711867022,-0.0224780087652107,0.0999660108827981,-0.00647206957435357,0.101002278621515,0.00969979039562447,0.0994492081942229,0.025622982337352,0.0953466147871412,0.0408892924047432,0.0887996742619791,0.0551073468599865,0.0799762268219815,0.0679126455002183,0.0691024741877882,0.07897690614261,0.0564571805921216,0.0880164806086167,0.0423645262591755,0.0947996264515455,0.0271857965799624,0.099152448006303,0.0113101200435213,0.100963354453997,-0.00485550762956937,0.1001859206125,-0.0208966574058041,0.0968400771125381,-0.0364020914209561,0.0910115994473947,-0.0509743056521054,0.0828499089952221,-0.0642397205029662,0.0725642423878649,-0.0758582580522123,0.0604182874299151,-0.0855320604384422,0.0467234230839692,-0.0930131258732398,0.0318307368245869,-0.0981096665225634,0.0161220240078312,-0.100691025262647
0.100807707781088,0.0129175440265474,0.0991524480062967,0.0256229823373281,0.0958691077764833,0.0379076919865239,0.0910115994473999,0.0495699583813186,0.0846596831715483,0.0604182874299207,0.0769176572385572,0.0702745498692732,0.0679126455002123,0.0789769061426154,0.0577925100003084,0.0863824638005267,0.0467234230839632,0.0923696237910111,0.0348871388523116,0.0968400771125374,0.0224780087652102,0.0997204190451681,0.00969979039562584,0.100963354453998,-0.00323769826409314,0.100548474373977,-0.0161220240078246,0.0984825911245446,-0.0287416265630631,0.0947996264515456,-0.0408892924047427,0.0895600545330913,-0.0523655571955824,0.082849908995225,-0.0629819809849958,0.0747793702421643,-0.0725642423878636,0.0654809562971151,-0.0809550009368707,0.0551073468599866,-0.0880164806086197,0.0438288763109393,-0.0936327321021164,0.0318307368245866,-0.0977115367231166,0.0193099375195803,-0.100185920612502,0.00647206957435341,-0.101015254455222,-0.00647206957435259,-0.100185920612502,-0.0193099375195814,-0.0977115367231162,-0.0318307368245871,-0.0936327321021176,-0.0438288763109418,-0.0880164806086173,-0.0551073468599875,-0.0809550009368718,-0.0654809562971162,-0.0725642423878641,-0.0747793702421661,-0.062981980984995,-0.0828499089952251,-0.0523655571955822,-0.0895600545330928,-0.0408892924047438,-0.0947996264515462,-0.0287416265630632,-0.098482591124544,-0.0161220240078229,-0.100548474373975,-0.0032376982640916,-0.100963354453998,0.0096997903956256,-0.0997204190451692,0.0224780087652109,-0.0968400771125385,0.0348871388523103,-0.0923696237910085,0.0467234230839611,-0.0863824638005268,0.0577925100003132,-0.0789769061426098,0.0679126455002202,-0.0702745498692667,0.0769176572385589,-0.0604182874299161,0.0846596831715437,-0.0495699583813199,0.0910115994473956,-0.0379076919865378,0.0958691077764724,-0.025622982337352,0.0991524480063045,-0.0129175440265716,0.100807707781091,-2.12366317935473e-16,0.100807707781091,0.0129175440265718,0.099152448006304,0.025622982337352,0.0958691077764717,0.0379076919865383,0.0910115994473952,0.0495699583813222,0.0846596831715416,0.060418287429919,0.0769176572385575,0.0702745498692699,0.0679126455002181,0.0789769061426117,0.0577925100003109,0.0863824638005265,0.0467234230839614,0.0923696237910087,0.0348871388523082,0.0968400771125393,0.0224780087652098,0.0997204190451698,0.00969979039562491,0.100963354453998,-0.00323769826409208,0.100548474373975,-0.0161220240078234,0.0984825911245435,-0.0287416265630643,0.0947996264515461,-0.0408892924047428,0.0895600545330913,-0.052365557195583,0.082849908995224,-0.0629819809849948,0.0747793702421657,-0.072564242387864,0.0654809562971165,-0.0809550009368721,0.0551073468599883,-0.0880164806086175,0.0438288763109438,-0.0936327321021168,0.0318307368245886,-0.097711536723116,0.0193099375195822,-0.100185920612502,0.00647206957435521,-0.101015254455221,-0.00647206957435298,-0.100185920612503,-0.0193099375195802,-0.0977115367231164,-0.0318307368245872,-0.0936327321021163,-0.0438288763109432,-0.088016480608617,-0.0551073468599876,-0.0809550009368718,-0.0654809562971158,-0.0725642423878643,-0.0747793702421641,-0.0629819809849951,-0.0828499089952229,-0.0523655571955842,-0.0895600545330904,-0.0408892924047437,-0.0947996264515467,-0.0287416265630646,-0.0984825911245441,-0.0161220240078239,-0.100548474373975,-0.00323769826409264,-0.100963354453998,0.00969979039562364,-0.0997204190451683,0.0224780087652107,-0.0968400771125378,0.0348871388523079,-0.0923696237910065,0.046723423083959,-0.0863824638005261,0.0577925100003096,-0.0789769061426099,0.0679126455002157,-0.0702745498692668,0.076917657238558,-0.0604182874299179,0.0846596831715384,-0.0495699583813189,0.0910115994473983,-0.0379076919865474,0.0958691077764699,-0.0256229823373519,0.0991524480063066,-0.0129175440265796,0.100807707781101
0.100898491952614,0.00969979039559997,0.0999660108827895,0.0193099375195562,0.0981096665225721,0.0287416265630495,0.0953466147871465,0.037907691986536,0.0917023911765081,0.0467234230839641,0.0872106747820381,0.0551073468599926,0.081912977031982,0.0629819809850006,0.075858258052214,0.0702745498692694,0.0691024741877904,0.0769176572385616,0.061708060867054,0.0828499089952226,0.0537433555875364,0.088016480608615,0.0452819663562189,0.0923696237910083,0.0364020914209562,0.0958691077764721,0.0271857965799597,0.0984825911245453,0.0177182567481997,0.100185920612502,0.00808696879009753,0.100963354453999,-0.00161905710673118,0.100807707781091,-0.0113101200435218,0.0997204190451701,-0.0208966574058059,0.0977115367231158,-0.030290072580868,0.0947996264515463,-0.0394035537476203,0.0910115994473934,-0.04815287617183,0.0863824638005252,-0.0564571805921239,0.0809550009368724,-0.0642397205029676,0.074779370242164,-0.0714285714285709,0.0679126455002186,-0.0779572956326348,0.0604182874299164,-0.0837655561208871,0.0523655571955834,-0.0887996742619765,0.0438288763109436,-0.0930131258732429,0.034887138852309,-0.0963669711867033,0.0256229823373516,-0.0988302147215993,0.0161220240078205,-0.100380091737627,0.00647206957435175,-0.101002278621515,-0.00323769826409389,-0.100691025262637,-0.0129175440265723,-0.0994492081942236,-0.0224780087652095,-0.0972883040090944,-0.0318307368245877,-0.0942282832955865,-0.0408892924047451,-0.0902974260738777,-0.0495699583813213,-0.0855320604384383,-0.0577925100003139,-0.0799762268219819,-0.0654809562971163,-0.0736812709837386,-0.0725642423878651,-0.0667053694835434,-0.0789769061426121,-0.0591129920272186,-0.0846596831715436,-0.0509743056521086,-0.0895600545330915,-0.0423645262591741,-0.0936327321021176,-0.0333632234846327,-0.096840077112539,-0.0240535853353431,-0.0991524480063052,-0.0145216493840521,-0.100548474373976,-0.0048555076295714,-0.101015254455221,0.00485550762957182,-0.100548474373976,0.0145216493840527,-0.099152448006305,0.024053585335345,-0.0968400771125392,0.0333632234846322,-0.0936327321021165,0.042364526259177,-0.0895600545330904,0.0509743056521088,-0.0846596831715422,0.0591129920272196,-0.0789769061426095,0.0667053694835457,-0.0725642423878637,0.0736812709837385,-0.0654809562971154,0.0799762268219829,-0.0577925100003122,0.0855320604384383,-0.0495699583813208,0.090297426073878,-0.0408892924047431,0.094228283295586,-0.0318307368245872,0.097288304009095,-0.0224780087652099,0.0994492081942236,-0.0129175440265718,0.100691025262637,-0.00323769826409159,0.101002278621515,0.00647206957435374,0.100380091737625,0.0161220240078227,0.0988302147215988,0.0256229823373516,0.096366971186703,0.0348871388523085,0.0930131258732428,0.0438288763109421,0.0887996742619791,0.0523655571955822,0.0837655561208893,0.060418287429916,0.0779572956326354,0.0679126455002177,0.0714285714285717,0.074779370242164,0.064239720502967,0.0809550009368718,0.0564571805921217,0.0863824638005257,0.0481528761718303,0.0910115994473959,0.0394035537476169,0.0947996264515465,0.0302900725808693,0.0977115367231158,0.0208966574058063,0.0997204190451692,0.011310120043521,0.10080770778109,0.00161905710673209,0.100963354453998,-0.00808696879009528,0.100185920612503,-0.0177182567481976,0.0984825911245447,-0.0271857965799604,0.0958691077764733,-0.0364020914209575,0.0923696237910085,-0.0452819663562172,0.0880164806086168,-0.0537433555875368,0.0828499089952233,-0.0617080608670515,0.076917657238556,-0.069102474187787,0.0702745498692691,-0.0758582580522151,0.0629819809849942,-0.0819129770319853,0.0551073468599861,-0.0872106747820381,0.0467234230839612,-0.0917023911765007,0.0379076919865369,-0.0953466147871432,0.0287416265630725,-0.0981096665225592,0.0193099375195802,-0.0999660108828003,0.00969979039563265,-0.100898491952627
0.100963354453996,0.00647206957432858,0.100548474373967,0.0129175440265478,0.099720419045179,0.0193099375195668,0.0984825911245508,0.0256229823373494,0.0968400771125405,0.0318307368245906,0.0947996264515467,0.0379076919865442,0.0923696237910036,0.0438288763109489,0.0895600545330876,0.0495699583813225,0.0863824638005281,0.0551073468599922,0.0828499089952242,0.0604182874299166,0.0789769061426113,0.0654809562971125,0.0747793702421657,0.0702745498692687,0.0702745498692654,0.0747793702421622,0.0654809562971153,0.0789769061426122,0.0604182874299182,0.0828499089952232,0.055107346859989,0.0863824638005257,0.0495699583813208,0.0895600545330906,0.0438288763109424,0.0923696237910093,0.0379076919865389,0.0947996264515473,0.0318307368245876,0.0968400771125396,0.0256229823373501,0.098482591124545,0.0193099375195809,0.0997204190451694,0.0129175440265684,0.100548474373976,0.00647206957435033,0.100963354453998,1.95393016631524e-15,0.100963354453998,-0.00647206957435458,0.100548474373975,-0.0129175440265696,0.0997204190451696,-0.0193099375195774,0.0984825911245442,-0.0256229823373528,0.0968400771125381,-0.0318307368245882,0.0947996264515461,-0.0379076919865391,0.0923696237910071,-0.0438288763109443,0.0895600545330904,-0.0495699583813217,0.0863824638005258,-0.0551073468599865,0.0828499089952234,-0.0604182874299181,0.0789769061426115,-0.0654809562971159,0.0747793702421639,-0.070274549869269,0.070274549869267,-0.0747793702421651,0.0654809562971154,-0.0789769061426109,0.0604182874299162,-0.0828499089952242,0.0551073468599872,-0.0863824638005259,0.0495699583813217,-0.0895600545330914,0.0438288763109414,-0.0923696237910095,0.037907691986537,-0.0947996264515472,0.031830736824586,-0.0968400771125386,0.025622982337351,-0.0984825911245445,0.0193099375195796,-0.0997204190451692,0.0129175440265719,-0.100548474373975,0.00647206957435364,-0.100963354453999,3.817091628822e-16,-0.100963354453999,-0.00647206957435351,-0.100548474373975,-0.0129175440265716,-0.0997204190451689,-0.0193099375195798,-0.098482591124544,-0.0256229823373534,-0.0968400771125376,-0.031830736824589,-0.094799626451546,-0.0379076919865405,-0.092369623791008,-0.0438288763109442,-0.0895600545330903,-0.0495699583813219,-0.0863824638005263,-0.0551073468599878,-0.0828499089952228,-0.0604182874299179,-0.07897690614261,-0.0654809562971161,-0.0747793702421648,-0.0702745498692681,-0.0702745498692681,-0.0747793702421642,-0.065480956297116,-0.0789769061426104,-0.0604182874299171,-0.0828499089952236,-0.0551073468599875,-0.0863824638005264,-0.049569958381321,-0.0895600545330912,-0.0438288763109427,-0.0923696237910089,-0.0379076919865389,-0.0947996264515462,-0.0318307368245878,-0.0968400771125381,-0.0256229823373525,-0.0984825911245442,-0.0193099375195816,-0.0997204190451693,-0.0129175440265729,-0.100548474373975,-0.0064720695743554,-0.100963354453999,-4.30792981850408e-16,-0.100963354453999,0.0064720695743521,-0.100548474373975,0.0129175440265712,-0.0997204190451697,0.0193099375195802,-0.098482591124545,0.0256229823373528,-0.0968400771125388,0.0318307368245868,-0.0947996264515465,0.0379076919865387,-0.092369623791008,0.0438288763109431,-0.08956005453309,0.0495699583813209,-0.0863824638005259,0.0551073468599859,-0.082849908995225,0.0604182874299158,-0.0789769061426114,0.0654809562971156,-0.0747793702421657,0.0702745498692674,-0.0702745498692688,0.0747793702421646,-0.0654809562971156,0.0789769061426113,-0.0604182874299171,0.082849908995223,-0.0551073468599859,0.0863824638005255,-0.0495699583813221,0.0895600545330885,-0.0438288763109413,0.0923696237910064,-0.0379076919865374,0.0947996264515455,-0.0318307368245873,0.0968400771125353,-0.0256229823373503,0.0984825911245449,-0.0193099375195889,0.0997204190451661,-0.0129175440265719,0.100548474373978,-0.00647206957436142,0.100963354454009
0.101002278621514,0.00323769826406669,0.100898491952608,0.00647206957433013,0.100691025262646,0.00969979039561259,0.100380091737633,0.0129175440265693,0.0999660108827978,0.0161220240078267,0.0994492081942238,0.0193099375195858,0.0988302147215952,0.0224780087652167,0.0981096665225591,0.0256229823373536,0.0972883040090967,0.0287416265630687,0.096366971186702,0.0318307368245867,0.0953466147871423,0.034887138852306,0.0942282832955874,0.0379076919865395,0.0930131258732393,0.0408892924047404,0.0917023911765048,0.0438288763109447,0.0902974260738785,0.0467234230839605,0.0887996742619792,0.0495699583813206,0.0872106747820376,0.0523655571955819,0.0855320604384382,0.0551073468599885,0.083765556120888,0.0577925100003136,0.0819129770319873,0.0604182874299188,0.0799762268219816,0.062981980984998,0.0779572956326346,0.0654809562971161,0.0758582580522155,0.067912645500219,0.0736812709837359,0.0702745498692684,0.0714285714285737,0.0725642423878632,0.0691024741877876,0.0747793702421652,0.0667053694835464,0.0769176572385578,0.0642397205029677,0.0789769061426099,0.0617080608670525,0.080955000936872,0.0591129920272192,0.0828499089952244,0.0564571805921204,0.0846596831715449,0.0537433555875358,0.0863824638005271,0.0509743056521077,0.0880164806086195,0.0481528761718307,0.0895600545330912,0.0452819663562172,0.0910115994473949,0.0423645262591745,0.0923696237910083,0.0394035537476174,0.093632732102117,0.0364020914209577,0.0947996264515462,0.0333632234846326,0.0958691077764735,0.0302900725808682,0.096840077112539,0.0271857965799606,0.0977115367231166,0.024053585335343,0.0984825911245449,0.0208966574058052,0.0991524480063043,0.0177182567481984,0.0997204190451694,0.0145216493840517,0.100185920612503,0.0113101200435209,0.100548474373975,0.00808696879009493,0.100807707781091,0.00485550762957061,0.100963354453998,0.00161905710673165,0.10101525445522,-0.00161905710673192,0.100963354453999,-0.00485550762957113,0.100807707781091,-0.00808696879009678,0.100548474373976,-0.0113101200435204,0.100185920612502,-0.0145216493840547,0.0997204190451694,-0.017718256748199,0.0991524480063043,-0.0208966574058068,0.0984825911245438,-0.0240535853353458,0.0977115367231152,-0.0271857965799602,0.0968400771125386,-0.03029007258087,0.0958691077764728,-0.0333632234846333,0.0947996264515463,-0.0364020914209584,0.093632732102116,-0.0394035537476177,0.0923696237910081,-0.0423645262591754,0.0910115994473944,-0.0452819663562184,0.0895600545330907,-0.0481528761718298,0.0880164806086176,-0.0509743056521086,0.0863824638005258,-0.053743355587536,0.0846596831715443,-0.0564571805921203,0.082849908995224,-0.0591129920272192,0.0809550009368722,-0.0617080608670525,0.0789769061426113,-0.0642397205029647,0.0769176572385585,-0.066705369483544,0.0747793702421655,-0.0691024741877868,0.0725642423878658,-0.0714285714285711,0.070274549869269,-0.073681270983738,0.0679126455002185,-0.0758582580522176,0.0654809562971161,-0.077957295632634,0.0629819809849957,-0.0799762268219826,0.0604182874299174,-0.0819129770319872,0.0577925100003124,-0.0837655561208882,0.0551073468599871,-0.0855320604384385,0.0523655571955825,-0.0872106747820388,0.0495699583813215,-0.0887996742619762,0.0467234230839618,-0.0902974260738763,0.0438288763109437,-0.0917023911765048,0.0408892924047455,-0.0930131258732416,0.0379076919865394,-0.0942282832955871,0.0348871388523099,-0.095346614787142,0.0318307368245872,-0.0963669711867023,0.0287416265630625,-0.0972883040090954,0.0256229823373534,-0.0981096665225597,0.0224780087652084,-0.0988302147215978,0.0193099375195789,-0.0994492081942217,0.0161220240078229,-0.099966010882795,0.01291754402657,-0.100380091737625,0.00969979039563311,-0.100691025262633,0.00647206957435378,-0.100898491952619,0.00323769826409963,-0.101002278621526
0.10101525445522,-2.55233255894292e-14,0.101015254455212,-2.32847904502344e-14,0.101015254455229,-1.11366436610931e-14,0.101015254455229,-2.49824810822746e-15,0.101015254455219,3.23480803259817e-15,0.101015254455222,5.48437155481705e-15,0.101015254455218,5.9716926875872e-15,0.101015254455218,1.52851058521774e-15,0.101015254455222,4.88741397602729e-15,0.10101525445522,-4.42629568144815e-16,0.101015254455222,-3.81441763542097e-15,0.101015254455222,9.03850477453771e-16,0.101015254455218,-3.98715516329338e-15,0.101015254455222,1.69037217467651e-15,0.101015254455221,-1.21687523830342e-16,0.101015254455222,-4.68449078870031e-16,0.10101525445522,-1.64238635790289e-15,0.101015254455221,7.90230724755806e-16,0.10101525445522,1.42585219927258e-15,0.10101525445522,1.44267635821512e-15,0.101015254455222,3.7385799691299e-15,0.101015254455221,4.97334201454619e-16,0.101015254455221,-1.33078941586328e-16,0.10101525445522,1.27260278192762e-16,0.101015254455222,-1.21595029435621e-15,0.101015254455221,1.18349095828564e-15,0.101015254455221,-1.42459985999718e-16,0.101015254455221,-8.79727476860911e-16,0.101015254455222,8.83530446648915e-16,0.101015254455222,8.62234786998107e-16,0.101015254455221,3.07792354165211e-15,0.101015254455222,1.97815616980053e-15,0.10101525445522,1.76230041454562e-15,0.10101525445522,2.10976341147627e-16,0.101015254455221,-1.48786750540215e-15,0.101015254455221,9.30719080901819e-17,0.101015254455222,1.51771890003899e-15,0.101015254455221,3.4057024202306e-16,0.101015254455221,1.771514942388e-15,0.101015254455221,4.61805373324383e-16,0.101015254455221,-4.92656664527952e-16,0.101015254455221,1.4607055132393e-15,0.101015254455222,1.02006664433895e-15,0.101015254455222,8.2284055240052e-16,0.101015254455221,7.54103136320264e-16,0.101015254455221,8.16250363954063e-17,0.101015254455221,-1.72155187805017e-16,0.101015254455221,7.75143203539099e-17,0.101015254455222,-5.08794213577977e-16,0.101015254455221,-3.17102852082801e-16,0.101015254455221,-4.61952682604673e-16,0.101015254455221,-6.72288645638249e-16,0.101015254455221,1.08917342284223e-15,0.101015254455221,1.72425823188202e-15,0.101015254455221,2.00543781843923e-15,0.101015254455221,1.43789290893211e-15,0.101015254455221,1.26063060782036e-15,0.101015254455221,2.14138978839584e-16,0.101015254455221,-1.69812567247227e-17,0.101015254455221,1.16834860598553e-17,0.101015254455222,1.38657841024387e-16,0.101015254455221,-1.76136573996494e-16,0.101015254455222,4.97377708336227e-16,0.101015254455222,5.02987112489275e-17,0.10101525445522,6.61983773082963e-16,0.101015254455221,1.37644806686457e-16,0.10101525445522,-4.97160923822064e-16,0.10101525445522,-7.64814036197367e-16,0.101015254455221,-1.14632966998135e-15,0.101015254455221,-7.36026173962973e-16,0.101015254455222,-9.90751303335191e-16,0.101015254455222,-1.69171097454814e-15,0.101015254455221,-1.14644444741889e-15,0.101015254455221,-8.29833312318431e-16,0.101015254455221,-6.73086225217696e-17,0.101015254455222,-2.76930224724006e-16,0.101015254455221,-2.21429630084603e-17,0.101015254455221,1.96030804926124e-16,0.101015254455221,-1.05014148763097e-16,0.101015254455221,4.574661161922e-16,0.101015254455221,5.18950298338037e-16,0.101015254455222,-3.41782906743429e-16,0.10101525445522,-5.73078051822541e-16,0.10101525445522,-4.31725946337088e-16,0.101015254455221,-1.66261336932097e-15,0.10101525445522,-8.55164408115754e-16,0.101015254455222,-8.65073323555127e-16,0.101015254455222,-1.74905929160186e-16,0.101015254455222,1.04964832805517e-15,0.101015254455223,-7.83966345888741e-16,0.101015254455219,2.64824372120547e-15,0.10101525445522,1.47387996915795e-15,0.101015254455219,1.12320252708084e-15,0.101015254455219,1.86767099075478e-15,0.101015254455219,-7.84040918698782e-15,0.101015254455216,-5.65913147212201e-17,0.101015254455223,-7.36350817006319e-15,0.101015254455232
0.101002278621514,-0.0032376982641177,0.100898491952607,-0.00647206957437657,0.100691025262644,-0.00969979039563469,0.100380091737635,-0.0129175440265742,0.0999660108827945,-0.0161220240078203,0.0994492081942242,-0.0193099375195751,0.0988302147215962,-0.022478008765205,0.09810966652256,-0.0256229823373507,0.0972883040090957,-0.0287416265630593,0.0963669711867002,-0.0318307368245875,0.0953466147871429,-0.0348871388523131,0.094228283295587,-0.0379076919865378,0.093013125873241,-0.0408892924047477,0.0917023911765062,-0.0438288763109418,0.090297426073878,-0.0467234230839607,0.0887996742619782,-0.0495699583813215,0.0872106747820371,-0.0523655571955847,0.0855320604384388,-0.0551073468599872,0.0837655561208871,-0.0577925100003111,0.0819129770319868,-0.0604182874299164,0.0799762268219844,-0.0629819809849922,0.0779572956326341,-0.0654809562971154,0.0758582580522203,-0.0679126455002192,0.0736812709837411,-0.0702745498692684,0.0714285714285706,-0.0725642423878648,0.069102474187789,-0.0747793702421637,0.0667053694835432,-0.0769176572385579,0.0642397205029635,-0.0789769061426111,0.0617080608670543,-0.0809550009368709,0.059112992027221,-0.0828499089952234,0.0564571805921225,-0.0846596831715416,0.053743355587538,-0.0863824638005253,0.0509743056521093,-0.0880164806086177,0.0481528761718295,-0.089560054533091,0.0452819663562184,-0.0910115994473962,0.0423645262591758,-0.0923696237910082,0.0394035537476185,-0.0936327321021159,0.0364020914209597,-0.0947996264515459,0.0333632234846336,-0.0958691077764723,0.03029007258087,-0.0968400771125387,0.0271857965799612,-0.0977115367231169,0.0240535853353457,-0.0984825911245442,0.0208966574058083,-0.0991524480063039,0.0177182567482002,-0.0997204190451693,0.0145216493840542,-0.100185920612503,0.0113101200435218,-0.100548474373976,0.00808696879009754,-0.100807707781091,0.00485550762957226,-0.100963354453998,0.00161905710673174,-0.10101525445522,-0.00161905710673084,-0.100963354453999,-0.00485550762957129,-0.100807707781091,-0.00808696879009543,-0.100548474373975,-0.0113101200435215,-0.100185920612503,-0.0145216493840506,-0.0997204190451698,-0.0177182567481987,-0.099152448006305,-0.020896657405806,-0.0984825911245445,-0.0240535853353428,-0.0977115367231158,-0.0271857965799614,-0.0968400771125387,-0.0302900725808676,-0.0958691077764728,-0.0333632234846323,-0.0947996264515462,-0.0364020914209589,-0.0936327321021161,-0.0394035537476176,-0.0923696237910081,-0.0423645262591755,-0.0910115994473948,-0.0452819663562174,-0.0895600545330909,-0.0481528761718307,-0.0880164806086184,-0.0509743056521087,-0.0863824638005261,-0.053743355587536,-0.0846596831715437,-0.056457180592121,-0.0828499089952237,-0.0591129920272197,-0.0809550009368712,-0.061708060867053,-0.0789769061426103,-0.0642397205029667,-0.076917657238557,-0.0667053694835455,-0.0747793702421631,-0.0691024741877893,-0.0725642423878639,-0.0714285714285716,-0.0702745498692678,-0.0736812709837403,-0.0679126455002182,-0.0758582580522187,-0.0654809562971156,-0.077957295632634,-0.0629819809849956,-0.079976226821982,-0.0604182874299175,-0.0819129770319882,-0.0577925100003122,-0.0837655561208886,-0.0551073468599877,-0.0855320604384386,-0.0523655571955833,-0.0872106747820395,-0.0495699583813206,-0.0887996742619771,-0.046723423083961,-0.0902974260738773,-0.0438288763109426,-0.0917023911765051,-0.0408892924047423,-0.0930131258732419,-0.0379076919865378,-0.0942282832955878,-0.0348871388523083,-0.0953466147871419,-0.0318307368245869,-0.0963669711867036,-0.0287416265630643,-0.097288304009097,-0.0256229823373513,-0.0981096665225606,-0.0224780087652137,-0.0988302147215989,-0.019309937519582,-0.0994492081942204,-0.0161220240078251,-0.0999660108827962,-0.0129175440265739,-0.100380091737622,-0.00969979039561741,-0.100691025262632,-0.00647206957435371,-0.100898491952618,-0.00323769826408489,-0.101002278621526
0.100963354453998,-0.00647206957437952,0.100548474373966,-0.0129175440265942,0.0997204190451759,-0.0193099375195889,0.0984825911245538,-0.0256229823373544,0.0968400771125337,-0.0318307368245845,0.0947996264515476,-0.037907691986534,0.0923696237910061,-0.043828876310938,0.0895600545330897,-0.0495699583813197,0.0863824638005262,-0.0551073468599839,0.0828499089952211,-0.0604182874299174,0.0789769061426126,-0.0654809562971185,0.0747793702421651,-0.0702745498692676,0.0702745498692683,-0.0747793702421678,0.0654809562971178,-0.0789769061426104,0.0604182874299174,-0.0828499089952235,0.055107346859987,-0.0863824638005262,0.04956995838132,-0.0895600545330919,0.0438288763109435,-0.0923696237910087,0.0379076919865377,-0.094799626451546,0.0318307368245868,-0.0968400771125386,0.0256229823373546,-0.098482591124543,0.0193099375195801,-0.0997204190451692,0.0129175440265757,-0.100548474373976,0.00647206957435775,-0.100963354453999,-2.07982864169217e-15,-0.100963354453998,-0.00647206957435245,-0.100548474373976,-0.0129175440265737,-0.0997204190451695,-0.0193099375195827,-0.0984825911245438,-0.0256229823373509,-0.0968400771125384,-0.0318307368245861,-0.0947996264515466,-0.0379076919865371,-0.0923696237910097,-0.0438288763109419,-0.0895600545330924,-0.0495699583813198,-0.0863824638005277,-0.0551073468599874,-0.0828499089952239,-0.060418287429917,-0.0789769061426099,-0.065480956297115,-0.0747793702421642,-0.0702745498692683,-0.0702745498692691,-0.0747793702421638,-0.0654809562971159,-0.0789769061426103,-0.060418287429919,-0.0828499089952232,-0.0551073468599879,-0.0863824638005255,-0.0495699583813211,-0.08956005453309,-0.0438288763109443,-0.0923696237910082,-0.0379076919865393,-0.0947996264515468,-0.0318307368245879,-0.096840077112538,-0.0256229823373528,-0.0984825911245443,-0.0193099375195802,-0.0997204190451688,-0.0129175440265716,-0.100548474373975,-0.00647206957435381,-0.100963354453999,4.41022850207709e-16,-0.100963354453999,0.00647206957435399,-0.100548474373975,0.0129175440265722,-0.0997204190451694,0.0193099375195808,-0.0984825911245445,0.0256229823373511,-0.0968400771125393,0.0318307368245856,-0.0947996264515467,0.0379076919865368,-0.0923696237910088,0.0438288763109416,-0.0895600545330921,0.0495699583813198,-0.0863824638005257,0.0551073468599873,-0.0828499089952244,0.0604182874299176,-0.078976906142611,0.0654809562971159,-0.0747793702421648,0.0702745498692679,-0.0702745498692685,0.0747793702421644,-0.0654809562971162,0.0789769061426099,-0.0604182874299182,0.0828499089952238,-0.0551073468599866,0.086382463800526,-0.0495699583813206,0.0895600545330913,-0.0438288763109425,0.0923696237910094,-0.0379076919865378,0.0947996264515468,-0.031830736824587,0.0968400771125388,-0.0256229823373518,0.0984825911245444,-0.0193099375195791,0.0997204190451694,-0.012917544026571,0.100548474373975,-0.00647206957435217,0.100963354453999,2.86110179667258e-16,0.100963354453998,0.00647206957435544,0.100548474373975,0.0129175440265726,0.0997204190451694,0.0193099375195802,0.0984825911245448,0.0256229823373516,0.0968400771125388,0.0318307368245881,0.0947996264515463,0.0379076919865389,0.0923696237910084,0.0438288763109429,0.0895600545330907,0.049569958381322,0.0863824638005256,0.0551073468599872,0.0828499089952246,0.0604182874299177,0.0789769061426108,0.0654809562971161,0.0747793702421636,0.0702745498692681,0.0702745498692677,0.0747793702421662,0.0654809562971143,0.0789769061426113,0.0604182874299168,0.0828499089952254,0.0551073468599876,0.0863824638005286,0.0495699583813203,0.0895600545330901,0.0438288763109462,0.0923696237910089,0.0379076919865404,0.0947996264515428,0.0318307368245895,0.0968400771125375,0.0256229823373543,0.0984825911245387,0.0193099375195736,0.0997204190451634,0.0129175440265719,0.100548474373977,0.00647206957434668,0.100963354454009
0.100898491952616,-0.00969979039565066,0.0999660108827882,-0.019309937519602,0.0981096665225675,-0.028741626563071,0.0953466147871512,-0.0379076919865407,0.0917023911764983,-0.0467234230839583,0.0872106747820396,-0.0551073468599833,0.081912977031986,-0.0629819809849913,0.0758582580522172,-0.0702745498692672,0.0691024741877879,-0.0769176572385552,0.0617080608670498,-0.0828499089952234,0.0537433555875383,-0.088016480608619,0.0452819663562182,-0.0923696237910078,0.0364020914209599,-0.0958691077764748,0.0271857965799629,-0.0984825911245448,0.0177182567481986,-0.100185920612502,0.00808696879009511,-0.100963354453999,-0.00161905710673208,-0.100807707781091,-0.0113101200435206,-0.0997204190451701,-0.020896657405807,-0.0977115367231161,-0.0302900725808688,-0.0947996264515469,-0.0394035537476158,-0.0910115994473963,-0.0481528761718305,-0.0863824638005256,-0.0564571805921176,-0.0809550009368722,-0.0642397205029618,-0.0747793702421643,-0.0714285714285735,-0.0679126455002168,-0.0779572956326334,-0.0604182874299181,-0.0837655561208893,-0.052365557195583,-0.088799674261979,-0.0438288763109419,-0.0930131258732423,-0.0348871388523102,-0.0963669711867026,-0.025622982337353,-0.098830214721599,-0.0161220240078265,-0.100380091737627,-0.00647206957435564,-0.101002278621515,0.00323769826409042,-0.100691025262636,0.0129175440265718,-0.0994492081942235,0.0224780087652122,-0.0972883040090947,0.0318307368245874,-0.0942282832955867,0.0408892924047423,-0.0902974260738784,0.0495699583813206,-0.0855320604384387,0.0577925100003109,-0.0799762268219828,0.0654809562971156,-0.0736812709837388,0.0725642423878657,-0.0667053694835452,0.07897690614261,-0.0591129920272207,0.0846596831715422,-0.0509743056521098,0.0895600545330906,-0.0423645262591761,0.0936327321021169,-0.0333632234846332,0.0968400771125388,-0.0240535853353454,0.0991524480063047,-0.0145216493840536,0.100548474373975,-0.00485550762957142,0.10101525445522,0.00485550762957074,0.100548474373975,0.0145216493840529,0.0991524480063046,0.0240535853353437,0.0968400771125386,0.0333632234846335,0.0936327321021172,0.0423645262591733,0.0895600545330917,0.0509743056521087,0.084659683171544,0.0591129920272191,0.0789769061426112,0.0667053694835434,0.0725642423878651,0.0736812709837394,0.0654809562971157,0.0799762268219812,0.0577925100003121,0.0855320604384379,0.0495699583813208,0.0902974260738784,0.0408892924047434,0.0942282832955862,0.031830736824587,0.0972883040090955,0.0224780087652108,0.0994492081942237,0.0129175440265717,0.100691025262637,0.00323769826409261,0.101002278621515,-0.0064720695743538,0.100380091737625,-0.0161220240078241,0.0988302147215984,-0.0256229823373529,0.0963669711867026,-0.0348871388523106,0.0930131258732424,-0.0438288763109435,0.088799674261978,-0.052365557195584,0.0837655561208882,-0.0604182874299187,0.0779572956326332,-0.0679126455002195,0.0714285714285713,-0.074779370242165,0.0642397205029644,-0.0809550009368718,0.0564571805921205,-0.0863824638005259,0.0481528761718305,-0.0910115994473959,0.0394035537476183,-0.0947996264515463,0.0302900725808681,-0.0977115367231158,0.0208966574058064,-0.0997204190451694,0.0113101200435211,-0.10080770778109,0.00161905710673089,-0.100963354453999,-0.00808696879009665,-0.100185920612504,-0.0177182567481999,-0.0984825911245447,-0.027185796579961,-0.0958691077764726,-0.0364020914209584,-0.092369623791008,-0.0452819663562193,-0.0880164806086163,-0.0537433555875366,-0.0828499089952234,-0.0617080608670547,-0.0769176572385577,-0.0691024741877911,-0.070274549869268,-0.0758582580522175,-0.062981980984999,-0.081912977031989,-0.0551073468599894,-0.0872106747820346,-0.0467234230839637,-0.0917023911765045,-0.037907691986541,-0.0953466147871346,-0.0287416265630577,-0.0981096665225555,-0.0193099375195803,-0.0999660108827994,-0.00969979039561793,-0.100898491952626
0.10080770778109,-0.0129175440265977,0.0991524480062945,-0.0256229823373732,0.0958691077764767,-0.0379076919865446,0.0910115994474056,-0.0495699583813227,0.0846596831715352,-0.0604182874299151,0.0769176572385589,-0.0702745498692649,0.0679126455002174,-0.0789769061426077,0.0577925100003123,-0.0863824638005248,0.04672342308396,-0.0923696237910069,0.0348871388523066,-0.0968400771125378,0.0224780087652124,-0.0997204190451697,0.00969979039562494,-0.100963354453998,-0.00323769826408928,-0.100548474373976,-0.0161220240078216,-0.0984825911245457,-0.0287416265630644,-0.0947996264515459,-0.0408892924047453,-0.089560054533091,-0.0523655571955836,-0.0828499089952228,-0.0629819809849954,-0.074779370242165,-0.0725642423878647,-0.0654809562971167,-0.0809550009368715,-0.0551073468599885,-0.0880164806086174,-0.0438288763109454,-0.0936327321021167,-0.0318307368245872,-0.0977115367231146,-0.0193099375195799,-0.100185920612501,-0.00647206957435362,-0.101015254455222,0.00647206957435517,-0.100185920612502,0.0193099375195793,-0.0977115367231153,0.0318307368245875,-0.0936327321021157,0.0438288763109436,-0.0880164806086186,0.0551073468599864,-0.0809550009368734,0.0654809562971152,-0.0725642423878659,0.0747793702421622,-0.062981980984997,0.0828499089952231,-0.052365557195584,0.0895600545330914,-0.0408892924047427,0.0947996264515464,-0.0287416265630645,0.098482591124545,-0.0161220240078242,0.100548474373975,-0.00323769826409273,0.100963354453998,0.00969979039562358,0.0997204190451695,0.0224780087652099,0.0968400771125397,0.0348871388523087,0.0923696237910088,0.0467234230839605,0.0863824638005266,0.0577925100003109,0.0789769061426119,0.0679126455002179,0.0702745498692686,0.0769176572385578,0.0604182874299178,0.0846596831715422,0.0495699583813217,0.0910115994473952,0.0379076919865387,0.0958691077764716,0.0256229823373519,0.099152448006304,0.012917544026572,0.100807707781091,-2.97911918210632e-16,0.100807707781091,-0.0129175440265719,0.0991524480063045,-0.0256229823373524,0.0958691077764726,-0.0379076919865392,0.0910115994473955,-0.0495699583813201,0.0846596831715446,-0.0604182874299161,0.0769176572385583,-0.070274549869267,0.0679126455002191,-0.0789769061426098,0.0577925100003137,-0.0863824638005251,0.0467234230839604,-0.0923696237910084,0.0348871388523108,-0.0968400771125391,0.022478008765211,-0.0997204190451697,0.00969979039562451,-0.100963354453998,-0.00323769826409207,-0.100548474373975,-0.0161220240078237,-0.0984825911245437,-0.0287416265630634,-0.094799626451546,-0.0408892924047441,-0.0895600545330917,-0.0523655571955834,-0.0828499089952239,-0.062981980984995,-0.0747793702421645,-0.0725642423878644,-0.0654809562971154,-0.0809550009368722,-0.0551073468599864,-0.0880164806086176,-0.0438288763109422,-0.0936327321021177,-0.0318307368245863,-0.0977115367231164,-0.0193099375195786,-0.100185920612503,-0.0064720695743525,-0.101015254455221,0.00647206957435463,-0.100185920612503,0.0193099375195805,-0.097711536723116,0.0318307368245877,-0.0936327321021166,0.0438288763109433,-0.0880164806086179,0.0551073468599875,-0.0809550009368713,0.065480956297116,-0.0725642423878644,0.0747793702421638,-0.0629819809849953,0.0828499089952228,-0.0523655571955832,0.0895600545330912,-0.0408892924047425,0.0947996264515476,-0.0287416265630625,0.0984825911245449,-0.0161220240078234,0.100548474373976,-0.00323769826409186,0.100963354453999,0.00969979039562586,0.0997204190451685,0.0224780087652106,0.0968400771125384,0.0348871388523117,0.092369623791008,0.0467234230839641,0.0863824638005258,0.0577925100003125,0.0789769061426143,0.0679126455002204,0.0702745498692702,0.0769176572385538,0.0604182874299206,0.0846596831715436,0.0495699583813232,0.0910115994473872,0.0379076919865334,0.0958691077764653,0.0256229823373524,0.0991524480063059,0.0129175440265651,0.1008077077811
0.100691025262637,-0.0161220240078494,0.0981096665225516,-0.0318307368246077,0.0930131258732454,-0.0467234230839654,0.0855320604384488,-0.0604182874299189,0.0758582580522083,-0.0725642423878626,0.0642397205029664,-0.0828499089952211,0.0509743056521082,-0.0910115994473933,0.0364020914209594,-0.0968400771125378,0.0208966574058053,-0.100185920612502,0.00485550762956871,-0.100963354453997,-0.0113101200435195,-0.0991524480063035,-0.0271857965799609,-0.0947996264515463,-0.0423645262591715,-0.0880164806086169,-0.0564571805921196,-0.0789769061426127,-0.0691024741877888,-0.0679126455002183,-0.0799762268219839,-0.0551073468599871,-0.0887996742619779,-0.0408892924047421,-0.0953466147871417,-0.0256229823373527,-0.0994492081942228,-0.0096997903956259,-0.101002278621515,0.00647206957435252,-0.0999660108827996,0.0224780087652074,-0.0963669711867024,0.0379076919865385,-0.0902974260738795,0.052365557195584,-0.0819129770319895,0.0654809562971159,-0.0714285714285705,0.0769176572385579,-0.0591129920272204,0.0863824638005252,-0.0452819663562161,0.0936327321021167,-0.0302900725808666,0.0984825911245441,-0.0145216493840545,0.10080770778109,0.00161905710672981,0.100548474373976,0.0177182567481972,0.0977115367231165,0.0333632234846316,0.0923696237910096,0.0481528761718292,0.0846596831715452,0.0617080608670526,0.0747793702421645,0.0736812709837382,0.0629819809849943,0.0837655561208875,0.049569958381321,0.0917023911765047,0.0348871388523111,0.0972883040090944,0.0193099375195808,0.100380091737626,0.00323769826409416,0.100898491952617,-0.0129175440265711,0.0988302147215993,-0.0287416265630642,0.0942282832955865,-0.0438288763109416,0.0872106747820396,-0.0577925100003112,0.0779572956326356,-0.070274549869268,0.0667053694835451,-0.080955000936872,0.0537433555875366,-0.0895600545330913,0.0394035537476184,-0.0958691077764726,0.0240535853353448,-0.099720419045169,0.00808696879009612,-0.10101525445522,-0.00808696879009557,-0.0997204190451693,-0.0240535853353442,-0.0958691077764723,-0.0394035537476168,-0.0895600545330908,-0.0537433555875368,-0.0809550009368726,-0.0667053694835429,-0.0702745498692695,-0.0779572956326344,-0.0577925100003135,-0.0872106747820383,-0.0438288763109438,-0.0942282832955858,-0.0287416265630645,-0.0988302147215995,-0.0129175440265717,-0.100898491952616,0.00323769826409232,-0.100380091737626,0.0193099375195804,-0.0972883040090952,0.0348871388523094,-0.0917023911765047,0.0495699583813209,-0.0837655561208887,0.0629819809849943,-0.0736812709837395,0.0747793702421641,-0.0617080608670521,0.0846596831715431,-0.0481528761718303,0.0923696237910085,-0.0333632234846327,0.0977115367231166,-0.0177182567481984,0.100548474373976,-0.00161905710673126,0.10080770778109,0.014521649384053,0.098482591124544,0.0302900725808701,0.0936327321021161,0.0452819663562186,0.0863824638005247,0.0591129920272206,0.076917657238557,0.0714285714285715,0.0654809562971151,0.081912977031989,0.0523655571955829,0.0902974260738784,0.0379076919865382,0.0963669711867022,0.0224780087652105,0.099966010882798,0.00647206957435373,0.101002278621515,-0.00969979039562489,0.0994492081942232,-0.0256229823373516,0.0953466147871413,-0.0408892924047428,0.0887996742619786,-0.0551073468599878,0.0799762268219809,-0.0679126455002197,0.0691024741877866,-0.0789769061426113,0.0564571805921211,-0.088016480608619,0.0423645262591748,-0.0947996264515467,0.0271857965799603,-0.0991524480063042,0.0113101200435214,-0.100963354453998,-0.00485550762957328,-0.100185920612502,-0.0208966574058096,-0.0968400771125389,-0.0364020914209594,-0.0910115994473987,-0.0509743056521112,-0.0828499089952256,-0.0642397205029613,-0.0725642423878681,-0.075858258052219,-0.0604182874299196,-0.0855320604384291,-0.0467234230839563,-0.0930131258732346,-0.0318307368245876,-0.0981096665225631,-0.0161220240078169,-0.100691025262647
0.100548474373975,-0.0193099375196063,0.096840077112528,-0.0379076919865584,0.0895600545330927,-0.0551073468599908,0.078976906142621,-0.0702745498692696,0.0654809562971051,-0.0828499089952222,0.0495699583813216,-0.0923696237910064,0.0318307368245875,-0.0984825911245434,0.0129175440265736,-0.100963354453998,-0.00647206957435517,-0.0997204190451704,-0.0256229823373539,-0.094799626451545,-0.0438288763109413,-0.0863824638005237,-0.0604182874299177,-0.074779370242165,-0.0747793702421604,-0.0604182874299157,-0.0863824638005255,-0.0438288763109453,-0.0947996264515471,-0.0256229823373523,-0.099720419045171,-0.00647206957435341,-0.100963354453998,0.0129175440265733,-0.0984825911245452,0.0318307368245868,-0.0923696237910079,0.0495699583813198,-0.0828499089952236,0.065480956297115,-0.0702745498692714,0.0789769061426085,-0.0551073468599877,0.089560054533091,-0.0379076919865424,0.0968400771125397,-0.0193099375195841,0.100548474373976,2.15671434948069e-15,0.100548474373974,0.0193099375195791,0.0968400771125386,0.0379076919865403,0.0895600545330906,0.0551073468599893,0.0789769061426095,0.0702745498692673,0.0654809562971158,0.0828499089952231,0.0495699583813217,0.0923696237910076,0.0318307368245903,0.0984825911245446,0.0129175440265738,0.100963354453998,-0.00647206957435218,0.0997204190451684,-0.0256229823373521,0.0947996264515467,-0.0438288763109447,0.0863824638005259,-0.0604182874299176,0.0747793702421648,-0.0747793702421633,0.0604182874299181,-0.0863824638005253,0.0438288763109433,-0.0947996264515459,0.025622982337353,-0.0997204190451695,0.00647206957435414,-0.100963354454,-0.0129175440265703,-0.098482591124545,-0.031830736824586,-0.0923696237910084,-0.0495699583813206,-0.0828499089952244,-0.0654809562971148,-0.0702745498692693,-0.0789769061426108,-0.0551073468599877,-0.0895600545330903,-0.0379076919865385,-0.0968400771125384,-0.0193099375195803,-0.100548474373976,5.16577484805284e-16,-0.100548474373976,0.0193099375195806,-0.0968400771125385,0.037907691986539,-0.0895600545330913,0.0551073468599879,-0.0789769061426109,0.0702745498692676,-0.0654809562971178,0.082849908995223,-0.0495699583813215,0.0923696237910076,-0.031830736824588,0.0984825911245439,-0.0129175440265737,0.100963354453998,0.00647206957435425,0.0997204190451697,0.0256229823373508,0.0947996264515467,0.0438288763109423,0.0863824638005259,0.0604182874299181,0.0747793702421639,0.0747793702421645,0.0604182874299171,0.0863824638005264,0.043828876310943,0.0947996264515467,0.025622982337352,0.0997204190451692,0.00647206957435442,0.100963354453998,-0.0129175440265717,0.0984825911245438,-0.031830736824588,0.0923696237910077,-0.0495699583813216,0.082849908995224,-0.0654809562971165,0.0702745498692684,-0.0789769061426112,0.0551073468599868,-0.0895600545330914,0.037907691986538,-0.0968400771125389,0.0193099375195787,-0.100548474373976,-3.03635043737875e-16,-0.100548474373975,-0.0193099375195819,-0.0968400771125383,-0.0379076919865394,-0.0895600545330908,-0.0551073468599872,-0.0789769061426111,-0.070274549869268,-0.0654809562971159,-0.0828499089952242,-0.049569958381321,-0.0923696237910086,-0.0318307368245878,-0.0984825911245445,-0.0129175440265723,-0.100963354454,0.00647206957435424,-0.0997204190451681,0.0256229823373529,-0.0947996264515451,0.0438288763109435,-0.0863824638005261,0.0604182874299192,-0.0747793702421637,0.074779370242165,-0.0604182874299175,0.0863824638005255,-0.0438288763109434,0.094799626451546,-0.0256229823373505,0.0997204190451685,-0.00647206957435112,0.100963354453999,0.0129175440265732,0.0984825911245475,0.0318307368245903,0.0923696237910101,0.0495699583813169,0.0828499089952276,0.0654809562971179,0.0702745498692705,0.0789769061426004,0.0551073468599836,0.089560054533083,0.0379076919865389,0.0968400771125394,0.0193099375195739,0.100548474373984
0.100380091737626,-0.0224780087652366,0.09534661478713,-0.0438288763109619,0.0855320604384386,-0.0629819809849973,0.0714285714285813,-0.0789769061426117,0.0537433555875243,-0.091011599447394,0.0333632234846331,-0.0984825911245431,0.0113101200435218,-0.101015254455221,-0.0113101200435189,-0.0984825911245438,-0.0333632234846347,-0.0910115994473969,-0.0537433555875372,-0.0789769061426093,-0.0714285714285703,-0.0629819809849923,-0.0855320604384389,-0.0438288763109437,-0.0953466147871375,-0.0224780087652079,-0.100380091737626,-2.26354870336224e-15,-0.100380091737627,0.02247800876521,-0.0953466147871421,0.0438288763109432,-0.0855320604384379,0.0629819809849964,-0.0714285714285726,0.0789769061426107,-0.0537433555875359,0.0910115994473948,-0.0333632234846331,0.0984825911245444,-0.0113101200435242,0.101015254455221,0.0113101200435211,0.0984825911245444,0.0333632234846291,0.091011599447396,0.0537433555875327,0.0789769061426109,0.0714285714285737,0.0629819809849936,0.0855320604384379,0.0438288763109435,0.0953466147871418,0.02247800876521,0.100380091737626,-1.11287186329711e-15,0.100380091737626,-0.0224780087652097,0.0953466147871421,-0.0438288763109422,0.0855320604384393,-0.0629819809849928,0.071428571428573,-0.07897690614261,0.0537433555875371,-0.0910115994473957,0.0333632234846321,-0.0984825911245444,0.0113101200435222,-0.101015254455222,-0.0113101200435201,-0.0984825911245445,-0.0333632234846323,-0.0910115994473959,-0.0537433555875352,-0.0789769061426111,-0.0714285714285708,-0.0629819809849973,-0.0855320604384378,-0.0438288763109437,-0.0953466147871409,-0.0224780087652106,-0.100380091737625,-1.64081323577566e-15,-0.100380091737627,0.0224780087652094,-0.0953466147871422,0.0438288763109422,-0.0855320604384386,0.062981980984995,-0.0714285714285716,0.0789769061426108,-0.0537433555875369,0.0910115994473951,-0.0333632234846333,0.0984825911245435,-0.0113101200435212,0.10101525445522,0.0113101200435205,0.0984825911245438,0.0333632234846327,0.0910115994473948,0.0537433555875355,0.0789769061426103,0.0714285714285719,0.062981980984996,0.0855320604384372,0.0438288763109443,0.0953466147871414,0.0224780087652121,0.100380091737626,1.09463039475421e-15,0.100380091737626,-0.0224780087652097,0.0953466147871412,-0.0438288763109431,0.0855320604384388,-0.0629819809849958,0.0714285714285715,-0.0789769061426109,0.0537433555875363,-0.0910115994473948,0.0333632234846328,-0.0984825911245441,0.0113101200435209,-0.10101525445522,-0.0113101200435209,-0.098482591124544,-0.0333632234846334,-0.091011599447396,-0.0537433555875366,-0.0789769061426108,-0.0714285714285711,-0.0629819809849952,-0.0855320604384381,-0.0438288763109422,-0.0953466147871415,-0.0224780087652093,-0.100380091737626,7.78789860001599e-16,-0.100380091737626,0.0224780087652114,-0.0953466147871412,0.0438288763109443,-0.0855320604384374,0.0629819809849962,-0.071428571428571,0.0789769061426111,-0.0537433555875351,0.0910115994473949,-0.0333632234846325,0.0984825911245443,-0.0113101200435213,0.101015254455222,0.0113101200435205,0.0984825911245445,0.0333632234846336,0.0910115994473955,0.0537433555875367,0.0789769061426108,0.0714285714285718,0.0629819809849953,0.0855320604384398,0.0438288763109422,0.09534661478714,0.0224780087652102,0.100380091737625,-4.40125651180524e-16,0.100380091737626,-0.0224780087652125,0.0953466147871404,-0.0438288763109436,0.085532060438439,-0.0629819809849955,0.0714285714285721,-0.0789769061426106,0.0537433555875351,-0.0910115994473941,0.0333632234846309,-0.0984825911245452,0.0113101200435193,-0.101015254455224,-0.0113101200435245,-0.098482591124546,-0.033363223484629,-0.0910115994473994,-0.0537433555875392,-0.0789769061426128,-0.0714285714285602,-0.0629819809849925,-0.0855320604384301,-0.0438288763109432,-0.0953466147871417,-0.0224780087652043,-0.100380091737635
0.100185920612502,-0.0256229823373783,0.0936327321021054,-0.0495699583813393,0.0809550009368709,-0.0702745498692692,0.0629819809850048,-0.0863824638005265,0.0408892924047306,-0.0968400771125379,0.0161220240078231,-0.100963354453998,-0.00969979039562357,-0.0984825911245454,-0.0348871388523068,-0.0895600545330908,-0.0577925100003139,-0.0747793702421667,-0.0769176572385574,-0.0551073468599861,-0.0910115994473944,-0.031830736824584,-0.0991524480063051,-0.00647206957435485,-0.100807707781088,0.0193099375195832,-0.0958691077764738,0.0438288763109411,-0.0846596831715434,0.065480956297115,-0.0679126455002186,0.0828499089952238,-0.0467234230839604,0.0947996264515466,-0.0224780087652116,0.100548474373976,0.00323769826409233,0.0997204190451698,0.0287416265630632,0.0923696237910093,0.0523655571955814,0.0789769061426125,0.0725642423878645,0.0604182874299176,0.0880164806086156,0.0379076919865387,0.0977115367231141,0.012917544026572,0.101015254455222,-0.012917544026573,0.0977115367231163,-0.0379076919865377,0.0880164806086168,-0.0604182874299175,0.0725642423878629,-0.0789769061426109,0.0523655571955848,-0.0923696237910074,0.0287416265630657,-0.0997204190451695,0.00323769826409394,-0.100548474373976,-0.0224780087652091,-0.0947996264515474,-0.0467234230839594,-0.0828499089952257,-0.0679126455002182,-0.065480956297116,-0.0846596831715427,-0.0438288763109415,-0.0958691077764717,-0.0193099375195802,-0.100807707781091,0.00647206957435222,-0.0991524480063047,0.0318307368245867,-0.0910115994473953,0.0551073468599857,-0.0769176572385583,0.0747793702421638,-0.0577925100003125,0.089560054533092,-0.0348871388523109,0.0984825911245442,-0.00969979039562632,0.100963354453998,0.0161220240078226,0.0968400771125391,0.0408892924047426,0.0863824638005268,0.0629819809849954,0.0702745498692687,0.0809550009368712,0.0495699583813208,0.0936327321021164,0.0256229823373522,0.100185920612503,-3.79321373250353e-16,0.100185920612503,-0.0256229823373524,0.0936327321021167,-0.0495699583813212,0.0809550009368723,-0.0702745498692687,0.0629819809849955,-0.0863824638005251,0.040889292404746,-0.0968400771125381,0.0161220240078241,-0.100963354453998,-0.00969979039562393,-0.0984825911245445,-0.0348871388523079,-0.0895600545330915,-0.0577925100003126,-0.0747793702421646,-0.0769176572385566,-0.0551073468599876,-0.0910115994473949,-0.0318307368245874,-0.0991524480063054,-0.00647206957435374,-0.100807707781091,0.0193099375195805,-0.0958691077764732,0.0438288763109422,-0.084659683171544,0.0654809562971159,-0.0679126455002177,0.0828499089952238,-0.0467234230839604,0.0947996264515463,-0.0224780087652104,0.100548474373976,0.00323769826409249,0.0997204190451696,0.0287416265630639,0.0923696237910077,0.0523655571955832,0.0789769061426102,0.0725642423878657,0.0604182874299166,0.0880164806086183,0.0379076919865372,0.0977115367231162,0.0129175440265708,0.101015254455221,-0.0129175440265726,0.0977115367231157,-0.0379076919865386,0.0880164806086178,-0.0604182874299177,0.0725642423878646,-0.0789769061426112,0.0523655571955838,-0.0923696237910085,0.0287416265630628,-0.0997204190451698,0.0032376982640917,-0.100548474373975,-0.0224780087652108,-0.0947996264515458,-0.046723423083962,-0.0828499089952234,-0.0679126455002181,-0.0654809562971163,-0.084659683171543,-0.0438288763109427,-0.0958691077764729,-0.0193099375195785,-0.10080770778109,0.00647206957435457,-0.099152448006306,0.0318307368245881,-0.091011599447396,0.0551073468599876,-0.076917657238557,0.0747793702421632,-0.0577925100003109,0.0895600545330924,-0.0348871388523073,0.0984825911245464,-0.00969979039562101,0.100963354454,0.0161220240078199,0.0968400771125429,0.0408892924047475,0.0863824638005277,0.0629819809849834,0.0702745498692663,0.0809550009368635,0.0495699583813211,0.093632732102117,0.0256229823373461,0.100185920612511
0.099966010882798,-0.0287416265630898,0.091702391176493,-0.0551073468600049,0.0758582580522152,-0.0769176572385572,0.0537433555875451,-0.0923696237910087,0.0271857965799469,-0.100185920612502,-0.00161905710673246,-0.0997204190451698,-0.0302900725808675,-0.0910115994473971,-0.0564571805921179,-0.074779370242164,-0.077957295632636,-0.0523655571955859,-0.0930131258732411,-0.0256229823373507,-0.100380091737625,0.0032376982640955,-0.0994492081942233,0.0318307368245863,-0.0902974260738758,0.057792510000315,-0.0736812709837403,0.0789769061426097,-0.0509743056521082,0.0936327321021156,-0.0240535853353435,0.100548474373975,0.00485550762957166,0.099152448006304,0.0333632234846322,0.0895600545330916,0.0591129920272193,0.0725642423878655,0.0799762268219816,0.0495699583813225,0.0942282832955863,0.0224780087652136,0.100691025262637,-0.00647206957435349,0.0988302147215999,-0.0348871388523102,0.0887996742619793,-0.0604182874299172,0.0714285714285705,-0.0809550009368718,0.0481528761718318,-0.0947996264515455,0.0208966574058049,-0.10080770778109,-0.00808696879009826,-0.0984825911245434,-0.0364020914209568,-0.0880164806086172,-0.0617080608670514,-0.070274549869269,-0.0819129770319866,-0.0467234230839638,-0.0953466147871412,-0.0193099375195822,-0.100898491952616,0.00969979039562321,-0.0981096665225611,0.0379076919865387,-0.0872106747820389,0.0629819809849971,-0.0691024741877885,0.0828499089952242,-0.0452819663562182,0.0958691077764721,-0.0177182567482,0.100963354453998,0.0113101200435206,0.0977115367231165,0.0394035537476167,0.0863824638005261,0.0642397205029649,0.067912645500219,0.0837655561208871,0.0438288763109444,0.0963669711867023,0.0161220240078244,0.101002278621516,-0.0129175440265708,0.0972883040090946,-0.0408892924047428,0.0855320604384386,-0.0654809562971156,0.0667053694835449,-0.0846596831715429,0.0423645262591757,-0.0968400771125378,0.0145216493840531,-0.10101525445522,-0.0145216493840522,-0.0968400771125384,-0.0423645262591749,-0.0846596831715429,-0.0667053694835437,-0.0654809562971153,-0.0855320604384389,-0.0408892924047446,-0.0972883040090943,-0.0129175440265733,-0.101002278621516,0.0161220240078217,-0.0963669711867028,0.0438288763109417,-0.0837655561208896,0.0679126455002178,-0.064239720502965,0.0863824638005259,-0.0394035537476188,0.0977115367231162,-0.0113101200435216,0.100963354453999,0.0177182567481995,0.0958691077764719,0.0452819663562178,0.0828499089952235,0.0691024741877885,0.0629819809849952,0.0872106747820386,0.0379076919865385,0.0981096665225619,0.00969979039562547,0.100898491952616,-0.0193099375195802,0.0953466147871407,-0.0467234230839615,0.081912977031987,-0.0702745498692689,0.0617080608670529,-0.0880164806086179,0.0364020914209585,-0.0984825911245444,0.00808696879009508,-0.10080770778109,-0.0208966574058075,-0.0947996264515455,-0.048152876171832,-0.0809550009368712,-0.0714285714285716,-0.0604182874299167,-0.0887996742619791,-0.0348871388523095,-0.0988302147215998,-0.00647206957435336,-0.100691025262637,0.0224780087652107,-0.0942282832955864,0.0495699583813209,-0.0799762268219816,0.0725642423878647,-0.0591129920272191,0.0895600545330906,-0.0333632234846328,0.0991524480063038,-0.00485550762957079,0.100548474373975,0.0240535853353445,0.0936327321021178,0.0509743056521091,0.0789769061426108,0.073681270983739,0.057792510000311,0.0902974260738773,0.0318307368245865,0.0994492081942248,0.00323769826409081,0.100380091737627,-0.0256229823373527,0.0930131258732424,-0.0523655571955823,0.0779572956326336,-0.074779370242166,0.0564571805921183,-0.0910115994473967,0.0302900725808649,-0.0997204190451707,0.00161905710673452,-0.100185920612506,-0.0271857965799654,-0.0923696237910101,-0.053743355587524,-0.0769176572385565,-0.0758582580522091,-0.0551073468599876,-0.091702391176505,-0.0287416265630577,-0.0999660108828062
0.0997204190451693,-0.0318307368246134,0.0895600545330787,-0.0604182874299339,0.0702745498692641,-0.0828499089952218,0.0438288763109507,-0.0968400771125384,0.0129175440265573,-0.100963354453998,-0.0193099375195818,-0.094799626451547,-0.0495699583813194,-0.0789769061426131,-0.0747793702421613,-0.0551073468599871,-0.0923696237910099,-0.0256229823373548,-0.100548474373973,0.00647206957435503,-0.098482591124544,0.0379076919865419,-0.0863824638005254,0.0654809562971149,-0.0654809562971151,0.0863824638005279,-0.0379076919865401,0.098482591124544,-0.00647206957435267,0.100548474373974,0.0256229823373537,0.0923696237910075,0.0551073468599875,0.0747793702421627,0.0789769061426105,0.0495699583813213,0.0947996264515458,0.0193099375195813,0.100963354453998,-0.0129175440265706,0.0968400771125406,-0.0438288763109402,0.0828499089952236,-0.0702745498692684,0.0604182874299204,-0.0895600545330921,0.0318307368245906,-0.0997204190451696,-2.48746224264832e-15,-0.0997204190451682,-0.0318307368245864,-0.0895600545330909,-0.0604182874299189,-0.0702745498692676,-0.0828499089952249,-0.0438288763109415,-0.0968400771125383,-0.0129175440265723,-0.100963354453999,0.0193099375195793,-0.0947996264515467,0.0495699583813179,-0.0789769061426122,0.0747793702421633,-0.0551073468599882,0.0923696237910088,-0.0256229823373514,0.100548474373975,0.00647206957435259,0.0984825911245444,0.0379076919865375,0.0863824638005259,0.0654809562971154,0.0654809562971168,0.086382463800525,0.037907691986539,0.0984825911245438,0.00647206957435573,0.100548474373975,-0.0256229823373515,0.0923696237910083,-0.0551073468599883,0.0747793702421649,-0.0789769061426101,0.0495699583813222,-0.0947996264515457,0.0193099375195811,-0.100963354453999,-0.0129175440265709,-0.0968400771125395,-0.043828876310943,-0.0828499089952242,-0.0702745498692676,-0.0604182874299174,-0.0895600545330907,-0.0318307368245875,-0.0997204190451703,2.19872020514133e-16,-0.0997204190451703,0.0318307368245874,-0.089560054533091,0.0604182874299175,-0.0702745498692689,0.0828499089952239,-0.0438288763109429,0.0968400771125381,-0.0129175440265744,0.100963354453998,0.0193099375195796,0.0947996264515465,0.0495699583813201,0.0789769061426113,0.0747793702421629,0.0551073468599882,0.0923696237910084,0.0256229823373522,0.100548474373975,-0.00647206957435377,0.098482591124544,-0.0379076919865386,0.0863824638005261,-0.0654809562971154,0.0654809562971159,-0.0863824638005257,0.0379076919865387,-0.0984825911245436,0.00647206957435412,-0.100548474373975,-0.0256229823373527,-0.0923696237910091,-0.0551073468599878,-0.0747793702421644,-0.0789769061426104,-0.0495699583813208,-0.0947996264515459,-0.0193099375195796,-0.100963354453999,0.012917544026573,-0.0968400771125386,0.0438288763109435,-0.0828499089952235,0.0702745498692689,-0.0604182874299168,0.0895600545330915,-0.0318307368245857,0.0997204190451697,2.5270468020394e-16,0.0997204190451691,0.0318307368245888,0.0895600545330906,0.060418287429918,0.070274549869268,0.0828499089952234,0.0438288763109432,0.0968400771125384,0.012917544026572,0.100963354453998,-0.0193099375195802,0.0947996264515463,-0.0495699583813203,0.0789769061426109,-0.0747793702421633,0.0551073468599877,-0.0923696237910085,0.0256229823373514,-0.100548474373977,-0.0064720695743546,-0.0984825911245447,-0.0379076919865388,-0.0863824638005252,-0.0654809562971156,-0.0654809562971151,-0.0863824638005277,-0.037907691986537,-0.098482591124545,-0.00647206957435291,-0.100548474373976,0.0256229823373514,-0.0923696237910085,0.0551073468599893,-0.0747793702421615,0.0789769061426113,-0.0495699583813169,0.0947996264515471,-0.0193099375195827,0.100963354454002,0.012917544026577,0.0968400771125401,0.04382887631093,0.0828499089952234,0.0702745498692596,0.0604182874299175,0.0895600545330908,0.0318307368245817,0.0997204190451779
0.0994492081942227,-0.0348871388523356,0.0872106747820253,-0.0654809562971312,0.0642397205029596,-0.0880164806086142,0.0333632234846398,-0.0997204190451687,-0.00161905710674628,-0.0991524480063048,-0.0364020914209607,-0.086382463800527,-0.0667053694835429,-0.062981980984998,-0.0887996742619751,-0.0318307368245868,-0.0999660108827991,0.00323769826408969,-0.0988302147215957,0.0379076919865399,-0.0855320604384383,0.0679126455002213,-0.0617080608670518,0.0895600545330905,-0.0302900725808693,0.100185920612503,0.00485550762957037,0.0984825911245448,0.0394035537476192,0.0846596831715421,0.06910247418779,0.0604182874299162,0.0902974260738776,0.0287416265630616,0.100380091737626,-0.00647206957435351,0.0981096665225614,-0.0408892924047427,0.083765556120888,-0.0702745498692676,0.0591129920272223,-0.091011599447394,0.0271857965799607,-0.100548474373976,-0.00808696879009237,-0.0977115367231164,-0.0423645262591716,-0.0828499089952239,-0.0714285714285738,-0.0577925100003102,-0.0917023911765046,-0.0256229823373524,-0.100691025262638,0.00969979039562558,-0.0972883040090938,0.043828876310944,-0.0819129770319886,0.0725642423878639,-0.0564571805921222,0.0923696237910082,-0.0240535853353458,0.100807707781091,0.0113101200435199,0.0968400771125398,0.0452819663562167,0.0809550009368738,0.0736812709837388,0.0551073468599875,0.0930131258732425,0.0224780087652088,0.100898491952616,-0.012917544026572,0.0963669711867029,-0.0467234230839597,0.0799762268219828,-0.0747793702421639,0.0537433555875368,-0.0936327321021162,0.0208966574058077,-0.100963354453999,-0.0145216493840522,-0.0958691077764735,-0.048152876171829,-0.078976906142612,-0.075858258052217,-0.052365557195584,-0.0942282832955863,-0.0193099375195812,-0.101002278621515,0.0161220240078224,-0.0953466147871413,0.0495699583813207,-0.0779572956326345,0.0769176572385575,-0.0509743056521091,0.0947996264515456,-0.0177182567481991,0.10101525445522,0.0177182567481986,0.094799626451546,0.0509743056521087,0.0769176572385574,0.0779572956326339,0.0495699583813204,0.0953466147871421,0.0161220240078243,0.101002278621516,-0.0193099375195788,0.0942282832955869,-0.0523655571955819,0.0758582580522186,-0.07897690614261,0.0481528761718323,-0.0958691077764722,0.0145216493840525,-0.100963354453999,-0.0208966574058052,-0.093632732102117,-0.0537433555875356,-0.0747793702421644,-0.0799762268219828,-0.0467234230839606,-0.0963669711867025,-0.0129175440265716,-0.100898491952617,0.02247800876521,-0.0930131258732432,0.0551073468599876,-0.0736812709837378,0.0809550009368719,-0.0452819663562172,0.0968400771125388,-0.011310120043521,0.100807707781091,0.0240535853353448,0.0923696237910084,0.0564571805921213,0.0725642423878636,0.0819129770319878,0.0438288763109421,0.0972883040090954,0.00969979039562379,0.100691025262637,-0.0256229823373535,0.0917023911765042,-0.057792510000313,0.0714285714285712,-0.0828499089952239,0.0423645262591739,-0.0977115367231152,0.00808696879009564,-0.100548474373975,-0.0271857965799604,-0.0910115994473957,-0.0591129920272187,-0.0702745498692686,-0.0837655561208887,-0.0408892924047438,-0.0981096665225623,-0.00647206957435433,-0.100380091737626,0.0287416265630627,-0.0902974260738789,0.0604182874299179,-0.0691024741877871,0.0846596831715447,-0.0394035537476167,0.0984825911245452,-0.0048555076295714,0.100185920612503,0.030290072580869,0.0895600545330908,0.0617080608670547,0.0679126455002171,0.0855320604384392,0.0379076919865379,0.0988302147216004,0.00323769826409245,0.0999660108827991,-0.0318307368245894,0.0887996742619752,-0.0629819809849952,0.0667053694835407,-0.0863824638005265,0.0364020914209602,-0.0991524480063083,0.00161905710672566,-0.0997204190451707,-0.0333632234846199,-0.088016480608618,-0.0642397205029568,-0.0654809562971158,-0.0872106747820379,-0.0348871388523041,-0.0994492081942312
0.0991524480063036,-0.0379076919865643,0.0846596831715294,-0.0702745498692824,0.0577925100003045,-0.0923696237910033,0.0224780087652164,-0.100963354453997,-0.016122024007838,-0.0947996264515468,-0.0523655571955861,-0.074779370242166,-0.0809550009368705,-0.0438288763109458,-0.0977115367231133,-0.00647206957435313,-0.100185920612503,0.0318307368245856,-0.0880164806086137,0.0654809562971171,-0.0629819809849955,0.0895600545330932,-0.0287416265630622,0.100548474373975,0.00969979039562339,0.0968400771125386,0.0467234230839607,0.0789769061426118,0.0769176572385594,0.0495699583813199,0.0958691077764745,0.0129175440265704,0.10080770778109,-0.0256229823373542,0.0910115994473959,-0.0604182874299175,0.0679126455002176,-0.0863824638005252,0.0348871388523096,-0.0997204190451697,-0.00323769826408935,-0.0984825911245449,-0.0408892924047437,-0.082849908995224,-0.072564242387862,-0.0551073468599876,-0.0936327321021149,-0.0193099375195804,-0.101015254455222,0.0193099375195815,-0.0936327321021177,0.0551073468599868,-0.0725642423878636,0.0828499089952242,-0.0408892924047416,0.0984825911245444,-0.00323769826409349,0.0997204190451692,0.0348871388523081,0.0863824638005266,0.0679126455002173,0.0604182874299202,0.0910115994473955,0.0256229823373541,0.10080770778109,-0.0129175440265704,0.0958691077764717,-0.0495699583813209,0.0769176572385586,-0.0789769061426122,0.0467234230839616,-0.0968400771125388,0.00969979039562542,-0.100548474373975,-0.0287416265630625,-0.0895600545330911,-0.0629819809849946,-0.0654809562971174,-0.0880164806086169,-0.0318307368245878,-0.100185920612502,0.0064720695743542,-0.0977115367231155,0.0438288763109417,-0.0809550009368729,0.0747793702421635,-0.0523655571955842,0.0947996264515463,-0.0161220240078242,0.100963354453999,0.0224780087652106,0.0923696237910087,0.0577925100003112,0.0702745498692683,0.0846596831715427,0.0379076919865389,0.0991524480063053,-1.02424923586281e-16,0.0991524480063054,-0.0379076919865386,0.0846596831715432,-0.0702745498692682,0.0577925100003129,-0.0923696237910082,0.0224780087652104,-0.100963354453998,-0.0161220240078209,-0.0947996264515464,-0.0523655571955828,-0.0747793702421652,-0.0809550009368714,-0.0438288763109439,-0.0977115367231152,-0.00647206957435466,-0.100185920612502,0.0318307368245872,-0.088016480608618,0.0654809562971162,-0.0629819809849956,0.0895600545330912,-0.0287416265630636,0.100548474373975,0.00969979039562474,0.0968400771125386,0.0467234230839613,0.0789769061426106,0.076917657238558,0.0495699583813208,0.0958691077764724,0.0129175440265726,0.100807707781091,-0.0256229823373522,0.0910115994473949,-0.0604182874299183,0.0679126455002178,-0.0863824638005264,0.0348871388523095,-0.0997204190451696,-0.00323769826409207,-0.098482591124544,-0.0408892924047448,-0.0828499089952231,-0.0725642423878653,-0.055107346859986,-0.0936327321021171,-0.0193099375195793,-0.101015254455221,0.0193099375195807,-0.0936327321021164,0.055107346859987,-0.0725642423878645,0.0828499089952236,-0.0408892924047439,0.0984825911245445,-0.0032376982640929,0.0997204190451695,0.0348871388523101,0.086382463800526,0.0679126455002186,0.0604182874299179,0.0910115994473955,0.0256229823373528,0.100807707781092,-0.0129175440265722,0.0958691077764716,-0.049569958381322,0.0769176572385568,-0.0789769061426114,0.0467234230839613,-0.0968400771125401,0.00969979039562457,-0.100548474373976,-0.0287416265630653,-0.0895600545330899,-0.062981980984996,-0.0654809562971153,-0.0880164806086193,-0.0318307368245876,-0.100185920612504,0.00647206957435585,-0.0977115367231131,0.0438288763109422,-0.0809550009368685,0.0747793702421649,-0.0523655571955842,0.0947996264515497,-0.0161220240078169,0.100963354453999,0.0224780087651976,0.0923696237910095,0.0577925100003037,0.0702745498692681,0.0846596831715427,0.0379076919865332,0.0991524480063125
0.0988302147215972,-0.040889292404769,0.0819129770319728,-0.0747793702421769,0.0509743056520991,-0.0958691077764658,0.0113101200435257,-0.100548474373973,-0.0302900725808834,-0.0880164806086183,-0.0667053694835481,-0.0604182874299192,-0.0917023911765038,-0.0224780087652133,-0.101002278621513,0.019309937519581,-0.0930131258732432,0.0577925100003115,-0.069102474187784,0.0863824638005271,-0.0333632234846335,0.100185920612504,0.00808696879009804,0.0968400771125393,0.0481528761718285,0.0769176572385567,0.079976226821983,0.0438288763109445,0.0981096665225636,0.00323769826409156,0.0994492081942244,-0.0379076919865397,0.0837655561208877,-0.0725642423878659,0.0537433555875371,-0.0947996264515465,0.0145216493840521,-0.100807707781091,-0.0271857965799603,-0.0895600545330919,-0.064239720502964,-0.0629819809849975,-0.0902974260738776,-0.0256229823373522,-0.100898491952616,0.0161220240078238,-0.0942282832955867,0.0551073468599871,-0.0714285714285705,0.0846596831715429,-0.0364020914209599,0.0997204190451689,0.00485550762957278,0.0977115367231153,0.0452819663562194,0.0789769061426097,0.0779572956326333,0.0467234230839611,0.0972883040090943,0.00647206957435468,0.0999660108827981,-0.0348871388523065,0.0855320604384398,-0.0702745498692673,0.0564571805921217,-0.0936327321021174,0.0177182567481982,-0.100963354453999,-0.0240535853353435,-0.091011599447395,-0.061708060867052,-0.0654809562971158,-0.088799674261978,-0.0287416265630649,-0.100691025262637,0.0129175440265713,-0.0953466147871413,0.0523655571955817,-0.0736812709837395,0.0828499089952235,-0.0394035537476182,0.0991524480063059,0.00161905710673008,0.098482591124545,0.042364526259174,0.0809550009368722,0.0758582580522176,0.0495699583813218,0.0963669711867017,0.00969979039562584,0.100380091737626,-0.0318307368245871,0.0872106747820384,-0.0679126455002185,0.0591129920272197,-0.0923696237910077,0.0208966574058067,-0.10101525445522,-0.0208966574058061,-0.0923696237910083,-0.0591129920272193,-0.0679126455002184,-0.087210674782038,-0.031830736824587,-0.100380091737627,0.00969979039562362,-0.0963669711867038,0.0495699583813194,-0.0758582580522188,0.0809550009368707,-0.0423645262591763,0.0984825911245439,-0.00161905710673368,0.0991524480063048,0.0394035537476179,0.082849908995224,0.0736812709837375,0.0523655571955833,0.0953466147871406,0.0129175440265717,0.100691025262638,-0.0287416265630636,0.088799674261978,-0.065480956297116,0.0617080608670529,-0.0910115994473947,0.0240535853353446,-0.100963354453998,-0.0177182567481998,-0.0936327321021174,-0.0564571805921215,-0.0702745498692684,-0.0855320604384381,-0.0348871388523093,-0.0999660108827977,0.00647206957435444,-0.097288304009095,0.0467234230839618,-0.0779572956326342,0.0789769061426112,-0.0452819663562169,0.0977115367231157,-0.00485550762957059,0.0997204190451691,0.0364020914209598,0.0846596831715427,0.0714285714285714,0.0551073468599869,0.0942282832955869,0.0161220240078235,0.100898491952617,-0.025622982337352,0.0902974260738777,-0.0629819809849953,0.0642397205029662,-0.0895600545330909,0.0271857965799603,-0.100807707781091,-0.0145216493840528,-0.0947996264515465,-0.0537433555875364,-0.0725642423878648,-0.0837655561208897,-0.0379076919865383,-0.0994492081942222,0.0032376982640923,-0.0981096665225614,0.0438288763109434,-0.0799762268219829,0.0769176572385597,-0.0481528761718303,0.0968400771125394,-0.00808696879009516,0.100185920612502,0.0333632234846332,0.0863824638005253,0.0691024741877901,0.0577925100003121,0.093013125873245,0.0193099375195783,0.101002278621513,-0.0224780087652091,0.0917023911765017,-0.0604182874299175,0.0667053694835446,-0.0880164806086207,0.0302900725808621,-0.100548474373976,-0.0113101200435083,-0.0958691077764745,-0.0509743056521004,-0.0747793702421641,-0.0819129770319871,-0.0408892924047383,-0.0988302147216069
0.0984825911245418,-0.0438288763109679,0.0789769061425949,-0.0789769061426219,0.0438288763109316,-0.0984825911245361,3.23860010223279e-15,-0.0984825911245411,-0.0438288763109568,-0.0789769061426118,-0.0789769061426149,-0.043828876310945,-0.0984825911245438,-2.68685068851855e-15,-0.0984825911245434,0.0438288763109437,-0.0789769061426112,0.0789769061426108,-0.0438288763109393,0.0984825911245454,-1.02798672875336e-15,0.0984825911245448,0.0438288763109446,0.0789769061426118,0.078976906142608,0.0438288763109411,0.0984825911245456,1.86758729241263e-15,0.098482591124545,-0.0438288763109425,0.078976906142611,-0.078976906142611,0.0438288763109421,-0.0984825911245442,5.88670418123395e-16,-0.0984825911245444,-0.0438288763109433,-0.0789769061426109,-0.07897690614261,-0.0438288763109439,-0.0984825911245447,-2.52916158219506e-15,-0.0984825911245438,0.0438288763109431,-0.0789769061426125,0.0789769061426117,-0.0438288763109454,0.098482591124544,2.75728805857484e-15,0.0984825911245425,0.0438288763109422,0.0789769061426103,0.0789769061426118,0.0438288763109417,0.0984825911245444,-1.53728837623151e-15,0.0984825911245444,-0.0438288763109423,0.0789769061426116,-0.0789769061426102,0.0438288763109441,-0.0984825911245435,1.35582035709119e-15,-0.098482591124545,-0.0438288763109417,-0.0789769061426125,-0.0789769061426104,-0.043828876310943,-0.0984825911245442,1.62447994201176e-15,-0.0984825911245442,0.0438288763109429,-0.0789769061426113,0.0789769061426097,-0.043828876310944,0.098482591124544,-8.00110769790956e-16,0.098482591124545,0.0438288763109417,0.0789769061426112,0.07897690614261,0.0438288763109431,0.0984825911245435,1.53394054622732e-15,0.0984825911245449,-0.0438288763109419,0.0789769061426117,-0.0789769061426104,0.0438288763109435,-0.0984825911245446,-1.53825118943303e-17,-0.0984825911245445,-0.0438288763109418,-0.0789769061426106,-0.07897690614261,-0.0438288763109431,-0.0984825911245449,5.33482737667506e-18,-0.098482591124545,0.0438288763109427,-0.0789769061426106,0.0789769061426104,-0.0438288763109436,0.0984825911245439,2.18732285450956e-16,0.098482591124544,0.0438288763109407,0.0789769061426113,0.0789769061426105,0.0438288763109441,0.0984825911245441,1.20277628422221e-15,0.0984825911245448,-0.0438288763109419,0.0789769061426105,-0.0789769061426107,0.043828876310944,-0.0984825911245446,6.9752130007677e-16,-0.0984825911245444,-0.0438288763109432,-0.0789769061426103,-0.0789769061426107,-0.0438288763109427,-0.0984825911245448,-4.31060651528522e-16,-0.0984825911245447,0.0438288763109429,-0.0789769061426098,0.0789769061426105,-0.0438288763109424,0.0984825911245443,4.2037759572895e-17,0.0984825911245448,0.0438288763109431,0.0789769061426104,0.078976906142611,0.0438288763109417,0.0984825911245441,-6.92483272672009e-16,0.0984825911245443,-0.0438288763109434,0.0789769061426103,-0.0789769061426113,0.0438288763109415,-0.0984825911245443,-8.00929465348405e-17,-0.0984825911245439,-0.0438288763109441,-0.0789769061426105,-0.0789769061426112,-0.0438288763109427,-0.0984825911245439,-3.09961076261195e-16,-0.0984825911245446,0.0438288763109425,-0.0789769061426105,0.0789769061426108,-0.043828876310943,0.0984825911245441,-8.66245696554639e-17,0.0984825911245439,0.0438288763109438,0.0789769061426105,0.0789769061426101,0.0438288763109432,0.098482591124544,-3.19276632629702e-16,0.098482591124545,-0.0438288763109451,0.0789769061426102,-0.0789769061426116,0.0438288763109424,-0.098482591124544,-8.7779438319694e-17,-0.098482591124544,-0.0438288763109452,-0.0789769061426104,-0.0789769061426137,-0.0438288763109411,-0.0984825911245424,-1.95841539182184e-15,-0.0984825911245418,0.0438288763109427,-0.0789769061426101,0.0789769061426133,-0.0438288763109358,0.0984825911245445,-1.2509146135337e-14,0.0984825911245469,0.0438288763109348,0.0789769061426101,0.0789769061426097,0.0438288763109377,0.0984825911245517
0.098109666522559,-0.0467234230839855,0.0758582580522012,-0.0828499089952335,0.0364020914209457,-0.100185920612493,-0.011310120043519,-0.0947996264515424,-0.0564571805921337,-0.06791264550022,-0.0887996742619825,-0.0256229823373545,-0.101002278621515,0.022478008765208,-0.0902974260738778,0.0654809562971166,-0.0591129920272195,0.0936327321021177,-0.01452164938405,0.100548474373976,0.0333632234846317,0.0846596831715429,0.0736812709837404,0.0495699583813224,0.0972883040090923,0.00323769826408978,0.0988302147216012,-0.0438288763109413,0.0779572956326343,-0.080955000936871,0.039403553747617,-0.0997204190451693,-0.00808696879009672,-0.0958691077764715,-0.0537433555875361,-0.0702745498692684,-0.0872106747820383,-0.0287416265630641,-0.100898491952616,0.0193099375195795,-0.0917023911765068,0.0629819809849935,-0.0617080608670521,0.0923696237910088,-0.0177182567482021,0.100807707781092,0.0302900725808659,0.0863824638005257,0.0714285714285744,0.0523655571955809,0.0963669711867029,0.0064720695743537,0.0994492081942231,-0.0408892924047447,0.0799762268219805,-0.0789769061426116,0.0423645262591762,-0.0991524480063041,-0.0048555076295699,-0.096840077112539,-0.0509743056521075,-0.0725642423878667,-0.0855320604384383,-0.0318307368245889,-0.100691025262637,0.0161220240078222,-0.0930131258732412,0.0604182874299174,-0.064239720502966,0.0910115994473964,-0.0208966574058071,0.100963354453998,0.0271857965799605,0.0880164806086178,0.069102474187787,0.0551073468599875,0.0953466147871407,0.00969979039562661,0.0999660108827978,-0.0379076919865381,0.0819129770319877,-0.0769176572385587,0.0452819663562186,-0.0984825911245443,-0.00161905710673018,-0.0977115367231156,-0.0481528761718301,-0.074779370242165,-0.0837655561208875,-0.0348871388523107,-0.100380091737626,0.0129175440265717,-0.0942282832955861,0.0577925100003121,-0.0667053694835449,0.0895600545330905,-0.0240535853353446,0.10101525445522,0.0240535853353438,0.089560054533091,0.0667053694835445,0.0577925100003122,0.094228283295586,0.0129175440265717,0.100380091737627,-0.0348871388523084,0.0837655561208904,-0.074779370242163,0.0481528761718319,-0.0977115367231151,0.00161905710673273,-0.0984825911245446,-0.0452819663562158,-0.0769176572385585,-0.081912977031988,-0.0379076919865388,-0.0999660108827976,0.00969979039562497,-0.0953466147871412,0.0551073468599877,-0.0691024741877882,0.0880164806086175,-0.0271857965799608,0.100963354453999,0.020896657405807,0.0910115994473952,0.0642397205029657,0.0604182874299173,0.0930131258732425,0.0161220240078242,0.100691025262637,-0.0318307368245874,0.0855320604384379,-0.0725642423878654,0.050974305652108,-0.0968400771125389,0.00485550762957122,-0.0991524480063042,-0.042364526259175,-0.0789769061426102,-0.0799762268219831,-0.0408892924047427,-0.0994492081942234,0.00647206957435519,-0.0963669711867018,0.0523655571955839,-0.0714285714285711,0.0863824638005258,-0.0302900725808676,0.10080770778109,0.0177182567481995,0.0923696237910081,0.0617080608670523,0.0629819809849959,0.0917023911765046,0.0193099375195806,0.100898491952617,-0.0287416265630637,0.0872106747820385,-0.0702745498692679,0.0537433555875366,-0.0958691077764719,0.00808696879009578,-0.0997204190451696,-0.0394035537476176,-0.0809550009368728,-0.0779572956326345,-0.0438288763109429,-0.0988302147215999,0.00323769826409421,-0.0972883040090943,0.0495699583813221,-0.0736812709837391,0.0846596831715437,-0.033363223484633,0.100548474373975,0.0145216493840553,0.0936327321021162,0.0591129920272226,0.0654809562971145,0.0902974260738766,0.0224780087652131,0.101002278621514,-0.0256229823373518,0.0887996742619766,-0.0679126455002207,0.0564571805921138,-0.0947996264515463,0.0113101200435332,-0.100185920612506,-0.0364020914209508,-0.0828499089952231,-0.0758582580522166,-0.0467234230839558,-0.0981096665225695
0.0977115367231122,-0.0495699583813452,0.0725642423878475,-0.0863824638005341,0.0287416265630497,-0.100963354453988,-0.0224780087652094,-0.0895600545330867,-0.0679126455002299,-0.0551073468599894,-0.0958691077764773,-0.00647206957435642,-0.0991524480063052,0.0438288763109407,-0.0769176572385587,0.0828499089952246,-0.0348871388523095,0.100548474373977,0.0161220240078254,0.092369623791009,0.0629819809849941,0.0604182874299162,0.0936327321021183,0.0129175440265733,0.100185920612501,-0.037907691986541,0.0809550009368743,-0.0789769061426099,0.0408892924047432,-0.0997204190451686,-0.00969979039562615,-0.0947996264515457,-0.0577925100003124,-0.0654809562971142,-0.0910115994473956,-0.0193099375195804,-0.10080770778109,0.0318307368245866,-0.0846596831715431,0.0747793702421642,-0.0467234230839638,0.0984825911245441,0.00323769826409245,0.0968400771125393,0.0523655571955804,0.070274549869269,0.0880164806086159,0.0256229823373524,0.101015254455223,-0.0256229823373535,0.0880164806086191,-0.070274549869268,0.0523655571955821,-0.096840077112539,0.00323769826408973,-0.098482591124544,-0.0467234230839597,-0.0747793702421644,-0.0846596831715426,-0.0318307368245881,-0.100807707781091,0.0193099375195771,-0.0910115994473966,0.065480956297115,-0.0577925100003127,0.0947996264515471,-0.00969979039562374,0.0997204190451698,0.0408892924047431,0.0789769061426101,0.0809550009368714,0.0379076919865386,0.100185920612503,-0.0129175440265706,0.0936327321021171,-0.060418287429917,0.0629819809849957,-0.0923696237910079,0.0161220240078244,-0.100548474373976,-0.0348871388523089,-0.0828499089952245,-0.0769176572385566,-0.0438288763109444,-0.0991524480063048,0.00647206957435283,-0.0958691077764734,0.055107346859987,-0.067912645500219,0.0895600545330912,-0.0224780087652106,0.100963354453999,0.0287416265630626,0.0863824638005259,0.0725642423878639,0.0495699583813213,0.0977115367231163,1.48056926917878e-16,0.0977115367231164,-0.0495699583813206,0.0725642423878647,-0.0863824638005255,0.0287416265630645,-0.100963354453998,-0.0224780087652109,-0.0895600545330912,-0.0679126455002169,-0.0551073468599885,-0.0958691077764728,-0.00647206957435526,-0.0991524480063051,0.0438288763109418,-0.0769176572385592,0.0828499089952233,-0.0348871388523093,0.100548474373976,0.0161220240078221,0.0923696237910086,0.0629819809849947,0.0604182874299173,0.0936327321021174,0.0129175440265715,0.100185920612502,-0.0379076919865391,0.0809550009368722,-0.0789769061426104,0.0408892924047439,-0.0997204190451697,-0.00969979039562576,-0.0947996264515471,-0.0577925100003128,-0.0654809562971159,-0.0910115994473951,-0.0193099375195798,-0.10080770778109,0.0318307368245879,-0.0846596831715435,0.074779370242165,-0.0467234230839609,0.0984825911245443,0.00323769826409295,0.0968400771125381,0.0523655571955839,0.070274549869267,0.0880164806086181,0.0256229823373512,0.101015254455221,-0.0256229823373525,0.0880164806086169,-0.0702745498692677,0.0523655571955829,-0.0968400771125384,0.00323769826409237,-0.0984825911245447,-0.0467234230839602,-0.0747793702421645,-0.0846596831715436,-0.0318307368245873,-0.100807707781091,0.0193099375195797,-0.0910115994473956,0.0654809562971149,-0.0577925100003124,0.0947996264515466,-0.00969979039562411,0.0997204190451708,0.0408892924047445,0.0789769061426108,0.0809550009368725,0.0379076919865367,0.100185920612502,-0.0129175440265731,0.0936327321021176,-0.0604182874299186,0.0629819809849954,-0.0923696237910089,0.0161220240078209,-0.100548474373975,-0.0348871388523132,-0.0828499089952229,-0.0769176572385573,-0.0438288763109456,-0.0991524480063039,0.00647206957435321,-0.0958691077764704,0.055107346859989,-0.0679126455002114,0.0895600545330906,-0.0224780087652219,0.100963354454003,0.0287416265630563,0.0863824638005249,0.0725642423878633,0.049569958381316,0.0977115367231228
0.0972883040090909,-0.0523655571956071,0.0691024741877706,-0.0895600545330979,0.0208966574057915,-0.100807707781079,-0.0333632234846327,-0.0828499089952191,-0.0779572956326439,-0.0408892924047461,-0.0999660108828026,0.0129175440265688,-0.0930131258732434,0.0629819809849933,-0.0591129920272211,0.0947996264515468,-0.00808696879009578,0.099152448006307,0.0452819663562186,0.0747793702421645,0.0855320604384372,0.0287416265630616,0.101002278621516,-0.0256229823373508,0.0872106747820373,-0.0725642423878667,0.0481528761718328,-0.0984825911245443,-0.00485550762957232,-0.0958691077764716,-0.0564571805921227,-0.065480956297115,-0.0917023911765047,-0.0161220240078217,-0.100380091737627,0.0379076919865383,-0.0799762268219819,0.0809550009368711,-0.0364020914209591,0.100548474373976,0.0177182567481961,0.0910115994473969,0.0667053694835443,0.0551073468599882,0.0963669711867012,0.00323769826409223,0.0981096665225627,-0.0495699583813202,0.0714285714285709,-0.0880164806086171,0.0240535853353462,-0.100963354453998,-0.0302900725808701,-0.0846596831715428,-0.0758582580522188,-0.0438288763109418,-0.0994492081942229,0.00969979039562404,-0.0942282832955867,0.0604182874299167,-0.0617080608670541,0.0936327321021154,-0.0113101200435228,0.0997204190451702,0.0423645262591739,0.0769176572385596,0.083765556120888,0.0318307368245875,0.100898491952617,-0.0224780087652123,0.0887996742619781,-0.0702745498692683,0.0509743056521093,-0.097711536723115,-0.00161905710673032,-0.0968400771125384,-0.0537433555875355,-0.0679126455002201,-0.090297426073877,-0.0193099375195808,-0.100691025262637,0.0348871388523104,-0.081912977031988,0.07897690614261,-0.0394035537476189,0.100185920612502,0.0145216493840522,0.0923696237910087,0.0642397205029643,0.0577925100003132,0.0953466147871412,0.00647206957435388,0.098830214721599,-0.0467234230839609,0.073681270983739,-0.0863824638005252,0.027185796579961,-0.101015254455221,-0.0271857965799603,-0.0863824638005259,-0.0736812709837388,-0.0467234230839612,-0.0988302147215993,0.00647206957435351,-0.0953466147871421,0.0577925100003108,-0.0642397205029681,0.0923696237910072,-0.0145216493840542,0.100185920612502,0.0394035537476164,0.0789769061426116,0.0819129770319865,0.0348871388523107,0.100691025262637,-0.0193099375195801,0.0902974260738783,-0.067912645500219,0.0537433555875368,-0.096840077112539,0.00161905710673124,-0.0977115367231154,-0.0509743056521088,-0.0702745498692682,-0.0887996742619787,-0.0224780087652109,-0.100898491952617,0.0318307368245875,-0.0837655561208875,0.0769176572385577,-0.0423645262591746,0.0997204190451696,0.0113101200435213,0.0936327321021171,0.061708060867053,0.060418287429917,0.0942282832955865,0.00969979039562362,0.0994492081942232,-0.0438288763109434,0.0758582580522173,-0.0846596831715435,0.0302900725808683,-0.100963354453998,-0.0240535853353456,-0.088016480608617,-0.0714285714285712,-0.0495699583813204,-0.0981096665225625,0.00323769826409169,-0.0963669711867024,0.0551073468599872,-0.0667053694835445,0.0910115994473953,-0.0177182567481998,0.100548474373975,0.0364020914209589,0.0809550009368718,0.0799762268219822,0.037907691986539,0.100380091737626,-0.0161220240078225,0.0917023911765056,-0.0654809562971163,0.0564571805921198,-0.0958691077764738,0.00485550762957018,-0.0984825911245444,-0.0481528761718309,-0.0725642423878632,-0.0872106747820379,-0.0256229823373508,-0.101002278621516,0.0287416265630654,-0.0855320604384385,0.074779370242165,-0.0452819663562154,0.0991524480063036,0.00808696879009951,0.0947996264515457,0.0591129920272195,0.0629819809849981,0.0930131258732424,0.0129175440265725,0.0999660108827949,-0.0408892924047446,0.0779572956326272,-0.082849908995223,0.0333632234846434,-0.100807707781095,-0.0208966574057996,-0.0895600545330898,-0.0691024741877863,-0.0523655571955783,-0.0972883040091015
0.0968400771125349,-0.055107346860011,0.0654809562970984,-0.0923696237910141,0.0129175440265561,-0.0997204190451571,-0.0438288763109436,-0.0747793702421598,-0.0863824638005337,-0.0256229823373555,-0.100963354454003,0.0318307368245838,-0.0828499089952255,0.0789769061426088,-0.0379076919865417,0.100548474373976,0.0193099375195804,0.0895600545330938,0.0702745498692678,0.0495699583813207,0.0984825911245431,-0.00647206957435617,0.0947996264515465,-0.0604182874299164,0.0604182874299174,-0.0947996264515478,0.00647206957435545,-0.0984825911245451,-0.0495699583813222,-0.0702745498692678,-0.0895600545330929,-0.0193099375195794,-0.100548474373975,0.0379076919865397,-0.0789769061426119,0.0828499089952233,-0.031830736824587,0.100963354453998,0.0256229823373508,0.0863824638005268,0.0747793702421627,0.0438288763109455,0.0997204190451687,-0.0129175440265714,0.0923696237910093,-0.0654809562971162,0.0551073468599898,-0.096840077112538,-2.49758676796031e-15,-0.0968400771125366,-0.0551073468599865,-0.0654809562971156,-0.0923696237910087,-0.0129175440265709,-0.0997204190451686,0.0438288763109438,-0.074779370242165,0.0863824638005249,-0.0256229823373534,0.100963354453998,0.0318307368245861,0.0828499089952251,0.0789769061426103,0.0379076919865398,0.100548474373975,-0.0193099375195794,0.0895600545330894,-0.0702745498692686,0.0495699583813213,-0.0984825911245452,-0.00647206957435339,-0.0947996264515462,-0.0604182874299174,-0.060418287429918,-0.0947996264515458,-0.006472069574354,-0.0984825911245441,0.0495699583813193,-0.0702745498692689,0.0895600545330907,-0.0193099375195808,0.100548474373976,0.0379076919865373,0.0789769061426117,0.0828499089952233,0.0318307368245878,0.100963354453999,-0.0256229823373517,0.0863824638005258,-0.0747793702421642,0.0438288763109428,-0.0997204190451698,-0.0129175440265709,-0.0923696237910084,-0.065480956297115,-0.0551073468599878,-0.0968400771125392,-2.60041076260216e-16,-0.0968400771125394,0.0551073468599871,-0.0654809562971159,0.0923696237910079,-0.0129175440265728,0.0997204190451691,0.0438288763109433,0.0747793702421648,0.0863824638005249,0.0256229823373535,0.100963354453999,-0.0318307368245858,0.0828499089952247,-0.07897690614261,0.0379076919865407,-0.100548474373975,-0.0193099375195806,-0.0895600545330914,-0.0702745498692673,-0.0495699583813209,-0.098482591124544,0.00647206957435397,-0.0947996264515468,0.0604182874299176,-0.0604182874299173,0.0947996264515467,-0.00647206957435322,0.0984825911245442,0.0495699583813213,0.0702745498692682,0.0895600545330914,0.0193099375195809,0.100548474373976,-0.0379076919865389,0.0789769061426104,-0.0828499089952249,0.0318307368245866,-0.100963354453999,-0.0256229823373524,-0.0863824638005251,-0.0747793702421644,-0.0438288763109424,-0.0997204190451702,0.0129175440265726,-0.0923696237910084,0.0654809562971168,-0.0551073468599863,0.0968400771125389,-1.20725778760339e-16,0.0968400771125385,0.0551073468599885,0.065480956297116,0.0923696237910088,0.012917544026572,0.0997204190451694,-0.0438288763109425,0.074779370242165,-0.0863824638005253,0.0256229823373517,-0.100963354453998,-0.031830736824587,-0.0828499089952239,-0.0789769061426103,-0.0379076919865393,-0.100548474373976,0.0193099375195806,-0.0895600545330897,0.070274549869269,-0.0495699583813197,0.0984825911245443,0.00647206957435369,0.0947996264515457,0.060418287429917,0.0604182874299163,0.0947996264515477,0.00647206957435167,0.0984825911245443,-0.0495699583813217,0.0702745498692665,-0.0895600545330898,0.0193099375195772,-0.100548474373975,-0.0379076919865394,-0.0789769061426134,-0.0828499089952245,-0.0318307368245881,-0.100963354453995,0.0256229823373523,-0.0863824638005192,0.0747793702421631,-0.0438288763109525,0.0997204190451746,0.0129175440265652,0.0923696237910068,0.0654809562971138,0.0551073468599826,0.0968400771125451
0.0963669711866988,-0.0577925100003353,0.0617080608670355,-0.0947996264515509,0.00485550762955502,-0.0977115367231028,-0.0537433555875379,-0.0654809562971114,-0.0930131258732484,-0.0096997903956288,-0.0988302147216037,0.0495699583813172,-0.0691024741877901,0.0910115994473936,-0.0145216493840566,0.0997204190451696,0.045281966356218,0.0725642423878674,0.0887996742619764,0.0193099375195795,0.100380091737625,-0.0408892924047465,0.0758582580522172,-0.0863824638005254,0.0240535853353453,-0.100807707781091,-0.0364020914209576,-0.0789769061426123,-0.0837655561208897,-0.0287416265630635,-0.101002278621517,0.0318307368245879,-0.0819129770319871,0.0809550009368723,-0.0333632234846338,0.100963354453998,0.027185796579961,0.0846596831715429,0.0779572956326329,0.0379076919865396,0.100691025262638,-0.0224780087652082,0.0872106747820372,-0.0747793702421646,0.0423645262591777,-0.100185920612503,-0.0177182567481963,-0.0895600545330908,-0.0714285714285746,-0.0467234230839583,-0.0994492081942238,0.012917544026572,-0.0917023911765042,0.0679126455002196,-0.0509743056521062,0.0984825911245447,0.00808696879009519,0.0936327321021165,0.0642397205029647,0.0551073468599881,0.0972883040090947,-0.0032376982640891,0.0953466147871425,-0.0604182874299168,0.0591129920272199,-0.0958691077764736,0.00161905710673054,-0.096840077112539,-0.0564571805921204,-0.0629819809849944,-0.0942282832955858,-0.00647206957435371,-0.0981096665225626,0.052365557195582,-0.0667053694835453,0.092369623791008,-0.0113101200435219,0.0991524480063052,0.0481528761718295,0.0702745498692687,0.0902974260738771,0.0161220240078232,0.0999660108827977,-0.0438288763109416,0.0736812709837399,-0.0880164806086168,0.0208966574058076,-0.100548474373976,-0.0394035537476165,-0.0769176572385588,-0.0855320604384384,-0.0256229823373524,-0.100898491952616,0.0348871388523096,-0.0799762268219825,0.0828499089952232,-0.0302900725808693,0.101015254455221,0.0302900725808682,0.0828499089952242,0.0799762268219822,0.0348871388523103,0.100898491952617,-0.0256229823373515,0.0855320604384395,-0.0769176572385564,0.0394035537476208,-0.100548474373975,-0.0208966574058053,-0.0880164806086182,-0.0736812709837377,-0.0438288763109441,-0.0999660108827977,0.0161220240078222,-0.0902974260738778,0.0702745498692684,-0.0481528761718317,0.0991524480063053,0.0113101200435205,0.0923696237910086,0.0667053694835452,0.0523655571955829,0.0981096665225623,-0.00647206957435403,0.0942282832955865,-0.0629819809849949,0.0564571805921212,-0.0968400771125388,-0.00161905710673256,-0.0958691077764732,-0.0591129920272201,-0.0604182874299173,-0.0953466147871411,-0.00323769826409114,-0.0972883040090942,0.0551073468599883,-0.0642397205029655,0.0936327321021173,-0.008086968790096,0.0984825911245444,0.0509743056521101,0.0679126455002179,0.0917023911765058,0.0129175440265703,0.0994492081942232,-0.0467234230839618,0.0714285714285715,-0.0895600545330914,0.0177182567481978,-0.100185920612502,-0.0423645262591757,-0.0747793702421645,-0.087210674782038,-0.0224780087652111,-0.100691025262638,0.0379076919865383,-0.0779572956326341,0.0846596831715433,-0.0271857965799611,0.100963354453999,0.0333632234846327,0.0809550009368721,0.0819129770319888,0.0318307368245871,0.101002278621514,-0.028741626563064,0.0837655561208872,-0.0789769061426107,0.0364020914209588,-0.100807707781091,-0.0240535853353442,-0.0863824638005249,-0.0758582580522191,-0.0408892924047415,-0.100380091737626,0.0193099375195811,-0.0887996742619767,0.0725642423878634,-0.0452819663562152,0.09972041904517,0.0145216493840545,0.0910115994473977,0.0691024741877895,0.0495699583813217,0.0988302147215948,-0.00969979039562435,0.0930131258732362,-0.0654809562971142,0.0537433555875448,-0.0977115367231212,-0.00485550762956521,-0.0947996264515444,-0.0617080608670506,-0.0577925100003075,-0.0963669711867087
0.095869107776469,-0.0604182874299401,0.057792510000295,-0.0968400771125422,-0.00323769826410879,-0.0947996264515332,-0.0629819809849978,-0.0551073468599831,-0.0977115367231196,0.00647206957434921,-0.093632732102121,0.0654809562971121,-0.0523655571955857,0.0984825911245432,0.00969979039562054,0.0923696237910084,0.0679126455002191,0.0495699583813237,0.0991524480063022,-0.012917544026573,0.091011599447395,-0.0702745498692714,0.0467234230839596,-0.0997204190451699,-0.0161220240078217,-0.089560054533091,-0.072564242387865,-0.0438288763109447,-0.100185920612503,0.0193099375195801,-0.0880164806086181,0.0747793702421647,-0.0408892924047427,0.100548474373975,0.0224780087652103,0.0863824638005255,0.076917657238558,0.0379076919865386,0.10080770778109,-0.0256229823373516,0.0846596831715454,-0.0789769061426098,0.0348871388523087,-0.100963354453999,-0.0287416265630609,-0.0828499089952247,-0.0809550009368703,-0.0318307368245876,-0.101015254455223,0.0318307368245889,-0.0809550009368738,0.0828499089952238,-0.0287416265630624,0.100963354453999,0.0348871388523117,0.0789769061426102,0.0846596831715427,0.0256229823373528,0.100807707781091,-0.0379076919865376,0.0769176572385588,-0.0863824638005237,0.0224780087652123,-0.100548474373976,-0.0408892924047421,-0.0747793702421659,-0.0880164806086168,-0.0193099375195802,-0.100185920612502,0.0438288763109447,-0.0725642423878644,0.0895600545330908,-0.0161220240078236,0.0997204190451691,0.0467234230839597,0.0702745498692683,0.0910115994473945,0.0129175440265739,0.0991524480063045,-0.0495699583813202,0.0679126455002186,-0.0923696237910091,0.00969979039562597,-0.0984825911245444,-0.0523655571955821,-0.0654809562971157,-0.0936327321021164,-0.00647206957435413,-0.097711536723115,0.0551073468599869,-0.062981980984995,0.0947996264515463,-0.00323769826409288,0.0968400771125386,0.0577925100003112,0.0604182874299178,0.0958691077764729,4.26756961208561e-16,0.0958691077764733,-0.0604182874299169,0.0577925100003123,-0.0968400771125382,-0.00323769826409086,-0.0947996264515458,-0.0629819809849958,-0.0551073468599882,-0.0977115367231155,0.00647206957435199,-0.0936327321021177,0.0654809562971144,-0.0523655571955845,0.0984825911245441,0.00969979039562245,0.092369623791009,0.0679126455002187,0.0495699583813214,0.0991524480063044,-0.0129175440265719,0.0910115994473955,-0.0702745498692685,0.046723423083961,-0.0997204190451694,-0.0161220240078233,-0.0895600545330912,-0.0725642423878652,-0.0438288763109432,-0.100185920612503,0.0193099375195804,-0.0880164806086169,0.0747793702421642,-0.0408892924047431,0.100548474373975,0.0224780087652107,0.086382463800526,0.0769176572385579,0.0379076919865381,0.100807707781091,-0.0256229823373534,0.0846596831715432,-0.0789769061426114,0.0348871388523087,-0.100963354453999,-0.0287416265630648,-0.0828499089952228,-0.0809550009368731,-0.0318307368245863,-0.101015254455221,0.0318307368245879,-0.0809550009368713,0.0828499089952237,-0.0287416265630633,0.100963354453999,0.0348871388523095,0.0789769061426113,0.0846596831715432,0.0256229823373522,0.100807707781091,-0.037907691986539,0.0769176572385581,-0.0863824638005258,0.0224780087652107,-0.100548474373975,-0.0408892924047446,-0.0747793702421641,-0.0880164806086168,-0.0193099375195805,-0.100185920612502,0.0438288763109431,-0.0725642423878651,0.0895600545330923,-0.0161220240078233,0.0997204190451692,0.0467234230839622,0.0702745498692664,0.0910115994473953,0.0129175440265708,0.0991524480063041,-0.0495699583813199,0.0679126455002167,-0.0923696237910093,0.00969979039562258,-0.0984825911245464,-0.0523655571955855,-0.0654809562971166,-0.0936327321021119,-0.00647206957435467,-0.0977115367231099,0.0551073468599854,-0.0629819809850026,0.0947996264515522,-0.00323769826409763,0.0968400771125363,0.0577925100003095,0.0604182874299128,0.0958691077764785
0.0953466147871379,-0.0629819809850177,0.0537433555875196,-0.0984825911245468,-0.0113101200435381,-0.0910115994473823,-0.0714285714285748,-0.0438288763109389,-0.100380091737628,0.0224780087652057,-0.0855320604384422,0.0789769061426072,-0.0333632234846355,0.101015254455221,0.0333632234846286,0.0789769061426106,0.0855320604384393,0.0224780087652128,0.100380091737623,-0.0438288763109447,0.0714285714285719,-0.0910115994473985,0.0113101200435193,-0.0984825911245456,-0.0537433555875344,-0.0629819809849947,-0.095346614787143,-1.88896088290706e-15,-0.0953466147871421,0.0629819809849949,-0.0537433555875362,0.0984825911245445,0.0113101200435218,0.0910115994473945,0.0714285714285718,0.0438288763109431,0.100380091737626,-0.0224780087652101,0.0855320604384387,-0.0789769061426109,0.0333632234846362,-0.101015254455222,-0.0333632234846331,-0.0789769061426119,-0.0855320604384366,-0.0224780087652113,-0.100380091737626,0.0438288763109419,-0.0714285714285713,0.0910115994473948,-0.0113101200435231,0.0984825911245441,0.0537433555875373,0.0629819809849948,0.0953466147871414,-1.03775034437936e-15,0.0953466147871415,-0.0629819809849944,0.0537433555875375,-0.0984825911245438,-0.01131012004352,-0.0910115994473961,-0.0714285714285709,-0.0438288763109437,-0.100380091737625,0.0224780087652101,-0.0855320604384366,0.0789769061426111,-0.0333632234846332,0.101015254455222,0.0333632234846327,0.0789769061426106,0.0855320604384386,0.0224780087652114,0.100380091737626,-0.0438288763109425,0.0714285714285717,-0.0910115994473947,0.0113101200435221,-0.0984825911245443,-0.0537433555875357,-0.0629819809849956,-0.0953466147871404,-1.33596254852488e-15,-0.0953466147871419,0.0629819809849945,-0.0537433555875373,0.0984825911245445,0.0113101200435202,0.0910115994473961,0.0714285714285715,0.0438288763109432,0.100380091737626,-0.0224780087652106,0.0855320604384386,-0.0789769061426102,0.0333632234846333,-0.101015254455221,-0.0333632234846323,-0.0789769061426111,-0.0855320604384383,-0.0224780087652113,-0.100380091737626,0.0438288763109422,-0.0714285714285724,0.0910115994473941,-0.0113101200435244,0.098482591124544,0.0537433555875354,0.0629819809849964,0.0953466147871407,1.26966436090221e-15,0.0953466147871418,-0.0629819809849945,0.0537433555875361,-0.0984825911245446,-0.0113101200435198,-0.0910115994473957,-0.0714285714285709,-0.0438288763109429,-0.100380091737627,0.0224780087652107,-0.0855320604384386,0.0789769061426111,-0.0333632234846326,0.101015254455221,0.0333632234846331,0.0789769061426105,0.0855320604384387,0.0224780087652112,0.100380091737626,-0.0438288763109432,0.0714285714285711,-0.0910115994473963,0.0113101200435204,-0.0984825911245444,-0.0537433555875368,-0.0629819809849942,-0.0953466147871412,7.82915619344085e-16,-0.0953466147871412,0.062981980984996,-0.0537433555875356,0.0984825911245444,0.0113101200435229,0.0910115994473947,0.0714285714285716,0.043828876310942,0.100380091737626,-0.0224780087652106,0.0855320604384382,-0.0789769061426108,0.0333632234846328,-0.101015254455221,-0.0333632234846327,-0.0789769061426105,-0.0855320604384389,-0.0224780087652101,-0.100380091737626,0.0438288763109428,-0.0714285714285712,0.0910115994473947,-0.0113101200435204,0.0984825911245441,0.0537433555875365,0.0629819809849957,0.0953466147871411,-4.68137109903146e-16,0.0953466147871418,-0.0629819809849975,0.0537433555875358,-0.0984825911245445,-0.0113101200435225,-0.0910115994473937,-0.0714285714285716,-0.0438288763109418,-0.100380091737626,0.0224780087652097,-0.0855320604384374,0.0789769061426122,-0.0333632234846303,0.101015254455223,0.0333632234846357,0.0789769061426116,0.0855320604384332,0.0224780087652121,0.100380091737621,-0.0438288763109403,0.0714285714285774,-0.0910115994474012,0.0113101200435263,-0.0984825911245413,-0.0537433555875332,-0.0629819809849905,-0.0953466147871465
0.0947996264515431,-0.0654809562971377,0.0495699583813044,-0.099720419045171,-0.0193099375195975,-0.0863824638005128,-0.0789769061426151,-0.0318307368245836,-0.100963354453998,0.0379076919865338,-0.0747793702421676,0.089560054533088,-0.0129175440265743,0.0984825911245445,0.0551073468599834,0.0604182874299174,0.0968400771125402,-0.00647206957435203,0.0923696237910055,-0.0702745498692706,0.0438288763109441,-0.100548474373979,-0.0256229823373543,-0.082849908995226,-0.0828499089952221,-0.0256229823373512,-0.100548474373978,0.0438288763109414,-0.0702745498692691,0.0923696237910079,-0.006472069574353,0.0968400771125388,0.0604182874299175,0.0551073468599867,0.0984825911245453,-0.0129175440265709,0.0895600545330915,-0.0747793702421634,0.03790769198654,-0.100963354453999,-0.0318307368245841,-0.078976906142613,-0.086382463800525,-0.0193099375195811,-0.0997204190451695,0.0495699583813208,-0.065480956297118,0.0947996264515455,2.37054044512667e-15,0.0947996264515442,0.0654809562971151,0.0495699583813208,0.0997204190451697,-0.0193099375195812,0.0863824638005242,-0.0789769061426115,0.0318307368245884,-0.100963354453998,-0.0379076919865374,-0.0747793702421649,-0.0895600545330907,-0.0129175440265747,-0.0984825911245453,0.0551073468599867,-0.0604182874299178,0.0968400771125396,0.00647206957435471,0.0923696237910085,0.0702745498692679,0.0438288763109415,0.100548474373975,-0.0256229823373522,0.0828499089952243,-0.0828499089952228,0.0256229823373532,-0.100548474373975,-0.043828876310942,-0.0702745498692701,-0.0923696237910077,-0.00647206957435456,-0.0968400771125386,0.0604182874299181,-0.0551073468599883,0.0984825911245439,0.0129175440265704,0.0895600545330907,0.0747793702421637,0.0379076919865392,0.100963354453998,-0.0318307368245864,0.0789769061426105,-0.0863824638005257,0.0193099375195811,-0.0997204190451693,-0.0495699583813199,-0.0654809562971161,-0.0947996264515465,-3.96344337411109e-16,-0.094799626451547,0.0654809562971153,-0.0495699583813211,0.0997204190451691,0.0193099375195792,0.0863824638005255,0.0789769061426114,0.0318307368245884,0.100963354453999,-0.0379076919865368,0.0747793702421657,-0.08956005453309,0.0129175440265734,-0.0984825911245447,-0.0551073468599854,-0.0604182874299184,-0.0968400771125386,0.00647206957435334,-0.0923696237910088,0.0702745498692685,-0.0438288763109434,0.100548474373976,0.0256229823373525,0.0828499089952233,0.0828499089952237,0.0256229823373518,0.100548474373976,-0.0438288763109423,0.0702745498692685,-0.0923696237910082,0.00647206957435253,-0.096840077112539,-0.0604182874299182,-0.0551073468599869,-0.098482591124544,0.0129175440265729,-0.0895600545330903,0.0747793702421653,-0.0379076919865384,0.100963354453999,0.0318307368245875,0.0789769061426105,0.0863824638005269,0.0193099375195793,0.0997204190451698,-0.0495699583813222,0.0654809562971147,-0.0947996264515466,-1.50734780439078e-16,-0.0947996264515458,-0.065480956297117,-0.0495699583813208,-0.0997204190451699,0.0193099375195804,-0.0863824638005256,0.0789769061426107,-0.0318307368245877,0.100963354453998,0.0379076919865393,0.074779370242164,0.089560054533091,0.0129175440265718,0.0984825911245438,-0.0551073468599866,0.060418287429917,-0.0968400771125387,-0.00647206957435461,-0.0923696237910089,-0.0702745498692691,-0.0438288763109422,-0.100548474373976,0.0256229823373548,-0.082849908995223,0.0828499089952247,-0.025622982337351,0.100548474373974,0.0438288763109432,0.0702745498692674,0.0923696237910095,0.00647206957435417,0.0968400771125388,-0.0604182874299194,0.0551073468599846,-0.0984825911245456,-0.0129175440265751,-0.0895600545330919,-0.0747793702421589,-0.037907691986541,-0.100963354453994,0.0318307368245844,-0.0789769061426154,0.0863824638005318,-0.0193099375195849,0.099720419045166,0.0495699583813173,0.0654809562971111,0.0947996264515511
0.0942282832955832,-0.06791264550024,0.0452819663562017,-0.100548474373976,-0.027185796579978,-0.0809550009368594,-0.0855320604384437,-0.019309937519577,-0.0994492081942211,0.0523655571955784,-0.0617080608670556,0.0968400771125363,0.00808696879009362,0.0910115994473964,0.0736812709837351,0.037907691986539,0.101002278621517,-0.0348871388523085,0.0758582580522154,-0.0895600545330934,0.0113101200435234,-0.0977115367231183,-0.0591129920272213,-0.0551073468599903,-0.0988302147215976,0.0161220240078242,-0.0872106747820419,0.0789769061426096,-0.0302900725808692,0.10080770778109,0.0423645262591761,0.0702745498692682,0.0930131258732419,0.0032376982640916,0.0953466147871423,-0.0654809562971145,0.0481528761718309,-0.100185920612501,-0.0240535853353423,-0.0828499089952248,-0.0837655561208864,-0.0224780087652133,-0.0999660108827964,0.0495699583813205,-0.0642397205029671,0.0958691077764727,0.00485550762956861,0.0923696237910077,0.0714285714285744,0.040889292404741,0.100898491952617,-0.0318307368245874,0.0779572956326333,-0.0880164806086183,0.0145216493840504,-0.0984825911245442,-0.05645718059212,-0.0577925100003124,-0.0981096665225619,0.0129175440265708,-0.0887996742619787,0.0769176572385554,-0.0333632234846345,0.100963354453999,0.0394035537476163,0.0725642423878658,0.0917023911765039,0.00647206957435337,0.0963669711867022,-0.0629819809849972,0.0509743056521084,-0.0997204190451694,-0.0208966574058066,-0.0846596831715433,-0.081912977031987,-0.0256229823373522,-0.100380091737626,0.0467234230839592,-0.066705369483545,0.094799626451546,0.00161905710673095,0.0936327321021174,0.0691024741877869,0.0438288763109441,0.100691025262638,-0.0287416265630631,0.079976226821983,-0.086382463800526,0.0177182567481997,-0.0991524480063055,-0.0537433555875365,-0.0604182874299177,-0.0972883040090943,0.00969979039562481,-0.090297426073878,0.0747793702421638,-0.0364020914209589,0.101015254455221,0.0364020914209579,0.0747793702421649,0.0902974260738778,0.00969979039562562,0.0972883040090955,-0.0604182874299167,0.0537433555875372,-0.0991524480063038,-0.017718256748196,-0.0863824638005262,-0.0799762268219818,-0.0287416265630652,-0.100691025262637,0.0438288763109416,-0.0691024741877897,0.0936327321021164,-0.00161905710673126,0.0947996264515468,0.0667053694835434,0.0467234230839611,0.100380091737626,-0.0256229823373521,0.0819129770319884,-0.0846596831715432,0.0208966574058068,-0.0997204190451698,-0.0509743056521091,-0.0629819809849956,-0.0963669711867029,0.00647206957435379,-0.091702391176504,0.0725642423878643,-0.039403553747617,0.100963354453998,0.033363223484633,0.0769176572385576,0.088799674261978,0.0129175440265709,0.0981096665225623,-0.0577925100003134,0.0564571805921207,-0.0984825911245447,-0.0145216493840543,-0.0880164806086172,-0.0779572956326353,-0.0318307368245858,-0.100898491952617,0.0408892924047446,-0.0714285714285714,0.0923696237910085,-0.00485550762957009,0.0958691077764725,0.0642397205029659,0.0495699583813209,0.0999660108827978,-0.0224780087652102,0.0837655561208889,-0.0828499089952235,0.0240535853353438,-0.100185920612502,-0.0481528761718303,-0.0654809562971159,-0.0953466147871408,0.00323769826409123,-0.0930131258732426,0.0702745498692686,-0.0423645262591737,0.100807707781091,0.0302900725808701,0.0789769061426101,0.0872106747820388,0.0161220240078205,0.0988302147215983,-0.0551073468599887,0.0591129920272187,-0.0977115367231155,-0.0113101200435216,-0.0895600545330904,-0.0758582580522197,-0.0348871388523097,-0.101002278621516,0.037907691986541,-0.0736812709837358,0.091011599447396,-0.00808696879009253,0.0968400771125397,0.0617080608670473,0.0523655571955863,0.0994492081942197,-0.0193099375195768,0.0855320604384418,-0.0809550009368779,0.0271857965799652,-0.100548474373971,-0.0452819663562135,-0.0679126455002138,-0.0942282832955904
0.0936327321021141,-0.0702745498692893,0.0408892924047282,-0.100963354453998,-0.0348871388523268,-0.0747793702421523,-0.0910115994474016,-0.00647206957435092,-0.0958691077764686,0.0654809562971112,-0.0467234230839631,0.100548474373974,0.0287416265630613,0.0789769061426127,0.0880164806086147,0.0129175440265724,0.097711536723118,-0.0604182874299169,0.0523655571955815,-0.0997204190451719,-0.0224780087652076,-0.0828499089952257,-0.0846596831715448,-0.0193099375195834,-0.0991524480063035,0.0551073468599879,-0.0577925100003156,0.0984825911245435,0.0161220240078234,0.0863824638005248,0.0809550009368726,0.0256229823373515,0.100185920612501,-0.0495699583813209,0.062981980984996,-0.0968400771125374,-0.0096997903956249,-0.08956005453309,-0.076917657238556,-0.031830736824588,-0.100807707781091,0.0438288763109412,-0.067912645500217,0.0947996264515468,0.00323769826408938,0.092369623791009,0.0725642423878628,0.0379076919865388,0.101015254455223,-0.0379076919865401,0.0725642423878663,-0.0923696237910082,0.00323769826409047,-0.094799626451546,-0.0679126455002201,-0.0438288763109417,-0.100807707781091,0.0318307368245867,-0.0769176572385586,0.0895600545330907,-0.00969979039562579,0.0968400771125391,0.0629819809849949,0.0495699583813218,0.100185920612502,-0.0256229823373517,0.0809550009368702,-0.0863824638005262,0.0161220240078237,-0.0984825911245446,-0.0577925100003121,-0.0551073468599872,-0.0991524480063052,0.0193099375195795,-0.0846596831715436,0.0828499089952238,-0.022478008765211,0.0997204190451704,0.0523655571955826,0.0604182874299181,0.0977115367231156,-0.0129175440265722,0.0880164806086182,-0.07897690614261,0.0287416265630654,-0.100548474373975,-0.0467234230839599,-0.0654809562971168,-0.0958691077764716,0.00647206957435243,-0.0910115994473954,0.0747793702421642,-0.0348871388523106,0.100963354453998,0.0408892924047426,0.0702745498692687,0.093632732102117,4.2464658651116e-16,0.0936327321021175,-0.0702745498692679,0.0408892924047438,-0.100963354453998,-0.0348871388523087,-0.0747793702421642,-0.0910115994473962,-0.00647206957435509,-0.0958691077764742,0.065480956297114,-0.0467234230839624,0.100548474373975,0.028741626563062,0.0789769061426115,0.0880164806086161,0.0129175440265731,0.0977115367231153,-0.0604182874299172,0.0523655571955841,-0.0997204190451697,-0.0224780087652101,-0.0828499089952236,-0.084659683171544,-0.0193099375195795,-0.0991524480063046,0.0551073468599882,-0.0577925100003118,0.0984825911245441,0.0161220240078238,0.0863824638005255,0.0809550009368724,0.0256229823373526,0.100185920612502,-0.0495699583813213,0.0629819809849948,-0.0968400771125396,-0.00969979039562569,-0.0895600545330907,-0.0769176572385584,-0.0318307368245856,-0.100807707781091,0.0438288763109441,-0.0679126455002177,0.0947996264515469,0.00323769826409356,0.0923696237910077,0.0725642423878664,0.0379076919865374,0.101015254455222,-0.0379076919865396,0.072564242387864,-0.0923696237910086,0.00323769826409141,-0.0947996264515465,-0.0679126455002186,-0.0438288763109435,-0.100807707781091,0.0318307368245872,-0.0769176572385577,0.0895600545330914,-0.00969979039562502,0.0968400771125389,0.0629819809849951,0.0495699583813216,0.100185920612503,-0.0256229823373525,0.0809550009368705,-0.0863824638005266,0.016122024007822,-0.0984825911245441,-0.0577925100003126,-0.0551073468599852,-0.0991524480063041,0.0193099375195818,-0.0846596831715434,0.0828499089952246,-0.0224780087652102,0.0997204190451693,0.0523655571955856,0.0604182874299174,0.0977115367231178,-0.0129175440265742,0.0880164806086149,-0.0789769061426108,0.0287416265630602,-0.100548474373977,-0.0467234230839553,-0.0654809562971197,-0.0958691077764702,0.00647206957434979,-0.0910115994473973,0.0747793702421703,-0.0348871388523136,0.100963354453994,0.040889292404739,0.0702745498692636,0.0936327321021205
0.0930131258732398,-0.0725642423878849,0.0364020914209433,-0.100963354453997,-0.0423645262591921,-0.067912645500207,-0.0953466147871483,0.006472069574356,-0.090297426073872,0.0769176572385533,-0.0302900725808706,0.100548474373975,0.0481528761718285,0.062981980984998,0.0972883040090927,-0.012917544026571,0.0872106747820408,-0.0809550009368722,0.0240535853353433,-0.0997204190451715,-0.0537433555875331,-0.0577925100003129,-0.0988302147215999,0.0193099375195774,-0.0837655561208876,0.0846596831715432,-0.0177182567482017,0.0984825911245438,0.0591129920272196,0.052365557195582,0.0999660108827981,-0.0256229823373529,0.0799762268219802,-0.0880164806086172,0.0113101200435212,-0.0968400771125377,-0.0642397205029661,-0.0467234230839603,-0.100691025262637,0.0318307368245871,-0.0758582580522203,0.0910115994473953,-0.00485550762957061,0.0947996264515474,0.0691024741877856,0.0408892924047443,0.101002278621515,-0.0379076919865378,0.0714285714285707,-0.093632732102116,-0.00161905710673022,-0.0923696237910078,-0.0736812709837399,-0.0348871388523084,-0.100898491952616,0.0438288763109444,-0.0667053694835452,0.0958691077764722,0.00808696879009498,0.0895600545330916,0.0779572956326338,0.0287416265630666,0.100380091737627,-0.0495699583813201,0.0617080608670534,-0.0977115367231167,-0.0145216493840537,-0.0863824638005259,-0.0819129770319873,-0.0224780087652088,-0.0994492081942228,0.0551073468599875,-0.0564571805921212,0.0991524480063041,0.0208966574058056,0.0828499089952238,0.0855320604384378,0.0161220240078255,0.0981096665225623,-0.0604182874299168,0.0509743056521091,-0.100185920612503,-0.0271857965799595,-0.0789769061426117,-0.0887996742619776,-0.00969979039562525,-0.0963669711867029,0.0654809562971157,-0.0452819663562181,0.100807707781091,0.0333632234846331,0.0747793702421645,0.0917023911765043,0.00323769826409174,0.0942282832955862,-0.070274549869268,0.039403553747618,-0.101015254455221,-0.0394035537476174,-0.0702745498692689,-0.0942282832955864,0.00323769826409123,-0.0917023911765058,0.0747793702421638,-0.0333632234846335,0.10080770778109,0.0452819663562152,0.0654809562971168,0.0963669711867026,-0.00969979039562304,0.0887996742619788,-0.07897690614261,0.0271857965799632,-0.100185920612503,-0.0509743056521088,-0.0604182874299182,-0.0981096665225618,0.0161220240078232,-0.0855320604384388,0.0828499089952238,-0.0208966574058066,0.0991524480063043,0.0564571805921207,0.0551073468599872,0.0994492081942235,-0.0224780087652101,0.0819129770319879,-0.0863824638005258,0.0145216493840516,-0.0977115367231161,-0.0617080608670537,-0.0495699583813204,-0.100380091737626,0.0287416265630649,-0.0779572956326332,0.0895600545330917,-0.00808696879009551,0.0958691077764718,0.0667053694835447,0.0438288763109419,0.100898491952617,-0.0348871388523109,0.073681270983738,-0.0923696237910091,0.00161905710672935,-0.0936327321021162,-0.0714285714285721,-0.0379076919865376,-0.101002278621516,0.0408892924047441,-0.0691024741877877,0.0947996264515468,0.00485550762957162,0.0910115994473959,0.0758582580522182,0.031830736824587,0.100691025262638,-0.0467234230839615,0.0642397205029656,-0.096840077112539,-0.0113101200435212,-0.088016480608618,-0.0799762268219837,-0.0256229823373516,-0.099966010882797,0.0523655571955839,-0.0591129920272182,0.0984825911245445,0.0177182567481993,0.084659683171542,0.0837655561208882,0.0193099375195787,0.0988302147216002,-0.0577925100003138,0.0537433555875362,-0.0997204190451699,-0.0240535853353471,-0.0809550009368717,-0.0872106747820411,-0.0129175440265695,-0.0972883040090925,0.0629819809849948,-0.0481528761718273,0.100548474373977,0.0302900725808635,0.0769176572385623,0.0902974260738764,0.00647206957435804,0.0953466147871419,-0.0679126455002244,0.0423645262591787,-0.100963354453993,-0.0364020914209533,-0.0725642423878597,-0.0930131258732456
0.0923696237910055,-0.0747793702421838,0.0318307368245725,-0.100548474373973,-0.0495699583813375,-0.0604182874299064,-0.098482591124552,0.019309937519582,-0.0828499089952164,0.0863824638005218,-0.0129175440265727,0.0968400771125386,0.0654809562971141,0.0438288763109461,0.100963354453997,-0.0379076919865377,0.0702745498692707,-0.0947996264515472,-0.00647206957435389,-0.0895600545330924,-0.0789769061426074,-0.0256229823373517,-0.0997204190451694,0.0551073468599852,-0.0551073468599874,0.0997204190451691,0.0256229823373508,0.0789769061426105,0.0895600545330915,0.0064720695743524,0.0947996264515456,-0.0702745498692693,0.0379076919865365,-0.100963354453998,-0.0438288763109436,-0.0654809562971155,-0.0968400771125396,0.0129175440265716,-0.0863824638005265,0.0828499089952242,-0.0193099375195839,0.098482591124546,0.0604182874299171,0.049569958381322,0.100548474373975,-0.0318307368245871,0.0747793702421658,-0.0923696237910074,-2.93232270102298e-15,-0.0923696237910058,-0.0747793702421642,-0.0318307368245866,-0.100548474373975,0.0495699583813222,-0.0604182874299152,0.0984825911245449,0.0193099375195791,0.082849908995224,0.0863824638005251,0.0129175440265729,0.0968400771125394,-0.0654809562971132,0.0438288763109445,-0.100963354453999,-0.0379076919865375,-0.0702745498692695,-0.0947996264515455,0.00647206957435419,-0.0895600545330908,0.0789769061426125,-0.0256229823373518,0.0997204190451693,0.0551073468599877,0.0551073468599877,0.0997204190451692,-0.0256229823373519,0.0789769061426109,-0.0895600545330906,0.00647206957435449,-0.0947996264515467,-0.070274549869268,-0.0379076919865388,-0.100963354453999,0.0438288763109418,-0.0654809562971173,0.0968400771125383,0.0129175440265707,0.0863824638005266,0.0828499089952228,0.0193099375195816,0.0984825911245444,-0.0604182874299172,0.0495699583813217,-0.100548474373975,-0.0318307368245863,-0.0747793702421647,-0.0923696237910087,-3.57529833105897e-16,-0.0923696237910092,0.074779370242164,-0.0318307368245873,0.100548474373975,0.0495699583813202,0.0604182874299173,0.0984825911245453,-0.0193099375195788,0.0828499089952262,-0.0863824638005243,0.0129175440265733,-0.0968400771125388,-0.0654809562971145,-0.0438288763109441,-0.100963354453998,0.0379076919865377,-0.0702745498692679,0.0947996264515466,0.00647206957435272,0.0895600545330913,0.0789769061426106,0.0256229823373518,0.0997204190451703,-0.0551073468599878,0.0551073468599875,-0.09972041904517,-0.0256229823373526,-0.0789769061426108,-0.0895600545330915,-0.00647206957435348,-0.0947996264515457,0.0702745498692681,-0.037907691986538,0.100963354453998,0.0438288763109429,0.0654809562971155,0.0968400771125386,-0.0129175440265728,0.0863824638005258,-0.0828499089952247,0.0193099375195799,-0.0984825911245443,-0.0604182874299188,-0.0495699583813199,-0.100548474373976,0.031830736824589,-0.0747793702421631,0.0923696237910088,4.57643628185766e-16,0.0923696237910078,0.0747793702421657,0.0318307368245868,0.100548474373976,-0.0495699583813215,0.0604182874299169,-0.0984825911245446,-0.0193099375195803,-0.0828499089952233,-0.0863824638005266,-0.0129175440265709,-0.0968400771125388,0.0654809562971162,-0.0438288763109425,0.100963354453999,0.0379076919865402,0.070274549869268,0.094799626451546,-0.0064720695743541,0.0895600545330904,-0.0789769061426114,0.0256229823373521,-0.0997204190451697,-0.0551073468599877,-0.0551073468599863,-0.0997204190451712,0.0256229823373543,-0.0789769061426109,0.0895600545330919,-0.0064720695743509,0.094799626451546,0.0702745498692718,0.0379076919865366,0.100963354453997,-0.0438288763109419,0.0654809562971129,-0.0968400771125401,-0.0129175440265668,-0.0863824638005307,-0.0828499089952235,-0.019309937519585,-0.0984825911245437,0.0604182874299231,-0.0495699583813241,0.10054847437397,0.0318307368245816,0.0747793702421596,0.0923696237910111
0.0917023911765018,-0.0769176572385764,0.0271857965799464,-0.0997204190451658,-0.056457180592137,-0.0523655571955728,-0.100380091737634,0.0318307368245885,-0.0736812709837297,0.0936327321021131,0.00485550762957109,0.0895600545330917,0.0799762268219809,0.0224780087652142,0.098830214721599,-0.0604182874299163,0.0481528761718327,-0.100807707781092,-0.0364020914209578,-0.0702745498692691,-0.0953466147871382,0.00969979039562617,-0.0872106747820373,0.0828499089952225,-0.0177182567481996,0.0977115367231149,0.0642397205029656,0.0438288763109431,0.101002278621516,-0.0408892924047446,0.0667053694835433,-0.0968400771125393,-0.0145216493840545,-0.0846596831715423,-0.0855320604384396,-0.0129175440265723,-0.0963669711867033,0.0679126455002177,-0.0394035537476194,0.100963354453999,0.0452819663562146,0.0629819809849979,0.0981096665225609,-0.0193099375195797,0.0819129770319886,-0.088016480608618,0.00808696879009825,-0.0947996264515455,-0.0714285714285748,-0.0348871388523065,-0.100691025262638,0.0495699583813212,-0.0591129920272177,0.0991524480063048,0.0240535853353466,0.0789769061426097,0.090297426073877,0.00323769826409259,0.0930131258732427,-0.0747793702421635,0.03029007258087,-0.100185920612502,-0.0537433555875356,-0.0551073468599882,-0.0999660108827972,0.0287416265630634,-0.075858258052216,0.0923696237910088,0.00161905710673128,0.091011599447395,0.0779572956326341,0.0256229823373516,0.0994492081942235,-0.0577925100003114,0.0509743056521092,-0.100548474373975,-0.0333632234846322,-0.0725642423878662,-0.0942282832955856,0.00647206957435288,-0.0887996742619781,0.0809550009368726,-0.0208966574058079,0.0984825911245445,0.0617080608670517,0.0467234230839611,0.100898491952616,-0.0379076919865382,0.069102474187788,-0.0958691077764726,-0.0113101200435213,-0.086382463800526,-0.0837655561208877,-0.0161220240078231,-0.0972883040090948,0.0654809562971155,-0.0423645262591754,0.101015254455221,0.0423645262591749,0.0654809562971164,0.097288304009095,-0.0161220240078226,0.0837655561208894,-0.0863824638005251,0.0113101200435216,-0.0958691077764724,-0.0691024741877861,-0.0379076919865401,-0.100898491952617,0.0467234230839591,-0.0617080608670543,0.0984825911245442,0.0208966574058041,0.0809550009368729,0.0887996742619779,0.00647206957435428,0.0942282832955863,-0.0725642423878645,0.0333632234846334,-0.100548474373975,-0.0509743056521092,-0.0577925100003114,-0.099449208194223,0.0256229823373526,-0.077957295632634,0.0910115994473949,-0.00161905710673136,0.0923696237910082,0.0758582580522182,0.0287416265630644,0.0999660108827982,-0.0551073468599878,0.053743355587536,-0.100185920612503,-0.0302900725808697,-0.0747793702421638,-0.0930131258732431,0.0032376982640938,-0.0902974260738775,0.0789769061426117,-0.0240535853353429,0.0991524480063046,0.0591129920272208,0.0495699583813193,0.100691025262638,-0.0348871388523108,0.0714285714285714,-0.0947996264515464,-0.00808696879009752,-0.0880164806086172,-0.0819129770319881,-0.01930993751958,-0.0981096665225616,0.062981980984995,-0.045281966356218,0.100963354453998,0.0394035537476184,0.0679126455002178,0.0963669711867023,-0.012917544026572,0.0855320604384379,-0.0846596831715428,0.0145216493840518,-0.0968400771125386,-0.0667053694835448,-0.0408892924047437,-0.101002278621515,0.0438288763109437,-0.0642397205029659,0.0977115367231172,0.0177182567481996,0.0828499089952232,0.0872106747820404,0.00969979039562219,0.0953466147871416,-0.0702745498692698,0.0364020914209558,-0.10080770778109,-0.0481528761718344,-0.0604182874299157,-0.0988302147215981,0.022478008765209,-0.0799762268219798,0.0895600545330925,-0.00485550762957586,0.0936327321021222,0.0736812709837397,0.0318307368245924,0.100380091737624,-0.0523655571955886,0.0564571805921237,-0.0997204190451635,-0.0271857965799546,-0.0769176572385532,-0.0917023911765071
0.0910115994473918,-0.0789769061426283,0.0224780087651964,-0.0984825911245392,-0.0629819809850108,-0.043828876310933,-0.10101525445523,0.0438288763109434,-0.0629819809849847,0.0984825911245409,0.022478008765211,0.0789769061426117,0.0910115994473941,3.88558486652802e-15,0.0910115994473958,-0.0789769061426093,0.0224780087652123,-0.0984825911245458,-0.0629819809849936,-0.0438288763109427,-0.101015254455218,0.0438288763109452,-0.0629819809849933,0.0984825911245438,0.0224780087652095,0.0789769061426095,0.0910115994473969,4.37407792377837e-16,0.0910115994473953,-0.078976906142611,0.0224780087652089,-0.0984825911245443,-0.062981980984996,-0.0438288763109419,-0.101015254455222,0.0438288763109419,-0.0629819809849956,0.0984825911245431,0.0224780087652086,0.0789769061426116,0.0910115994473941,2.09688384565075e-15,0.0910115994473935,-0.0789769061426111,0.0224780087652125,-0.0984825911245449,-0.0629819809849937,-0.0438288763109425,-0.101015254455223,0.0438288763109447,-0.0629819809849964,0.0984825911245439,0.0224780087652126,0.0789769061426094,0.091011599447396,-2.02636283821283e-15,0.0910115994473952,-0.0789769061426102,0.0224780087652112,-0.0984825911245442,-0.0629819809849948,-0.043828876310945,-0.101015254455222,0.0438288763109423,-0.0629819809849953,0.098482591124545,0.0224780087652115,0.0789769061426104,0.0910115994473947,-2.02986579303764e-15,0.0910115994473947,-0.0789769061426107,0.0224780087652105,-0.0984825911245439,-0.0629819809849945,-0.0438288763109428,-0.101015254455221,0.0438288763109415,-0.0629819809849957,0.0984825911245442,0.0224780087652103,0.0789769061426111,0.0910115994473949,8.85619726303146e-16,0.0910115994473961,-0.0789769061426103,0.0224780087652113,-0.0984825911245448,-0.0629819809849943,-0.043828876310944,-0.101015254455221,0.0438288763109428,-0.0629819809849958,0.0984825911245442,0.0224780087652097,0.078976906142611,0.0910115994473957,1.95560647430973e-16,0.091011599447396,-0.0789769061426105,0.0224780087652103,-0.098482591124544,-0.0629819809849948,-0.0438288763109426,-0.101015254455222,0.0438288763109415,-0.0629819809849979,0.0984825911245431,0.0224780087652094,0.0789769061426112,0.0910115994473944,1.25039328122199e-15,0.0910115994473962,-0.0789769061426101,0.0224780087652102,-0.098482591124545,-0.0629819809849945,-0.0438288763109431,-0.101015254455221,0.0438288763109431,-0.0629819809849957,0.0984825911245443,0.0224780087652105,0.0789769061426107,0.0910115994473958,3.55652791910549e-16,0.0910115994473955,-0.0789769061426107,0.0224780087652094,-0.0984825911245447,-0.0629819809849961,-0.0438288763109424,-0.101015254455221,0.0438288763109441,-0.0629819809849943,0.0984825911245448,0.0224780087652112,0.0789769061426097,0.0910115994473954,-1.15277345174787e-15,0.0910115994473949,-0.0789769061426116,0.0224780087652091,-0.0984825911245438,-0.0629819809849972,-0.0438288763109416,-0.101015254455221,0.0438288763109437,-0.0629819809849945,0.0984825911245443,0.022478008765211,0.0789769061426108,0.0910115994473949,6.58380064826305e-16,0.0910115994473958,-0.0789769061426102,0.0224780087652101,-0.0984825911245439,-0.0629819809849949,-0.0438288763109429,-0.10101525445522,0.043828876310942,-0.0629819809849948,0.0984825911245444,0.0224780087652114,0.078976906142611,0.0910115994473958,-8.26929494218978e-16,0.091011599447396,-0.0789769061426131,0.0224780087652097,-0.0984825911245442,-0.0629819809849977,-0.0438288763109402,-0.101015254455222,0.0438288763109447,-0.0629819809849931,0.0984825911245439,0.0224780087652145,0.0789769061426095,0.0910115994473948,1.96655690923811e-15,0.0910115994473934,-0.0789769061426121,0.0224780087652145,-0.09848259112455,-0.0629819809849971,-0.0438288763109483,-0.101015254455218,0.0438288763109479,-0.0629819809849978,0.098482591124538,0.0224780087652038,0.0789769061426065,0.0910115994473974
0.0902974260738736,-0.0809550009368883,0.0177182567481851,-0.096840077112532,-0.0691024741878026,-0.0348871388523002,-0.100380091737634,0.0551073468599872,-0.0509743056520965,0.100807707781087,0.0394035537476188,0.0654809562971169,0.098109666522561,-0.0224780087652066,0.0779572956326352,-0.0923696237910066,-0.00485550762957018,-0.088016480608619,-0.0837655561208858,-0.0129175440265707,-0.0953466147871391,0.0725642423878674,-0.0302900725808661,0.0997204190451698,0.0591129920272179,0.0467234230839593,0.101002278621518,-0.0438288763109423,0.0617080608670523,-0.0991524480063042,-0.0271857965799625,-0.0747793702421635,-0.0942282832955855,0.00969979039562549,-0.0855320604384391,0.0863824638005245,-0.00808696879009578,0.0936327321021156,0.0758582580522163,0.0256229823373528,0.0988302147216003,-0.0629819809849946,0.0423645262591737,-0.100963354454,-0.0481528761718285,-0.0577925100003127,-0.0999660108827981,0.0318307368245871,-0.0714285714285706,0.0958691077764723,0.0145216493840524,0.0828499089952231,0.0887996742619794,0.00323769826409005,0.0917023911765035,-0.0789769061426126,0.0208966574058071,-0.0977115367231159,-0.0667053694835443,-0.0379076919865393,-0.100691025262638,0.052365557195581,-0.0537433555875377,0.100548474373976,0.0364020914209579,0.0679126455002194,0.0972883040090941,-0.0193099375195812,0.0799762268219819,-0.0910115994473969,-0.00161905710673215,-0.0895600545330906,-0.0819129770319883,-0.0161220240078237,-0.0963669711867025,0.0702745498692682,-0.0333632234846334,0.100185920612503,0.0564571805921202,0.0495699583813218,0.100898491952617,-0.0408892924047442,0.0642397205029666,-0.0984825911245443,-0.024053585335343,-0.0769176572385579,-0.0930131258732423,0.0064720695743532,-0.0872106747820381,0.084659683171543,-0.0113101200435209,0.0947996264515465,0.0736812709837381,0.0287416265630633,0.0994492081942231,-0.060418287429917,0.045281966356218,-0.101015254455221,-0.0452819663562174,-0.0604182874299181,-0.0994492081942235,0.0287416265630628,-0.0736812709837401,0.0947996264515456,0.0113101200435209,0.0846596831715436,0.0872106747820373,0.00647206957435555,0.0930131258732437,-0.0769176572385563,0.0240535853353461,-0.0984825911245447,-0.0642397205029633,-0.0408892924047448,-0.100898491952616,0.0495699583813207,-0.0564571805921215,0.100185920612502,0.0333632234846326,0.0702745498692679,0.0963669711867031,-0.016122024007824,0.0819129770319875,-0.0895600545330914,0.00161905710673098,-0.0910115994473952,-0.0799762268219826,-0.0193099375195801,-0.0972883040090942,0.0679126455002182,-0.0364020914209578,0.100548474373975,0.0537433555875363,0.0523655571955827,0.100691025262637,-0.0379076919865396,0.0667053694835442,-0.097711536723116,-0.0208966574058069,-0.0789769061426101,-0.0917023911765057,0.00323769826409328,-0.0887996742619775,0.0828499089952247,-0.0145216493840508,0.0958691077764719,0.0714285714285718,0.0318307368245863,0.0999660108827982,-0.0577925100003124,0.0481528761718302,-0.100963354453999,-0.0423645262591752,-0.0629819809849961,-0.0988302147215997,0.025622982337352,-0.0758582580522177,0.0936327321021169,0.00808696879009583,0.086382463800526,0.085532060438438,0.00969979039562561,0.0942282832955863,-0.0747793702421646,0.0271857965799596,-0.0991524480063053,-0.0617080608670538,-0.0438288763109423,-0.101002278621516,0.0467234230839638,-0.0591129920272184,0.0997204190451701,0.0302900725808712,0.0725642423878624,0.095346614787142,-0.0129175440265737,0.0837655561208869,-0.0880164806086174,0.00485550762956758,-0.0923696237910078,-0.0779572956326345,-0.0224780087652128,-0.098109666522561,0.0654809562971172,-0.039403553747621,0.100807707781097,0.0509743056521117,0.0551073468599932,0.100380091737622,-0.0348871388523143,0.0691024741877905,-0.0968400771125322,-0.0177182567481918,-0.0809550009368682,-0.0902974260738798
0.0895600545330861,-0.0828499089952389,0.012917544026558,-0.0947996264515379,-0.074779370242178,-0.025622982337343,-0.0984825911245523,0.0654809562971148,-0.037907691986525,0.100548474373972,0.0551073468599891,0.049569958381322,0.100963354453997,-0.043828876310939,0.0604182874299188,-0.0997204190451675,-0.0318307368245868,-0.0702745498692694,-0.0968400771125354,0.0193099375195822,-0.0789769061426094,0.0923696237910113,0.00647206957435695,0.0863824638005266,0.0863824638005241,0.00647206957435208,0.0923696237910113,-0.07897690614261,0.0193099375195792,-0.0968400771125373,-0.0702745498692697,-0.0318307368245857,-0.0997204190451678,0.0604182874299177,-0.0438288763109429,0.100963354453997,0.0495699583813218,0.0551073468599867,0.100548474373975,-0.0379076919865385,0.0654809562971189,-0.0984825911245453,-0.0256229823373525,-0.0747793702421659,-0.0947996264515452,0.0129175440265715,-0.0828499089952255,0.0895600545330905,2.81989107545376e-15,0.0895600545330889,0.0828499089952242,0.0129175440265713,0.0947996264515461,-0.0747793702421656,0.0256229823373498,-0.0984825911245446,-0.0654809562971151,-0.0379076919865394,-0.100548474373976,0.0551073468599866,-0.0495699583813223,0.100963354453998,0.0438288763109421,0.0604182874299183,0.0997204190451691,-0.0318307368245873,0.0702745498692668,-0.0968400771125394,-0.01930993751958,-0.0789769061426101,-0.0923696237910085,0.00647206957435413,-0.0863824638005261,0.0863824638005251,-0.00647206957435455,0.0923696237910083,0.07897690614261,0.0193099375195822,0.0968400771125386,-0.0702745498692678,0.0318307368245877,-0.0997204190451703,-0.0604182874299164,-0.0438288763109438,-0.100963354453999,0.0495699583813204,-0.0551073468599881,0.100548474373976,0.0379076919865378,0.0654809562971169,0.0984825911245444,-0.025622982337352,0.0747793702421648,-0.0947996264515462,-0.012917544026571,-0.082849908995224,-0.0895600545330913,-2.53365047329965e-16,-0.0895600545330917,0.0828499089952236,-0.0129175440265716,0.094799626451546,0.074779370242164,0.025622982337352,0.0984825911245452,-0.0654809562971145,0.0379076919865415,-0.100548474373975,-0.0551073468599866,-0.049569958381322,-0.100963354453998,0.0438288763109418,-0.0604182874299192,0.0997204190451696,0.0318307368245875,0.0702745498692691,0.0968400771125382,-0.0193099375195801,0.0789769061426111,-0.0923696237910082,-0.00647206957435389,-0.0863824638005252,-0.0863824638005256,-0.00647206957435329,-0.0923696237910083,0.0789769061426102,-0.0193099375195802,0.0968400771125386,0.0702745498692689,0.031830736824588,0.0997204190451697,-0.0604182874299177,0.0438288763109426,-0.100963354453999,-0.0495699583813215,-0.0551073468599867,-0.100548474373976,0.0379076919865401,-0.0654809562971155,0.0984825911245445,0.0256229823373535,0.0747793702421636,0.0947996264515468,-0.0129175440265734,0.0828499089952227,-0.0895600545330911,-1.61570213050184e-16,-0.0895600545330903,-0.0828499089952247,-0.0129175440265716,-0.0947996264515463,0.0747793702421648,-0.025622982337352,0.0984825911245449,0.0654809562971161,0.0379076919865385,0.100548474373976,-0.055107346859988,0.0495699583813212,-0.100963354453999,-0.0438288763109427,-0.0604182874299181,-0.0997204190451703,0.0318307368245877,-0.0702745498692671,0.0968400771125392,0.0193099375195813,0.0789769061426102,0.0923696237910089,-0.00647206957435654,0.0863824638005249,-0.0863824638005265,0.00647206957435207,-0.0923696237910067,-0.0789769061426114,-0.0193099375195785,-0.096840077112538,0.0702745498692679,-0.0318307368245842,0.0997204190451698,0.0604182874299183,0.0438288763109455,0.100963354453998,-0.049569958381322,0.05510734685999,-0.100548474373981,-0.0379076919865426,-0.0654809562971217,-0.098482591124539,0.0256229823373563,-0.0747793702421667,0.0947996264515396,0.0129175440265641,0.0828499089952203,0.0895600545330929
0.0887996742619724,-0.0846596831715572,0.00808696879008245,-0.0923696237909985,-0.079976226821995,-0.0161220240078148,-0.0953466147871489,0.0747793702421626,-0.0240535853353297,0.0977115367231126,0.0691024741877901,0.0318307368245885,0.099449208194222,-0.0629819809849916,0.0394035537476195,-0.100548474373973,-0.0564571805921209,-0.0467234230839617,-0.101002278621511,0.0495699583813232,-0.0537433555875362,0.100807707781093,0.0423645262591781,0.0604182874299189,0.0999660108827962,-0.0348871388523108,0.0667053694835473,-0.0984825911245436,-0.027185796579962,-0.0725642423878626,-0.096366971186703,0.019309937519582,-0.0779572956326316,0.0936327321021162,0.0113101200435218,0.0828499089952227,0.0902974260738784,-0.00323769826409204,0.0872106747820386,-0.0863824638005259,0.004855507629575,-0.0910115994473971,-0.0819129770319866,-0.0129175440265729,-0.0942282832955862,0.0769176572385575,-0.020896657405809,0.0968400771125377,0.0714285714285744,0.0287416265630609,0.0988302147215999,-0.0654809562971157,0.0364020914209567,-0.100185920612502,-0.0591129920272208,-0.0438288763109413,-0.100898491952616,0.0523655571955826,-0.0509743056521093,0.100963354453998,0.045281966356217,0.057792510000314,0.100380091737626,-0.0379076919865381,0.0642397205029654,-0.0991524480063055,-0.0302900725808698,-0.0702745498692679,-0.0972883040090941,0.0224780087652127,-0.0758582580522171,0.0947996264515461,0.0145216493840531,0.0809550009368718,0.0917023911765042,-0.0064720695743536,0.0855320604384386,-0.0880164806086173,0.00161905710673225,-0.0895600545330917,-0.0837655561208883,-0.00969979039562458,-0.0930131258732433,0.0789769061426103,-0.0177182567482005,0.0958691077764726,0.0736812709837383,0.0256229823373529,0.0981096665225618,-0.067912645500218,0.0333632234846328,-0.0997204190451698,-0.061708060867052,-0.0408892924047435,-0.100691025262637,0.0551073468599868,-0.0481528761718311,0.101015254455221,0.0481528761718302,0.0551073468599883,0.100691025262638,-0.0408892924047426,0.0617080608670543,-0.099720419045169,-0.033363223484633,-0.0679126455002194,-0.0981096665225621,0.0256229823373502,-0.0736812709837402,0.0958691077764717,0.0177182567481974,0.0789769061426116,0.0930131258732414,-0.00969979039562367,0.0837655561208879,-0.0895600545330913,-0.00161905710673072,-0.0880164806086176,-0.0855320604384384,-0.00647206957435324,-0.0917023911765052,0.0809550009368721,-0.0145216493840528,0.0947996264515463,0.0758582580522182,0.0224780087652109,0.097288304009095,-0.0702745498692683,0.0302900725808679,-0.099152448006305,-0.064239720502966,-0.0379076919865383,-0.100380091737626,0.0577925100003131,-0.0452819663562169,0.100963354453999,0.0509743056521091,0.052365557195582,0.100898491952617,-0.0438288763109436,0.0591129920272186,-0.100185920612503,-0.0364020914209596,-0.0654809562971148,-0.0988302147215998,0.0287416265630645,-0.0714285714285717,0.0968400771125387,0.0208966574058076,0.0769176572385578,0.0942282832955864,-0.0129175440265719,0.0819129770319876,-0.0910115994473955,-0.00485550762957119,-0.0863824638005254,-0.0872106747820391,-0.00323769826409125,-0.090297426073878,0.0828499089952241,-0.0113101200435212,0.0936327321021172,0.0779572956326355,0.0193099375195799,0.0963669711867014,-0.0725642423878649,0.0271857965799599,-0.0984825911245442,-0.0667053694835447,-0.0348871388523073,-0.0999660108827971,0.0604182874299184,-0.0423645262591743,0.10080770778109,0.0537433555875369,0.0495699583813195,0.101002278621515,-0.0467234230839604,0.0564571805921186,-0.100548474373976,-0.0394035537476191,-0.0629819809849981,-0.0994492081942235,0.0318307368245882,-0.0691024741877898,0.0977115367231216,0.0240535853353492,0.0747793702421705,0.0953466147871349,-0.0161220240078271,0.0799762268219842,-0.0923696237910013,-0.00808696879008796,-0.0846596831715401,-0.0887996742619796
0.0880164806086112,-0.0863824638005384,0.00323769826407843,-0.0895600545330796,-0.0846596831715549,-0.0064720695743457,-0.0910115994474025,0.0828499089952212,-0.00969979039560937,0.0923696237910055,0.0809550009368744,0.0129175440265728,0.0936327321021155,-0.0789769061426074,0.0161220240078254,-0.094799626451544,-0.0769176572385583,-0.0193099375195806,-0.0958691077764685,0.0747793702421667,-0.0224780087652114,0.0968400771125406,0.0725642423878669,0.0256229823373539,0.0977115367231142,-0.0702745498692689,0.0287416265630659,-0.0984825911245437,-0.0679126455002197,-0.0318307368245852,-0.0991524480063043,0.0654809562971175,-0.0348871388523069,0.0997204190451684,0.0629819809849965,0.037907691986538,0.100185920612503,-0.0604182874299168,0.0408892924047446,-0.100548474373976,-0.0577925100003096,-0.0438288763109446,-0.100807707781088,0.0551073468599874,-0.046723423083962,0.100963354453998,0.0523655571955814,0.0495699583813201,0.101015254455222,-0.0495699583813226,0.0523655571955839,-0.100963354453998,-0.0467234230839629,-0.0551073468599855,-0.10080770778109,0.0438288763109451,-0.0577925100003122,0.100548474373975,0.0408892924047434,0.0604182874299177,0.100185920612503,-0.0379076919865366,0.0629819809849964,-0.0997204190451698,-0.0348871388523093,-0.0654809562971164,-0.0991524480063039,0.0318307368245885,-0.067912645500218,0.0984825911245455,0.0287416265630643,0.0702745498692676,0.097711536723116,-0.0256229823373515,0.0725642423878648,-0.0968400771125384,-0.0224780087652097,-0.074779370242166,-0.095869107776472,0.0193099375195793,-0.0769176572385581,0.094799626451547,0.0161220240078221,0.0789769061426113,0.0936327321021164,-0.0129175440265715,0.0809550009368722,-0.0923696237910085,-0.00969979039562415,-0.0828499089952245,-0.0910115994473954,0.0064720695743538,-0.0846596831715432,0.089560054533091,0.00323769826409135,0.0863824638005257,0.0880164806086177,9.25594873319734e-17,0.0880164806086181,-0.0863824638005255,0.00323769826409163,-0.0895600545330907,-0.0846596831715431,-0.00647206957435373,-0.0910115994473961,0.0828499089952226,-0.00969979039562765,0.0923696237910084,0.0809550009368716,0.0129175440265732,0.0936327321021172,-0.07897690614261,0.0161220240078256,-0.0947996264515469,-0.0769176572385577,-0.0193099375195808,-0.0958691077764727,0.0747793702421643,-0.0224780087652109,0.0968400771125383,0.0725642423878652,0.0256229823373512,0.0977115367231154,-0.0702745498692689,0.0287416265630631,-0.0984825911245441,-0.067912645500219,-0.031830736824587,-0.0991524480063042,0.0654809562971155,-0.0348871388523091,0.0997204190451694,0.0629819809849952,0.0379076919865381,0.100185920612502,-0.0604182874299183,0.0408892924047434,-0.100548474373975,-0.0577925100003124,-0.0438288763109421,-0.100807707781091,0.0551073468599885,-0.0467234230839598,0.100963354453998,0.0523655571955852,0.0495699583813199,0.101015254455222,-0.0495699583813217,0.0523655571955825,-0.100963354453999,-0.0467234230839613,-0.0551073468599875,-0.10080770778109,0.0438288763109426,-0.0577925100003127,0.100548474373975,0.0408892924047444,0.0604182874299167,0.100185920612502,-0.037907691986539,0.062981980984995,-0.0997204190451695,-0.034887138852311,-0.0654809562971155,-0.0991524480063041,0.0318307368245875,-0.0679126455002179,0.0984825911245446,0.0287416265630637,0.0702745498692669,0.0977115367231154,-0.0256229823373532,0.0725642423878645,-0.0968400771125387,-0.022478008765211,-0.0747793702421634,-0.0958691077764735,0.0193099375195798,-0.0769176572385563,0.0947996264515477,0.0161220240078252,0.0789769061426136,0.0936327321021179,-0.0129175440265725,0.0809550009368727,-0.0923696237910139,-0.00969979039563032,-0.0828499089952299,-0.0910115994473881,0.00647206957435689,-0.0846596831715452,0.0895600545330839,0.00323769826408333,0.086382463800523,0.0880164806086192
0.087210674782031,-0.0880164806086288,-0.00161905710674494,-0.0863824638005129,-0.0887996742619885,0.00323769826409941,-0.085532060438445,0.0895600545330877,0.00485550762958718,0.0846596831715405,0.0902974260738805,-0.00647206957435293,0.083765556120887,-0.0910115994473925,-0.00808696879009419,-0.0828499089952215,-0.0917023911765059,0.00969979039562504,-0.0819129770319837,0.0923696237910106,0.0113101200435194,0.0809550009368727,0.0930131258732437,-0.0129175440265701,0.0799762268219809,-0.0936327321021165,-0.0145216493840519,-0.0789769061426102,-0.094228283295587,0.0161220240078252,-0.0779572956326329,0.0947996264515474,0.0177182567482013,0.0769176572385564,0.0953466147871427,-0.0193099375195804,0.0758582580522177,-0.0958691077764718,-0.0208966574058056,-0.0747793702421649,-0.0963669711867022,0.0224780087652098,-0.0736812709837364,0.0968400771125398,0.0240535853353428,0.0725642423878646,0.0972883040090946,-0.0256229823373523,0.0714285714285703,-0.0977115367231153,-0.0271857965799606,-0.0702745498692676,-0.0981096665225631,0.0287416265630654,-0.0691024741877862,0.0984825911245455,0.0302900725808681,0.0679126455002193,0.0988302147215996,-0.0318307368245866,0.066705369483546,-0.0991524480063044,-0.0333632234846322,-0.0654809562971168,-0.0994492081942231,0.03488713885231,-0.0642397205029638,0.0997204190451703,0.0364020914209585,0.0629819809849941,0.099966010882798,-0.0379076919865392,0.0617080608670528,-0.100185920612502,-0.039403553747617,-0.0604182874299173,-0.100380091737626,0.0408892924047423,-0.0591129920272198,0.100548474373976,0.042364526259175,0.0577925100003125,0.100691025262638,-0.0438288763109422,0.0564571805921224,-0.100807707781091,-0.0452819663562172,-0.0551073468599884,-0.100898491952616,0.0467234230839603,-0.0537433555875365,0.100963354453999,0.0481528761718299,0.0523655571955832,0.101002278621515,-0.0495699583813205,0.0509743056521093,-0.101015254455221,-0.0509743056521084,-0.0495699583813219,-0.101002278621516,0.0523655571955822,-0.0481528761718322,0.100963354453998,0.0537433555875366,0.0467234230839621,0.100898491952617,-0.0551073468599854,0.0452819663562194,-0.10080770778109,-0.0564571805921194,-0.0438288763109443,-0.100691025262637,0.0577925100003114,-0.0423645262591748,0.100548474373976,0.0591129920272186,0.0408892924047438,0.100380091737626,-0.0604182874299177,0.0394035537476177,-0.100185920612502,-0.0617080608670527,-0.0379076919865383,-0.099966010882798,0.0629819809849948,-0.0364020914209585,0.0997204190451694,0.0642397205029659,0.0348871388523104,0.0994492081942233,-0.065480956297116,0.0333632234846326,-0.099152448006305,-0.0667053694835447,-0.0318307368245865,-0.0988302147215992,0.0679126455002196,-0.0302900725808686,0.0984825911245441,0.0691024741877892,0.0287416265630626,0.098109666522562,-0.0702745498692695,0.0271857965799589,-0.0977115367231151,-0.0714285714285718,-0.0256229823373511,-0.0972883040090948,0.0725642423878649,-0.0240535853353439,0.0968400771125391,0.0736812709837386,0.0224780087652112,0.0963669711867031,-0.0747793702421641,0.0208966574058059,-0.0958691077764721,-0.0758582580522177,-0.0193099375195799,-0.0953466147871406,0.0769176572385574,-0.0177182567481978,0.094799626451546,0.0779572956326344,0.0161220240078232,0.0942282832955856,-0.0789769061426113,0.0145216493840529,-0.0936327321021161,-0.0799762268219821,-0.0129175440265706,-0.0930131258732429,0.0809550009368728,-0.0113101200435207,0.0923696237910077,0.0819129770319893,0.00969979039562492,0.0917023911765043,-0.0828499089952258,0.00808696879009385,-0.0910115994473979,-0.0837655561208901,-0.00647206957435332,-0.0902974260738777,0.0846596831715486,-0.00485550762956504,0.089560054533097,0.0855320604384305,0.00323769826408934,0.0887996742619799,-0.0863824638005187,0.0016190571067406,-0.0880164806086155,-0.08721067478204
0.0863824638005173,-0.0895600545331007,-0.00647206957436716,-0.0828499089952091,-0.0923696237910176,0.0129175440265789,-0.0789769061426163,0.0947996264515422,0.0193099375195965,0.0747793702421616,0.0968400771125416,-0.0256229823373519,0.0702745498692667,-0.0984825911245421,-0.0318307368245857,-0.0654809562971135,-0.0997204190451711,0.0379076919865396,-0.0604182874299137,0.100548474373977,0.0438288763109404,0.0551073468599872,0.100963354453999,-0.0495699583813196,0.0495699583813204,-0.100963354453998,-0.0551073468599878,-0.0438288763109428,-0.100548474373976,0.0604182874299187,-0.037907691986537,0.0997204190451702,0.0654809562971171,0.0318307368245863,0.098482591124546,-0.0702745498692681,0.0256229823373517,-0.0968400771125383,-0.0747793702421638,-0.0193099375195809,-0.0947996264515486,0.0789769061426113,-0.0129175440265706,0.0923696237910102,0.0828499089952226,0.00647206957435408,0.0895600545330926,-0.0863824638005252,-2.66177029359675e-15,-0.0863824638005237,-0.0895600545330913,0.00647206957435362,-0.0828499089952232,0.0923696237910086,0.0129175440265734,0.0789769061426103,0.0947996264515454,-0.019309937519579,0.0747793702421653,-0.0968400771125381,-0.0256229823373508,-0.0702745498692704,-0.0984825911245446,0.0318307368245863,-0.0654809562971162,0.0997204190451703,0.0379076919865392,0.0604182874299171,0.100548474373975,-0.0438288763109448,0.0551073468599869,-0.100963354453998,-0.049569958381321,-0.0495699583813212,-0.100963354453998,0.0551073468599869,-0.0438288763109436,0.100548474373976,0.0604182874299163,0.0379076919865397,0.0997204190451696,-0.0654809562971162,0.0318307368245887,-0.0984825911245445,-0.0702745498692673,-0.0256229823373524,-0.0968400771125387,0.0747793702421642,-0.0193099375195806,0.0947996264515467,0.0789769061426107,0.0129175440265717,0.0923696237910081,-0.0828499089952236,0.00647206957435426,-0.0895600545330908,-0.0863824638005258,-1.25687127513397e-16,-0.0863824638005262,0.0895600545330906,0.00647206957435395,0.0828499089952236,0.0923696237910082,-0.0129175440265715,0.0789769061426116,-0.0947996264515452,-0.0193099375195774,-0.074779370242165,-0.0968400771125389,0.0256229823373505,-0.0702745498692696,0.0984825911245442,0.0318307368245849,0.065480956297117,0.0997204190451693,-0.0379076919865384,0.060418287429918,-0.100548474373976,-0.0438288763109427,-0.055107346859987,-0.100963354453999,0.0495699583813215,-0.0495699583813208,0.100963354453999,0.055107346859988,0.0438288763109432,0.100548474373976,-0.0604182874299173,0.0379076919865378,-0.0997204190451699,-0.0654809562971163,-0.0318307368245871,-0.098482591124544,0.0702745498692692,-0.0256229823373514,0.0968400771125386,0.0747793702421645,0.0193099375195791,0.0947996264515462,-0.0789769061426111,0.0129175440265709,-0.092369623791008,-0.0828499089952245,-0.00647206957435234,-0.0895600545330904,0.086382463800526,8.52915705230883e-17,0.0863824638005251,0.0895600545330919,-0.00647206957435396,0.0828499089952236,-0.0923696237910089,-0.012917544026572,-0.0789769061426113,-0.0947996264515469,0.0193099375195804,-0.074779370242164,0.0968400771125387,0.0256229823373521,0.0702745498692679,0.0984825911245435,-0.0318307368245867,0.0654809562971148,-0.0997204190451692,-0.0379076919865394,-0.0604182874299171,-0.100548474373975,0.0438288763109435,-0.0551073468599873,0.100963354453999,0.0495699583813211,0.0495699583813196,0.100963354453999,-0.0551073468599889,0.0438288763109425,-0.100548474373975,-0.0604182874299195,-0.0379076919865387,-0.0997204190451699,0.0654809562971181,-0.0318307368245847,0.0984825911245465,0.0702745498692706,0.025622982337352,0.0968400771125376,-0.0747793702421691,0.0193099375195734,-0.0947996264515523,-0.0789769061426021,-0.0129175440265697,-0.0923696237910102,0.0828499089952167,-0.0064720695743632,0.0895600545330896,0.0863824638005276
0.0855320604384291,-0.0910115994474036,-0.0113101200435346,-0.0789769061425946,-0.0953466147871492,0.022478008765217,-0.0714285714285763,0.0984825911245395,0.0333632234846491,0.0629819809849928,0.100380091737629,-0.043828876310943,0.0537433555875346,-0.10101525445522,-0.053743355587535,-0.0438288763109408,-0.100380091737628,0.0629819809849968,-0.0333632234846298,0.0984825911245456,0.0714285714285684,0.0224780087652092,0.0953466147871401,-0.0789769061426097,0.0113101200435214,-0.0910115994473944,-0.08553206043844,-4.2123794070933e-16,-0.0855320604384388,0.0910115994473957,0.0113101200435227,0.0789769061426107,0.0953466147871411,-0.0224780087652109,0.0714285714285728,-0.0984825911245437,-0.0333632234846335,-0.0629819809849954,-0.100380091737626,0.0438288763109424,-0.0537433555875402,0.101015254455223,0.053743355587536,0.0438288763109444,0.100380091737625,-0.0629819809849948,0.0333632234846352,-0.098482591124543,-0.071428571428574,-0.0224780087652078,-0.0953466147871415,0.0789769061426098,-0.0113101200435193,0.0910115994473936,0.0855320604384385,-1.96908728158798e-15,0.0855320604384377,-0.0910115994473945,-0.0113101200435206,-0.0789769061426105,-0.0953466147871412,0.0224780087652083,-0.0714285714285723,0.0984825911245444,0.0333632234846327,0.0629819809849956,0.100380091737625,-0.0438288763109443,0.0537433555875356,-0.101015254455222,-0.0537433555875372,-0.0438288763109418,-0.100380091737626,0.0629819809849949,-0.0333632234846332,0.0984825911245439,0.0714285714285709,0.0224780087652122,0.0953466147871411,-0.0789769061426103,0.0113101200435213,-0.0910115994473957,-0.0855320604384382,-6.10900135819284e-16,-0.0855320604384392,0.0910115994473953,0.0113101200435207,0.0789769061426114,0.0953466147871408,-0.02247800876521,0.0714285714285714,-0.098482591124545,-0.0333632234846325,-0.0629819809849951,-0.100380091737626,0.0438288763109427,-0.0537433555875368,0.101015254455221,0.0537433555875363,0.0438288763109437,0.100380091737626,-0.0629819809849945,0.0333632234846344,-0.0984825911245439,-0.0714285714285719,-0.0224780087652119,-0.0953466147871427,0.0789769061426088,-0.0113101200435228,0.0910115994473957,0.0855320604384372,1.51707398787326e-15,0.0855320604384395,-0.0910115994473948,-0.0113101200435212,-0.0789769061426114,-0.0953466147871405,0.0224780087652101,-0.0714285714285719,0.098482591124544,0.0333632234846331,0.0629819809849947,0.100380091737626,-0.0438288763109432,0.0537433555875361,-0.101015254455221,-0.0537433555875366,-0.0438288763109428,-0.100380091737626,0.0629819809849949,-0.0333632234846326,0.0984825911245444,0.0714285714285714,0.0224780087652101,0.0953466147871411,-0.0789769061426116,0.011310120043521,-0.0910115994473951,-0.0855320604384387,5.23724583240251e-16,-0.0855320604384386,0.0910115994473961,0.0113101200435222,0.0789769061426102,0.0953466147871424,-0.0224780087652114,0.071428571428572,-0.0984825911245445,-0.033363223484634,-0.0629819809849954,-0.100380091737626,0.0438288763109431,-0.0537433555875362,0.101015254455221,0.0537433555875364,0.0438288763109425,0.100380091737626,-0.0629819809849956,0.033363223484633,-0.0984825911245439,-0.0714285714285706,-0.0224780087652113,-0.0953466147871407,0.0789769061426103,-0.0113101200435201,0.091011599447395,0.0855320604384379,-4.60909963365327e-16,0.0855320604384381,-0.0910115994473961,-0.0113101200435214,-0.0789769061426096,-0.0953466147871422,0.0224780087652123,-0.0714285714285712,0.0984825911245442,0.0333632234846351,0.0629819809849952,0.100380091737627,-0.0438288763109453,0.0537433555875337,-0.101015254455223,-0.0537433555875391,-0.043828876310943,-0.100380091737624,0.0629819809849994,-0.0333632234846257,0.09848259112455,0.0714285714285623,0.022478008765209,0.095346614787143,-0.0789769061426036,0.011310120043531,-0.0910115994473944,-0.0855320604384403
0.0846596831715329,-0.0923696237910153,-0.0161220240078368,-0.0747793702421468,-0.0977115367231225,0.0318307368245934,-0.0629819809849991,0.10054847437397,0.0467234230839769,0.0495699583813184,0.100807707781094,-0.0604182874299182,0.0348871388523077,-0.0984825911245436,-0.0725642423878637,-0.0193099375195784,-0.0936327321021187,0.0828499089952257,-0.0032376982640898,0.0863824638005264,0.0910115994473921,-0.0129175440265739,0.0769176572385557,-0.0968400771125382,-0.0287416265630625,-0.065480956297115,-0.100185920612505,0.043828876310942,-0.0523655571955833,0.100963354453998,0.0577925100003133,0.0379076919865379,0.0991524480063034,-0.0702745498692681,0.0224780087652111,-0.0947996264515456,-0.0809550009368727,-0.00647206957435397,-0.0880164806086182,0.0895600545330911,0.00969979039562128,0.0789769061426124,0.0958691077764709,-0.0256229823373519,0.0679126455002189,-0.0997204190451694,-0.0408892924047422,-0.0551073468599861,-0.101015254455222,0.0551073468599894,-0.0408892924047436,0.0997204190451684,0.0679126455002206,0.0256229823373495,0.0958691077764713,-0.0789769061426129,0.00969979039562485,-0.0895600545330915,-0.0880164806086181,0.00647206957435329,-0.0809550009368734,0.094799626451546,0.0224780087652099,0.0702745498692696,0.099152448006305,-0.0379076919865391,0.0577925100003109,-0.100963354454,-0.0523655571955832,-0.0438288763109418,-0.100185920612503,0.0654809562971162,-0.028741626563064,0.0968400771125389,0.0769176572385571,0.0129175440265723,0.0910115994473959,-0.0863824638005254,-0.00323769826409074,-0.082849908995225,-0.0936327321021166,0.0193099375195801,-0.0725642423878661,0.0984825911245442,0.034887138852308,0.060418287429918,0.100807707781091,-0.0495699583813203,0.0467234230839614,-0.100548474373976,-0.0629819809849952,-0.0318307368245875,-0.0977115367231155,0.0747793702421641,-0.0161220240078242,0.0923696237910083,0.0846596831715431,3.1741492590893e-16,0.0846596831715438,-0.0923696237910081,-0.0161220240078236,-0.0747793702421643,-0.0977115367231159,0.031830736824587,-0.0629819809849961,0.100548474373975,0.0467234230839586,0.0495699583813223,0.100807707781092,-0.060418287429916,0.0348871388523113,-0.0984825911245449,-0.0725642423878628,-0.0193099375195816,-0.0936327321021165,0.0828499089952239,-0.003237698264093,0.086382463800526,0.0910115994473953,-0.0129175440265721,0.0769176572385581,-0.0968400771125386,-0.0287416265630636,-0.0654809562971156,-0.100185920612502,0.0438288763109423,-0.0523655571955832,0.100963354453998,0.0577925100003127,0.0379076919865392,0.0991524480063047,-0.0702745498692687,0.0224780087652102,-0.0947996264515466,-0.0809550009368723,-0.00647206957435278,-0.0880164806086177,0.089560054533092,0.0096997903956252,0.0789769061426103,0.0958691077764736,-0.0256229823373535,0.0679126455002179,-0.0997204190451702,-0.0408892924047459,-0.0551073468599866,-0.101015254455222,0.0551073468599884,-0.0408892924047429,0.0997204190451699,0.0679126455002191,0.0256229823373521,0.0958691077764725,-0.0789769061426106,0.00969979039562513,-0.0895600545330907,-0.0880164806086181,0.00647206957435416,-0.080955000936872,0.094799626451546,0.0224780087652097,0.070274549869269,0.0991524480063047,-0.0379076919865381,0.0577925100003112,-0.100963354453998,-0.0523655571955829,-0.0438288763109428,-0.100185920612502,0.0654809562971172,-0.0287416265630635,0.0968400771125382,0.0769176572385591,0.01291754402657,0.0910115994473954,-0.0863824638005261,-0.0032376982640941,-0.0828499089952238,-0.0936327321021188,0.0193099375195828,-0.0725642423878622,0.0984825911245458,0.0348871388523129,0.0604182874299178,0.100807707781088,-0.0495699583813247,0.0467234230839533,-0.100548474373981,-0.0629819809849861,-0.0318307368245862,-0.0977115367231176,0.0747793702421574,-0.0161220240078335,0.0923696237910079,0.0846596831715452
0.0837655561208773,-0.0936327321021225,-0.02089665740582,-0.0702745498692496,-0.0994492081942289,0.0408892924047494,-0.0537433555875392,0.100963354453993,0.059112992027235,0.0348871388523074,0.0981096665225655,-0.0747793702421658,0.014521649384051,-0.0910115994473956,-0.0872106747820381,0.00647206957435496,-0.0799762268219844,0.0958691077764747,0.0271857965799618,0.0654809562971159,0.100380091737623,-0.0467234230839634,0.0481528761718279,-0.100548474373975,-0.0642397205029634,-0.0287416265630631,-0.0963669711867056,0.0789769061426093,-0.00808696879009587,0.0880164806086162,0.0902974260738781,-0.012917544026573,0.0758582580522156,-0.0977115367231148,-0.0333632234846333,-0.060418287429917,-0.100898491952617,0.0523655571955827,-0.0423645262591763,0.0997204190451704,0.0691024741877864,0.0224780087652119,0.0942282832955842,-0.0828499089952251,0.00161905710673283,-0.0846596831715438,-0.0930131258732429,0.0193099375195807,-0.0714285714285708,0.0991524480063049,0.0394035537476179,0.0551073468599871,0.101002278621516,-0.0577925100003138,0.0364020914209568,-0.0984825911245452,-0.073681270983738,-0.0161220240078247,-0.0917023911765059,0.0863824638005252,0.00485550762956977,0.0809550009368737,0.0953466147871413,-0.0256229823373511,0.0667053694835448,-0.100185920612503,-0.0452819663562181,-0.0495699583813205,-0.100691025262636,0.062981980984997,-0.0302900725808682,0.0968400771125379,0.0779572956326342,0.00969979039562526,0.0887996742619778,-0.0895600545330903,-0.0113101200435202,-0.0769176572385591,-0.0972883040090938,0.0318307368245863,-0.0617080608670529,0.100807707781091,0.0509743056521078,0.0438288763109434,0.0999660108827982,-0.0679126455002185,0.0240535853353445,-0.0947996264515468,-0.0819129770319874,-0.00323769826409242,-0.0855320604384383,0.0923696237910092,0.0177182567481988,0.0725642423878643,0.0988302147215993,-0.0379076919865386,0.0564571805921213,-0.101015254455221,-0.0564571805921211,-0.0379076919865393,-0.0988302147215998,0.0725642423878638,-0.0177182567482004,0.0923696237910081,0.0855320604384392,-0.00323769826409054,0.08191297703199,-0.094799626451545,-0.024053585335343,-0.0679126455002194,-0.0999660108827975,0.0438288763109416,-0.0509743056521107,0.100807707781091,0.0617080608670526,0.031830736824588,0.0972883040090946,-0.0769176572385573,0.0113101200435217,-0.0895600545330905,-0.0887996742619784,0.0096997903956253,-0.077957295632634,0.0968400771125388,0.0302900725808692,0.0629819809849956,0.100691025262637,-0.0495699583813206,0.045281966356217,-0.100185920612503,-0.0667053694835446,-0.0256229823373521,-0.0953466147871408,0.0809550009368724,-0.00485550762957092,0.0863824638005256,0.0917023911765049,-0.0161220240078244,0.0736812709837386,-0.0984825911245445,-0.0364020914209597,-0.0577925100003113,-0.101002278621515,0.0551073468599889,-0.0394035537476158,0.0991524480063044,0.0714285714285722,0.0193099375195791,0.0930131258732426,-0.0846596831715439,-0.00161905710673221,-0.0828499089952243,-0.0942282832955863,0.0224780087652102,-0.0691024741877887,0.0997204190451694,0.042364526259176,0.0523655571955828,0.100898491952617,-0.0604182874299175,0.0333632234846333,-0.0977115367231163,-0.0758582580522186,-0.0129175440265722,-0.0902974260738772,0.0880164806086175,0.00808696879009587,0.0789769061426112,0.0963669711867026,-0.0287416265630652,0.0642397205029654,-0.100548474373976,-0.0481528761718318,-0.0467234230839594,-0.100380091737627,0.0654809562971167,-0.027185796579959,0.0958691077764728,0.0799762268219852,0.00647206957435128,0.0872106747820364,-0.0910115994473965,-0.0145216493840566,-0.0747793702421651,-0.098109666522559,0.0348871388523128,-0.0591129920272116,0.100963354454004,0.053743355587527,0.0408892924047429,0.0994492081942248,-0.0702745498692615,0.0208966574058169,-0.0936327321021167,-0.0837655561208905
0.0828499089952119,-0.0947996264515508,-0.0256229823373655,-0.0654809562970958,-0.10054847437398,0.0495699583813262,-0.0438288763109447,0.0997204190451636,0.0702745498692832,0.0193099375195782,0.0923696237910115,-0.0863824638005277,-0.00647206957435565,-0.0789769061426117,-0.0968400771125389,0.0318307368245881,-0.0604182874299192,0.100963354454001,0.0551073468599872,0.0379076919865378,0.0984825911245417,-0.0747793702421671,0.0129175440265687,-0.0895600545330914,-0.0895600545330885,0.012917544026572,-0.0747793702421673,0.0984825911245427,0.037907691986539,0.0551073468599856,0.100963354453998,-0.0604182874299185,0.031830736824585,-0.0968400771125375,-0.0789769061426115,-0.00647206957435388,-0.0863824638005262,0.0923696237910076,0.0193099375195786,0.0702745498692697,0.0997204190451701,-0.0438288763109422,0.0495699583813197,-0.100548474373977,-0.065480956297114,-0.0256229823373532,-0.0947996264515482,0.082849908995223,1.9713067837457e-15,0.0828499089952221,0.0947996264515465,-0.0256229823373513,0.0654809562971152,-0.100548474373975,-0.0495699583813217,-0.0438288763109419,-0.0997204190451689,0.0702745498692671,-0.0193099375195811,0.0923696237910082,0.0863824638005256,-0.00647206957435143,0.0789769061426115,-0.0968400771125388,-0.0318307368245873,-0.0604182874299175,-0.100963354453998,0.0551073468599891,-0.0379076919865378,0.0984825911245447,0.0747793702421654,0.0129175440265706,0.0895600545330914,-0.0895600545330911,-0.0129175440265715,-0.0747793702421644,-0.0984825911245445,0.0379076919865375,-0.0551073468599881,0.100963354453999,0.0604182874299174,0.0318307368245876,0.0968400771125398,-0.0789769061426105,0.00647206957435531,-0.0863824638005263,-0.0923696237910081,0.0193099375195795,-0.0702745498692687,0.0997204190451696,0.0438288763109428,0.0495699583813212,0.100548474373975,-0.0654809562971156,0.0256229823373528,-0.094799626451546,-0.0828499089952236,-2.028020918977e-16,-0.0828499089952242,0.094799626451546,0.0256229823373525,0.0654809562971159,0.100548474373976,-0.0495699583813206,0.0438288763109434,-0.0997204190451694,-0.0702745498692669,-0.0193099375195819,-0.0923696237910098,0.0863824638005248,0.00647206957435187,0.078976906142612,0.096840077112538,-0.0318307368245862,0.0604182874299172,-0.100963354453999,-0.0551073468599865,-0.037907691986539,-0.0984825911245448,0.0747793702421644,-0.0129175440265718,0.0895600545330906,0.0895600545330908,-0.0129175440265722,0.0747793702421642,-0.0984825911245441,-0.0379076919865389,-0.0551073468599873,-0.100963354453998,0.060418287429917,-0.0318307368245871,0.0968400771125389,0.0789769061426106,0.00647206957435332,0.0863824638005256,-0.092369623791009,-0.0193099375195803,-0.070274549869268,-0.0997204190451698,0.0438288763109433,-0.0495699583813205,0.100548474373976,0.0654809562971168,0.0256229823373508,0.0947996264515459,-0.0828499089952243,-3.0302212016338e-16,-0.082849908995223,-0.0947996264515471,0.0256229823373527,-0.0654809562971153,0.100548474373976,0.0495699583813214,0.0438288763109432,0.0997204190451704,-0.0702745498692687,0.0193099375195792,-0.0923696237910081,-0.0863824638005262,0.00647206957435415,-0.0789769061426106,0.0968400771125389,0.0318307368245885,0.0604182874299175,0.100963354453998,-0.0551073468599875,0.0379076919865387,-0.0984825911245451,-0.0747793702421646,-0.0129175440265703,-0.0895600545330915,0.0895600545330919,0.0129175440265729,0.0747793702421633,0.0984825911245455,-0.0379076919865399,0.0551073468599862,-0.100963354453999,-0.0604182874299211,-0.0318307368245852,-0.0968400771125373,0.0789769061426116,-0.00647206957434987,0.0863824638005271,0.092369623791005,-0.0193099375195827,0.0702745498692608,-0.0997204190451747,-0.0438288763109335,-0.0495699583813209,-0.100548474373977,0.0654809562971092,-0.0256229823373627,0.0947996264515471,0.0828499089952263
0.0819129770319751,-0.0958691077764759,-0.0302900725808824,-0.0604182874298964,-0.101002278621519,0.0577925100003171,-0.0333632234846337,0.0968400771125325,0.0799762268219961,0.00323769826409029,0.0837655561208913,-0.0947996264515486,-0.0271857965799627,-0.062981980984997,-0.100898491952617,0.0551073468599877,-0.0364020914209598,0.0977115367231174,0.0779572956326327,0.006472069574352,0.0855320604384362,-0.0936327321021191,-0.0240535853353475,-0.0654809562971162,-0.100691025262634,0.052365557195583,-0.0394035537476198,0.0984825911245426,0.0758582580522183,0.00969979039562262,0.0872106747820368,-0.0923696237910092,-0.0208966574058084,-0.0679126455002173,-0.100380091737627,0.0495699583813203,-0.0423645262591753,0.099152448006304,0.0736812709837373,0.0129175440265734,0.0887996742619808,-0.0910115994473956,-0.0177182567481988,-0.0702745498692703,-0.0999660108827966,0.0467234230839595,-0.0452819663562203,0.0997204190451679,0.0714285714285733,0.016122024007821,0.0902974260738779,-0.0895600545330895,-0.0145216493840546,-0.0725642423878624,-0.0994492081942224,0.0438288763109449,-0.0481528761718305,0.100185920612502,0.0691024741877879,0.0193099375195807,0.0917023911765062,-0.0880164806086169,-0.0113101200435202,-0.0747793702421657,-0.0988302147215994,0.040889292404744,-0.0509743056521077,0.100548474373977,0.0667053694835441,0.0224780087652095,0.0930131258732428,-0.0863824638005258,-0.00808696879009574,-0.0769176572385583,-0.0981096665225616,0.0379076919865379,-0.0537433555875374,0.100807707781091,0.0642397205029641,0.0256229823373534,0.0942282832955861,-0.0846596831715436,-0.00485550762957017,-0.078976906142611,-0.0972883040090944,0.0348871388523096,-0.0564571805921209,0.100963354453999,0.0617080608670526,0.028741626563064,0.095346614787141,-0.0828499089952247,-0.00161905710673164,-0.0809550009368714,-0.0963669711867026,0.0318307368245875,-0.0591129920272195,0.101015254455221,0.0591129920272196,0.0318307368245878,0.0963669711867028,-0.0809550009368713,0.00161905710673261,-0.0828499089952234,-0.0953466147871421,0.0287416265630624,-0.0617080608670553,0.100963354453998,0.0564571805921202,0.0348871388523107,0.0972883040090949,-0.07897690614261,0.00485550762957354,-0.0846596831715439,-0.0942282832955857,0.0256229823373518,-0.0642397205029658,0.10080770778109,0.053743355587536,0.0379076919865381,0.0981096665225624,-0.0769176572385579,0.00808696879009598,-0.0863824638005253,-0.0930131258732424,0.0224780087652101,-0.0667053694835442,0.100548474373975,0.0509743056521092,0.040889292404744,0.0988302147215988,-0.0747793702421645,0.0113101200435208,-0.0880164806086175,-0.0917023911765049,0.0193099375195812,-0.0691024741877879,0.100185920612503,0.0481528761718309,0.0438288763109424,0.0994492081942237,-0.0725642423878657,0.0145216493840519,-0.0895600545330907,-0.090297426073879,0.0161220240078242,-0.0714285714285716,0.0997204190451693,0.0452819663562187,0.0467234230839604,0.0999660108827977,-0.0702745498692687,0.0177182567481984,-0.0910115994473953,-0.0887996742619784,0.0129175440265724,-0.0736812709837379,0.0991524480063046,0.0423645262591755,0.0495699583813202,0.100380091737625,-0.0679126455002185,0.020896657405805,-0.0923696237910083,-0.0872106747820386,0.00969979039562515,-0.0758582580522176,0.0984825911245453,0.0394035537476181,0.0523655571955819,0.100691025262638,-0.0654809562971172,0.0240535853353436,-0.0936327321021165,-0.0855320604384399,0.0064720695743553,-0.0779572956326337,0.0977115367231164,0.0364020914209625,0.0551073468599859,0.100898491952616,-0.0629819809849959,0.027185796579957,-0.0947996264515481,-0.0837655561208847,0.00323769826409359,-0.0799762268219751,0.0968400771125435,0.0333632234846236,0.0577925100003128,0.101002278621517,-0.060418287429911,0.0302900725808799,-0.0958691077764739,-0.0819129770319905
0.0809550009368585,-0.0968400771125408,-0.0348871388523231,-0.0551073468599654,-0.100807707781093,0.0654809562971203,-0.0224780087652103,0.092369623791002,0.0880164806086301,-0.0129175440265732,0.0725642423878673,-0.0997204190451721,-0.0467234230839626,-0.0438288763109451,-0.0991524480063057,0.074779370242164,-0.00969979039562556,0.0863824638005269,0.093632732102114,-0.0256229823373545,0.0629819809849938,-0.100963354454,-0.0577925100003151,-0.0318307368245876,-0.0958691077764698,0.0828499089952233,0.00323769826409121,0.0789769061426092,0.0977115367231161,-0.0379076919865406,0.0523655571955809,-0.100548474373976,-0.0679126455002195,-0.0193099375195792,-0.0910115994473964,0.0895600545330901,0.0161220240078238,0.0702745498692678,0.100185920612501,-0.0495699583813199,0.0408892924047471,-0.0984825911245452,-0.0769176572385562,-0.00647206957435436,-0.0846596831715427,0.0947996264515455,0.028741626563062,0.0604182874299157,0.101015254455222,-0.0604182874299192,0.0287416265630634,-0.0947996264515449,-0.084659683171545,0.00647206957435611,-0.076917657238556,0.0984825911245458,0.040889292404743,0.049569958381322,0.100185920612503,-0.0702745498692675,0.0161220240078252,-0.0895600545330926,-0.0910115994473951,0.019309937519579,-0.0679126455002188,0.100548474373976,0.0523655571955832,0.037907691986538,0.0977115367231144,-0.0789769061426121,0.00323769826409106,-0.0828499089952226,-0.0958691077764726,0.031830736824587,-0.057792510000312,0.100963354453998,0.0629819809849948,0.0256229823373536,0.0936327321021168,-0.0863824638005259,-0.00969979039562475,-0.074779370242165,-0.0991524480063054,0.0438288763109425,-0.0467234230839625,0.0997204190451701,0.0725642423878644,0.0129175440265728,0.088016480608618,-0.0923696237910084,-0.0224780087652104,-0.0654809562971164,-0.10080770778109,0.0551073468599872,-0.0348871388523104,0.0968400771125384,0.0809550009368718,1.51791632733689e-16,0.0809550009368722,-0.0968400771125384,-0.0348871388523102,-0.0551073468599875,-0.100807707781091,0.0654809562971156,-0.0224780087652108,0.0923696237910086,0.0880164806086171,-0.0129175440265699,0.0725642423878663,-0.0997204190451691,-0.0467234230839592,-0.0438288763109444,-0.0991524480063051,0.0747793702421636,-0.00969979039562479,0.0863824638005267,0.0936327321021161,-0.0256229823373515,0.062981980984996,-0.100963354453998,-0.0577925100003123,-0.0318307368245868,-0.0958691077764722,0.0828499089952237,0.0032376982640921,0.0789769061426109,0.0977115367231157,-0.0379076919865382,0.0523655571955827,-0.100548474373975,-0.0679126455002184,-0.0193099375195804,-0.0910115994473948,0.0895600545330912,0.0161220240078235,0.070274549869268,0.100185920612502,-0.0495699583813217,0.0408892924047436,-0.0984825911245441,-0.0769176572385588,-0.00647206957435269,-0.0846596831715429,0.094799626451547,0.0287416265630656,0.0604182874299167,0.101015254455222,-0.0604182874299179,0.028741626563063,-0.0947996264515464,-0.0846596831715434,0.00647206957435379,-0.0769176572385573,0.0984825911245442,0.0408892924047436,0.0495699583813203,0.100185920612502,-0.0702745498692685,0.016122024007823,-0.0895600545330902,-0.0910115994473944,0.0193099375195799,-0.0679126455002172,0.100548474373975,0.0523655571955841,0.0379076919865381,0.0977115367231152,-0.0789769061426117,0.00323769826409142,-0.0828499089952229,-0.0958691077764731,0.031830736824589,-0.0577925100003117,0.100963354453999,0.062981980984997,0.0256229823373503,0.0936327321021169,-0.0863824638005267,-0.0096997903956289,-0.0747793702421633,-0.0991524480063049,0.0438288763109431,-0.0467234230839572,0.0997204190451717,0.0725642423878609,0.0129175440265709,0.088016480608611,-0.0923696237910129,-0.0224780087652016,-0.0654809562971171,-0.100807707781093,0.0551073468599814,-0.0348871388523209,0.0968400771125409,0.0809550009368751
0.0799762268219683,-0.0977115367231169,-0.0394035537476311,-0.0495699583812983,-0.0999660108827993,0.0725642423878687,-0.0113101200435199,0.0863824638005197,0.0942282832955973,-0.0287416265630647,0.0591129920272219,-0.100963354454002,-0.0642397205029671,-0.0224780087652133,-0.0917023911765063,0.0895600545330903,0.0177182567481988,0.0679126455002191,0.100691025262634,-0.0551073468599904,0.0333632234846323,-0.0958691077764736,-0.0837655561208907,0.00647206957435359,-0.0758582580522156,0.0991524480063042,0.0452819663562185,0.0438288763109418,0.0988302147215994,-0.0769176572385592,0.0048555076295689,-0.0828499089952233,-0.0963669711867024,0.0348871388523102,-0.053743355587537,0.100548474373975,0.0691024741877888,0.0161220240078232,0.0887996742619781,-0.0923696237910083,-0.0240535853353415,-0.0629819809849965,-0.101002278621513,0.0604182874299183,-0.0271857965799615,0.0936327321021169,0.0872106747820384,-0.0129175440265725,0.0714285714285706,-0.100185920612502,-0.0509743056521091,-0.0379076919865385,-0.0972883040090954,0.0809550009368728,0.00161905710673292,0.0789769061426107,0.0981096665225615,-0.0408892924047422,0.0481528761718317,-0.0997204190451692,-0.0736812709837382,-0.00969979039562715,-0.0855320604384393,0.0947996264515464,0.0302900725808688,0.0577925100003124,0.100898491952616,-0.0654809562971175,0.0208966574058061,-0.0910115994473956,-0.0902974260738788,0.019309937519581,-0.0667053694835451,0.100807707781091,0.0564571805921202,0.031830736824588,0.095346614787142,-0.0846596831715428,-0.00808696879009473,-0.0747793702421658,-0.0994492081942232,0.0467234230839609,-0.0423645262591767,0.0984825911245445,0.0779572956326333,0.0032376982640922,0.0819129770319877,-0.0968400771125389,-0.0364020914209582,-0.0523655571955835,-0.100380091737626,0.0702745498692692,-0.0145216493840527,0.0880164806086171,0.0930131258732425,-0.0256229823373522,0.061708060867053,-0.101015254455221,-0.0617080608670531,-0.0256229823373525,-0.0930131258732427,0.0880164806086169,0.0145216493840519,0.0702745498692679,0.100380091737627,-0.052365557195582,0.036402091420961,-0.0968400771125383,-0.0819129770319877,0.00323769826409086,-0.077957295632635,0.0984825911245443,0.0423645262591733,0.0467234230839618,0.0994492081942228,-0.0747793702421645,0.00808696879009682,-0.0846596831715432,-0.0953466147871413,0.0318307368245877,-0.056457180592121,0.10080770778109,0.0667053694835445,0.0193099375195798,0.0902974260738776,-0.091011599447395,-0.0208966574058068,-0.0654809562971155,-0.100898491952617,0.0577925100003118,-0.0302900725808687,0.0947996264515466,0.0855320604384382,-0.00969979039562511,0.0736812709837386,-0.0997204190451701,-0.0481528761718305,-0.0408892924047431,-0.0981096665225624,0.078976906142611,-0.00161905710673082,0.0809550009368717,0.0972883040090954,-0.03790769198654,0.0509743056521072,-0.100185920612502,-0.071428571428572,-0.0129175440265709,-0.0872106747820384,0.0936327321021174,0.0271857965799614,0.0604182874299178,0.101002278621515,-0.0629819809849951,0.0240535853353448,-0.0923696237910079,-0.0887996742619784,0.0161220240078239,-0.0691024741877879,0.100548474373975,0.0537433555875355,0.0348871388523102,0.0963669711867017,-0.0828499089952235,-0.00485550762957248,-0.0769176572385571,-0.0988302147215987,0.0438288763109438,-0.0452819663562169,0.0991524480063043,0.0758582580522184,0.00647206957435175,0.0837655561208882,-0.0958691077764735,-0.0333632234846347,-0.0551073468599855,-0.100691025262638,0.0679126455002195,-0.0177182567481948,0.0895600545330903,0.0917023911765055,-0.0224780087652105,0.0642397205029616,-0.100963354454001,-0.0591129920272157,-0.0287416265630633,-0.0942282832955799,0.08638246380053,0.0113101200435128,0.0725642423878663,0.0999660108828004,-0.0495699583813153,0.039403553747629,-0.0977115367231186,-0.0799762268219856
0.0789769061425961,-0.0984825911245444,-0.0438288763109563,-0.0438288763109195,-0.0984825911245445,0.0789769061426145,2.34180083099328e-15,0.0789769061426047,0.0984825911245539,-0.0438288763109436,0.0438288763109452,-0.0984825911245477,-0.0789769061426123,-3.15031941271055e-15,-0.0789769061426127,0.0984825911245433,0.0438288763109434,0.0438288763109429,0.0984825911245405,-0.0789769061426139,3.49720008261847e-16,-0.0789769061426109,-0.0984825911245457,0.043828876310943,-0.0438288763109417,0.0984825911245438,0.078976906142613,-4.90969273484536e-16,0.0789769061426108,-0.098482591124545,-0.043828876310945,-0.0438288763109418,-0.0984825911245432,0.0789769061426107,1.64883487345455e-17,0.0789769061426103,0.0984825911245453,-0.0438288763109426,0.0438288763109441,-0.0984825911245454,-0.0789769061426098,-1.01522633939502e-15,-0.0789769061426091,0.0984825911245463,0.0438288763109412,0.0438288763109441,0.0984825911245462,-0.07897690614261,-1.69003510780076e-15,-0.0789769061426093,-0.0984825911245446,0.0438288763109416,-0.0438288763109421,0.0984825911245432,0.0789769061426106,-1.26469358301756e-15,0.0789769061426106,-0.0984825911245436,-0.0438288763109421,-0.0438288763109435,-0.0984825911245455,0.0789769061426094,-1.29654323074344e-15,0.078976906142612,0.0984825911245444,-0.0438288763109429,0.0438288763109421,-0.0984825911245451,-0.0789769061426098,1.06028241075642e-15,-0.0789769061426106,0.0984825911245436,0.0438288763109424,0.0438288763109435,0.0984825911245437,-0.0789769061426096,1.14020979077951e-15,-0.0789769061426121,-0.0984825911245435,0.0438288763109421,-0.043828876310943,0.0984825911245449,0.0789769061426107,5.056757910673e-16,0.0789769061426119,-0.0984825911245448,-0.0438288763109427,-0.0438288763109438,-0.0984825911245446,0.0789769061426108,2.93884334306613e-17,0.0789769061426113,0.0984825911245441,-0.0438288763109429,0.0438288763109435,-0.0984825911245441,-0.0789769061426108,-8.64617117799757e-17,-0.0789769061426111,0.0984825911245442,0.0438288763109435,0.043828876310943,0.0984825911245453,-0.0789769061426105,-5.4998985062247e-17,-0.0789769061426114,-0.0984825911245446,0.043828876310941,-0.0438288763109446,0.0984825911245444,0.0789769061426096,1.52385633992982e-15,0.0789769061426122,-0.0984825911245442,-0.0438288763109428,-0.0438288763109438,-0.0984825911245443,0.0789769061426103,-6.29996216852834e-16,0.0789769061426102,0.0984825911245446,-0.0438288763109432,0.0438288763109427,-0.098482591124544,-0.0789769061426107,-5.51002027342806e-16,-0.0789769061426105,0.0984825911245435,0.0438288763109433,0.0438288763109433,0.0984825911245439,-0.0789769061426108,-2.3520628386037e-16,-0.0789769061426106,-0.0984825911245443,0.0438288763109437,-0.0438288763109428,0.0984825911245443,0.078976906142611,-4.73519669397759e-16,0.0789769061426107,-0.0984825911245449,-0.043828876310944,-0.0438288763109416,-0.0984825911245442,0.0789769061426112,4.23974579626543e-16,0.0789769061426098,0.0984825911245451,-0.0438288763109438,0.0438288763109421,-0.0984825911245449,-0.0789769061426112,-2.37457128962965e-16,-0.0789769061426114,0.0984825911245442,0.0438288763109438,0.0438288763109422,0.0984825911245443,-0.0789769061426105,5.25216492860689e-16,-0.0789769061426112,-0.0984825911245442,0.0438288763109425,-0.0438288763109416,0.0984825911245435,0.07897690614261,-5.71301817801869e-16,0.0789769061426098,-0.0984825911245443,-0.0438288763109434,-0.0438288763109409,-0.0984825911245442,0.0789769061426119,1.68202043747161e-15,0.0789769061426085,0.0984825911245449,-0.0438288763109438,0.0438288763109388,-0.0984825911245436,-0.0789769061426118,-8.62805164788225e-17,-0.0789769061426068,0.0984825911245462,0.0438288763109395,0.0438288763109426,0.0984825911245381,-0.0789769061426141,7.51013398206133e-15,-0.0789769061426124,-0.0984825911245466,0.0438288763109376,-0.0438288763109541,0.0984825911245475,0.0789769061426143
0.0779572956326188,-0.0991524480063036,-0.048152876171844,-0.0379076919865145,-0.0963669711867015,0.0846596831715467,0.0113101200435248,0.0702745498692624,0.100691025262645,-0.0577925100003129,0.0271857965799626,-0.092369623791012,-0.0902974260738795,0.0224780087652074,-0.0617080608670552,0.100963354453998,0.0667053694835458,0.0161220240078227,0.0872106747820345,-0.0947996264515496,-0.0333632234846317,-0.0523655571955826,-0.0999660108827984,0.0747793702421648,-0.00485550762957133,0.0809550009368717,0.0981096665225655,-0.0438288763109426,0.042364526259175,-0.0977115367231154,-0.0819129770319891,0.00647206957435508,-0.073681270983737,0.100185920612502,0.053743355587537,0.0318307368245874,0.094228283295587,-0.0880164806086169,-0.0177182567481971,-0.0654809562971177,-0.101002278621516,0.0629819809849948,-0.0208966574058062,0.0895600545330932,0.0930131258732406,-0.028741626563062,0.0564571805921235,-0.100548474373974,-0.071428571428573,-0.00969979039562262,-0.0837655561208884,0.0968400771125368,0.0394035537476192,0.0467234230839585,0.0988302147215977,-0.0789769061426123,-0.00161905710673095,-0.0769176572385584,-0.0994492081942235,0.0495699583813198,-0.0364020914209604,0.0958691077764736,0.0855320604384378,-0.0129175440265704,0.0691024741877882,-0.100807707781091,-0.059112992027219,-0.0256229823373514,-0.0917023911765035,0.0910115994473963,0.0240535853353452,0.0604182874299162,0.100898491952617,-0.0679126455002182,0.0145216493840533,-0.0863824638005259,-0.0953466147871412,0.0348871388523081,-0.0509743056521098,0.0997204190451705,0.0758582580522174,0.00323769826409252,0.0799762268219838,-0.0984825911245441,-0.045281966356216,-0.0408892924047442,-0.0972883040090946,0.0828499089952234,0.00808696879009554,0.0725642423878649,0.100380091737625,-0.055107346859988,0.0302900725808686,-0.0936327321021161,-0.0887996742619778,0.0193099375195803,-0.0642397205029655,0.101015254455221,0.0642397205029657,0.0193099375195806,0.0887996742619782,-0.0936327321021161,-0.0302900725808681,-0.055107346859987,-0.100380091737627,0.0725642423878636,-0.00808696879009851,0.0828499089952239,0.0972883040090953,-0.0408892924047427,0.0452819663562188,-0.0984825911245452,-0.0799762268219813,0.00323769826409109,-0.0758582580522176,0.0997204190451704,0.0509743056521081,0.0348871388523099,0.0953466147871419,-0.086382463800526,-0.0145216493840531,-0.0679126455002183,-0.100898491952617,0.0604182874299176,-0.0240535853353444,0.0910115994473957,0.0917023911765049,-0.0256229823373516,0.0591129920272191,-0.100807707781091,-0.0691024741877877,-0.0129175440265722,-0.0855320604384382,0.0958691077764727,0.0364020914209583,0.0495699583813207,0.099449208194223,-0.0769176572385582,0.00161905710673153,-0.0789769061426104,-0.0988302147215999,0.0467234230839619,-0.0394035537476169,0.0968400771125385,0.0837655561208896,-0.00969979039562555,0.0714285714285716,-0.100548474373975,-0.056457180592122,-0.028741626563063,-0.093013125873242,0.0895600545330916,0.0208966574058073,0.0629819809849953,0.101002278621516,-0.0654809562971162,0.0177182567481979,-0.088016480608617,-0.0942282832955864,0.0318307368245876,-0.0537433555875364,0.100185920612503,0.0736812709837394,0.00647206957435389,0.0819129770319868,-0.097711536723115,-0.0423645262591745,-0.0438288763109428,-0.0981096665225613,0.0809550009368723,0.00485550762957156,0.0747793702421625,0.0999660108827978,-0.0523655571955844,0.0333632234846315,-0.094799626451544,-0.0872106747820389,0.0161220240078241,-0.0667053694835406,0.100963354453998,0.061708060867054,0.0224780087652106,0.0902974260738737,-0.0923696237910099,-0.0271857965799578,-0.0577925100003121,-0.100691025262631,0.0702745498692711,-0.0113101200435276,0.0846596831715449,0.0963669711867046,-0.037907691986534,0.0481528761718416,-0.0991524480063084,-0.077957295632638
0.0769176572385417,-0.0997204190451675,-0.0523655571955967,-0.0318307368245626,-0.0936327321021148,0.0895600545330944,0.0224780087652153,0.0604182874299119,0.100807707781097,-0.070274549869269,0.00969979039562601,-0.0828499089952277,-0.0977115367231177,0.0438288763109399,-0.0408892924047464,0.0968400771125381,0.0846596831715455,-0.0129175440265731,0.0679126455002152,-0.100963354454002,-0.0629819809849935,-0.019309937519579,-0.0880164806086172,0.094799626451547,0.0348871388523085,0.0495699583813212,0.0991524480063087,-0.0789769061426099,-0.00323769826409231,-0.0747793702421633,-0.100185920612503,0.0551073468599888,-0.0287416265630618,0.0923696237910075,0.0910115994473963,-0.0256229823373514,0.0577925100003126,-0.100548474373975,-0.0725642423878628,-0.00647206957435558,-0.0809550009368748,0.0984825911245445,0.0467234230839599,0.0379076919865398,0.0958691077764713,-0.0863824638005247,-0.0161220240078216,-0.0654809562971141,-0.101015254455222,0.0654809562971175,-0.0161220240078231,0.0863824638005247,0.095869107776474,-0.0379076919865407,0.0467234230839591,-0.0984825911245452,-0.0809550009368711,0.00647206957435217,-0.0725642423878658,0.100548474373975,0.0577925100003111,0.0256229823373545,0.0910115994473959,-0.0923696237910082,-0.0287416265630635,-0.0551073468599874,-0.100185920612501,0.0747793702421658,-0.0032376982640917,0.0789769061426104,0.0991524480063054,-0.0495699583813214,0.0348871388523101,-0.0947996264515467,-0.0880164806086168,0.0193099375195792,-0.0629819809849965,0.100963354453999,0.067912645500217,0.0129175440265731,0.0846596831715432,-0.0968400771125391,-0.040889292404743,-0.0438288763109433,-0.0977115367231162,0.0828499089952241,0.00969979039562466,0.0702745498692691,0.100807707781091,-0.0604182874299174,0.0224780087652103,-0.0895600545330917,-0.0936327321021166,0.0318307368245874,-0.0523655571955839,0.0997204190451694,0.0769176572385577,1.30249979260457e-16,0.0769176572385581,-0.0997204190451694,-0.0523655571955838,-0.0318307368245875,-0.0936327321021176,0.0895600545330906,0.0224780087652108,0.0604182874299182,0.100807707781092,-0.0702745498692665,0.00969979039562618,-0.0828499089952241,-0.097711536723115,0.0438288763109417,-0.0408892924047455,0.0968400771125389,0.084659683171543,-0.0129175440265715,0.0679126455002187,-0.100963354453998,-0.0629819809849953,-0.0193099375195795,-0.0880164806086176,0.0947996264515465,0.03488713885231,0.0495699583813204,0.0991524480063048,-0.0789769061426106,-0.00323769826409239,-0.0747793702421642,-0.100185920612503,0.0551073468599871,-0.0287416265630637,0.092369623791009,0.0910115994473953,-0.0256229823373523,0.0577925100003124,-0.100548474373976,-0.0725642423878644,-0.0064720695743533,-0.0809550009368724,0.0984825911245445,0.0467234230839616,0.0379076919865381,0.0958691077764727,-0.0863824638005267,-0.0161220240078251,-0.0654809562971153,-0.101015254455222,0.0654809562971161,-0.0161220240078227,0.0863824638005258,0.0958691077764726,-0.0379076919865389,0.0467234230839603,-0.0984825911245443,-0.0809550009368723,0.00647206957435438,-0.0725642423878638,0.100548474373975,0.0577925100003127,0.0256229823373514,0.091011599447395,-0.0923696237910085,-0.0287416265630648,-0.0551073468599876,-0.100185920612502,0.0747793702421639,-0.0032376982640926,0.0789769061426112,0.0991524480063041,-0.0495699583813216,0.0348871388523097,-0.094799626451545,-0.0880164806086175,0.0193099375195814,-0.0629819809849943,0.100963354453996,0.0679126455002192,0.0129175440265713,0.0846596831715399,-0.0968400771125381,-0.040889292404745,-0.0438288763109429,-0.0977115367231115,0.0828499089952247,0.00969979039562213,0.0702745498692683,0.100807707781085,-0.0604182874299193,0.0224780087652158,-0.0895600545330925,-0.0936327321021188,0.0318307368245831,-0.052365557195594,0.0997204190451736,0.0769176572385616
0.0758582580522015,-0.1001859206125,-0.0564571805921344,-0.0256229823373273,-0.0902974260738752,0.0936327321021199,0.0333632234846386,0.0495699583813161,0.0988302147216038,-0.0809550009368724,-0.00808696879009511,-0.0702745498692724,-0.100898491952618,0.0629819809849924,-0.017718256748202,0.0863824638005255,0.0963669711867053,-0.0408892924047454,0.0423645262591726,-0.0968400771125415,-0.0855320604384361,0.0161220240078252,-0.0642397205029641,0.100963354453999,0.0691024741877858,0.00969979039562541,0.0819129770319915,-0.0984825911245429,-0.0481528761718309,-0.0348871388523078,-0.094228283295585,0.0895600545330919,0.0240535853353461,0.057792510000311,0.100380091737627,-0.0747793702421634,0.00161905710673117,-0.076917657238557,-0.099966010882797,0.0551073468599865,-0.027185796579964,0.0910115994473961,0.0930131258732407,-0.0318307368245878,0.0509743056521088,-0.0991524480063048,-0.0799762268219824,0.0064720695743546,-0.0714285714285707,0.100807707781091,0.0617080608670535,0.0193099375195805,0.0872106747820388,-0.095869107776473,-0.0394035537476186,-0.0438288763109424,-0.0972883040090947,0.0846596831715425,0.014521649384052,0.0654809562971164,0.101002278621516,-0.0679126455002171,0.0113101200435226,-0.0828499089952254,-0.0981096665225625,0.0467234230839609,-0.0364020914209578,0.0947996264515472,0.088799674261977,-0.0224780087652116,0.0591129920272192,-0.100548474373975,-0.0736812709837384,-0.00323769826409273,-0.0779572956326342,0.099720419045169,0.0537433555875355,0.0287416265630656,0.0917023911765052,-0.0923696237910086,-0.0302900725808685,-0.052365557195584,-0.0994492081942245,0.0789769061426104,0.00485550762956956,0.0725642423878653,0.100691025262637,-0.0604182874299168,0.0208966574058072,-0.0880164806086179,-0.0953466147871409,0.0379076919865392,-0.0452819663562173,0.0977115367231152,0.0837655561208882,-0.0129175440265719,0.0667053694835446,-0.101015254455221,-0.0667053694835449,-0.0129175440265721,-0.0837655561208885,0.0977115367231153,0.0452819663562172,0.0379076919865383,0.0953466147871421,-0.0880164806086169,-0.0208966574058045,-0.0604182874299181,-0.100691025262638,0.0725642423878639,-0.00485550762957274,0.0789769061426121,0.0994492081942232,-0.0523655571955825,0.0302900725808688,-0.0923696237910095,-0.0917023911765044,0.0287416265630633,-0.0537433555875371,0.0997204190451692,0.0779572956326345,-0.00323769826409245,0.0736812709837385,-0.100548474373975,-0.0591129920272194,-0.0224780087652108,-0.0887996742619776,0.0947996264515456,0.0364020914209592,0.0467234230839611,0.0981096665225619,-0.0828499089952243,-0.0113101200435216,-0.0679126455002184,-0.101002278621516,0.065480956297117,-0.0145216493840528,0.0846596831715433,0.0972883040090954,-0.0438288763109434,0.0394035537476174,-0.095869107776473,-0.0872106747820394,0.0193099375195817,-0.0617080608670517,0.100807707781091,0.0714285714285724,0.00647206957435282,0.0799762268219824,-0.0991524480063054,-0.0509743056521093,-0.0318307368245874,-0.0930131258732424,0.0910115994473953,0.0271857965799609,0.0551073468599867,0.099966010882798,-0.0769176572385582,-0.00161905710673204,-0.0747793702421637,-0.100380091737625,0.0577925100003121,-0.0240535853353431,0.0895600545330911,0.0942282832955862,-0.0348871388523094,0.048152876171831,-0.0984825911245451,-0.0819129770319873,0.00969979039562553,-0.0691024741877883,0.100963354453998,0.0642397205029652,0.0161220240078225,0.0855320604384379,-0.0968400771125367,-0.0423645262591755,-0.0408892924047434,-0.0963669711866998,0.0863824638005252,0.0177182567482004,0.0629819809849952,0.100898491952612,-0.0702745498692686,0.00808696879009826,-0.0809550009368718,-0.0988302147215939,0.0495699583813221,-0.033363223484637,0.0936327321021182,0.0902974260738795,-0.0256229823373484,0.0564571805921315,-0.100185920612507,-0.0758582580522218
0.0747793702421484,-0.100548474373973,-0.0604182874299309,-0.0193099375195558,-0.0863824638005232,0.0968400771125419,0.0438288763109491,0.0379076919865351,0.0947996264515494,-0.0895600545330911,-0.025622982337351,-0.0551073468599918,-0.0997204190451713,0.0789769061426079,0.00647206957435049,0.0702745498692685,0.100963354454002,-0.0654809562971178,0.0129175440265702,-0.082849908995226,-0.0984825911245418,0.0495699583813231,-0.0318307368245853,0.0923696237910093,0.0923696237910056,-0.0318307368245863,0.0495699583813241,-0.0984825911245428,-0.0828499089952242,0.0129175440265737,-0.0654809562971139,0.100963354453999,0.0702745498692694,0.00647206957435299,0.0789769061426119,-0.0997204190451687,-0.0551073468599881,-0.0256229823373521,-0.0895600545330914,0.0947996264515465,0.0379076919865362,0.0438288763109443,0.0968400771125371,-0.0863824638005275,-0.0193099375195785,-0.0604182874299189,-0.100548474373977,0.0747793702421636,1.29530472750579e-15,0.0747793702421633,0.100548474373976,-0.0604182874299156,0.0193099375195797,-0.0863824638005245,-0.096840077112538,0.0438288763109441,-0.0379076919865394,0.0947996264515468,0.0895600545330909,-0.0256229823373506,0.0551073468599898,-0.0997204190451702,-0.0789769061426096,0.00647206957435193,-0.0702745498692688,0.100963354453999,0.0654809562971152,0.0129175440265713,0.0828499089952226,-0.0984825911245449,-0.0495699583813216,-0.0318307368245864,-0.0923696237910086,0.0923696237910082,0.0318307368245864,0.0495699583813218,0.098482591124545,-0.0828499089952229,-0.0129175440265699,-0.0654809562971174,-0.100963354453998,0.0702745498692683,-0.00647206957435499,0.078976906142611,0.0997204190451693,-0.0551073468599873,0.0256229823373522,-0.0895600545330916,-0.0947996264515462,0.0379076919865386,-0.0438288763109426,0.0968400771125395,0.0863824638005257,-0.0193099375195803,0.0604182874299181,-0.100548474373975,-0.0747793702421642,-2.65233511263492e-16,-0.0747793702421647,0.100548474373975,0.0604182874299179,0.0193099375195805,0.0863824638005267,-0.0968400771125382,-0.0438288763109433,-0.0379076919865395,-0.0947996264515477,0.0895600545330894,0.0256229823373511,0.055107346859988,0.0997204190451692,-0.0789769061426101,-0.0064720695743519,-0.0702745498692687,-0.100963354453998,0.0654809562971161,-0.0129175440265722,0.0828499089952236,0.0984825911245446,-0.0495699583813215,0.0318307368245871,-0.0923696237910081,-0.0923696237910084,0.0318307368245876,-0.0495699583813209,0.0984825911245444,0.0828499089952238,-0.0129175440265715,0.0654809562971154,-0.100963354453998,-0.0702745498692679,-0.00647206957435384,-0.07897690614261,0.0997204190451693,0.0551073468599874,0.0256229823373512,0.0895600545330905,-0.0947996264515466,-0.037907691986539,-0.0438288763109421,-0.0968400771125389,0.0863824638005267,0.0193099375195816,0.0604182874299162,0.100548474373976,-0.0747793702421652,-6.645009326552e-16,-0.0747793702421633,-0.100548474373976,0.0604182874299184,-0.0193099375195793,0.0863824638005261,0.096840077112539,-0.043828876310943,0.0379076919865388,-0.0947996264515458,-0.0895600545330917,0.0256229823373529,-0.055107346859987,0.0997204190451689,0.0789769061426101,-0.00647206957435349,0.0702745498692672,-0.100963354453999,-0.0654809562971166,-0.0129175440265717,-0.082849908995224,0.0984825911245453,0.0495699583813207,0.0318307368245866,0.0923696237910089,-0.0923696237910082,-0.031830736824587,-0.0495699583813205,-0.0984825911245442,0.0828499089952221,0.0129175440265718,0.0654809562971157,0.100963354453996,-0.0702745498692676,0.00647206957435249,-0.0789769061426105,-0.0997204190451654,0.0551073468599869,-0.0256229823373537,0.0895600545330909,0.0947996264515414,-0.0379076919865387,0.0438288763109456,-0.0968400771125396,-0.086382463800527,0.0193099375195769,-0.0604182874299275,0.10054847437398,0.0747793702421682
0.0736812709837232,-0.100807707781088,-0.064239720502979,-0.0129175440265479,-0.0819129770319851,0.0991524480063082,0.0537433555875432,0.02562298233735,0.0887996742619799,-0.0958691077764725,-0.042364526259174,-0.0379076919865433,-0.094228283295588,0.0910115994473928,0.0302900725808655,0.0495699583813217,0.0981096665225657,-0.0846596831715453,-0.0177182567481993,-0.0604182874299188,-0.100380091737624,0.0769176572385599,0.00485550762957368,0.0702745498692692,0.101002278621512,-0.0679126455002173,0.00808696879009815,-0.0789769061426095,-0.0999660108827982,0.0577925100003137,-0.0208966574058043,0.0863824638005256,0.0972883040090948,-0.046723423083961,0.0333632234846338,-0.0923696237910079,-0.0930131258732433,0.034887138852309,-0.0452819663562192,0.09684007711254,0.0872106747820376,-0.0224780087652092,0.0564571805921201,-0.0997204190451717,-0.0799762268219798,0.0096997903956227,-0.0667053694835472,0.100963354453997,0.0714285714285727,0.00323769826409024,0.075858258052218,-0.100548474373973,-0.061708060867054,-0.0161220240078213,-0.0837655561208865,0.0984825911245454,0.0509743056521077,0.028741626563065,0.0902974260738785,-0.0947996264515452,-0.0394035537476162,-0.0408892924047458,-0.0953466147871414,0.0895600545330907,0.0271857965799608,0.052365557195583,0.0988302147215979,-0.0828499089952253,-0.0145216493840531,-0.0629819809849947,-0.100691025262638,0.0747793702421646,0.00161905710673111,0.0725642423878652,0.100898491952616,-0.0654809562971149,0.0113101200435225,-0.0809550009368734,-0.0994492081942225,0.0551073468599868,-0.0240535853353446,0.0880164806086183,0.0963669711867031,-0.0438288763109424,0.03640209142096,-0.0936327321021174,-0.0917023911765046,0.0318307368245867,-0.048152876171831,0.0977115367231158,0.0855320604384382,-0.0193099375195808,0.0591129920272188,-0.100185920612502,-0.0779572956326342,0.00647206957435389,-0.0691024741877882,0.101015254455221,0.0691024741877885,0.0064720695743539,0.0779572956326343,-0.100185920612502,-0.059112992027219,-0.01930993751958,-0.0855320604384392,0.0977115367231153,0.048152876171829,0.0318307368245886,0.0917023911765063,-0.0936327321021163,-0.0364020914209569,-0.0438288763109445,-0.0963669711867032,0.088016480608617,0.0240535853353443,0.0551073468599882,0.099449208194223,-0.0809550009368715,-0.0113101200435208,-0.0654809562971152,-0.100898491952617,0.0725642423878649,-0.00161905710673119,0.0747793702421639,0.100691025262637,-0.0629819809849951,0.0145216493840527,-0.0828499089952235,-0.0988302147215994,0.0523655571955827,-0.0271857965799609,0.0895600545330915,0.0953466147871407,-0.0408892924047435,0.0394035537476179,-0.0947996264515463,-0.0902974260738771,0.028741626563064,-0.0509743056521087,0.0984825911245438,0.0837655561208888,-0.0161220240078243,0.0617080608670519,-0.100548474373975,-0.0758582580522191,0.00323769826409302,-0.0714285714285714,0.100963354453998,0.0667053694835456,0.00969979039562387,0.0799762268219815,-0.09972041904517,-0.0564571805921215,-0.0224780087652105,-0.0872106747820387,0.0968400771125386,0.0452819663562188,0.0348871388523087,0.0930131258732424,-0.0923696237910081,-0.0333632234846324,-0.0467234230839612,-0.0972883040090941,0.0863824638005257,0.0208966574058076,0.0577925100003117,0.0999660108827978,-0.0789769061426116,-0.00808696879009624,-0.067912645500218,-0.101002278621516,0.0702745498692687,-0.00485550762957168,0.0769176572385577,0.100380091737626,-0.0604182874299161,0.0177182567481994,-0.0846596831715434,-0.098109666522561,0.0495699583813202,-0.030290072580868,0.091011599447395,0.0942282832955821,-0.0379076919865372,0.0423645262591762,-0.0958691077764722,-0.0887996742619732,0.025622982337351,-0.0537433555875379,0.0991524480063051,0.0819129770319883,-0.0129175440265687,0.0642397205029749,-0.100807707781095,-0.0736812709837423
0.0725642423878498,-0.100963354453996,-0.0679126455002322,-0.00647206957433068,-0.0769176572385554,0.100548474373979,0.0629819809850024,0.0129175440265714,0.0809550009368724,-0.0997204190451691,-0.0577925100003108,-0.019309937519585,-0.0846596831715448,0.098482591124542,0.0523655571955799,0.0256229823373532,0.088016480608621,-0.0968400771125407,-0.0467234230839601,-0.0318307368245876,-0.0910115994473934,0.0947996264515484,0.0408892924047461,0.0379076919865394,0.0936327321021143,-0.0923696237910072,-0.0348871388523092,-0.0438288763109421,-0.0958691077764726,0.0895600545330919,0.0287416265630657,0.0495699583813201,0.0977115367231146,-0.0863824638005252,-0.0224780087652102,-0.0551073468599874,-0.0991524480063053,0.0828499089952226,0.0161220240078212,0.0604182874299194,0.100185920612504,-0.07897690614261,-0.00969979039562443,-0.0654809562971173,-0.100807707781089,0.0747793702421628,0.00323769826409014,0.0702745498692664,0.101015254455222,-0.0702745498692699,0.00323769826409152,-0.0747793702421634,-0.100807707781092,0.0654809562971176,-0.00969979039562301,0.078976906142611,0.100185920612502,-0.0604182874299164,0.0161220240078245,-0.0828499089952243,-0.0991524480063056,0.0551073468599857,-0.022478008765212,0.0863824638005274,0.0977115367231161,-0.049569958381321,0.0287416265630632,-0.0895600545330919,-0.0958691077764714,0.0438288763109438,-0.0348871388523094,0.0923696237910075,0.0936327321021165,-0.037907691986538,0.0408892924047441,-0.0947996264515463,-0.091011599447395,0.0318307368245855,-0.0467234230839623,0.0968400771125398,0.0880164806086171,-0.0256229823373516,0.0523655571955848,-0.0984825911245444,-0.0846596831715423,0.0193099375195799,-0.0577925100003121,0.0997204190451697,0.0809550009368716,-0.0129175440265717,0.0629819809849949,-0.100548474373976,-0.0769176572385576,0.00647206957435389,-0.067912645500219,0.100963354453998,0.0725642423878644,1.23960466487685e-16,0.0725642423878647,-0.100963354453998,-0.0679126455002189,-0.00647206957435395,-0.0769176572385586,0.100548474373975,0.0629819809849959,0.0129175440265726,0.0809550009368735,-0.0997204190451682,-0.0577925100003118,-0.0193099375195807,-0.0846596831715433,0.0984825911245444,0.052365557195582,0.0256229823373526,0.0880164806086171,-0.0968400771125395,-0.0467234230839606,-0.0318307368245873,-0.091011599447396,0.0947996264515465,0.0408892924047442,0.0379076919865381,0.0936327321021166,-0.0923696237910083,-0.0348871388523097,-0.0438288763109431,-0.0958691077764723,0.0895600545330903,0.0287416265630642,0.0495699583813212,0.0977115367231153,-0.0863824638005261,-0.0224780087652107,-0.0551073468599873,-0.0991524480063048,0.0828499089952245,0.0161220240078232,0.0604182874299172,0.100185920612503,-0.0789769061426107,-0.00969979039562524,-0.0654809562971155,-0.100807707781091,0.0747793702421653,0.00323769826409371,0.0702745498692676,0.101015254455222,-0.0702745498692685,0.00323769826409112,-0.0747793702421639,-0.10080770778109,0.0654809562971162,-0.00969979039562407,0.0789769061426106,0.100185920612503,-0.0604182874299178,0.0161220240078222,-0.0828499089952231,-0.0991524480063048,0.0551073468599875,-0.0224780087652108,0.0863824638005262,0.0977115367231156,-0.0495699583813207,0.0287416265630626,-0.0895600545330903,-0.0958691077764719,0.0438288763109434,-0.0348871388523093,0.0923696237910079,0.0936327321021173,-0.0379076919865394,0.040889292404744,-0.0947996264515467,-0.091011599447396,0.0318307368245865,-0.0467234230839617,0.0968400771125391,0.0880164806086171,-0.0256229823373511,0.0523655571955827,-0.0984825911245437,-0.0846596831715393,0.0193099375195777,-0.0577925100003128,0.0997204190451688,0.0809550009368672,-0.0129175440265693,0.0629819809849955,-0.100548474373975,-0.0769176572385572,0.00647206957435073,-0.0679126455002274,0.100963354454002,0.0725642423878677
0.0714285714285569,-0.101015254455219,-0.071428571428585,2.22519078084398e-14,-0.0714285714285691,0.101015254455225,0.0714285714285788,1.1386878318356e-15,0.0714285714285705,-0.10101525445522,-0.0714285714285698,-4.64958663055645e-15,-0.0714285714285726,0.101015254455219,0.0714285714285682,1.40033772778459e-15,0.0714285714285743,-0.101015254455223,-0.0714285714285696,9.09085535444026e-16,-0.07142857142857,0.101015254455223,0.0714285714285737,3.02326688155862e-16,0.0714285714285695,-0.10101525445522,-0.0714285714285724,1.96520273601605e-16,-0.0714285714285711,0.101015254455221,0.0714285714285727,-1.20269645528662e-15,0.0714285714285696,-0.10101525445522,-0.0714285714285716,-5.13465304153304e-16,-0.0714285714285716,0.10101525445522,0.0714285714285693,1.9235466076924e-15,0.0714285714285742,-0.101015254455221,-0.0714285714285699,-7.73139465569157e-17,-0.0714285714285707,0.101015254455221,0.0714285714285714,-1.07764652709685e-15,0.0714285714285708,-0.101015254455222,-0.0714285714285724,-6.08161926542068e-16,-0.0714285714285718,0.101015254455221,0.0714285714285719,-7.59909555893296e-16,0.0714285714285723,-0.101015254455221,-0.0714285714285707,-1.75496346059513e-15,-0.0714285714285739,0.101015254455221,0.0714285714285698,1.85541913820613e-15,0.0714285714285714,-0.10101525445522,-0.0714285714285705,9.70663025791028e-16,-0.0714285714285698,0.101015254455221,0.0714285714285725,-1.07122256346669e-15,0.0714285714285716,-0.101015254455221,-0.0714285714285706,-1.02426108799899e-15,-0.0714285714285726,0.101015254455221,0.0714285714285698,1.27365758894569e-15,0.0714285714285713,-0.101015254455221,-0.0714285714285713,-2.94162668914303e-16,-0.0714285714285722,0.101015254455221,0.0714285714285713,3.53503498482705e-16,0.0714285714285715,-0.101015254455221,-0.0714285714285715,6.52445062906156e-16,-0.0714285714285708,0.101015254455221,0.0714285714285714,-3.66287192663904e-16,0.0714285714285715,-0.101015254455221,-0.071428571428572,4.8664623966546e-17,-0.0714285714285713,0.101015254455221,0.0714285714285715,-2.15678739326977e-16,0.0714285714285721,-0.101015254455221,-0.0714285714285704,-1.58063436750801e-15,-0.071428571428573,0.101015254455221,0.07142857142857,1.54851879573626e-15,0.0714285714285728,-0.101015254455221,-0.0714285714285712,-1.16967997248409e-16,-0.0714285714285714,0.101015254455221,0.0714285714285717,-8.17312470568204e-16,0.0714285714285715,-0.101015254455221,-0.0714285714285718,2.20955610947967e-16,-0.0714285714285719,0.101015254455221,0.0714285714285714,7.01654441399066e-16,0.0714285714285716,-0.101015254455221,-0.0714285714285707,-5.4578146485594e-16,-0.071428571428571,0.101015254455221,0.0714285714285711,-6.23797706591757e-16,0.071428571428571,-0.101015254455221,-0.0714285714285717,5.86918609727792e-16,-0.0714285714285712,0.101015254455221,0.0714285714285724,-1.36646219046677e-15,0.0714285714285705,-0.101015254455221,-0.0714285714285721,8.80781106063634e-16,-0.0714285714285712,0.101015254455221,0.0714285714285718,-2.38203830615467e-16,0.071428571428571,-0.101015254455221,-0.0714285714285719,7.63691141798959e-16,-0.0714285714285707,0.101015254455221,0.0714285714285717,-1.32385777722001e-16,0.0714285714285717,-0.101015254455221,-0.0714285714285713,-7.08480040103429e-16,-0.0714285714285707,0.10101525445522,0.0714285714285703,4.97253180492812e-17,0.0714285714285709,-0.101015254455221,-0.0714285714285716,8.92855490674494e-16,-0.0714285714285719,0.101015254455222,0.0714285714285723,2.70046113230914e-16,0.0714285714285726,-0.101015254455222,-0.0714285714285717,-1.35388844178807e-15,-0.0714285714285715,0.10101525445522,0.0714285714285675,3.82033330208754e-15,0.0714285714285717,-0.10101525445522,-0.0714285714285665,-4.06726020609914e-15,-0.0714285714285703,0.10101525445522,0.0714285714285697,2.96199913827775e-15,0.0714285714285793,-0.101015254455224,-0.0714285714285738
0.0702745498692542,-0.100963354453996,-0.0747793702421778,0.00647206957437504,-0.0654809562971138,0.100548474373979,0.0789769061426186,-0.0129175440265692,0.0604182874299152,-0.0997204190451684,-0.0828499089952222,0.0193099375195759,-0.0551073468599883,0.0984825911245428,0.086382463800523,-0.0256229823373505,0.0495699583813232,-0.0968400771125399,-0.0895600545330885,0.0318307368245893,-0.0438288763109423,0.0947996264515476,0.0923696237910103,-0.0379076919865389,0.0379076919865374,-0.0923696237910072,-0.0947996264515486,0.0438288763109426,-0.0318307368245866,0.0895600545330901,0.0968400771125392,-0.0495699583813222,0.0256229823373502,-0.0863824638005246,-0.098482591124545,0.0551073468599865,-0.01930993751958,0.082849908995223,0.0997204190451685,-0.0604182874299163,0.0129175440265751,-0.0789769061426118,-0.100548474373974,0.0654809562971173,-0.0064720695743547,0.0747793702421656,0.100963354454001,-0.070274549869268,-1.20366318725353e-15,-0.0702745498692677,-0.100963354454,0.0747793702421625,0.0064720695743542,0.0654809562971147,0.100548474373975,-0.078976906142612,-0.0129175440265705,-0.0604182874299188,-0.09972041904517,0.0828499089952223,0.0193099375195784,0.0551073468599893,0.0984825911245443,-0.0863824638005256,-0.0256229823373525,-0.0495699583813204,-0.0968400771125375,0.0895600545330929,0.0318307368245875,0.0438288763109422,0.094799626451547,-0.0923696237910084,-0.0379076919865383,-0.0379076919865394,-0.0923696237910083,0.0947996264515457,0.0438288763109418,0.0318307368245894,0.0895600545330916,-0.096840077112539,-0.0495699583813204,-0.0256229823373528,-0.0863824638005273,0.0984825911245443,0.0551073468599862,0.0193099375195806,0.0828499089952237,-0.0997204190451696,-0.060418287429917,-0.0129175440265721,-0.0789769061426104,0.100548474373976,0.0654809562971158,0.00647206957435358,0.074779370242165,-0.100963354453998,-0.0702745498692681,-1.27722841973308e-16,-0.0702745498692685,0.100963354453998,0.074779370242165,-0.00647206957435351,0.0654809562971166,-0.100548474373975,-0.0789769061426116,0.0129175440265711,-0.0604182874299192,0.0997204190451687,0.0828499089952242,-0.0193099375195798,0.0551073468599881,-0.0984825911245452,-0.0863824638005252,0.0256229823373514,-0.0495699583813206,0.0968400771125396,0.0895600545330907,-0.0318307368245872,0.0438288763109432,-0.0947996264515458,-0.0923696237910088,0.0379076919865394,-0.0379076919865381,0.0923696237910079,0.0947996264515465,-0.0438288763109428,0.031830736824587,-0.0895600545330909,-0.0968400771125391,0.0495699583813204,-0.0256229823373524,0.0863824638005265,0.098482591124544,-0.0551073468599872,0.0193099375195806,-0.0828499089952238,-0.099720419045169,0.0604182874299176,-0.0129175440265718,0.0789769061426101,0.100548474373976,-0.0654809562971168,0.00647206957435247,-0.0747793702421633,-0.100963354453999,0.0702745498692691,6.22733240637174e-16,0.0702745498692672,0.100963354453999,-0.0747793702421653,-0.00647206957435473,-0.0654809562971158,-0.100548474373976,0.078976906142611,0.0129175440265722,0.0604182874299166,0.0997204190451697,-0.0828499089952245,-0.0193099375195808,-0.0551073468599871,-0.0984825911245444,0.086382463800526,0.0256229823373526,0.0495699583813219,0.0968400771125387,-0.0895600545330904,-0.0318307368245861,-0.0438288763109435,-0.0947996264515457,0.0923696237910084,0.0379076919865386,0.0379076919865374,0.0923696237910086,-0.0947996264515472,-0.0438288763109438,-0.0318307368245869,-0.0895600545330924,0.0968400771125394,0.0495699583813218,0.0256229823373536,0.0863824638005265,-0.0984825911245434,-0.0551073468599838,-0.0193099375195851,-0.0828499089952238,0.0997204190451683,0.0604182874299126,0.0129175440265773,0.0789769061426083,-0.100548474373973,-0.065480956297113,-0.00647206957435659,-0.0747793702421716,0.100963354454,0.0702745498692702
0.0691024741877741,-0.100807707781088,-0.0779572956326477,0.0129175440265922,-0.0591129920272175,0.0991524480063088,0.0855320604384465,-0.025622982337348,0.0481528761718271,-0.0958691077764712,-0.0917023911765033,0.0379076919865347,-0.0364020914209591,0.0910115994473943,0.0963669711867002,-0.0495699583813192,0.0240535853353459,-0.0846596831715441,-0.0994492081942202,0.0604182874299203,-0.0113101200435216,0.0769176572385585,0.100898491952618,-0.0702745498692691,-0.00161905710673191,-0.0679126455002176,-0.10069102526264,0.0789769061426101,0.0145216493840538,0.0577925100003106,0.0988302147215986,-0.0863824638005268,-0.0271857965799624,-0.0467234230839598,-0.0953466147871423,0.0923696237910075,0.0394035537476184,0.0348871388523094,0.0902974260738779,-0.0968400771125388,-0.0509743056521064,-0.0224780087652119,-0.0837655561208869,0.0997204190451717,0.0617080608670506,0.00969979039562694,0.0758582580522208,-0.100963354453997,-0.0714285714285725,0.00323769826409342,-0.0667053694835449,0.100548474373973,0.0799762268219831,-0.016122024007825,0.0564571805921193,-0.0984825911245452,-0.0872106747820376,0.0287416265630622,-0.045281966356219,0.0947996264515464,0.093013125873243,-0.0408892924047417,0.0333632234846343,-0.0895600545330926,-0.0972883040090952,0.0523655571955833,-0.0208966574058061,0.0828499089952245,0.0999660108827966,-0.0629819809849962,0.00808696879009561,-0.0747793702421633,-0.101002278621515,0.0725642423878642,0.00485550762957065,0.0654809562971164,0.100380091737626,-0.0809550009368709,-0.0177182567481971,-0.0551073468599889,-0.0981096665225618,0.0880164806086176,0.0302900725808681,0.0438288763109431,0.0942282832955863,-0.0936327321021169,-0.0423645262591752,-0.0318307368245876,-0.0887996742619779,0.0977115367231157,0.0537433555875365,0.0193099375195796,0.0819129770319871,-0.100185920612502,-0.0642397205029654,-0.00647206957435336,-0.0736812709837387,0.101015254455221,0.0736812709837392,-0.00647206957435364,0.0642397205029653,-0.100185920612502,-0.081912977031988,0.0193099375195801,-0.053743355587537,0.0977115367231159,0.0887996742619776,-0.0318307368245855,0.0423645262591767,-0.0936327321021169,-0.0942282832955851,0.0438288763109417,-0.0302900725808705,0.0880164806086177,0.0981096665225617,-0.0551073468599879,0.0177182567481991,-0.0809550009368718,-0.100380091737626,0.0654809562971162,-0.00485550762957115,0.0725642423878644,0.101002278621515,-0.0747793702421642,-0.00808696879009584,-0.0629819809849959,-0.0999660108827978,0.0828499089952229,0.0208966574058069,0.0523655571955835,0.0972883040090942,-0.0895600545330912,-0.033363223484633,-0.0408892924047436,-0.0930131258732425,0.0947996264515468,0.0452819663562173,0.0287416265630635,0.0872106747820385,-0.098482591124544,-0.0564571805921213,-0.0161220240078227,-0.0799762268219818,0.100548474373975,0.0667053694835459,0.00323769826409104,0.0714285714285713,-0.100963354453998,-0.0758582580522188,0.00969979039562582,-0.0617080608670517,0.0997204190451697,0.0837655561208888,-0.0224780087652109,0.0509743056521086,-0.0968400771125381,-0.0902974260738786,0.0348871388523109,-0.039403553747617,0.092369623791008,0.0953466147871411,-0.046723423083961,0.0271857965799599,-0.0863824638005265,-0.0988302147215998,0.0577925100003117,-0.0145216493840541,0.0789769061426119,0.100691025262637,-0.0679126455002188,0.00161905710673189,-0.0702745498692674,-0.100898491952617,0.0769176572385588,0.0113101200435222,0.0604182874299165,0.0994492081942247,-0.0846596831715441,-0.024053585335346,-0.0495699583813226,-0.0963669711867038,0.0910115994473945,0.0364020914209554,0.0379076919865443,0.0917023911765042,-0.0958691077764709,-0.0481528761718259,-0.0256229823373589,-0.0855320604384346,0.0991524480063014,0.0591129920272153,0.0129175440265746,0.0779572956326406,-0.100807707781092,-0.0691024741877892
0.0679126455002048,-0.100548474373973,-0.0809550009368851,0.0193099375195997,-0.0523655571955814,0.0968400771125427,0.0910115994474034,-0.0379076919865331,0.0348871388523048,-0.0895600545330893,-0.0977115367231139,0.0551073468599838,-0.0161220240078236,0.0789769061426102,0.100807707781089,-0.0702745498692664,-0.00323769826409133,-0.065480956297116,-0.100185920612499,0.0828499089952272,0.0224780087652092,0.0495699583813209,0.0958691077764729,-0.0923696237910095,-0.0408892924047432,-0.0318307368245868,-0.088016480608621,0.0984825911245433,0.0577925100003132,0.0129175440265698,0.0769176572385561,-0.100963354453999,-0.0725642423878654,0.00647206957435438,-0.0629819809849962,0.0997204190451687,0.0846596831715442,-0.0256229823373517,0.0467234230839621,-0.0947996264515475,-0.0936327321021163,0.0438288763109418,-0.0287416265630631,0.0863824638005274,0.0991524480063022,-0.0604182874299155,0.00969979039562688,-0.0747793702421623,-0.101015254455221,0.0747793702421656,0.00969979039562523,0.0604182874299165,0.0991524480063053,-0.0863824638005267,-0.0287416265630647,-0.0438288763109428,-0.0936327321021171,0.0947996264515458,0.0467234230839597,0.0256229823373537,0.0846596831715456,-0.0997204190451693,-0.0629819809849937,-0.00647206957435546,-0.0725642423878646,0.100963354453998,0.0769176572385569,-0.012917544026573,0.0577925100003107,-0.0984825911245444,-0.0880164806086187,0.0318307368245882,-0.0408892924047439,0.0923696237910088,0.0958691077764719,-0.0495699583813199,0.0224780087652119,-0.0828499089952252,-0.100185920612502,0.0654809562971154,-0.00323769826409227,0.070274549869269,0.100807707781092,-0.0789769061426105,-0.0161220240078221,-0.0551073468599877,-0.0977115367231154,0.0895600545330909,0.0348871388523094,0.0379076919865387,0.0910115994473948,-0.0968400771125396,-0.0523655571955833,-0.0193099375195799,-0.0809550009368723,0.100548474373975,0.0679126455002183,4.45429081931588e-17,0.0679126455002186,-0.100548474373975,-0.0809550009368724,0.0193099375195801,-0.0523655571955838,0.0968400771125378,0.0910115994473963,-0.0379076919865381,0.0348871388523114,-0.0895600545330907,-0.0977115367231165,0.0551073468599872,-0.0161220240078242,0.0789769061426119,0.100807707781091,-0.0702745498692678,-0.00323769826409231,-0.0654809562971162,-0.100185920612502,0.0828499089952236,0.0224780087652107,0.04956995838132,0.0958691077764727,-0.0923696237910088,-0.0408892924047442,-0.0318307368245869,-0.088016480608618,0.0984825911245446,0.0577925100003123,0.0129175440265724,0.0769176572385579,-0.100963354453998,-0.0725642423878638,0.00647206957435327,-0.0629819809849949,0.0997204190451693,0.084659683171543,-0.0256229823373527,0.0467234230839607,-0.0947996264515463,-0.0936327321021171,0.0438288763109431,-0.0287416265630634,0.0863824638005259,0.0991524480063052,-0.0604182874299184,0.00969979039562322,-0.0747793702421638,-0.101015254455222,0.0747793702421644,0.00969979039562571,0.0604182874299169,0.0991524480063042,-0.0863824638005263,-0.0287416265630644,-0.0438288763109427,-0.093632732102117,0.0947996264515463,0.0467234230839622,0.0256229823373509,0.0846596831715428,-0.0997204190451692,-0.0629819809849951,-0.00647206957435364,-0.0725642423878636,0.100963354453999,0.0769176572385586,-0.0129175440265716,0.0577925100003131,-0.0984825911245457,-0.0880164806086172,0.0318307368245876,-0.0408892924047445,0.0923696237910077,0.0958691077764727,-0.0495699583813219,0.0224780087652098,-0.0828499089952226,-0.100185920612504,0.0654809562971168,-0.00323769826408996,0.0702745498692702,0.100807707781093,-0.0789769061426099,-0.0161220240078208,-0.0551073468599939,-0.097711536723115,0.0895600545330893,0.0348871388523053,0.0379076919865468,0.0910115994473905,-0.0968400771125347,-0.0523655571955782,-0.019309937519583,-0.0809550009368775,0.100548474373976,0.0679126455002192
0.0667053694835309,-0.100185920612499,-0.0837655561209011,0.0256229823373704,-0.0452819663562158,0.0936327321021205,0.0953466147871492,-0.0495699583813141,0.0208966574058005,-0.0809550009368696,-0.100691025262635,0.0702745498692652,0.00485550762957151,0.0629819809849952,0.0994492081942219,-0.0863824638005238,-0.030290072580869,-0.0408892924047432,-0.0917023911765013,0.0968400771125422,0.0537433555875342,0.0161220240078227,0.0779572956326337,-0.100963354454,-0.0736812709837375,0.0096997903956248,-0.0591129920272223,0.0984825911245434,0.0887996742619791,-0.0348871388523118,0.0364020914209561,-0.0895600545330908,-0.0981096665225623,0.0577925100003126,-0.0113101200435214,0.074779370242164,0.101002278621516,-0.0769176572385572,-0.0145216493840513,-0.0551073468599891,-0.0972883040090962,0.0910115994473951,0.0394035537476173,0.0318307368245876,0.0872106747820367,-0.0991524480063039,-0.0617080608670527,-0.0064720695743523,-0.0714285714285705,0.100807707781091,0.0799762268219834,-0.0193099375195795,0.0509743056521086,-0.095869107776472,-0.0930131258732422,0.0438288763109439,-0.0271857965799619,0.0846596831715441,0.099966010882798,-0.0654809562971141,0.00161905710673367,-0.0679126455002202,-0.100380091737626,0.0828499089952235,0.0240535853353447,0.0467234230839604,0.094228283295585,-0.0947996264515482,-0.0481528761718304,-0.0224780087652099,-0.0819129770319884,0.100548474373975,0.0691024741877879,-0.00323769826409126,0.0642397205029658,-0.0997204190451696,-0.0855320604384381,0.0287416265630618,-0.0423645262591768,0.0923696237910098,0.0963669711867021,-0.052365557195583,0.0177182567482003,-0.0789769061426109,-0.100898491952616,0.0725642423878647,0.0080869687900963,0.0604182874299177,0.0988302147215991,-0.0880164806086175,-0.0333632234846332,-0.0379076919865382,-0.0902974260738771,0.0977115367231153,0.0564571805921208,0.0129175440265716,0.0758582580522179,-0.101015254455221,-0.0758582580522182,0.0129175440265716,-0.056457180592121,0.0977115367231158,0.0902974260738781,-0.0379076919865383,0.0333632234846335,-0.0880164806086182,-0.0988302147215995,0.0604182874299156,-0.0080869687900974,0.072564242387865,0.100898491952616,-0.0789769061426104,-0.0177182567481976,-0.0523655571955836,-0.096366971186702,0.0923696237910094,0.0423645262591751,0.0287416265630636,0.0855320604384389,-0.0997204190451694,-0.0642397205029659,-0.0032376982640913,-0.0691024741877875,0.100548474373975,0.0819129770319879,-0.0224780087652104,0.0481528761718302,-0.0947996264515459,-0.0942282832955866,0.0467234230839605,-0.0240535853353445,0.0828499089952244,0.100380091737626,-0.0679126455002183,-0.00161905710673125,-0.0654809562971156,-0.0999660108827974,0.0846596831715434,0.0271857965799609,0.0438288763109422,0.0930131258732425,-0.0958691077764732,-0.0509743056521099,-0.0193099375195789,-0.0799762268219815,0.100807707781091,0.0714285714285723,-0.00647206957435462,0.0617080608670524,-0.0991524480063049,-0.0872106747820385,0.0318307368245878,-0.039403553747617,0.0910115994473952,0.0972883040090954,-0.0551073468599881,0.0145216493840515,-0.0769176572385568,-0.101002278621515,0.0747793702421642,0.0113101200435209,0.0577925100003122,0.0981096665225611,-0.089560054533091,-0.0364020914209594,-0.0348871388523097,-0.0887996742619786,0.0984825911245457,0.059112992027219,0.00969979039562453,0.0736812709837397,-0.100963354453998,-0.0779572956326343,0.0161220240078242,-0.0537433555875359,0.0968400771125374,0.0917023911765065,-0.0408892924047446,0.0302900725808665,-0.0863824638005276,-0.0994492081942255,0.0629819809849946,-0.00485550762957308,0.0702745498692752,0.100691025262636,-0.0809550009368699,-0.0208966574058025,-0.0495699583813302,-0.0953466147871351,0.093632732102112,0.0452819663562116,0.0256229823373547,0.0837655561208932,-0.100185920612502,-0.0667053694835446
0.0654809562971025,-0.099720419045166,-0.0863824638005382,0.0318307368246045,-0.0379076919865366,0.0895600545330946,0.0984825911245522,-0.0604182874299093,0.00647206957434651,-0.0702745498692656,-0.100548474373973,0.0828499089952212,0.0256229823373526,0.0438288763109432,0.0923696237910077,-0.0968400771125367,-0.0551073468599882,-0.0129175440265709,-0.074779370242161,0.100963354454002,0.0789769061426078,-0.0193099375195813,0.0495699583813197,-0.0947996264515475,-0.0947996264515443,0.0495699583813204,-0.0193099375195824,0.07897690614261,0.100963354453999,-0.074779370242166,-0.0129175440265741,-0.0551073468599866,-0.096840077112538,0.0923696237910083,0.0438288763109433,0.0256229823373522,0.0828499089952246,-0.100548474373975,-0.0702745498692669,0.00647206957435221,-0.0604182874299201,0.0984825911245449,0.0895600545330898,-0.0379076919865398,0.0318307368245875,-0.0863824638005266,-0.0997204190451714,0.0654809562971157,1.36948372046593e-15,0.0654809562971151,0.0997204190451706,-0.0863824638005237,-0.0318307368245879,-0.0379076919865372,-0.0895600545330896,0.0984825911245455,0.0604182874299164,0.0064720695743554,0.0702745498692695,-0.100548474373975,-0.0828499089952236,0.02562298233735,-0.0438288763109442,0.0923696237910098,0.0968400771125391,-0.0551073468599874,0.0129175440265717,-0.0747793702421649,-0.100963354453997,0.0789769061426113,0.0193099375195808,0.0495699583813201,0.0947996264515465,-0.0947996264515461,-0.0495699583813198,-0.0193099375195815,-0.078976906142612,0.100963354453999,0.0747793702421627,-0.0129175440265703,0.0551073468599878,-0.0968400771125394,-0.0923696237910088,0.0438288763109425,-0.0256229823373533,0.0828499089952243,0.100548474373975,-0.0702745498692682,-0.00647206957435344,-0.0604182874299174,-0.0984825911245439,0.0895600545330921,0.0379076919865389,0.0318307368245868,0.086382463800526,-0.099720419045169,-0.0654809562971155,-4.48412993779327e-17,-0.0654809562971158,0.099720419045169,0.0863824638005262,-0.031830736824587,0.0379076919865393,-0.0895600545330901,-0.0984825911245453,0.0604182874299168,-0.00647206957435544,0.0702745498692686,0.100548474373977,-0.0828499089952236,-0.025622982337351,-0.0438288763109443,-0.0923696237910092,0.0968400771125383,0.0551073468599875,0.0129175440265717,0.0747793702421639,-0.100963354453998,-0.0789769061426111,0.0193099375195811,-0.0495699583813207,0.0947996264515461,0.0947996264515463,-0.0495699583813209,0.0193099375195806,-0.0789769061426111,-0.100963354453998,0.0747793702421633,0.012917544026572,0.0551073468599878,0.0968400771125382,-0.0923696237910086,-0.0438288763109427,-0.0256229823373521,-0.0828499089952239,0.100548474373976,0.0702745498692678,-0.00647206957435384,0.0604182874299176,-0.0984825911245437,-0.0895600545330914,0.0379076919865395,-0.0318307368245862,0.0863824638005249,0.09972041904517,-0.0654809562971166,-6.64641958134307e-16,-0.0654809562971146,-0.0997204190451698,0.0863824638005266,0.0318307368245882,0.0379076919865383,0.0895600545330908,-0.0984825911245444,-0.060418287429918,-0.00647206957435275,-0.0702745498692675,0.100548474373975,0.082849908995224,-0.0256229823373521,0.0438288763109432,-0.0923696237910085,-0.0968400771125381,0.055107346859987,-0.012917544026571,0.0747793702421641,0.100963354453999,-0.0789769061426118,-0.0193099375195801,-0.0495699583813207,-0.0947996264515474,0.0947996264515463,0.0495699583813208,0.0193099375195797,0.0789769061426106,-0.100963354453997,-0.0747793702421657,0.0129175440265727,-0.0551073468599848,0.0968400771125403,0.0923696237910109,-0.0438288763109423,0.0256229823373531,-0.082849908995231,-0.100548474373974,0.0702745498692663,0.00647206957435014,0.0604182874299276,0.0984825911245371,-0.0895600545330855,-0.0379076919865316,-0.0318307368245898,-0.0863824638005299,0.0997204190451688,0.0654809562971155
0.0642397205029525,-0.0991524480063011,-0.0887996742619902,0.0379076919865549,-0.0302900725808667,0.0846596831715467,0.100380091737634,-0.0702745498692592,-0.00808696879010433,-0.0577925100003091,-0.0972883040090924,0.0923696237910063,0.0452819663562185,0.0224780087652114,0.0799762268219824,-0.100963354453997,-0.075858258052219,0.0161220240078244,-0.0509743056521061,0.094799626451549,0.0953466147871378,-0.0523655571955844,0.0145216493840513,-0.0747793702421655,-0.100898491952614,0.0809550009368708,0.0240535853353432,0.0438288763109428,0.0917023911765054,-0.0977115367231165,-0.059112992027221,-0.00647206957435269,-0.0691024741877868,0.100185920612502,0.0855320604384393,-0.0318307368245865,0.0364020914209588,-0.0880164806086173,-0.0994492081942226,0.0654809562971151,0.00161905710672862,0.0629819809849967,0.0988302147215978,-0.0895600545330933,-0.0394035537476159,-0.0287416265630656,-0.0837655561208913,0.100548474373974,0.0714285714285726,-0.0096997903956263,0.056457180592121,-0.0968400771125367,-0.0930131258732432,0.0467234230839623,-0.0208966574058049,0.0789769061426111,0.101002278621515,-0.0769176572385567,-0.0177182567481976,-0.0495699583813221,-0.094228283295588,0.0958691077764719,0.0537433555875346,0.0129175440265736,0.0736812709837388,-0.10080770778109,-0.0819129770319869,0.0256229823373535,-0.0423645262591738,0.0910115994473952,0.0981096665225633,-0.0604182874299181,0.00485550762957147,-0.067912645500219,-0.0999660108827975,0.0863824638005249,0.0333632234846317,0.0348871388523116,0.0872106747820388,-0.09972041904517,-0.0667053694835437,0.0032376982640913,-0.0617080608670544,0.0984825911245444,0.090297426073877,-0.0408892924047435,0.0271857965799607,-0.0828499089952242,-0.100691025262637,0.0725642423878646,0.0113101200435215,0.0551073468599874,0.0963669711867021,-0.0936327321021167,-0.0481528761718307,-0.0193099375195799,-0.0779572956326344,0.101015254455222,0.077957295632635,-0.0193099375195803,0.0481528761718304,-0.0936327321021168,-0.096366971186703,0.0551073468599871,-0.0113101200435214,0.0725642423878653,0.100691025262638,-0.0828499089952221,-0.0271857965799599,-0.0408892924047442,-0.090297426073878,0.0984825911245447,0.0617080608670518,0.00323769826409267,0.0667053694835443,-0.0997204190451707,-0.087210674782038,0.0348871388523096,-0.0333632234846331,0.0863824638005252,0.0999660108827984,-0.0679126455002193,-0.00485550762957196,-0.0604182874299169,-0.0981096665225626,0.0910115994473956,0.0423645262591753,0.0256229823373526,0.0819129770319881,-0.100807707781091,-0.073681270983738,0.0129175440265712,-0.0537433555875363,0.0958691077764725,0.094228283295586,-0.0495699583813214,0.0177182567481992,-0.0769176572385578,-0.101002278621516,0.0789769061426107,0.020896657405807,0.0467234230839605,0.0930131258732423,-0.0968400771125389,-0.0564571805921224,-0.00969979039562374,-0.0714285714285712,0.100548474373974,0.0837655561208892,-0.0287416265630647,0.0394035537476165,-0.0895600545330911,-0.0988302147215993,0.0629819809849955,-0.00161905710673121,0.065480956297115,0.0994492081942232,-0.0880164806086182,-0.036402091420959,-0.0318307368245871,-0.0855320604384388,0.100185920612503,0.0691024741877881,-0.00647206957435312,0.0591129920272187,-0.0977115367231152,-0.0917023911765043,0.0438288763109435,-0.0240535853353441,0.0809550009368717,0.100898491952618,-0.0747793702421647,-0.0145216493840527,-0.0523655571955831,-0.0953466147871414,0.0947996264515449,0.0509743056521097,0.0161220240078228,0.0758582580522152,-0.100963354454,-0.0799762268219849,0.02247800876521,-0.045281966356218,0.0923696237910156,0.0972883040090932,-0.0577925100003101,0.0080869687900992,-0.0702745498692796,-0.100380091737618,0.0846596831715372,0.030290072580861,0.0379076919865411,0.0887996742619815,-0.0991524480063035,-0.0642397205029647
0.0629819809849824,-0.0984825911245403,-0.091011599447407,0.0438288763109579,-0.0224780087652082,0.0789769061426136,0.101015254455228,-0.0789769061426006,-0.0224780087652197,-0.0438288763109393,-0.0910115994473927,0.0984825911245428,0.0629819809849964,1.17250149281249e-15,0.0629819809849959,-0.0984825911245426,-0.091011599447397,0.0438288763109442,-0.0224780087652086,0.0789769061426124,0.101015254455217,-0.0789769061426119,-0.0224780087652124,-0.0438288763109436,-0.091011599447393,0.0984825911245428,0.0629819809849954,4.88585796621184e-16,0.0629819809849954,-0.0984825911245441,-0.091011599447396,0.0438288763109439,-0.0224780087652093,0.0789769061426102,0.101015254455222,-0.0789769061426098,-0.0224780087652108,-0.043828876310943,-0.0910115994473959,0.0984825911245448,0.0629819809849936,1.30006612225757e-15,0.0629819809849943,-0.0984825911245465,-0.0910115994473929,0.0438288763109409,-0.0224780087652129,0.0789769061426087,0.101015254455221,-0.078976906142612,-0.0224780087652114,-0.0438288763109421,-0.0910115994473956,0.0984825911245446,0.0629819809849958,-7.31275721928296e-16,0.0629819809849961,-0.0984825911245447,-0.0910115994473949,0.043828876310941,-0.0224780087652129,0.0789769061426121,0.101015254455221,-0.0789769061426104,-0.0224780087652109,-0.0438288763109424,-0.0910115994473944,0.0984825911245461,0.0629819809849948,-6.71737519689306e-16,0.0629819809849957,-0.098482591124544,-0.0910115994473954,0.0438288763109422,-0.0224780087652115,0.0789769061426114,0.101015254455222,-0.0789769061426096,-0.0224780087652084,-0.0438288763109447,-0.0910115994473953,0.0984825911245445,0.0629819809849949,5.25394283386247e-16,0.0629819809849963,-0.0984825911245448,-0.0910115994473951,0.0438288763109424,-0.0224780087652109,0.0789769061426107,0.10101525445522,-0.0789769061426116,-0.0224780087652108,-0.0438288763109424,-0.0910115994473955,0.0984825911245436,0.0629819809849947,1.36840137479496e-16,0.0629819809849952,-0.0984825911245435,-0.0910115994473955,0.0438288763109425,-0.0224780087652111,0.0789769061426098,0.101015254455222,-0.0789769061426102,-0.0224780087652091,-0.0438288763109436,-0.0910115994473967,0.0984825911245442,0.0629819809849944,1.09641359773026e-15,0.0629819809849964,-0.0984825911245442,-0.0910115994473953,0.0438288763109438,-0.0224780087652101,0.0789769061426103,0.101015254455222,-0.0789769061426112,-0.0224780087652112,-0.0438288763109421,-0.0910115994473948,0.0984825911245439,0.0629819809849954,9.85562346335587e-17,0.0629819809849948,-0.0984825911245438,-0.0910115994473958,0.0438288763109425,-0.0224780087652108,0.0789769061426114,0.101015254455221,-0.0789769061426106,-0.0224780087652103,-0.0438288763109425,-0.0910115994473948,0.0984825911245445,0.0629819809849956,-5.09852726284972e-16,0.062981980984995,-0.0984825911245445,-0.0910115994473959,0.043828876310944,-0.022478008765209,0.0789769061426099,0.101015254455221,-0.0789769061426104,-0.0224780087652113,-0.0438288763109423,-0.0910115994473944,0.0984825911245445,0.0629819809849956,-9.4893766060777e-17,0.0629819809849954,-0.0984825911245438,-0.0910115994473961,0.0438288763109441,-0.0224780087652099,0.0789769061426104,0.101015254455221,-0.078976906142611,-0.0224780087652112,-0.0438288763109434,-0.0910115994473951,0.0984825911245436,0.0629819809849944,-6.34612514992067e-17,0.0629819809849948,-0.0984825911245441,-0.091011599447396,0.0438288763109436,-0.0224780087652107,0.0789769061426108,0.101015254455222,-0.0789769061426096,-0.0224780087652111,-0.0438288763109425,-0.091011599447393,0.0984825911245455,0.0629819809849978,4.29409441979127e-16,0.0629819809849949,-0.0984825911245514,-0.0910115994473936,0.0438288763109409,-0.0224780087652131,0.0789769061426227,0.101015254455212,-0.0789769061426042,-0.0224780087652018,-0.0438288763109451,-0.091011599447398,0.0984825911245426,0.0629819809849942
0.0617080608670403,-0.0977115367231116,-0.093013125873254,0.049569958381335,-0.0145216493840503,0.0725642423878672,0.100380091737633,-0.086382463800515,-0.0364020914209684,-0.0287416265630597,-0.081912977031985,0.100963354453997,0.0779572956326355,-0.022478008765209,0.0423645262591763,-0.0895600545330897,-0.0994492081942251,0.0679126455002198,0.00808696879009699,0.055107346859988,0.0953466147871377,-0.0958691077764733,-0.0564571805921226,-0.00647206957435406,-0.0667053694835426,0.099152448006303,0.0902974260738789,-0.0438288763109418,0.0208966574058062,-0.0769176572385565,-0.100898491952616,0.0828499089952244,0.0302900725808698,0.0348871388523091,0.0855320604384396,-0.100548474373975,-0.0736812709837395,0.0161220240078228,-0.0481528761718321,0.0923696237910099,0.0981096665225622,-0.0629819809849945,-0.00161905710673157,-0.0604182874299186,-0.097288304009093,0.0936327321021156,0.0509743056521081,0.0129175440265706,0.0714285714285707,-0.100185920612503,-0.0872106747820396,0.0379076919865375,-0.0271857965799607,0.080955000936871,0.101002278621514,-0.0789769061426119,-0.0240535853353431,-0.0408892924047453,-0.088799674261979,0.0997204190451687,0.0691024741877873,-0.00969979039562251,0.0537433555875376,-0.0947996264515476,-0.0963669711867029,0.0577925100003121,-0.00485550762957128,0.0654809562971161,0.0988302147215974,-0.0910115994473956,-0.0452819663562184,-0.0193099375195793,-0.075858258052218,0.100807707781091,0.0837655561208872,-0.0318307368245859,0.0333632234846344,-0.0846596831715445,-0.100691025262637,0.0747793702421638,0.0177182567481983,0.0467234230839617,0.0917023911765061,-0.0984825911245441,-0.0642397205029643,0.00323769826409172,-0.0591129920272193,0.0968400771125392,0.0942282832955861,-0.0523655571955833,0.0113101200435207,-0.0702745498692686,-0.0999660108827978,0.0880164806086177,0.0394035537476178,0.0256229823373518,0.0799762268219825,-0.101015254455222,-0.0799762268219828,0.025622982337352,-0.0394035537476176,0.0880164806086178,0.0999660108827986,-0.0702745498692677,-0.011310120043521,-0.0523655571955841,-0.0942282832955873,0.0968400771125371,0.0591129920272188,0.00323769826409282,0.0642397205029661,-0.0984825911245452,-0.0917023911765042,0.0467234230839599,-0.017718256748199,0.0747793702421651,0.100691025262637,-0.0846596831715429,-0.033363223484633,-0.0318307368245864,-0.0837655561208883,0.100807707781091,0.0758582580522182,-0.0193099375195805,0.045281966356218,-0.0910115994473958,-0.098830214721599,0.065480956297115,0.00485550762957156,0.0577925100003124,0.096366971186702,-0.0947996264515466,-0.0537433555875363,-0.00969979039562469,-0.0691024741877882,0.0997204190451698,0.0887996742619774,-0.0408892924047437,0.0240535853353446,-0.0789769061426102,-0.101002278621515,0.0809550009368727,0.0271857965799619,0.0379076919865374,0.0872106747820378,-0.100185920612502,-0.071428571428572,0.0129175440265724,-0.0509743056521084,0.0936327321021169,0.0972883040090946,-0.0604182874299178,0.00161905710673104,-0.0629819809849952,-0.0981096665225626,0.0923696237910086,0.0481528761718319,0.0161220240078221,0.0736812709837382,-0.100548474373975,-0.0855320604384383,0.0348871388523099,-0.0302900725808678,0.0828499089952243,0.100898491952617,-0.0769176572385572,-0.0208966574058055,-0.0438288763109434,-0.0902974260738771,0.0991524480063047,0.0667053694835451,-0.00647206957435477,0.0564571805921209,-0.095869107776473,-0.0953466147871422,0.0551073468599869,-0.00808696879009588,0.0679126455002183,0.0994492081942214,-0.0895600545330921,-0.0423645262591777,-0.0224780087652106,-0.077957295632633,0.100963354454005,0.0819129770319862,-0.0287416265630619,0.0364020914209603,-0.0863824638005384,-0.100380091737617,0.0725642423878578,0.0145216493840435,0.0495699583813232,0.0930131258732449,-0.0977115367231138,-0.0617080608670515
0.0604182874299049,-0.0968400771125342,-0.0947996264515573,0.0551073468600002,-0.00647206957435093,0.0654809562971179,0.0984825911245506,-0.0923696237909968,-0.0495699583813315,-0.0129175440265674,-0.0702745498692653,0.099720419045169,0.0895600545330923,-0.0438288763109412,0.0193099375195816,-0.0747793702421632,-0.100548474373977,0.086382463800527,0.0379076919865386,0.0256229823373511,0.0789769061426074,-0.100963354453999,-0.0828499089952252,0.0318307368245876,-0.0318307368245859,0.082849908995222,0.100963354454,-0.0789769061426092,-0.0256229823373529,-0.0379076919865366,-0.086382463800524,0.100548474373975,0.0747793702421647,-0.0193099375195806,0.0438288763109436,-0.0895600545330905,-0.0997204190451706,0.0702745498692675,0.0129175440265698,0.0495699583813229,0.0923696237910102,-0.0984825911245444,-0.065480956297115,0.00647206957435404,-0.0551073468599873,0.0947996264515468,0.0968400771125402,-0.0604182874299171,-1.23232431587785e-15,-0.0604182874299167,-0.0968400771125396,0.0947996264515439,0.0551073468599878,0.00647206957435234,0.0654809562971142,-0.0984825911245451,-0.0923696237910075,0.0495699583813192,-0.0129175440265735,0.0702745498692692,0.099720419045171,-0.0895600545330899,-0.043828876310941,-0.019309937519582,-0.0747793702421644,0.100548474373975,0.086382463800525,-0.0379076919865403,0.0256229823373509,-0.0789769061426105,-0.100963354454,0.0828499089952244,0.0318307368245874,0.0318307368245878,0.0828499089952238,-0.100963354453998,-0.0789769061426103,0.0256229823373503,-0.0379076919865402,0.0863824638005272,0.100548474373975,-0.074779370242164,-0.0193099375195792,-0.0438288763109433,-0.0895600545330913,0.0997204190451695,0.0702745498692679,-0.0129175440265711,0.0495699583813213,-0.0923696237910083,-0.0984825911245437,0.0654809562971164,0.00647206957435377,0.0551073468599871,0.0947996264515465,-0.0968400771125379,-0.0604182874299167,-3.48817740474326e-16,-0.0604182874299174,0.096840077112538,0.0947996264515464,-0.055107346859987,0.00647206957435415,-0.0654809562971151,-0.0984825911245452,0.0923696237910081,0.0495699583813198,0.0129175440265729,0.0702745498692698,-0.0997204190451696,-0.0895600545330903,0.0438288763109421,-0.0193099375195816,0.0747793702421646,0.100548474373975,-0.0863824638005269,-0.0379076919865387,-0.025622982337352,-0.0789769061426112,0.100963354453998,0.0828499089952243,-0.0318307368245881,0.0318307368245867,-0.0828499089952233,-0.100963354453999,0.0789769061426108,0.0256229823373522,0.037907691986539,0.0863824638005262,-0.100548474373975,-0.0747793702421636,0.0193099375195797,-0.0438288763109428,0.0895600545330909,0.0997204190451695,-0.0702745498692689,-0.0129175440265715,-0.049569958381321,-0.092369623791009,0.098482591124544,0.0654809562971163,-0.00647206957435444,0.0551073468599866,-0.0947996264515457,-0.0968400771125394,0.0604182874299182,6.23956120435383e-16,0.0604182874299162,0.096840077112539,-0.0947996264515471,-0.055107346859988,-0.00647206957435348,-0.0654809562971156,0.0984825911245444,0.0923696237910089,-0.0495699583813215,0.0129175440265706,-0.0702745498692675,-0.0997204190451693,0.0895600545330908,0.0438288763109426,0.0193099375195802,0.0747793702421631,-0.100548474373976,-0.0863824638005264,0.0379076919865382,-0.0256229823373531,0.0789769061426116,0.100963354453998,-0.082849908995224,-0.0318307368245875,-0.0318307368245861,-0.0828499089952238,0.100963354453999,0.0789769061426119,-0.0256229823373521,0.0379076919865388,-0.0863824638005259,-0.100548474373974,0.0747793702421652,0.0193099375195826,0.0438288763109426,0.0895600545330891,-0.0997204190451757,-0.0702745498692669,0.0129175440265704,-0.0495699583813221,0.0923696237910213,0.0984825911245346,-0.0654809562971087,-0.00647206957434368,-0.0551073468599896,-0.0947996264515479,0.0968400771125364,0.0604182874299157
0.0591129920272069,-0.0958691077764676,-0.0963669711867129,0.0604182874299289,0.00161905710673449,0.0577925100003135,0.0953466147871467,-0.0968400771125265,-0.0617080608670638,0.00323769826409678,-0.0564571805921176,0.0947996264515459,0.0972883040090959,-0.0629819809849934,-0.00485550762956973,-0.0551073468599865,-0.0942282832955876,0.0977115367231165,0.0642397205029642,-0.00647206957435598,0.0537433555875335,-0.0936327321021161,-0.0981096665225628,0.0654809562971166,0.00808696879009689,0.0523655571955815,0.0930131258732446,-0.0984825911245425,-0.0667053694835456,0.00969979039562737,-0.0509743056521059,0.0923696237910075,0.0988302147215987,-0.0679126455002187,-0.0113101200435214,-0.0495699583813206,-0.0917023911765057,0.0991524480063041,0.0691024741877866,-0.0129175440265704,0.0481528761718332,-0.0910115994473961,-0.0994492081942218,0.0702745498692703,0.0145216493840517,0.0467234230839624,0.0902974260738804,-0.099720419045168,-0.0714285714285725,0.016122024007825,-0.0452819663562175,0.0895600545330889,0.0999660108827982,-0.0725642423878655,-0.0177182567482003,-0.0438288763109426,-0.0887996742619782,0.100185920612502,0.0736812709837377,-0.0193099375195784,0.0423645262591775,-0.0880164806086186,-0.100380091737625,0.0747793702421638,0.020896657405807,0.0408892924047431,0.0872106747820373,-0.100548474373977,-0.075858258052217,0.0224780087652112,-0.0394035537476178,0.0863824638005253,0.100691025262638,-0.0769176572385574,-0.0240535853353433,-0.0379076919865398,-0.0855320604384396,0.100807707781091,0.0779572956326326,-0.0256229823373508,0.0364020914209589,-0.084659683171544,-0.100898491952618,0.0789769061426106,0.0271857965799597,0.0348871388523099,0.0837655561208881,-0.100963354453999,-0.0799762268219823,0.0287416265630638,-0.0333632234846324,0.0828499089952242,0.101002278621515,-0.0809550009368721,-0.0302900725808689,-0.0318307368245871,-0.081912977031988,0.101015254455222,0.0819129770319884,-0.0318307368245871,0.0302900725808689,-0.0809550009368721,-0.101002278621516,0.0828499089952228,0.0333632234846327,0.0287416265630647,0.0799762268219838,-0.100963354453997,-0.0837655561208882,0.0348871388523087,-0.0271857965799619,0.0789769061426119,0.100898491952616,-0.0846596831715422,-0.0364020914209582,-0.0256229823373523,-0.0779572956326338,0.10080770778109,0.0855320604384386,-0.0379076919865391,0.024053585335344,-0.0769176572385574,-0.100691025262637,0.0863824638005255,0.0394035537476175,0.0224780087652108,0.0758582580522175,-0.100548474373975,-0.0872106747820389,0.0408892924047433,-0.0208966574058069,0.0747793702421651,0.100380091737626,-0.0880164806086175,-0.042364526259175,-0.0193099375195799,-0.0736812709837385,0.100185920612503,0.0887996742619785,-0.043828876310943,0.0177182567481986,-0.0725642423878643,-0.0999660108827979,0.0895600545330915,0.0452819663562192,0.0161220240078223,0.0714285714285712,-0.0997204190451684,-0.0902974260738784,0.0467234230839617,-0.0145216493840519,0.0702745498692683,0.0994492081942231,-0.0910115994473953,-0.0481528761718309,-0.0129175440265711,-0.0691024741877875,0.0991524480063044,0.0917023911765048,-0.0495699583813206,0.0113101200435218,-0.0679126455002187,-0.0988302147215983,0.0923696237910084,0.0509743056521094,0.00969979039562503,0.0667053694835454,-0.0984825911245456,-0.0930131258732419,0.0523655571955836,-0.00808696879009631,0.0654809562971146,0.0981096665225621,-0.0936327321021176,-0.0537433555875377,-0.00647206957435304,-0.0642397205029658,0.0977115367231159,0.0942282832955853,-0.0551073468599879,0.00485550762956933,-0.0629819809849948,-0.0972883040090921,0.0947996264515514,0.0564571805921194,0.00323769826409325,0.0617080608670533,-0.0968400771125516,-0.0953466147871313,0.0577925100003048,-0.00161905710674219,0.0604182874299195,0.0963669711867036,-0.0958691077764698,-0.0591129920272173
0.0577925100002998,-0.0947996264515409,-0.0977115367231256,0.0654809562971261,0.00969979039562802,0.0495699583813215,0.0910115994473999,-0.0997204190451569,-0.0725642423878758,0.0193099375195853,-0.0408892924047401,0.0863824638005255,0.100807707781092,-0.0789769061426087,-0.0287416265630621,-0.0318307368245865,-0.0809550009368729,0.100963354453999,0.0846596831715412,-0.0379076919865422,0.0224780087652083,-0.074779370242163,-0.100185920612502,0.0895600545330922,0.0467234230839609,0.0129175440265705,0.0679126455002204,-0.0984825911245426,-0.0936327321021179,0.05510734685999,-0.00323769826408883,0.0604182874299158,0.0958691077764714,-0.0968400771125387,-0.0629819809849963,0.00647206957435357,-0.0523655571955835,0.092369623791008,0.0991524480063042,-0.070274549869268,-0.016122024007821,-0.043828876310944,-0.0880164806086162,0.100548474373978,0.0769176572385556,-0.0256229823373502,0.0348871388523119,-0.0828499089952217,-0.101015254455221,0.0828499089952253,0.0348871388523109,0.0256229823373514,0.0769176572385575,-0.100548474373975,-0.0880164806086177,0.0438288763109442,-0.0161220240078241,0.0702745498692693,0.0991524480063051,-0.0923696237910073,-0.0523655571955825,-0.00647206957435552,-0.0629819809849961,0.09684007711254,0.0958691077764732,-0.0604182874299177,-0.00323769826409239,-0.0551073468599873,-0.0936327321021149,0.0984825911245448,0.0679126455002198,-0.0129175440265729,0.046723423083961,-0.0895600545330914,-0.100185920612502,0.0747793702421634,0.0224780087652093,0.0379076919865406,0.0846596831715439,-0.100963354453999,-0.0809550009368711,0.0318307368245866,-0.0287416265630652,0.078976906142611,0.100807707781091,-0.0863824638005257,-0.0408892924047433,-0.019309937519581,-0.072564242387865,0.0997204190451695,0.0910115994473949,-0.0495699583813216,0.00969979039562458,-0.0654809562971155,-0.097711536723116,0.0947996264515457,0.0577925100003117,1.38553198483781e-16,0.057792510000312,-0.0947996264515456,-0.0977115367231161,0.0654809562971157,0.00969979039562458,0.0495699583813203,0.0910115994473963,-0.0997204190451697,-0.0725642423878642,0.0193099375195789,-0.040889292404745,0.0863824638005262,0.100807707781091,-0.0789769061426105,-0.0287416265630624,-0.0318307368245879,-0.0809550009368718,0.100963354454,0.0846596831715429,-0.0379076919865384,0.0224780087652108,-0.0747793702421636,-0.100185920612503,0.0895600545330915,0.0467234230839614,0.0129175440265715,0.0679126455002189,-0.0984825911245447,-0.0936327321021166,0.0551073468599867,-0.00323769826409188,0.0604182874299177,0.0958691077764722,-0.0968400771125391,-0.0629819809849952,0.00647206957435374,-0.0523655571955834,0.0923696237910085,0.0991524480063041,-0.0702745498692685,-0.0161220240078234,-0.0438288763109424,-0.0880164806086176,0.100548474373976,0.0769176572385585,-0.0256229823373533,0.0348871388523082,-0.0828499089952231,-0.101015254455221,0.0828499089952232,0.0348871388523104,0.0256229823373513,0.0769176572385567,-0.100548474373975,-0.0880164806086177,0.0438288763109428,-0.0161220240078233,0.0702745498692676,0.0991524480063048,-0.0923696237910089,-0.0523655571955836,-0.00647206957435392,-0.062981980984996,0.0968400771125392,0.0958691077764721,-0.0604182874299172,-0.00323769826409262,-0.0551073468599876,-0.0936327321021174,0.0984825911245457,0.0679126455002181,-0.0129175440265721,0.0467234230839616,-0.0895600545330902,-0.100185920612502,0.0747793702421655,0.0224780087652118,0.0379076919865376,0.0846596831715441,-0.100963354453999,-0.0809550009368721,0.0318307368245876,-0.0287416265630622,0.07897690614261,0.100807707781088,-0.08638246380053,-0.0408892924047424,-0.0193099375195811,-0.0725642423878643,0.0997204190451825,0.0910115994473852,-0.0495699583813135,0.00969979039563588,-0.0654809562971178,-0.0977115367231163,0.0947996264515433,0.0577925100003099
0.0564571805921083,-0.0936327321021106,-0.0988302147216082,0.0702745498692771,0.0177182567482024,0.0408892924047434,0.0855320604384418,-0.100963354453985,-0.0819129770319989,0.034887138852315,-0.0240535853353407,0.0747793702421642,0.0999660108827987,-0.0910115994473934,-0.0509743056521073,-0.0064720695743531,-0.0617080608670533,0.0958691077764724,0.0972883040090921,-0.0654809562971204,-0.0113101200435225,-0.0467234230839588,-0.0887996742619771,0.100548474373977,0.0779572956326337,-0.0287416265630646,0.03029007258087,-0.0789769061426094,-0.100691025262638,0.0880164806086196,0.0452819663562205,0.0129175440265698,0.0667053694835428,-0.0977115367231153,-0.0953466147871427,0.0604182874299169,0.00485550762957172,0.0523655571955831,0.0917023911765053,-0.0997204190451703,-0.0736812709837377,0.0224780087652097,-0.0364020914209576,0.0828499089952255,0.101002278621513,-0.0846596831715421,-0.039403553747617,-0.0193099375195789,-0.0714285714285707,0.0991524480063053,0.0930131258732442,-0.0551073468599862,0.00161905710673112,-0.0577925100003111,-0.0942282832955851,0.0984825911245458,0.0691024741877873,-0.0161220240078217,0.0423645262591768,-0.0863824638005264,-0.100898491952618,0.0809550009368708,0.0333632234846312,0.0256229823373538,0.075858258052218,-0.100185920612502,-0.0902974260738771,0.0495699583813226,-0.00808696879009532,0.062981980984995,0.0963669711867034,-0.0968400771125389,-0.0642397205029656,0.00969979039562427,-0.048152876171831,0.0895600545330914,0.100380091737626,-0.0769176572385566,-0.0271857965799589,-0.0318307368245888,-0.0799762268219822,0.100807707781091,0.0872106747820385,-0.0438288763109426,0.0145216493840538,-0.0679126455002187,-0.0981096665225619,0.0947996264515464,0.0591129920272192,-0.0032376982640921,0.0537433555875358,-0.0923696237910089,-0.0994492081942231,0.0725642423878647,0.0208966574058064,0.0379076919865385,0.0837655561208887,-0.101015254455222,-0.0837655561208888,0.0379076919865382,-0.0208966574058067,0.0725642423878649,0.0994492081942237,-0.0923696237910071,-0.0537433555875363,-0.00323769826409308,-0.059112992027221,0.0947996264515453,0.0981096665225625,-0.0679126455002178,-0.0145216493840517,-0.0438288763109442,-0.087210674782039,0.10080770778109,0.0799762268219818,-0.0318307368245878,0.0271857965799605,-0.0769176572385574,-0.100380091737626,0.0895600545330911,0.048152876171831,0.00969979039562406,0.064239720502965,-0.0968400771125383,-0.0963669711867028,0.0629819809849954,0.00808696879009623,0.0495699583813213,0.0902974260738783,-0.100185920612502,-0.075858258052217,0.0256229823373516,-0.033363223484633,0.0809550009368718,0.100898491952616,-0.0863824638005262,-0.0423645262591747,-0.0161220240078234,-0.0691024741877884,0.0984825911245438,0.0942282832955863,-0.0577925100003129,-0.0016190571067326,-0.0551073468599862,-0.093013125873242,0.0991524480063046,0.0714285714285718,-0.0193099375195806,0.0394035537476172,-0.084659683171543,-0.101002278621514,0.0828499089952238,0.0364020914209586,0.0224780087652106,0.0736812709837389,-0.099720419045169,-0.0917023911765054,0.052365557195584,-0.00485550762957102,0.0604182874299174,0.0953466147871417,-0.0977115367231161,-0.0667053694835444,0.0129175440265711,-0.0452819663562176,0.0880164806086176,0.100691025262637,-0.0789769061426117,-0.0302900725808686,-0.0287416265630637,-0.0779572956326355,0.100548474373975,0.0887996742619781,-0.0467234230839618,0.0113101200435202,-0.0654809562971146,-0.0972883040090962,0.0958691077764734,0.0617080608670537,-0.00647206957435376,0.0509743056521077,-0.0910115994473945,-0.0999660108827946,0.0747793702421675,0.0240535853353435,0.0348871388523101,0.0819129770319869,-0.100963354454011,-0.0855320604384285,0.0408892924047363,-0.0177182567482105,0.0702745498692701,0.0988302147215994,-0.0936327321021135,-0.0564571805921185
0.0551073468599745,-0.0923696237910013,-0.0997204190451774,0.0747793702421716,0.0256229823373558,0.031830736824586,0.0789769061426127,-0.100548474373962,-0.0895600545331019,0.0495699583813265,-0.00647206957434977,0.0604182874299172,0.0947996264515468,-0.0984825911245428,-0.0702745498692674,0.0193099375195808,-0.0379076919865385,0.0828499089952234,0.100963354453996,-0.0863824638005311,-0.0438288763109434,-0.0129175440265694,-0.0654809562971144,0.0968400771125404,0.0968400771125377,-0.0654809562971161,-0.0129175440265715,-0.0438288763109422,-0.0863824638005264,0.100963354453999,0.0828499089952254,-0.0379076919865404,0.0193099375195785,-0.0702745498692677,-0.0984825911245457,0.0947996264515455,0.0604182874299183,-0.00647206957435342,0.0495699583813222,-0.0895600545330925,-0.100548474373976,0.0789769061426102,0.0318307368245871,0.0256229823373523,0.0747793702421634,-0.0997204190451695,-0.0923696237910095,0.0551073468599871,1.17319438222541e-15,0.0551073468599866,0.0923696237910091,-0.099720419045167,-0.0747793702421646,0.0256229823373531,-0.031830736824586,0.0789769061426112,0.100548474373975,-0.08956005453309,-0.0495699583813195,-0.00647206957435546,-0.0604182874299198,0.094799626451547,0.0984825911245433,-0.0702745498692679,-0.0193099375195807,-0.037907691986538,-0.0828499089952229,0.100963354454,0.0863824638005249,-0.0438288763109437,0.0129175440265715,-0.0654809562971152,-0.0968400771125392,0.0968400771125387,0.0654809562971148,-0.0129175440265706,0.0438288763109444,-0.0863824638005272,-0.100963354453998,0.0828499089952235,0.0379076919865378,0.0193099375195811,0.07027454986927,-0.0984825911245445,-0.0947996264515458,0.0604182874299173,0.00647206957435352,0.0495699583813216,0.0895600545330913,-0.100548474373975,-0.0789769061426105,0.0318307368245879,-0.0256229823373518,0.074779370242164,0.0997204190451698,-0.0923696237910078,-0.0551073468599869,-1.94501276422724e-16,-0.0551073468599874,0.0923696237910079,0.09972041904517,-0.0747793702421643,-0.0256229823373519,-0.031830736824587,-0.0789769061426119,0.100548474373976,0.0895600545330911,-0.0495699583813192,0.00647206957435509,-0.0604182874299182,-0.0947996264515466,0.0984825911245446,0.0702745498692672,-0.0193099375195792,0.0379076919865387,-0.0828499089952247,-0.100963354453998,0.0863824638005253,0.043828876310943,0.0129175440265709,0.0654809562971155,-0.0968400771125386,-0.0968400771125389,0.0654809562971158,0.0129175440265718,0.0438288763109431,0.0863824638005255,-0.100963354453998,-0.0828499089952245,0.0379076919865384,-0.0193099375195805,0.0702745498692692,0.0984825911245443,-0.0947996264515463,-0.0604182874299173,0.00647206957435405,-0.0495699583813209,0.0895600545330913,0.100548474373976,-0.0789769061426106,-0.0318307368245876,-0.0256229823373516,-0.0747793702421638,0.0997204190451691,0.0923696237910092,-0.0551073468599881,-4.31589179204593e-16,-0.0551073468599863,-0.0923696237910084,0.0997204190451699,0.0747793702421644,-0.0256229823373521,0.0318307368245872,-0.0789769061426109,-0.100548474373976,0.0895600545330911,0.049569958381322,0.00647206957435275,0.0604182874299171,-0.0947996264515463,-0.0984825911245446,0.0702745498692685,0.0193099375195806,0.0379076919865395,0.082849908995224,-0.100963354453998,-0.0863824638005254,0.0438288763109433,-0.012917544026572,0.065480956297116,0.0968400771125401,-0.0968400771125387,-0.0654809562971159,0.0129175440265726,-0.0438288763109422,0.0863824638005243,0.100963354454,-0.0828499089952247,-0.0379076919865401,-0.0193099375195805,-0.070274549869268,0.0984825911245434,0.0947996264515428,-0.0604182874299194,-0.00647206957435315,-0.049569958381321,-0.0895600545330896,0.100548474373988,0.078976906142601,-0.03183073682458,0.0256229823373639,-0.0747793702421661,-0.0997204190451693,0.092369623791005,0.055107346859985
0.0537433555875233,-0.0910115994473874,-0.100380091737633,0.0789769061426165,0.0333632234846368,0.0224780087652084,0.0714285714285722,-0.0984825911245308,-0.0953466147871517,0.062981980985001,0.0113101200435251,0.0438288763109429,0.0855320604384388,-0.10101525445522,-0.0855320604384379,0.0438288763109431,-0.0113101200435206,0.0629819809849947,0.0953466147871385,-0.0984825911245498,-0.0714285714285707,0.0224780087652128,-0.0333632234846313,0.0789769061426122,0.100380091737625,-0.0910115994473948,-0.0537433555875368,-3.0259176339969e-16,-0.0537433555875363,0.0910115994473947,0.100380091737626,-0.0789769061426116,-0.0333632234846341,-0.0224780087652098,-0.0714285714285721,0.0984825911245431,0.095346614787142,-0.0629819809849948,-0.0113101200435198,-0.0438288763109443,-0.0855320604384399,0.101015254455221,0.0855320604384373,-0.0438288763109444,0.0113101200435214,-0.0629819809849961,-0.0953466147871433,0.0984825911245425,0.0714285714285725,-0.0224780087652124,0.0333632234846321,-0.0789769061426083,-0.100380091737626,0.0910115994473956,0.0537433555875371,-9.70496014416728e-16,0.0537433555875368,-0.0910115994473956,-0.100380091737626,0.0789769061426093,0.0333632234846318,0.0224780087652123,0.071428571428572,-0.0984825911245454,-0.0953466147871418,0.0629819809849955,0.0113101200435214,0.0438288763109426,0.0855320604384366,-0.101015254455221,-0.0855320604384396,0.0438288763109437,-0.0113101200435213,0.0629819809849958,0.0953466147871409,-0.0984825911245438,-0.0714285714285707,0.0224780087652086,-0.0333632234846346,0.0789769061426121,0.100380091737626,-0.0910115994473952,-0.0537433555875359,-4.1247202352607e-16,-0.053743355587537,0.0910115994473955,0.100380091737626,-0.0789769061426106,-0.0333632234846327,-0.0224780087652105,-0.0714285714285709,0.098482591124545,0.0953466147871411,-0.0629819809849953,-0.0113101200435209,-0.0438288763109428,-0.0855320604384387,0.101015254455222,0.0855320604384388,-0.0438288763109423,0.0113101200435213,-0.0629819809849956,-0.0953466147871417,0.0984825911245429,0.0714285714285715,-0.0224780087652095,0.0333632234846346,-0.0789769061426102,-0.100380091737627,0.0910115994473947,0.0537433555875352,1.17675801556821e-15,0.0537433555875375,-0.0910115994473951,-0.100380091737626,0.0789769061426117,0.0333632234846328,0.0224780087652106,0.071428571428572,-0.0984825911245437,-0.0953466147871415,0.062981980984996,0.0113101200435217,0.0438288763109425,0.0855320604384387,-0.101015254455221,-0.0855320604384382,0.043828876310942,-0.0113101200435212,0.0629819809849956,0.0953466147871408,-0.0984825911245446,-0.0714285714285712,0.0224780087652105,-0.0333632234846331,0.0789769061426107,0.100380091737625,-0.0910115994473954,-0.0537433555875364,2.66911732139296e-16,-0.0537433555875362,0.0910115994473954,0.100380091737626,-0.0789769061426113,-0.0333632234846343,-0.0224780087652097,-0.0714285714285712,0.0984825911245431,0.0953466147871417,-0.0629819809849961,-0.0113101200435218,-0.0438288763109429,-0.0855320604384383,0.101015254455221,0.0855320604384388,-0.0438288763109433,0.0113101200435201,-0.0629819809849946,-0.095346614787141,0.098482591124544,0.0714285714285711,-0.0224780087652105,0.0333632234846322,-0.0789769061426115,-0.100380091737626,0.0910115994473949,0.0537433555875355,2.03825771640544e-16,0.0537433555875362,-0.0910115994473955,-0.100380091737627,0.0789769061426113,0.033363223484633,0.02247800876521,0.0714285714285711,-0.0984825911245427,-0.0953466147871427,0.0629819809849964,0.0113101200435232,0.0438288763109433,0.0855320604384386,-0.10101525445522,-0.0855320604384349,0.0438288763109436,-0.0113101200435214,0.062981980984995,0.095346614787139,-0.098482591124556,-0.071428571428562,0.0224780087652035,-0.033363223484645,0.0789769061426124,0.100380091737625,-0.0910115994473919,-0.0537433555875337
0.0523655571955699,-0.0895600545330824,-0.100807707781097,0.082849908995228,0.0408892924047476,0.0129175440265689,0.0629819809849949,-0.094799626451533,-0.0991524480063145,0.0747793702421698,0.0287416265630673,0.0256229823373523,0.0725642423878648,-0.0984825911245437,-0.0958691077764725,0.0654809562971158,0.0161220240078243,0.0379076919865379,0.0809550009368696,-0.100548474373981,-0.0910115994473937,0.0551073468599895,0.00323769826409375,0.0495699583813221,0.0880164806086163,-0.100963354453998,-0.0846596831715446,0.0438288763109419,-0.00969979039562418,0.0604182874299157,0.0936327321021152,-0.0997204190451697,-0.0769176572385583,0.031830736824588,-0.0224780087652105,0.0702745498692675,0.0977115367231165,-0.0968400771125382,-0.0679126455002176,0.0193099375195794,-0.0348871388523116,0.0789769061426111,0.100185920612501,-0.092369623791011,-0.0577925100003107,0.0064720695743524,-0.0467234230839628,0.0863824638005235,0.101015254455221,-0.0863824638005277,-0.0467234230839628,-0.00647206957435291,-0.0577925100003115,0.0923696237910076,0.100185920612502,-0.0789769061426124,-0.0348871388523091,-0.0193099375195815,-0.0679126455002196,0.0968400771125387,0.0977115367231167,-0.0702745498692671,-0.0224780087652091,-0.0318307368245886,-0.0769176572385575,0.0997204190451688,0.0936327321021159,-0.0604182874299192,-0.00969979039562549,-0.0438288763109421,-0.0846596831715437,0.100963354453998,0.0880164806086179,-0.0495699583813207,0.00323769826409262,-0.0551073468599881,-0.0910115994473962,0.100548474373975,0.0809550009368704,-0.0379076919865376,0.0161220240078238,-0.0654809562971165,-0.0958691077764737,0.0984825911245442,0.0725642423878638,-0.0256229823373521,0.0287416265630636,-0.0747793702421649,-0.0991524480063049,0.0947996264515463,0.0629819809849952,-0.0129175440265723,0.0408892924047434,-0.0828499089952235,-0.100807707781091,0.0895600545330905,0.0523655571955827,2.90745601009807e-16,0.0523655571955833,-0.0895600545330907,-0.100807707781091,0.0828499089952238,0.0408892924047435,0.012917544026572,0.0629819809849966,-0.0947996264515472,-0.0991524480063053,0.0747793702421625,0.0287416265630625,0.0256229823373532,0.0725642423878655,-0.0984825911245454,-0.0958691077764721,0.0654809562971148,0.0161220240078231,0.037907691986539,0.0809550009368716,-0.100548474373975,-0.0910115994473959,0.0551073468599881,0.00323769826409257,0.0495699583813205,0.0880164806086175,-0.100963354453998,-0.0846596831715437,0.043828876310943,-0.0096997903956246,0.0604182874299177,0.0936327321021174,-0.0997204190451696,-0.076917657238557,0.0318307368245867,-0.0224780087652107,0.0702745498692682,0.0977115367231158,-0.0968400771125389,-0.0679126455002179,0.0193099375195801,-0.0348871388523099,0.0789769061426102,0.100185920612502,-0.0923696237910089,-0.0577925100003131,0.00647206957435494,-0.0467234230839596,0.0863824638005251,0.101015254455221,-0.0863824638005251,-0.0467234230839615,-0.00647206957435296,-0.0577925100003112,0.0923696237910085,0.100185920612502,-0.0789769061426107,-0.0348871388523099,-0.0193099375195795,-0.067912645500218,0.0968400771125386,0.0977115367231159,-0.0702745498692681,-0.02247800876521,-0.0318307368245875,-0.0769176572385569,0.0997204190451702,0.0936327321021176,-0.0604182874299171,-0.00969979039562375,-0.0438288763109436,-0.084659683171543,0.100963354453999,0.0880164806086189,-0.0495699583813219,0.00323769826409184,-0.0551073468599872,-0.0910115994473955,0.100548474373974,0.0809550009368736,-0.0379076919865399,0.0161220240078209,-0.0654809562971165,-0.0958691077764734,0.0984825911245434,0.0725642423878614,-0.0256229823373517,0.0287416265630636,-0.0747793702421637,-0.099152448006302,0.0947996264515574,0.0629819809849864,-0.0129175440265651,0.040889292404756,-0.0828499089952254,-0.10080770778109,0.0895600545330875,0.0523655571955805
0.0509743056520953,-0.0880164806086083,-0.10100227862152,0.0863824638005287,0.0481528761718347,0.00323769826408827,0.0537433555875349,-0.0895600545330783,-0.100898491952626,0.0846596831715485,0.045281966356221,0.00647206957435414,0.0564571805921212,-0.0910115994473954,-0.100691025262638,0.0828499089952236,0.0423645262591764,0.00969979039562402,0.0591129920272175,-0.0923696237910126,-0.100380091737624,0.0809550009368735,0.0394035537476194,0.0129175440265724,0.0617080608670517,-0.0936327321021158,-0.0999660108828002,0.0789769061426095,0.0364020914209596,0.0161220240078208,0.0642397205029629,-0.0947996264515458,-0.0994492081942233,0.0769176572385584,0.0333632234846337,0.0193099375195801,0.0667053694835453,-0.0958691077764727,-0.0988302147215992,0.0747793702421645,0.0302900725808671,0.0224780087652115,0.069102474187787,-0.0968400771125413,-0.0981096665225604,0.0725642423878635,0.02718579657996,0.0256229823373507,0.0714285714285709,-0.0977115367231165,-0.0972883040090967,0.0702745498692671,0.024053585335345,0.0287416265630624,0.0736812709837376,-0.0984825911245458,-0.0963669711867025,0.0679126455002176,0.0208966574058052,0.0318307368245888,0.0758582580522202,-0.0991524480063053,-0.0953466147871403,0.0654809562971155,0.0177182567481996,0.0348871388523089,0.0779572956326332,-0.0997204190451709,-0.0942282832955848,0.0629819809849961,0.0145216493840537,0.0379076919865377,0.0799762268219825,-0.100185920612502,-0.0930131258732417,0.0604182874299165,0.0113101200435199,0.0408892924047455,0.0819129770319884,-0.100548474373976,-0.0917023911765041,0.0577925100003118,0.00808696879009518,0.0438288763109432,0.0837655561208887,-0.100807707781091,-0.0902974260738774,0.0551073468599871,0.00485550762957095,0.0467234230839609,0.0855320604384379,-0.100963354453999,-0.0887996742619779,0.0523655571955832,0.00161905710673115,0.0495699583813209,0.0872106747820386,-0.101015254455222,-0.0872106747820386,0.0495699583813203,-0.00161905710673168,0.0523655571955836,0.0887996742619786,-0.100963354453997,-0.0855320604384388,0.0467234230839601,-0.00485550762957283,0.0551073468599877,0.0902974260738789,-0.100807707781091,-0.0837655561208877,0.0438288763109422,-0.00808696879009748,0.0577925100003126,0.0917023911765046,-0.100548474373977,-0.0819129770319876,0.0408892924047435,-0.0113101200435212,0.0604182874299164,0.0930131258732425,-0.100185920612503,-0.0799762268219828,0.037907691986539,-0.0145216493840528,0.0629819809849955,0.0942282832955859,-0.0997204190451692,-0.077957295632635,0.0348871388523095,-0.0177182567481993,0.0654809562971169,0.0953466147871413,-0.0991524480063047,-0.0758582580522176,0.0318307368245875,-0.0208966574058069,0.0679126455002188,0.0963669711867029,-0.0984825911245437,-0.0736812709837388,0.0287416265630642,-0.0240535853353434,0.0702745498692673,0.0972883040090945,-0.0977115367231157,-0.0714285714285718,0.0256229823373524,-0.0271857965799602,0.0725642423878641,0.0981096665225613,-0.0968400771125387,-0.0691024741877882,0.0224780087652105,-0.0302900725808688,0.0747793702421636,0.0988302147215991,-0.0958691077764729,-0.0667053694835448,0.0193099375195801,-0.0333632234846334,0.0769176572385579,0.0994492081942223,-0.0947996264515464,-0.0642397205029663,0.0161220240078232,-0.0364020914209592,0.0789769061426118,0.0999660108827974,-0.0936327321021172,-0.0617080608670539,0.0129175440265731,-0.0394035537476173,0.0809550009368719,0.100380091737627,-0.0923696237910074,-0.059112992027221,0.00969979039562611,-0.0423645262591722,0.0828499089952245,0.100691025262639,-0.0910115994473945,-0.0564571805921181,0.00647206957435214,-0.0452819663562171,0.0846596831715421,0.100898491952613,-0.0895600545331013,-0.053743355587528,0.0032376982640856,-0.0481528761718429,0.0863824638005272,0.101002278621514,-0.0880164806086139,-0.0509743056521059
0.0495699583813075,-0.086382463800516,-0.100963354454003,0.0895600545330927,0.0551073468599916,-0.00647206957435803,0.0438288763109404,-0.0828499089952118,-0.100548474373984,0.0923696237910132,0.0604182874299201,-0.012917544026571,0.0379076919865389,-0.0789769061426113,-0.0997204190451705,0.0947996264515457,0.0654809562971172,-0.019309937519581,0.0318307368245861,-0.0747793702421671,-0.0984825911245414,0.0968400771125395,0.0702745498692697,-0.0256229823373523,0.0256229823373512,-0.0702745498692673,-0.0968400771125412,0.0984825911245428,0.0747793702421658,-0.0318307368245901,0.0193099375195773,-0.0654809562971147,-0.0947996264515457,0.0997204190451698,0.0789769061426119,-0.0379076919865379,0.0129175440265724,-0.0604182874299181,-0.0923696237910094,0.100548474373976,0.0828499089952228,-0.0438288763109416,0.0064720695743539,-0.0551073468599889,-0.0895600545330899,0.100963354453998,0.0863824638005265,-0.0495699583813204,-7.95084426939863e-16,-0.0495699583813204,-0.0863824638005267,0.100963354453996,0.0895600545330912,-0.0551073468599881,-0.00647206957435458,-0.0438288763109431,-0.0828499089952245,0.100548474373976,0.0923696237910078,-0.0604182874299157,-0.0129175440265701,-0.0379076919865405,-0.0789769061426112,0.0997204190451705,0.0947996264515468,-0.065480956297116,-0.0193099375195805,-0.0318307368245868,-0.0747793702421626,0.0984825911245443,0.0968400771125398,-0.070274549869269,-0.0256229823373523,-0.0256229823373524,-0.0702745498692683,0.0968400771125386,0.0984825911245443,-0.0747793702421632,-0.0318307368245854,-0.0193099375195817,-0.0654809562971158,0.0947996264515466,0.0997204190451701,-0.0789769061426104,-0.0379076919865378,-0.0129175440265718,-0.060418287429917,0.0923696237910086,0.100548474373975,-0.0828499089952238,-0.043828876310943,-0.00647206957435332,-0.0551073468599871,0.0895600545330907,0.100963354453999,-0.0863824638005252,-0.0495699583813203,-4.30789179482066e-16,-0.0495699583813212,0.0863824638005256,0.100963354453999,-0.0895600545330911,-0.0551073468599872,0.00647206957435311,-0.0438288763109442,0.0828499089952249,0.100548474373977,-0.0923696237910066,-0.0604182874299166,0.0129175440265705,-0.03790769198654,0.0789769061426122,0.0997204190451699,-0.0947996264515455,-0.0654809562971154,0.0193099375195804,-0.0318307368245873,0.0747793702421643,0.098482591124545,-0.0968400771125386,-0.0702745498692689,0.0256229823373528,-0.0256229823373516,0.0702745498692679,0.0968400771125391,-0.0984825911245446,-0.0747793702421643,0.0318307368245867,-0.0193099375195802,0.065480956297116,0.0947996264515459,-0.09972041904517,-0.0789769061426106,0.0379076919865387,-0.0129175440265721,0.0604182874299175,0.0923696237910081,-0.100548474373976,-0.0828499089952241,0.0438288763109427,-0.00647206957435364,0.0551073468599872,0.0895600545330907,-0.100963354453998,-0.0863824638005265,0.0495699583813214,4.08589325941527e-16,0.0495699583813199,0.0863824638005256,-0.100963354453999,-0.0895600545330907,0.0551073468599874,0.00647206957435387,0.0438288763109429,0.082849908995224,-0.100548474373975,-0.092369623791009,0.0604182874299181,0.0129175440265722,0.0379076919865387,0.0789769061426112,-0.0997204190451698,-0.0947996264515456,0.0654809562971155,0.0193099375195808,0.0318307368245874,0.0747793702421648,-0.0984825911245451,-0.0968400771125379,0.0702745498692686,0.0256229823373526,0.0256229823373505,0.0702745498692678,-0.0968400771125387,-0.0984825911245452,0.0747793702421638,0.0318307368245887,0.0193099375195789,0.0654809562971127,-0.0947996264515471,-0.0997204190451713,0.0789769061426099,0.0379076919865364,0.0129175440265744,0.0604182874299163,-0.0923696237910069,-0.100548474373972,0.0828499089952329,0.0438288763109353,0.00647206957435966,0.0551073468599998,-0.0895600545330923,-0.100963354453997,0.086382463800522,0.0495699583813181
0.0481528761718174,-0.0846596831715335,-0.100691025262642,0.0923696237910091,0.0617080608670571,-0.0161220240078281,0.03336322348463,-0.0747793702421538,-0.0981096665225698,0.0977115367231201,0.0736812709837407,-0.0318307368245859,0.0177182567481996,-0.0629819809849967,-0.093013125873244,0.100548474373975,0.0837655561208894,-0.0467234230839612,0.00161905710673121,-0.0495699583813221,-0.0855320604384352,0.100807707781091,0.0917023911765056,-0.0604182874299182,-0.0145216493840532,-0.0348871388523088,-0.0758582580522201,0.098482591124543,0.0972883040090961,-0.0725642423878669,-0.0302900725808715,-0.0193099375195789,-0.0642397205029645,0.0936327321021165,0.100380091737627,-0.0828499089952223,-0.0452819663562174,-0.0032376982640931,-0.0509743056521104,0.0863824638005272,0.100898491952617,-0.0910115994473942,-0.059112992027218,0.0129175440265721,-0.0364020914209585,0.0769176572385583,0.0988302147216008,-0.0968400771125365,-0.071428571428572,0.0287416265630652,-0.0208966574058058,0.0654809562971138,0.0942282832955856,-0.100185920612502,-0.0819129770319876,0.043828876310944,-0.00485550762957199,0.0523655571955841,0.0872106747820387,-0.100963354453998,-0.0902974260738781,0.0577925100003107,0.0113101200435199,0.0379076919865396,0.0779572956326337,-0.0991524480063039,-0.0963669711867016,0.0702745498692704,0.0271857965799614,0.0224780087652095,0.0667053694835445,-0.0947996264515458,-0.0999660108827984,0.0809550009368719,0.0423645262591744,0.00647206957435466,0.0537433555875376,-0.0880164806086187,-0.101002278621515,0.0895600545330909,0.0564571805921201,-0.00969979039562423,0.0394035537476188,-0.0789769061426108,-0.0994492081942231,0.0958691077764726,0.0691024741877878,-0.0256229823373518,0.0240535853353446,-0.0679126455002184,-0.0953466147871405,0.0997204190451703,0.0799762268219822,-0.0408892924047437,0.00808696879009651,-0.0551073468599874,-0.0887996742619783,0.101015254455221,0.0887996742619782,-0.0551073468599867,-0.0080869687900959,-0.0408892924047441,-0.0799762268219828,0.0997204190451682,0.0953466147871419,-0.0679126455002179,-0.0240535853353431,-0.0256229823373529,-0.0691024741877894,0.0958691077764729,0.0994492081942229,-0.0789769061426105,-0.0394035537476164,-0.00969979039562554,-0.0564571805921209,0.0895600545330922,0.101002278621515,-0.0880164806086174,-0.0537433555875368,0.00647206957435461,-0.0423645262591748,0.0809550009368718,0.0999660108827981,-0.0947996264515463,-0.0667053694835449,0.0224780087652107,-0.0271857965799605,0.0702745498692684,0.0963669711867032,-0.0991524480063048,-0.0779572956326336,0.0379076919865383,-0.0113101200435212,0.0577925100003121,0.0902974260738779,-0.100963354453999,-0.0872106747820378,0.0523655571955834,0.00485550762957118,0.0438288763109426,0.0819129770319879,-0.100185920612503,-0.0942282832955866,0.0654809562971166,0.0208966574058078,0.0287416265630631,0.0714285714285714,-0.0968400771125375,-0.0988302147215994,0.0769176572385583,0.0364020914209587,0.012917544026572,0.0591129920272193,-0.0910115994473954,-0.100898491952617,0.0863824638005256,0.0509743056521095,-0.00323769826409277,0.0452819663562175,-0.0828499089952237,-0.100380091737626,0.0936327321021168,0.064239720502965,-0.0193099375195794,0.0302900725808687,-0.0725642423878645,-0.0972883040090946,0.0984825911245449,0.0758582580522167,-0.0348871388523098,0.0145216493840529,-0.0604182874299158,-0.091702391176504,0.100807707781091,0.0855320604384394,-0.0495699583813209,-0.00161905710673261,-0.0467234230839596,-0.0837655561208853,0.100548474373976,0.0930131258732445,-0.0629819809849948,-0.0177182567481974,-0.0318307368245909,-0.0736812709837373,0.0977115367231139,0.0981096665225584,-0.0747793702421722,-0.0333632234846261,-0.0161220240078289,-0.0617080608670651,0.0923696237910094,0.100691025262635,-0.0846596831715393,-0.0481528761718276
0.0467234230839479,-0.082849908995214,-0.100185920612506,0.094799626451546,0.0679126455002228,-0.0256229823373572,0.022478008765207,-0.0654809562971067,-0.0936327321021235,0.100548474373979,0.0846596831715444,-0.0495699583813191,-0.00323769826409122,-0.0438288763109449,-0.0809550009368736,0.0997204190451685,0.0958691077764736,-0.0702745498692686,-0.0287416265630633,-0.0193099375195795,-0.0629819809849921,0.0923696237910075,0.100807707781091,-0.0863824638005273,-0.0523655571955832,0.00647206957435429,-0.0408892924047454,0.0789769061426098,0.0991524480063058,-0.0968400771125401,-0.0725642423878663,0.0318307368245886,-0.0161220240078223,0.0604182874299169,0.0910115994473961,-0.100963354453997,-0.0880164806086178,0.0551073468599864,0.00969979039562321,0.0379076919865399,0.0769176572385588,-0.0984825911245437,-0.0977115367231138,0.0747793702421665,0.0348871388523086,0.0129175440265728,0.0577925100003139,-0.0895600545330886,-0.101015254455221,0.0895600545330929,0.0577925100003145,-0.0129175440265725,0.0348871388523087,-0.0747793702421631,-0.0977115367231148,0.0984825911245462,0.0769176572385577,-0.0379076919865378,0.0096997903956259,-0.0551073468599885,-0.08801648060862,0.100963354453999,0.0910115994473946,-0.0604182874299174,-0.0161220240078242,-0.0318307368245865,-0.0725642423878637,0.09684007711254,0.0991524480063033,-0.0789769061426114,-0.0408892924047446,-0.0064720695743528,-0.0523655571955833,0.086382463800526,0.10080770778109,-0.0923696237910076,-0.0629819809849944,0.0193099375195783,-0.0287416265630653,0.0702745498692697,0.0958691077764722,-0.0997204190451696,-0.0809550009368721,0.0438288763109426,-0.00323769826409278,0.0495699583813211,0.084659683171543,-0.100548474373976,-0.0936327321021167,0.0654809562971157,0.0224780087652106,0.0256229823373521,0.0679126455002184,-0.0947996264515461,-0.100185920612503,0.0828499089952231,0.04672342308396,6.9666787364796e-16,0.0467234230839614,-0.0828499089952238,-0.100185920612503,0.0947996264515462,0.0679126455002182,-0.025622982337351,0.022478008765212,-0.0654809562971174,-0.0936327321021183,0.100548474373974,0.0846596831715428,-0.0495699583813196,-0.00323769826409039,-0.0438288763109446,-0.0809550009368729,0.0997204190451692,0.0958691077764721,-0.0702745498692693,-0.0287416265630636,-0.0193099375195804,-0.0629819809849959,0.0923696237910078,0.100807707781091,-0.0863824638005264,-0.0523655571955838,0.00647206957435407,-0.0408892924047438,0.0789769061426111,0.0991524480063046,-0.0968400771125383,-0.0725642423878653,0.0318307368245872,-0.0161220240078236,0.0604182874299183,0.0910115994473954,-0.100963354453999,-0.0880164806086177,0.055107346859988,0.00969979039562455,0.0379076919865387,0.0769176572385583,-0.0984825911245441,-0.0977115367231162,0.0747793702421654,0.0348871388523109,0.0129175440265704,0.0577925100003112,-0.0895600545330908,-0.101015254455222,0.0895600545330907,0.0577925100003129,-0.0129175440265726,0.0348871388523089,-0.0747793702421646,-0.0977115367231159,0.0984825911245444,0.0769176572385582,-0.0379076919865391,0.00969979039562386,-0.0551073468599869,-0.0880164806086176,0.100963354453998,0.0910115994473953,-0.0604182874299173,-0.0161220240078234,-0.0318307368245883,-0.0725642423878649,0.0968400771125385,0.0991524480063042,-0.078976906142611,-0.0408892924047428,-0.00647206957435372,-0.0523655571955838,0.0863824638005245,0.10080770778109,-0.0923696237910087,-0.0629819809849963,0.0193099375195807,-0.0287416265630629,0.0702745498692672,0.0958691077764696,-0.0997204190451703,-0.0809550009368742,0.0438288763109425,-0.00323769826409282,0.0495699583813253,0.0846596831715414,-0.100548474373973,-0.0936327321021128,0.0654809562971225,0.0224780087652047,0.025622982337357,0.0679126455002307,-0.0947996264515472,-0.1001859206125,0.0828499089952198,0.0467234230839578
0.0452819663562049,-0.0809550009368621,-0.0994492081942269,0.0968400771125375,0.0736812709837431,-0.0348871388523151,0.0113101200435171,-0.0551073468599799,-0.0872106747820441,0.100807707781094,0.093013125873243,-0.0654809562971137,-0.0240535853353435,-0.0224780087652131,-0.0642397205029676,0.0923696237910074,0.100898491952617,-0.0880164806086178,-0.0564571805921199,0.0129175440265743,-0.0333632234846302,0.072564242387863,0.0963669711867021,-0.0997204190451715,-0.0819129770319874,0.0467234230839611,0.00161905710673067,0.0438288763109425,0.0799762268219827,-0.0991524480063049,-0.0972883040090952,0.0747793702421654,0.0364020914209596,0.00969979039562385,0.0537433555875364,-0.0863824638005244,-0.100691025262638,0.0936327321021163,0.0667053694835438,-0.0256229823373517,0.0208966574058079,-0.0629819809849955,-0.0917023911765034,0.100963354454002,0.0887996742619767,-0.0577925100003114,-0.0145216493840522,-0.0318307368245859,-0.0714285714285711,0.0958691077764737,0.0999660108828004,-0.0828499089952226,-0.0481528761718313,0.00323769826409309,-0.0423645262591743,0.078976906142612,0.0988302147215999,-0.0977115367231155,-0.0758582580522168,0.0379076919865367,-0.0080869687900983,0.052365557195585,0.0855320604384386,-0.100548474373976,-0.0942282832955863,0.0679126455002185,0.027185796579961,0.0193099375195792,0.0617080608670507,-0.0910115994473947,-0.101002278621516,0.0895600545330913,0.0591129920272197,-0.0161220240078232,0.0302900725808691,-0.0702745498692687,-0.0953466147871418,0.100185920612502,0.0837655561208867,-0.0495699583813199,-0.00485550762957074,-0.0408892924047441,-0.0779572956326352,0.098482591124544,0.0981096665225614,-0.0769176572385576,-0.0394035537476175,-0.006472069574354,-0.0509743056521088,0.0846596831715429,0.100380091737625,-0.0947996264515469,-0.0691024741877879,0.0287416265630637,-0.0177182567481994,0.0604182874299174,0.0902974260738779,-0.101015254455221,-0.0902974260738778,0.0604182874299164,0.0177182567481986,0.0287416265630642,0.0691024741877887,-0.094799626451545,-0.100380091737627,0.0846596831715428,0.0509743056521077,-0.00647206957435228,0.0394035537476192,-0.0769176572385586,-0.0981096665225626,0.0984825911245447,0.0779572956326333,-0.0408892924047425,0.00485550762957174,-0.0495699583813218,-0.0837655561208883,0.100185920612502,0.0953466147871418,-0.0702745498692687,-0.0302900725808693,-0.0161220240078229,-0.0591129920272191,0.0895600545330908,0.101002278621516,-0.0910115994473956,-0.0617080608670528,0.0193099375195797,-0.0271857965799609,0.0679126455002188,0.0942282832955858,-0.100548474373976,-0.0855320604384385,0.0523655571955834,0.00808696879009605,0.0379076919865385,0.0758582580522176,-0.0977115367231161,-0.0988302147215998,0.0789769061426106,0.0423645262591756,0.00323769826409123,0.0481528761718295,-0.0828499089952228,-0.0999660108827981,0.095869107776473,0.0714285714285724,-0.0318307368245879,0.0145216493840521,-0.0577925100003117,-0.0887996742619773,0.100963354453999,0.0917023911765053,-0.0629819809849957,-0.0208966574058071,-0.0256229823373512,-0.0667053694835439,0.0936327321021167,0.100691025262638,-0.0863824638005259,-0.0537433555875363,0.00969979039562476,-0.0364020914209578,0.0747793702421653,0.0972883040090954,-0.0991524480063045,-0.0799762268219816,0.0438288763109429,-0.00161905710673199,0.0467234230839609,0.0819129770319888,-0.0997204190451687,-0.0963669711867019,0.0725642423878651,0.033363223484634,0.0129175440265708,0.0564571805921206,-0.0880164806086167,-0.100898491952614,0.0923696237910091,0.0642397205029678,-0.0224780087652105,0.0240535853353443,-0.0654809562971208,-0.0930131258732403,0.100807707781088,0.0872106747820342,-0.0551073468599925,-0.0113101200435164,-0.0348871388523139,-0.0736812709837507,0.0968400771125393,0.0994492081942205,-0.0809550009368677,-0.0452819663562146
0.0438288763109304,-0.0789769061426011,-0.098482591124548,0.0984825911245424,0.078976906142615,-0.0438288763109485,-4.42592401332009e-15,-0.0438288763109372,-0.0789769061426155,0.098482591124547,0.0984825911245439,-0.0789769061426082,-0.043828876310942,-2.8584032326711e-15,-0.0438288763109452,0.0789769061426098,0.0984825911245452,-0.0984825911245445,-0.0789769061426094,0.0438288763109471,2.07858806335759e-15,0.0438288763109409,0.0789769061426102,-0.0984825911245468,-0.098482591124544,0.0789769061426109,0.0438288763109431,4.74511662465092e-16,0.043828876310943,-0.07897690614261,-0.0984825911245437,0.0984825911245449,0.0789769061426115,-0.0438288763109436,-3.02243073269866e-16,-0.0438288763109426,-0.078976906142612,0.0984825911245448,0.0984825911245448,-0.0789769061426112,-0.0438288763109414,-1.22502265140589e-15,-0.0438288763109428,0.0789769061426134,0.0984825911245434,-0.0984825911245441,-0.0789769061426112,0.0438288763109421,3.23636811238107e-16,0.0438288763109427,0.0789769061426118,-0.098482591124542,-0.0984825911245442,0.0789769061426109,0.0438288763109431,-2.65734931242615e-16,0.0438288763109437,-0.0789769061426113,-0.0984825911245444,0.0984825911245432,0.0789769061426108,-0.0438288763109415,1.02439164504576e-15,-0.0438288763109437,-0.0789769061426103,0.0984825911245436,0.0984825911245436,-0.078976906142613,-0.0438288763109432,1.14194801419961e-15,-0.0438288763109426,0.0789769061426101,0.0984825911245448,-0.0984825911245445,-0.07897690614261,0.0438288763109419,-1.25846808139652e-15,0.0438288763109446,0.0789769061426113,-0.0984825911245451,-0.0984825911245436,0.0789769061426106,0.0438288763109426,1.77076178278486e-16,0.0438288763109434,-0.0789769061426109,-0.098482591124544,0.0984825911245445,0.0789769061426107,-0.0438288763109429,-2.59189637590422e-16,-0.043828876310943,-0.0789769061426105,0.0984825911245441,0.0984825911245445,-0.0789769061426101,-0.0438288763109421,-6.591402255692e-16,-0.0438288763109434,0.0789769061426107,0.098482591124545,-0.0984825911245444,-0.0789769061426106,0.0438288763109416,-1.20820943426234e-15,0.0438288763109444,0.0789769061426124,-0.0984825911245431,-0.0984825911245445,0.0789769061426098,0.0438288763109415,1.39636829561559e-15,0.0438288763109442,-0.0789769061426109,-0.0984825911245441,0.0984825911245456,0.0789769061426105,-0.0438288763109427,7.1604809993922e-17,-0.0438288763109421,-0.0789769061426107,0.0984825911245445,0.0984825911245445,-0.0789769061426107,-0.0438288763109431,9.5028176551761e-18,-0.0438288763109426,0.0789769061426107,0.098482591124545,-0.0984825911245444,-0.0789769061426101,0.0438288763109427,4.77581270928222e-17,0.0438288763109427,0.0789769061426108,-0.0984825911245446,-0.0984825911245438,0.0789769061426109,0.043828876310943,-2.01355971781355e-16,0.0438288763109427,-0.0789769061426105,-0.0984825911245441,0.0984825911245442,0.0789769061426118,-0.0438288763109438,-8.78722103658162e-16,-0.0438288763109414,-0.0789769061426102,0.0984825911245442,0.0984825911245439,-0.0789769061426111,-0.0438288763109434,4.27962809944015e-16,-0.0438288763109425,0.0789769061426097,0.0984825911245441,-0.0984825911245445,-0.0789769061426112,0.043828876310943,-3.20393591072337e-17,0.0438288763109426,0.0789769061426094,-0.0984825911245446,-0.098482591124545,0.0789769061426105,0.0438288763109423,7.4872734488866e-17,0.0438288763109426,-0.0789769061426107,-0.0984825911245455,0.098482591124544,0.0789769061426105,-0.0438288763109437,-1.03593910587337e-15,-0.0438288763109414,-0.078976906142611,0.0984825911245438,0.0984825911245425,-0.0789769061426115,-0.043828876310945,1.62485421098606e-16,-0.0438288763109421,0.078976906142616,0.0984825911245416,-0.0984825911245415,-0.0789769061426064,0.0438288763109463,-3.7699460954912e-15,0.0438288763109464,0.0789769061426222,-0.0984825911245444,-0.0984825911245411,0.0789769061426063,0.0438288763109396
0.0423645262591629,-0.0769176572385481,-0.0972883040090981,0.0997204190451668,0.0837655561208927,-0.0523655571955892,-0.0113101200435261,-0.0318307368245833,-0.0691024741877915,0.0936327321021187,0.100898491952615,-0.0895600545330885,-0.0617080608670521,0.0224780087652076,-0.0208966574058089,0.0604182874299168,0.0887996742619789,-0.100807707781091,-0.0942282832955847,0.070274549869274,0.0333632234846342,0.00969979039562261,0.0509743056521079,-0.0828499089952264,-0.0994492081942231,0.097711536723116,0.0779572956326358,-0.0438288763109418,-0.00161905710673178,-0.0408892924047423,-0.0758582580522164,0.0968400771125389,0.0999660108827983,-0.0846596831715436,-0.0537433555875368,0.0129175440265707,-0.0302900725808704,0.0679126455002199,0.093013125873244,-0.100963354454,-0.0902974260738767,0.0629819809849936,0.0240535853353431,0.0193099375195813,0.0591129920272192,-0.088016480608618,-0.100691025262639,0.0947996264515439,0.0714285714285717,-0.0348871388523111,0.00808696879009517,-0.0495699583813191,-0.081912977031987,0.0991524480063039,0.0981096665225616,-0.0789769061426123,-0.0452819663562173,0.00323769826409089,-0.0394035537476188,0.074779370242165,0.0963669711867046,-0.100185920612502,-0.0855320604384374,0.0551073468599872,0.0145216493840537,0.0287416265630629,0.0667053694835435,-0.0923696237910093,-0.101002278621513,0.0910115994473957,0.0642397205029665,-0.025622982337353,0.0177182567481989,-0.0577925100003124,-0.087210674782038,0.100548474373975,0.095346614787141,-0.0725642423878633,-0.0364020914209564,-0.00647206957435523,-0.0481528761718309,0.0809550009368725,0.0988302147216001,-0.0984825911245439,-0.0799762268219813,0.0467234230839607,0.00485550762957126,0.0379076919865391,0.0736812709837389,-0.0958691077764722,-0.100380091737625,0.0863824638005265,0.0564571805921208,-0.0161220240078233,0.0271857965799613,-0.0654809562971157,-0.0917023911765049,0.101015254455221,0.0917023911765048,-0.0654809562971148,-0.0271857965799605,-0.0161220240078239,-0.0564571805921215,0.0863824638005248,0.100380091737627,-0.0958691077764724,-0.0736812709837383,0.0379076919865368,-0.00485550762957288,0.0467234230839621,0.0799762268219832,-0.0984825911245453,-0.0988302147215988,0.0809550009368708,0.0481528761718299,-0.00647206957435354,0.0364020914209585,-0.0725642423878645,-0.0953466147871419,0.100548474373975,0.0872106747820386,-0.0577925100003127,-0.0177182567481995,-0.0256229823373516,-0.0642397205029654,0.0910115994473954,0.101002278621515,-0.0923696237910077,-0.0667053694835451,0.0287416265630636,-0.014521649384053,0.0551073468599881,0.0855320604384382,-0.100185920612502,-0.0963669711867025,0.0747793702421649,0.0394035537476174,0.0032376982640919,0.045281966356218,-0.0789769061426103,-0.0981096665225623,0.0991524480063053,0.0819129770319886,-0.049569958381322,-0.00808696879009764,-0.0348871388523087,-0.0714285714285711,0.0947996264515448,0.100691025262637,-0.0880164806086181,-0.0591129920272196,0.0193099375195805,-0.0240535853353439,0.062981980984995,0.0902974260738776,-0.100963354453998,-0.093013125873243,0.0679126455002193,0.0302900725808694,0.0129175440265715,0.0537433555875363,-0.0846596831715428,-0.0999660108827965,0.0968400771125387,0.0758582580522186,-0.0408892924047437,0.00161905710673182,-0.043828876310943,-0.0779572956326334,0.0977115367231159,0.0994492081942248,-0.0828499089952243,-0.050974305652109,0.00969979039562576,-0.033363223484632,0.0702745498692667,0.0942282832955869,-0.100807707781091,-0.088799674261977,0.0604182874299181,0.0208966574058085,0.0224780087652102,0.0617080608670513,-0.0895600545330967,-0.100898491952614,0.0936327321021139,0.0691024741877838,-0.0318307368245891,0.0113101200435239,-0.0523655571955862,-0.0837655561208996,0.0997204190451696,0.0972883040090911,-0.0769176572385532,-0.0423645262591719
0.0408892924047319,-0.0747793702421552,-0.0958691077764761,0.100548474373972,0.088016480608622,-0.0604182874299236,-0.0224780087652157,-0.0193099375195783,-0.0577925100003147,0.0863824638005272,0.100185920612501,-0.0968400771125362,-0.0769176572385572,0.0438288763109399,0.0032376982640896,0.0379076919865387,0.0725642423878658,-0.0947996264515471,-0.100807707781089,0.0895600545330974,0.0629819809849952,-0.0256229823373537,0.0161220240078229,-0.0551073468599899,-0.0846596831715434,0.0997204190451697,0.0977115367231179,-0.0789769061426089,-0.0467234230839612,0.00647206957435529,-0.0348871388523078,0.0702745498692679,0.0936327321021164,-0.100963354453998,-0.0910115994473957,0.0654809562971136,0.0287416265630624,0.0129175440265736,0.0523655571955851,-0.082849908995225,-0.0991524480063043,0.0984825911245425,0.0809550009368696,-0.0495699583813218,-0.00969979039562393,-0.031830736824588,-0.06791264550022,0.0923696237910055,0.101015254455221,-0.0923696237910101,-0.067912645500221,0.0318307368245875,-0.00969979039562378,0.0495699583813197,0.0809550009368709,-0.098482591124546,-0.099152448006305,0.0828499089952231,0.052365557195582,-0.0129175440265701,0.0287416265630658,-0.0654809562971172,-0.0910115994473951,0.100963354453999,0.093632732102117,-0.0702745498692685,-0.0348871388523101,-0.00647206957435226,-0.0467234230839587,0.0789769061426098,0.0977115367231162,-0.0997204190451696,-0.084659683171544,0.0551073468599877,0.016122024007823,0.0256229823373527,0.0629819809849964,-0.0895600545330919,-0.10080770778109,0.0947996264515465,0.072564242387864,-0.0379076919865385,0.00323769826409257,-0.0438288763109429,-0.0769176572385579,0.0968400771125389,0.100185920612502,-0.086382463800526,-0.0577925100003122,0.0193099375195804,-0.0224780087652101,0.0604182874299177,0.0880164806086175,-0.100548474373975,-0.0958691077764729,0.0747793702421639,0.040889292404743,6.02797318504729e-16,0.0408892924047442,-0.0747793702421646,-0.0958691077764735,0.100548474373976,0.0880164806086176,-0.0604182874299159,-0.0224780087652095,-0.0193099375195819,-0.0577925100003141,0.0863824638005252,0.100185920612503,-0.0968400771125381,-0.0769176572385567,0.043828876310942,0.00323769826409058,0.0379076919865393,0.0725642423878646,-0.0947996264515477,-0.100807707781091,0.0895600545330908,0.0629819809849957,-0.0256229823373526,0.0161220240078231,-0.0551073468599874,-0.0846596831715433,0.0997204190451694,0.097711536723116,-0.0789769061426108,-0.0467234230839607,0.00647206957435313,-0.0348871388523098,0.0702745498692685,0.0936327321021162,-0.100963354453999,-0.0910115994473953,0.0654809562971159,0.0287416265630637,0.0129175440265715,0.0523655571955831,-0.0828499089952241,-0.0991524480063053,0.0984825911245441,0.0809550009368724,-0.0495699583813221,-0.0096997903956261,-0.0318307368245859,-0.0679126455002178,0.0923696237910081,0.101015254455222,-0.0923696237910079,-0.0679126455002193,0.0318307368245881,-0.00969979039562406,0.049569958381321,0.080955000936872,-0.0984825911245444,-0.0991524480063051,0.0828499089952238,0.0523655571955841,-0.0129175440265727,0.0287416265630632,-0.0654809562971156,-0.0910115994473952,0.100963354453998,0.0936327321021155,-0.0702745498692679,-0.0348871388523102,-0.00647206957435351,-0.0467234230839609,0.078976906142611,0.0977115367231145,-0.0997204190451696,-0.0846596831715447,0.0551073468599885,0.0161220240078242,0.025622982337351,0.0629819809849947,-0.0895600545330893,-0.100807707781092,0.0947996264515469,0.0725642423878646,-0.0379076919865394,0.00323769826409034,-0.0438288763109424,-0.0769176572385557,0.0968400771125446,0.1001859206125,-0.0863824638005229,-0.0577925100003081,0.0193099375195802,-0.0224780087652122,0.0604182874299197,0.0880164806086284,-0.100548474373975,-0.0958691077764686,0.0747793702421598,0.0408892924047403
0.0394035537476063,-0.0725642423878556,-0.0942282832955896,0.100963354453995,0.0917023911765093,-0.0679126455002249,-0.0333632234846384,-0.00647206957435365,-0.0452819663562191,0.0769176572385586,0.0963669711867006,-0.100548474373973,-0.0887996742619778,0.0629819809849925,0.0271857965799585,0.0129175440265724,0.05097430565211,-0.080955000936873,-0.0981096665225612,0.0997204190451761,0.0855320604384372,-0.0577925100003132,-0.0208966574058068,-0.0193099375195823,-0.0564571805921214,0.0846596831715432,0.0994492081942257,-0.0984825911245421,-0.0819129770319881,0.0523655571955847,0.0145216493840548,0.025622982337351,0.0617080608670517,-0.0880164806086167,-0.100380091737626,0.0968400771125361,0.0779572956326337,-0.0467234230839595,-0.00808696879009476,-0.0318307368245881,-0.0667053694835449,0.0910115994473944,0.100898491952614,-0.094799626451549,-0.0736812709837376,0.040889292404743,0.0016190571067308,0.0379076919865371,0.0714285714285711,-0.0936327321021179,-0.101002278621518,0.0923696237910069,0.0691024741877886,-0.0348871388523105,0.00485550762957056,-0.0438288763109434,-0.0758582580522186,0.0958691077764729,0.100691025262637,-0.0895600545330899,-0.0642397205029652,0.0287416265630623,-0.0113101200435221,0.0495699583813217,0.0799762268219819,-0.0977115367231152,-0.0999660108827974,0.0863824638005281,0.0591129920272193,-0.0224780087652117,0.0177182567481983,-0.0551073468599866,-0.0837655561208887,0.0991524480063051,0.0988302147215987,-0.0828499089952234,-0.0537433555875357,0.0161220240078217,-0.0240535853353461,0.0604182874299191,0.0872106747820385,-0.100185920612503,-0.0972883040090958,0.0789769061426107,0.0481528761718297,-0.00969979039562441,0.0302900725808692,-0.0654809562971167,-0.0902974260738783,0.100807707781091,0.0953466147871406,-0.0747793702421649,-0.0423645262591749,0.00323769826409178,-0.0364020914209591,0.0702745498692683,0.0930131258732426,-0.101015254455221,-0.0930131258732425,0.0702745498692674,0.0364020914209582,0.00323769826409258,0.0423645262591759,-0.0747793702421639,-0.0953466147871426,0.100807707781091,0.0902974260738778,-0.0654809562971137,-0.0302900725808674,-0.00969979039562633,-0.048152876171832,0.0789769061426122,0.097288304009095,-0.100185920612501,-0.0872106747820376,0.060418287429918,0.0240535853353443,0.0161220240078233,0.0537433555875365,-0.0828499089952229,-0.0988302147215992,0.0991524480063051,0.083765556120889,-0.0551073468599878,-0.0177182567481994,-0.0224780087652104,-0.0591129920272189,0.0863824638005255,0.0999660108827986,-0.0977115367231156,-0.0799762268219816,0.049569958381321,0.0113101200435214,0.0287416265630634,0.0642397205029653,-0.0895600545330911,-0.100691025262637,0.095869107776473,0.0758582580522184,-0.0438288763109432,-0.00485550762957198,-0.0348871388523088,-0.0691024741877871,0.0923696237910078,0.101002278621516,-0.0936327321021177,-0.0714285714285727,0.0379076919865394,-0.00161905710673058,0.0408892924047432,0.0736812709837382,-0.0947996264515468,-0.100898491952617,0.0910115994473957,0.0667053694835451,-0.0318307368245878,0.00808696879009527,-0.0467234230839602,-0.0779572956326343,0.0968400771125388,0.100380091737626,-0.0880164806086177,-0.0617080608670523,0.0256229823373515,-0.0145216493840526,0.052365557195583,0.0819129770319877,-0.0984825911245448,-0.099449208194222,0.0846596831715435,0.0564571805921221,-0.0193099375195817,0.0208966574058057,-0.0577925100003115,-0.0855320604384383,0.0997204190451681,0.0981096665225638,-0.0809550009368728,-0.0509743056521093,0.0129175440265721,-0.0271857965799599,0.0629819809849949,0.0887996742619757,-0.100548474373981,-0.0963669711866997,0.0769176572385549,0.0452819663562138,-0.00647206957435191,0.0333632234846336,-0.0679126455002202,-0.0917023911765151,0.100963354453998,0.0942282832955817,-0.0725642423878597,-0.0394035537476142
0.0379076919865277,-0.0702745498692598,-0.092369623791012,0.100963354453995,0.0947996264515509,-0.074779370242171,-0.0438288763109487,0.00647206957435182,-0.0318307368245875,0.0654809562971161,0.0895600545330889,-0.100548474373974,-0.0968400771125388,0.0789769061426083,0.0495699583813189,-0.0129175440265706,0.0256229823373536,-0.0604182874299189,-0.0863824638005254,0.0997204190451758,0.0984825911245422,-0.0828499089952243,-0.0551073468599875,0.0193099375195789,-0.019309937519581,0.0551073468599876,0.0828499089952264,-0.0984825911245424,-0.09972041904517,0.086382463800527,0.060418287429919,-0.0256229823373536,0.0129175440265702,-0.0495699583813197,-0.0789769061426105,0.0968400771125367,0.100548474373976,-0.0895600545330907,-0.0654809562971155,0.0318307368245873,-0.00647206957435483,0.0438288763109434,0.0747793702421636,-0.0947996264515497,-0.100963354453998,0.0923696237910083,0.0702745498692688,-0.037907691986538,-2.2513629083626e-16,-0.0379076919865386,-0.0702745498692694,0.0923696237910063,0.100963354453998,-0.0947996264515462,-0.0747793702421643,0.0438288763109439,0.00647206957435298,0.0318307368245885,0.065480956297117,-0.0895600545330916,-0.100548474373977,0.0968400771125386,0.0789769061426096,-0.0495699583813206,-0.0129175440265723,-0.0256229823373515,-0.0604182874299166,0.0863824638005266,0.0997204190451676,-0.0984825911245445,-0.0828499089952249,0.0551073468599882,0.0193099375195806,0.0193099375195804,0.0551073468599875,-0.0828499089952242,-0.098482591124545,0.0997204190451693,0.0863824638005243,-0.0604182874299165,-0.0256229823373512,-0.0129175440265726,-0.0495699583813221,0.0789769061426108,0.0968400771125386,-0.100548474373976,-0.0895600545330907,0.0654809562971158,0.0318307368245872,0.00647206957435362,0.0438288763109424,-0.0747793702421648,-0.0947996264515463,0.100963354453999,0.0923696237910088,-0.0702745498692679,-0.037907691986538,-6.11896150351956e-16,-0.0379076919865392,0.0702745498692687,0.0923696237910094,-0.100963354453999,-0.0947996264515465,0.0747793702421628,0.0438288763109422,-0.00647206957435226,0.0318307368245892,-0.0654809562971159,-0.0895600545330923,0.100548474373976,0.0968400771125384,-0.0789769061426106,-0.0495699583813197,0.0129175440265707,-0.0256229823373526,0.0604182874299185,0.0863824638005258,-0.0997204190451693,-0.0984825911245448,0.0828499089952238,0.0551073468599878,-0.0193099375195808,0.0193099375195797,-0.0551073468599868,-0.0828499089952238,0.0984825911245443,0.0997204190451691,-0.086382463800525,-0.0604182874299178,0.025622982337352,-0.0129175440265719,0.0495699583813215,0.0789769061426104,-0.0968400771125384,-0.100548474373975,0.0895600545330913,0.0654809562971155,-0.0318307368245876,0.0064720695743535,-0.0438288763109422,-0.074779370242164,0.0947996264515463,0.100963354453999,-0.0923696237910088,-0.0702745498692699,0.0379076919865401,1.31251280804038e-15,0.037907691986537,0.0702745498692676,-0.0923696237910083,-0.100963354453998,0.0947996264515472,0.0747793702421652,-0.0438288763109436,-0.00647206957435453,-0.0318307368245862,-0.0654809562971152,0.0895600545330909,0.100548474373976,-0.096840077112539,-0.0789769061426111,0.0495699583813213,0.0129175440265722,0.0256229823373527,0.0604182874299176,-0.0863824638005257,-0.0997204190451694,0.0984825911245449,0.0828499089952228,-0.0551073468599877,-0.0193099375195809,-0.0193099375195787,-0.0551073468599866,0.0828499089952236,0.098482591124545,-0.0997204190451687,-0.0863824638005279,0.0604182874299187,0.0256229823373535,0.0129175440265718,0.0495699583813207,-0.0789769061426105,-0.0968400771125362,0.100548474373981,0.0895600545330885,-0.0654809562971131,-0.0318307368245837,-0.00647206957435716,-0.0438288763109425,0.0747793702421653,0.0947996264515562,-0.100963354453998,-0.0923696237910038,0.0702745498692635,0.0379076919865352
0.036402091420948,-0.0679126455002104,-0.0902974260738816,0.100548474373971,0.0972883040090995,-0.0809550009368788,-0.0537433555875424,0.0193099375195764,-0.0177182567481981,0.052365557195583,0.07997622682198,-0.0968400771125373,-0.100691025262638,0.0910115994473934,0.0691024741877864,-0.0379076919865369,-0.0016190571067299,-0.0348871388523114,-0.0667053694835447,0.0895600545330965,0.100380091737623,-0.0977115367231156,-0.0819129770319876,0.055107346859987,0.0208966574058055,0.0161220240078237,0.0509743056521109,-0.0789769061426095,-0.0963669711867029,0.100807707781091,0.0917023911765058,-0.0702745498692699,-0.0394035537476193,0.0032376982640933,-0.0333632234846326,0.065480956297115,0.0887996742619794,-0.100185920612503,-0.098109666522563,0.0828499089952245,0.0564571805921195,-0.0224780087652088,0.0145216493840539,-0.0495699583813234,-0.0779572956326343,0.0958691077764731,0.100898491952618,-0.0923696237910058,-0.0714285714285714,0.0408892924047448,0.00485550762957239,0.0318307368245859,0.0642397205029647,-0.0880164806086166,-0.0999660108827971,0.098482591124546,0.0837655561208882,-0.057792510000311,-0.0240535853353428,-0.0129175440265736,-0.048152876171833,0.0769176572385589,0.0953466147871408,-0.100963354453999,-0.0930131258732425,0.0725642423878645,0.0423645262591754,-0.00647206957435517,0.0302900725808671,-0.0629819809849943,-0.0872106747820385,0.0997204190451693,0.0988302147215997,-0.0846596831715434,-0.0591129920272187,0.0256229823373514,-0.0113101200435222,0.0467234230839623,0.0758582580522184,-0.0947996264515472,-0.101002278621515,0.0936327321021171,0.0736812709837391,-0.0438288763109427,-0.00808696879009541,-0.0287416265630639,-0.0617080608670527,0.0863824638005263,0.0994492081942234,-0.0991524480063042,-0.0855320604384375,0.0604182874299176,0.0271857965799604,0.00969979039562508,0.0452819663562184,-0.0747793702421642,-0.0942282832955861,0.101015254455221,0.094228283295586,-0.0747793702421631,-0.0452819663562173,0.009699790395624,-0.0271857965799618,0.0604182874299173,0.08553206043844,-0.0991524480063055,-0.0994492081942238,0.0863824638005236,0.0617080608670517,-0.0287416265630621,0.00808696879009779,-0.0438288763109445,-0.0736812709837396,0.0936327321021164,0.101002278621515,-0.0947996264515475,-0.0758582580522176,0.0467234230839607,0.0113101200435213,0.0256229823373513,0.0591129920272191,-0.0846596831715433,-0.0988302147215994,0.0997204190451695,0.0872106747820387,-0.0629819809849956,-0.030290072580869,-0.00647206957435399,-0.0423645262591752,0.0725642423878645,0.0930131258732419,-0.100963354453999,-0.095346614787141,0.0769176572385576,0.0481528761718304,-0.0129175440265721,0.0240535853353444,-0.0577925100003123,-0.0837655561208888,0.0984825911245439,0.0999660108827982,-0.0880164806086184,-0.0642397205029664,0.0318307368245885,-0.00485550762956986,0.0408892924047427,0.071428571428571,-0.092369623791007,-0.100898491952617,0.095869107776473,0.0779572956326345,-0.0495699583813217,-0.0145216493840538,-0.0224780087652097,-0.0564571805921202,0.0828499089952226,0.098109666522562,-0.100185920612503,-0.0887996742619788,0.0654809562971165,0.0333632234846335,0.00323769826409135,0.0394035537476165,-0.0702745498692688,-0.0917023911765055,0.100807707781091,0.0963669711867025,-0.0789769061426114,-0.0509743056521082,0.0161220240078237,-0.0208966574058065,0.055107346859986,0.0819129770319871,-0.097711536723116,-0.100380091737627,0.0895600545330908,0.0667053694835467,-0.0348871388523113,0.00161905710672938,-0.0379076919865389,-0.0691024741877884,0.0910115994473951,0.100691025262634,-0.0968400771125441,-0.0799762268219798,0.0523655571955807,0.0177182567481957,0.0193099375195854,0.053743355587535,-0.0809550009368723,-0.0972883040091041,0.100548474373974,0.090297426073873,-0.0679126455002136,-0.036402091420955
0.0348871388522997,-0.0654809562971081,-0.0880164806086215,0.0997204190451651,0.0991524480063096,-0.0863824638005327,-0.0629819809850014,0.0318307368245817,-0.00323769826408989,0.0379076919865378,0.0679126455002162,-0.0895600545330901,-0.100185920612503,0.0984825911245429,0.084659683171542,-0.0604182874299153,-0.0287416265630621,-0.00647206957435556,-0.0408892924047444,0.0702745498692723,0.0910115994473922,-0.100548474373975,-0.0977115367231153,0.0828499089952243,0.0577925100003111,-0.0256229823373517,0.00969979039562605,-0.0438288763109424,-0.0725642423878648,0.0923696237910083,0.100807707781091,-0.0968400771125399,-0.0809550009368732,0.0551073468599885,0.0224780087652112,0.0129175440265722,0.0467234230839624,-0.0747793702421657,-0.0936327321021183,0.100963354454,0.0958691077764714,-0.0789769061426085,-0.052365557195581,0.0193099375195799,-0.0161220240078241,0.0495699583813218,0.0769176572385593,-0.0947996264515434,-0.101015254455221,0.094799626451548,0.0769176572385604,-0.0495699583813208,-0.0161220240078244,-0.0193099375195789,-0.0523655571955821,0.0789769061426118,0.0958691077764731,-0.100963354453998,-0.0936327321021161,0.074779370242163,0.0467234230839603,-0.0129175440265705,0.0224780087652112,-0.055107346859988,-0.0809550009368714,0.0968400771125381,0.10080770778109,-0.0923696237910107,-0.0725642423878642,0.0438288763109441,0.00969979039562579,0.0256229823373511,0.0577925100003123,-0.0828499089952241,-0.0977115367231155,0.100548474373975,0.0910115994473954,-0.0702745498692673,-0.0408892924047418,0.00647206957435233,-0.0287416265630643,0.0604182874299184,0.0846596831715447,-0.0984825911245444,-0.100185920612502,0.0895600545330913,0.0679126455002185,-0.0379076919865387,-0.00323769826409204,-0.0318307368245869,-0.0629819809849944,0.0863824638005262,0.0991524480063045,-0.0997204190451695,-0.0880164806086179,0.0654809562971154,0.034887138852309,6.07360050732264e-16,0.0348871388523102,-0.0654809562971161,-0.0880164806086186,0.09972041904517,0.099152448006305,-0.0863824638005241,-0.062981980984995,0.0318307368245861,-0.00323769826409372,0.0379076919865395,0.0679126455002202,-0.0895600545330919,-0.100185920612503,0.0984825911245449,0.0846596831715424,-0.0604182874299161,-0.0287416265630629,-0.00647206957435421,-0.0408892924047438,0.0702745498692683,0.0910115994473958,-0.100548474373975,-0.0977115367231159,0.0828499089952244,0.0577925100003129,-0.0256229823373527,0.00969979039562436,-0.0438288763109427,-0.0725642423878641,0.0923696237910081,0.100807707781091,-0.0968400771125386,-0.0809550009368712,0.0551073468599874,0.0224780087652106,0.0129175440265716,0.0467234230839608,-0.0747793702421644,-0.0936327321021164,0.100963354453999,0.0958691077764732,-0.0789769061426107,-0.0523655571955838,0.0193099375195812,-0.0161220240078223,0.0495699583813199,0.0769176572385574,-0.0947996264515464,-0.101015254455222,0.0947996264515459,0.0769176572385586,-0.0495699583813218,-0.0161220240078242,-0.0193099375195798,-0.0523655571955827,0.0789769061426102,0.0958691077764723,-0.100963354453998,-0.0936327321021172,0.0747793702421653,0.0467234230839618,-0.0129175440265726,0.0224780087652099,-0.0551073468599866,-0.0809550009368703,0.096840077112539,0.100807707781092,-0.0923696237910086,-0.0725642423878646,0.0438288763109435,0.00969979039562484,0.0256229823373516,0.0577925100003125,-0.0828499089952226,-0.0977115367231152,0.100548474373976,0.0910115994473967,-0.0702745498692686,-0.0408892924047458,0.00647206957435552,-0.028741626563061,0.060418287429918,0.0846596831715444,-0.0984825911245442,-0.1001859206125,0.0895600545330959,0.0679126455002165,-0.0379076919865363,-0.00323769826408903,-0.0318307368245942,-0.0629819809849931,0.0863824638005257,0.0991524480063137,-0.0997204190451682,-0.0880164806086126,0.0654809562971109,0.0348871388523062
0.0333632234846234,-0.062981980984988,-0.0855320604384422,0.0984825911245396,0.100380091737631,-0.0910115994474023,-0.0714285714285776,0.0438288763109355,0.0113101200435245,0.022478008765209,0.0537433555875339,-0.0789769061426101,-0.0953466147871424,0.10101525445522,0.0953466147871405,-0.0789769061426083,-0.0537433555875349,0.0224780087652087,-0.0113101200435223,0.0438288763109449,0.0714285714285684,-0.091011599447394,-0.100380091737625,0.0984825911245457,0.0855320604384375,-0.062981980984995,-0.0333632234846327,-4.97432318527204e-16,-0.033363223484633,0.0629819809849946,0.0855320604384378,-0.0984825911245451,-0.100380091737627,0.0910115994473962,0.0714285714285724,-0.0438288763109416,-0.0113101200435201,-0.022478008765212,-0.053743355587538,0.0789769061426118,0.0953466147871409,-0.101015254455219,-0.0953466147871388,0.0789769061426128,0.0537433555875353,-0.0224780087652098,0.0113101200435222,-0.0438288763109416,-0.0714285714285715,0.0910115994473968,0.100380091737629,-0.098482591124543,-0.0855320604384391,0.0629819809849961,0.0333632234846336,-3.35952002478025e-16,0.0333632234846338,-0.0629819809849964,-0.0855320604384393,0.0984825911245445,0.100380091737628,-0.0910115994473951,-0.0714285714285703,0.0438288763109426,0.0113101200435216,0.0224780087652101,0.0537433555875358,-0.0789769061426115,-0.0953466147871392,0.101015254455221,0.0953466147871423,-0.0789769061426111,-0.0537433555875368,0.0224780087652105,-0.0113101200435216,0.0438288763109436,0.0714285714285725,-0.091011599447396,-0.100380091737625,0.0984825911245441,0.0855320604384372,-0.0629819809849948,-0.0333632234846322,-5.81485826308575e-16,-0.0333632234846337,0.0629819809849958,0.0855320604384383,-0.098482591124545,-0.100380091737626,0.0910115994473949,0.0714285714285706,-0.0438288763109428,-0.0113101200435206,-0.0224780087652111,-0.0537433555875373,0.0789769061426108,0.0953466147871414,-0.101015254455221,-0.0953466147871412,0.0789769061426096,0.0537433555875361,-0.0224780087652099,0.0113101200435221,-0.0438288763109431,-0.0714285714285731,0.0910115994473965,0.100380091737627,-0.0984825911245426,-0.085532060438438,0.0629819809849941,0.0333632234846316,1.24191361881424e-15,0.0333632234846341,-0.0629819809849955,-0.0855320604384382,0.0984825911245457,0.100380091737626,-0.0910115994473952,-0.071428571428572,0.0438288763109434,0.0113101200435217,0.02247800876521,0.0537433555875359,-0.0789769061426101,-0.0953466147871412,0.101015254455221,0.0953466147871409,-0.0789769061426101,-0.0537433555875368,0.0224780087652105,-0.0113101200435211,0.0438288763109432,0.0714285714285711,-0.0910115994473949,-0.100380091737626,0.0984825911245444,0.0855320604384378,-0.0629819809849956,-0.0333632234846333,4.36947001180022e-16,-0.0333632234846324,0.0629819809849947,0.0855320604384378,-0.0984825911245441,-0.100380091737627,0.0910115994473965,0.071428571428573,-0.0438288763109438,-0.0113101200435224,-0.0224780087652096,-0.0537433555875354,0.0789769061426108,0.0953466147871412,-0.101015254455221,-0.0953466147871414,0.0789769061426105,0.0537433555875372,-0.0224780087652115,0.0113101200435204,-0.0438288763109423,-0.071428571428571,0.0910115994473945,0.100380091737624,-0.0984825911245444,-0.0855320604384394,0.0629819809849957,0.0333632234846331,-5.35491336815023e-16,0.0333632234846322,-0.0629819809849949,-0.0855320604384392,0.0984825911245435,0.100380091737626,-0.0910115994473964,-0.0714285714285732,0.0438288763109438,0.0113101200435231,0.0224780087652086,0.0537433555875333,-0.0789769061426114,-0.0953466147871429,0.101015254455221,0.0953466147871386,-0.0789769061426149,-0.0537433555875346,0.0224780087652085,-0.0113101200435236,0.0438288763109512,0.071428571428568,-0.0910115994473946,-0.100380091737634,0.0984825911245426,0.085532060438433,-0.0629819809849902,-0.0333632234846294
0.0318307368245784,-0.0604182874299107,-0.0828499089952279,0.0968400771125341,0.100963354454004,-0.0947996264515535,-0.0789769061426171,0.0551073468599785,0.0256229823373565,0.00647206957435167,0.0379076919865363,-0.0654809562971158,-0.0863824638005274,0.0984825911245443,0.100548474373976,-0.092369623791006,-0.0747793702421632,0.0495699583813193,0.0193099375195786,0.012917544026572,0.0438288763109405,-0.070274549869267,-0.0895600545330906,0.0997204190451717,0.099720419045169,-0.0895600545330908,-0.0702745498692691,0.0438288763109412,0.0129175440265717,0.0193099375195794,0.04956995838132,-0.0747793702421647,-0.0923696237910088,0.100548474373976,0.0984825911245452,-0.0863824638005239,-0.0654809562971155,0.0379076919865376,0.00647206957435246,0.0256229823373529,0.0551073468599881,-0.0789769061426103,-0.0947996264515447,0.100963354454002,0.0968400771125377,-0.0828499089952233,-0.0604182874299173,0.0318307368245861,-4.5757633500138e-16,0.0318307368245879,0.0604182874299188,-0.0828499089952223,-0.0968400771125387,0.100963354453998,0.094799626451546,-0.0789769061426122,-0.055107346859987,0.0256229823373507,-0.00647206957435545,0.0379076919865403,0.0654809562971184,-0.0863824638005268,-0.0984825911245437,0.100548474373976,0.0923696237910083,-0.0747793702421641,-0.049569958381321,0.0193099375195817,-0.0129175440265704,0.0438288763109419,0.0702745498692683,-0.0895600545330906,-0.0997204190451702,0.09972041904517,0.0895600545330906,-0.0702745498692679,-0.0438288763109423,0.0129175440265704,-0.0193099375195816,0.0495699583813222,0.0747793702421644,-0.092369623791009,-0.100548474373977,0.0984825911245442,0.0863824638005252,-0.0654809562971158,-0.0379076919865385,0.00647206957435353,-0.0256229823373521,0.0551073468599869,0.0789769061426096,-0.0947996264515466,-0.100963354453998,0.0968400771125385,0.082849908995224,-0.0604182874299168,-0.0318307368245865,-7.54848594230176e-16,-0.031830736824588,0.0604182874299179,0.0828499089952249,-0.0968400771125393,-0.100963354453999,0.0947996264515447,0.0789769061426107,-0.0551073468599864,-0.0256229823373506,-0.0064720695743552,-0.0379076919865405,0.0654809562971172,0.0863824638005269,-0.0984825911245456,-0.100548474373975,0.0923696237910073,0.0747793702421636,-0.0495699583813214,-0.0193099375195802,-0.0129175440265718,-0.043828876310943,0.0702745498692675,0.089560054533091,-0.0997204190451699,-0.09972041904517,0.0895600545330913,0.0702745498692689,-0.0438288763109431,-0.012917544026572,-0.0193099375195804,-0.0495699583813211,0.0747793702421643,0.0923696237910078,-0.100548474373976,-0.098482591124544,0.0863824638005256,0.0654809562971157,-0.0379076919865389,-0.00647206957435351,-0.0256229823373521,-0.0551073468599876,0.0789769061426101,0.0947996264515461,-0.100963354453999,-0.096840077112539,0.0828499089952245,0.0604182874299191,-0.0318307368245889,-1.43558794415113e-15,-0.0318307368245856,-0.0604182874299166,0.0828499089952235,0.0968400771125382,-0.100963354453999,-0.094799626451547,0.0789769061426113,0.0551073468599882,-0.0256229823373528,0.0064720695743527,-0.0379076919865378,-0.0654809562971155,0.0863824638005256,0.0984825911245443,-0.100548474373975,-0.0923696237910073,0.0747793702421644,0.0495699583813219,-0.0193099375195807,0.0129175440265716,-0.0438288763109426,-0.0702745498692672,0.0895600545330907,0.0997204190451707,-0.0997204190451693,-0.0895600545330912,0.0702745498692698,0.0438288763109448,-0.0129175440265734,0.0193099375195786,-0.0495699583813191,-0.0747793702421612,0.0923696237910093,0.100548474373978,-0.0984825911245444,-0.0863824638005235,0.0654809562971192,0.0379076919865373,-0.00647206957435215,0.025622982337354,-0.055107346859997,-0.0789769061426065,0.094799626451545,0.100963354454006,-0.0968400771125369,-0.0828499089952184,0.0604182874299123,0.0318307368245838
0.0302900725808606,-0.0577925100003061,-0.0799762268219866,0.094799626451542,0.100898491952622,-0.0977115367231232,-0.0855320604384449,0.0654809562971056,0.0394035537476231,-0.00969979039562714,0.0208966574058046,-0.0495699583813215,-0.0736812709837407,0.0910115994473961,0.0999660108827988,-0.0997204190451674,-0.0902974260738768,0.0725642423878631,0.0481528761718284,-0.0193099375195816,0.01131012004352,-0.0408892924047426,-0.0667053694835443,0.0863824638005284,0.098109666522562,-0.10080770778109,-0.0942282832955875,0.0789769061426082,0.0564571805921206,-0.0287416265630644,0.00161905710673058,-0.0318307368245872,-0.0591129920272192,0.0809550009368719,0.0953466147871421,-0.100963354453997,-0.0972883040090953,0.0846596831715429,0.064239720502965,-0.0379076919865385,-0.00808696879009486,-0.0224780087652114,-0.0509743056521086,0.0747793702421674,0.0917023911765044,-0.100185920612502,-0.0994492081942239,0.089560054533088,0.0714285714285708,-0.0467234230839615,-0.0177182567481999,-0.0129175440265711,-0.0423645262591745,0.0679126455002176,0.0872106747820375,-0.0984825911245461,-0.100691025262638,0.0936327321021162,0.0779572956326332,-0.0551073468599858,-0.0271857965799597,-0.00323769826409342,-0.0333632234846335,0.060418287429918,0.0819129770319874,-0.095869107776472,-0.101002278621515,0.096840077112541,0.0837655561208878,-0.0629819809849964,-0.0364020914209596,0.00647206957435447,-0.0240535853353444,0.0523655571955837,0.075858258052218,-0.0923696237910089,-0.100380091737627,0.0991524480063045,0.0887996742619765,-0.0702745498692675,-0.0452819663562164,0.0161220240078224,-0.0145216493840542,0.0438288763109435,0.0691024741877887,-0.0880164806086182,-0.0988302147215992,0.100548474373976,0.0930131258732427,-0.0769176572385574,-0.0537433555875357,0.025622982337352,-0.00485550762957176,0.0348871388523101,0.0617080608670538,-0.0828499089952238,-0.0963669711867026,0.101015254455221,0.0963669711867023,-0.0828499089952226,-0.0617080608670525,0.034887138852309,0.00485550762957049,0.0256229823373526,0.053743355587538,-0.076917657238559,-0.0930131258732439,0.100548474373974,0.0988302147215993,-0.0880164806086168,-0.0691024741877869,0.043828876310942,0.0145216493840515,0.0161220240078243,0.0452819663562181,-0.0702745498692697,-0.0887996742619781,0.0991524480063046,0.100380091737627,-0.0923696237910083,-0.0758582580522182,0.052365557195584,0.0240535853353451,0.00647206957435297,0.036402091420958,-0.0629819809849951,-0.0837655561208879,0.0968400771125383,0.101002278621516,-0.0958691077764725,-0.081912977031987,0.0604182874299174,0.0333632234846329,-0.00323769826409211,0.0271857965799608,-0.0551073468599875,-0.077957295632634,0.0936327321021171,0.100691025262638,-0.098482591124544,-0.0872106747820385,0.0679126455002193,0.0423645262591761,-0.0129175440265729,0.0177182567481978,-0.04672342308396,-0.0714285714285711,0.0895600545330897,0.0994492081942233,-0.100185920612503,-0.0917023911765051,0.0747793702421654,0.0509743056521098,-0.0224780087652115,0.0080869687900952,-0.0379076919865374,-0.0642397205029648,0.084659683171543,0.0972883040090951,-0.100963354453999,-0.0953466147871418,0.0809550009368722,0.0591129920272191,-0.0318307368245872,-0.00161905710673217,-0.0287416265630632,-0.0564571805921205,0.0789769061426107,0.0942282832955847,-0.100807707781091,-0.0981096665225637,0.0863824638005263,0.0667053694835451,-0.0408892924047453,-0.0113101200435231,-0.0193099375195782,-0.0481528761718293,0.0725642423878629,0.0902974260738746,-0.0997204190451706,-0.0999660108828005,0.0910115994473955,0.0736812709837368,-0.0495699583813234,-0.0208966574058057,-0.00969979039562591,-0.039403553747619,0.0654809562971267,0.0855320604384336,-0.097711536723114,-0.100898491952624,0.0947996264515443,0.0799762268219768,-0.0577925100003072,-0.0302900725808655
0.028741626563056,-0.0551073468599819,-0.0769176572385622,0.0923696237910043,0.100185920612508,-0.0997204190451771,-0.0910115994474017,0.0747793702421528,0.0523655571955895,-0.0256229823373548,0.00323769826409038,-0.0318307368245883,-0.0577925100003142,0.0789769061426121,0.093632732102118,-0.100548474373973,-0.0991524480063039,0.0895600545330896,0.072564242387862,-0.0495699583813238,-0.0224780087652103,-0.00647206957435296,-0.0348871388523096,0.0604182874299198,0.080955000936872,-0.0947996264515459,-0.100807707781092,0.0984825911245412,0.088016480608617,-0.0702745498692686,-0.0467234230839615,0.0193099375195808,-0.00969979039562405,0.0379076919865381,0.0629819809849956,-0.0828499089952225,-0.0958691077764736,0.100963354453999,0.0977115367231162,-0.0863824638005262,-0.0679126455002171,0.0438288763109411,0.0161220240078221,0.0129175440265729,0.0408892924047438,-0.0654809562971161,-0.0846596831715442,0.0968400771125352,0.10101525445522,-0.0968400771125399,-0.0846596831715455,0.065480956297115,0.0408892924047443,-0.0129175440265727,0.0161220240078226,-0.0438288763109435,-0.0679126455002193,0.0863824638005264,0.097711536723116,-0.100963354453998,-0.0958691077764737,0.0828499089952232,0.0629819809849941,-0.0379076919865382,-0.00969979039562503,-0.0193099375195799,-0.0467234230839603,0.0702745498692689,0.0880164806086156,-0.0984825911245441,-0.100807707781091,0.0947996264515464,0.0809550009368725,-0.0604182874299175,-0.0348871388523092,0.00647206957435306,-0.0224780087652114,0.049569958381322,0.0725642423878648,-0.0895600545330915,-0.0991524480063038,0.100548474373975,0.093632732102117,-0.0789769061426101,-0.0577925100003112,0.031830736824587,0.00323769826409189,0.0256229823373525,0.0523655571955833,-0.0747793702421636,-0.091011599447394,0.0997204190451698,0.100185920612502,-0.0923696237910081,-0.0769176572385578,0.0551073468599868,0.0287416265630629,7.22741360680013e-16,0.0287416265630644,-0.055107346859988,-0.0769176572385588,0.0923696237910091,0.100185920612503,-0.099720419045168,-0.0910115994473956,0.0747793702421637,0.0523655571955822,-0.0256229823373502,0.00323769826409375,-0.0318307368245889,-0.0577925100003136,0.0789769061426123,0.0936327321021172,-0.100548474373975,-0.0991524480063041,0.0895600545330922,0.0725642423878646,-0.0495699583813209,-0.0224780087652109,-0.00647206957435289,-0.0348871388523092,0.0604182874299171,0.0809550009368718,-0.0947996264515459,-0.100807707781091,0.0984825911245445,0.0880164806086175,-0.0702745498692678,-0.0467234230839613,0.0193099375195803,-0.00969979039562468,0.0379076919865389,0.0629819809849949,-0.0828499089952233,-0.0958691077764723,0.100963354453999,0.0977115367231151,-0.0863824638005261,-0.0679126455002191,0.0438288763109431,0.016122024007824,0.012917544026571,0.0408892924047427,-0.065480956297115,-0.0846596831715433,0.0968400771125391,0.101015254455222,-0.0968400771125383,-0.0846596831715442,0.0654809562971169,0.0408892924047445,-0.0129175440265727,0.0161220240078224,-0.043828876310942,-0.0679126455002177,0.0863824638005245,0.0977115367231156,-0.100963354453999,-0.0958691077764734,0.0828499089952245,0.0629819809849961,-0.0379076919865393,-0.00969979039562532,-0.0193099375195805,-0.0467234230839608,0.0702745498692682,0.0880164806086175,-0.0984825911245448,-0.100807707781089,0.0947996264515466,0.0809550009368736,-0.0604182874299185,-0.0348871388523108,0.00647206957435541,-0.0224780087652088,0.0495699583813187,0.072564242387864,-0.0895600545330899,-0.0991524480063019,0.100548474373977,0.0936327321021196,-0.0789769061426113,-0.0577925100003107,0.0318307368245887,0.00323769826409169,0.0256229823373528,0.0523655571955841,-0.0747793702421764,-0.0910115994473898,0.0997204190451675,0.100185920612509,-0.0923696237910064,-0.0769176572385523,0.0551073468599826,0.0287416265630604
0.0271857965799534,-0.0523655571955777,-0.0736812709837427,0.0895600545330865,0.0988302147216043,-0.100807707781098,-0.0953466147871471,0.0828499089952108,0.0642397205029724,-0.0408892924047468,-0.0145216493840545,-0.0129175440265728,-0.0394035537476191,0.0629819809849966,0.081912977031989,-0.0947996264515442,-0.100691025262637,0.0991524480063035,0.0902974260738752,-0.0747793702421686,-0.0537433555875352,0.0287416265630643,0.00161905710673177,0.0256229823373536,0.0509743056521086,-0.0725642423878639,-0.0887996742619794,0.098482591124541,0.100898491952616,-0.0958691077764724,-0.0837655561208886,0.0654809562971167,0.0423645262591763,-0.0161220240078243,0.0113101200435208,-0.0379076919865382,-0.0617080608670539,0.0809550009368728,0.0942282832955872,-0.100548474373976,-0.0994492081942221,0.0910115994473933,0.0758582580522156,-0.0551073468599888,-0.0302900725808683,0.0032376982640917,-0.0240535853353448,0.0495699583813188,0.0714285714285707,-0.0880164806086183,-0.0981096665225641,0.100963354453996,0.0963669711867026,-0.0846596831715434,-0.0667053694835446,0.043828876310944,0.0177182567481986,0.00969979039562567,0.0364020914209595,-0.0604182874299182,-0.0799762268219843,0.0936327321021171,0.100380091737625,-0.0997204190451696,-0.0917023911765048,0.0769176572385578,0.0564571805921212,-0.0318307368245894,-0.00485550762957281,-0.0224780087652091,-0.04815287617183,0.0702745498692676,0.0872106747820388,-0.0977115367231164,-0.101002278621515,0.0968400771125389,0.0855320604384388,-0.067912645500218,-0.0452819663562163,0.0193099375195792,-0.00808696879009682,0.0348871388523104,0.0591129920272205,-0.078976906142611,-0.0930131258732427,0.100185920612503,0.099966010882798,-0.0923696237910089,-0.0779572956326345,0.0577925100003121,0.0333632234846328,-0.00647206957435375,0.0208966574058067,-0.0467234230839611,-0.0691024741877888,0.0863824638005256,0.0972883040090945,-0.101015254455221,-0.0972883040090944,0.0863824638005245,0.0691024741877877,-0.0467234230839603,-0.0208966574058058,-0.00647206957435453,-0.0333632234846344,0.0577925100003135,0.0779572956326358,-0.0923696237910075,-0.0999660108827985,0.100185920612502,0.0930131258732418,-0.0789769061426104,-0.059112992027218,0.0348871388523082,0.00808696879009524,0.0193099375195811,0.045281966356218,-0.0679126455002186,-0.085532060438439,0.0968400771125381,0.101002278621515,-0.0977115367231164,-0.087210674782039,0.0702745498692688,0.0481528761718311,-0.0224780087652109,0.004855507629571,-0.0318307368245873,-0.0564571805921211,0.0769176572385577,0.091702391176504,-0.0997204190451698,-0.100380091737625,0.0936327321021162,0.079976226821982,-0.0604182874299176,-0.0364020914209582,0.00969979039562495,-0.0177182567481988,0.0438288763109421,0.0667053694835438,-0.0846596831715427,-0.0963669711867019,0.100963354453998,0.0981096665225632,-0.0880164806086187,-0.071428571428573,0.0495699583813219,0.0240535853353457,0.0032376982640909,0.0302900725808678,-0.0551073468599871,-0.0758582580522173,0.0910115994473948,0.099449208194223,-0.100548474373975,-0.0942282832955867,0.0809550009368729,0.061708060867054,-0.0379076919865396,-0.0113101200435219,-0.0161220240078226,-0.042364526259174,0.0654809562971163,0.083765556120889,-0.0958691077764727,-0.100898491952617,0.0984825911245452,0.0887996742619773,-0.0725642423878652,-0.0509743056521102,0.0256229823373537,-0.00161905710673019,0.0287416265630622,0.0537433555875351,-0.0747793702421621,-0.090297426073878,0.0991524480063042,0.100691025262635,-0.0947996264515479,-0.0819129770319907,0.0629819809849961,0.039403553747617,-0.0129175440265723,0.0145216493840526,-0.0408892924047438,-0.0642397205029656,0.0828499089952368,0.095346614787135,-0.100807707781088,-0.0988302147216057,0.0895600545330888,0.0736812709837333,-0.0523655571955785,-0.0271857965799576
0.025622982337345,-0.0495699583813155,-0.0702745498692718,0.0863824638005207,0.0968400771125432,-0.100963354454005,-0.0984825911245495,0.0895600545330766,0.0747793702421717,-0.0551073468599908,-0.0318307368245888,0.0064720695743529,-0.019309937519581,0.0438288763109438,0.0654809562971166,-0.0828499089952216,-0.0947996264515453,0.100548474373974,0.0997204190451667,-0.0923696237910132,-0.0789769061426084,0.0604182874299178,0.0379076919865391,-0.0129175440265717,0.0129175440265713,-0.0379076919865375,-0.0604182874299178,0.0789769061426076,0.0923696237910071,-0.0997204190451687,-0.100548474373975,0.0947996264515472,0.082849908995225,-0.0654809562971171,-0.0438288763109441,0.01930993751958,-0.00647206957435416,0.031830736824588,0.0551073468599884,-0.0747793702421652,-0.0895600545330908,0.098482591124543,0.100963354453997,-0.0968400771125421,-0.0863824638005253,0.0702745498692684,0.0495699583813214,-0.0256229823373519,-4.42808982758749e-16,-0.0256229823373517,-0.0495699583813213,0.0702745498692664,0.0863824638005253,-0.0968400771125381,-0.100963354453998,0.0984825911245463,0.0895600545330914,-0.074779370242164,-0.0551073468599866,0.031830736824586,0.00647206957435267,0.0193099375195812,0.043828876310943,-0.0654809562971163,-0.0828499089952235,0.0947996264515459,0.100548474373975,-0.0997204190451721,-0.0923696237910078,0.0789769061426118,0.0604182874299189,-0.0379076919865397,-0.0129175440265723,-0.0129175440265719,-0.037907691986539,0.0604182874299182,0.0789769061426119,-0.0923696237910091,-0.0997204190451691,0.100548474373976,0.0947996264515451,-0.0828499089952235,-0.0654809562971157,0.0438288763109424,0.0193099375195794,0.00647206957435403,0.0318307368245874,-0.0551073468599881,-0.0747793702421647,0.0895600545330906,0.0984825911245432,-0.100963354453999,-0.0968400771125385,0.0863824638005257,0.0702745498692685,-0.0495699583813205,-0.0256229823373514,-6.86051820843328e-16,-0.0256229823373528,0.0495699583813215,0.0702745498692696,-0.0863824638005267,-0.0968400771125395,0.100963354453997,0.0984825911245451,-0.0895600545330908,-0.0747793702421639,0.0551073468599853,0.0318307368245859,-0.00647206957435206,0.0193099375195819,-0.0438288763109445,-0.0654809562971168,0.0828499089952238,0.0947996264515461,-0.100548474373977,-0.0997204190451698,0.0923696237910085,0.0789769061426114,-0.0604182874299179,-0.0379076919865393,0.0129175440265726,-0.0129175440265711,0.037907691986538,0.0604182874299173,-0.0789769061426108,-0.0923696237910081,0.0997204190451693,0.100548474373976,-0.0947996264515464,-0.0828499089952232,0.0654809562971159,0.0438288763109428,-0.0193099375195803,0.00647206957435375,-0.0318307368245872,-0.0551073468599872,0.0747793702421644,0.0895600545330913,-0.0984825911245435,-0.100963354453998,0.0968400771125388,0.0863824638005259,-0.0702745498692688,-0.0495699583813222,0.0256229823373534,1.21815867294415e-15,0.0256229823373506,0.04956995838132,-0.0702745498692679,-0.0863824638005251,0.0968400771125391,0.100963354453999,-0.0984825911245444,-0.0895600545330914,0.0747793702421644,0.0551073468599884,-0.0318307368245884,-0.00647206957435469,-0.0193099375195794,-0.0438288763109423,0.0654809562971151,0.0828499089952223,-0.0947996264515467,-0.100548474373977,0.09972041904517,0.0923696237910087,-0.0789769061426117,-0.0604182874299172,0.0379076919865396,0.012917544026573,0.01291754402657,0.0379076919865373,-0.0604182874299164,-0.0789769061426102,0.0923696237910066,0.0997204190451706,-0.100548474373975,-0.0947996264515449,0.0828499089952255,0.0654809562971188,-0.0438288763109438,-0.0193099375195802,-0.00647206957435423,-0.0318307368245865,0.0551073468599872,0.0747793702421642,-0.0895600545331048,-0.0984825911245376,0.100963354453996,0.0968400771125447,-0.0863824638005237,-0.0702745498692631,0.0495699583813164,0.025622982337349
0.0240535853353377,-0.0467234230839557,-0.0667053694835476,0.0828499089952187,0.0942282832955903,-0.100185920612508,-0.100380091737631,0.0947996264515309,0.0837655561208961,-0.0679126455002221,-0.0481528761718318,0.0256229823373514,0.00161905710673137,0.0224780087652113,0.0452819663562182,-0.0654809562971138,-0.0819129770319869,0.0936327321021156,0.0999660108827953,-0.100548474373981,-0.0953466147871381,0.0846596831715433,0.0691024741877886,-0.0495699583813221,-0.0271857965799615,0.00323769826409344,-0.020896657405806,0.0438288763109405,0.064239720502964,-0.0809550009368706,-0.0930131258732415,0.0997204190451702,0.100691025262638,-0.0958691077764736,-0.0855320604384399,0.0702745498692674,0.050974305652109,-0.0287416265630633,-0.0048555076295707,-0.0193099375195808,-0.0423645262591759,0.0629819809849953,0.0799762268219815,-0.0923696237910122,-0.099449208194223,0.100807707781091,0.0963669711867036,-0.0863824638005233,-0.0714285714285713,0.0523655571955843,0.0302900725808702,-0.00647206957435412,0.0177182567481984,-0.0408892924047429,-0.0617080608670522,0.0789769061426123,0.0917023911765058,-0.0991524480063051,-0.100898491952617,0.096840077112538,0.0872106747820391,-0.0725642423878638,-0.0537433555875351,0.0318307368245868,0.00808696879009635,0.0161220240078231,0.0394035537476172,-0.0604182874299179,-0.0779572956326324,0.0910115994473951,0.0988302147216,-0.100963354453999,-0.0972883040090957,0.0880164806086183,0.0736812709837387,-0.0551073468599873,-0.0333632234846327,0.00969979039562386,-0.0145216493840538,0.0379076919865396,0.0591129920272193,-0.0769176572385582,-0.0902974260738788,0.0984825911245443,0.101002278621515,-0.097711536723116,-0.0887996742619779,0.0747793702421647,0.0564571805921211,-0.0348871388523096,-0.0113101200435212,-0.0129175440265718,-0.0364020914209586,0.0577925100003124,0.0758582580522185,-0.0895600545330908,-0.0981096665225619,0.101015254455221,0.098109666522562,-0.0895600545330899,-0.0758582580522176,0.0577925100003117,0.0364020914209578,-0.0129175440265707,0.0113101200435224,-0.034887138852311,-0.0564571805921225,0.074779370242164,0.088799674261979,-0.0977115367231158,-0.101002278621515,0.0984825911245447,0.0902974260738769,-0.0769176572385562,-0.0591129920272183,0.0379076919865386,0.0145216493840526,0.00969979039562495,0.0333632234846331,-0.0551073468599867,-0.0736812709837386,0.0880164806086178,0.0972883040090952,-0.100963354453999,-0.0988302147215997,0.0910115994473958,0.0779572956326345,-0.0604182874299173,-0.0394035537476183,0.0161220240078237,-0.00808696879009587,0.0318307368245874,0.0537433555875359,-0.0725642423878641,-0.087210674782038,0.0968400771125388,0.100898491952616,-0.099152448006305,-0.0917023911765054,0.0789769061426105,0.0617080608670531,-0.0408892924047443,-0.0177182567481998,-0.00647206957435278,-0.030290072580868,0.0523655571955826,0.0714285714285712,-0.0863824638005244,-0.0963669711867024,0.100807707781091,0.099449208194223,-0.0923696237910091,-0.0799762268219831,0.062981980984996,0.042364526259176,-0.0193099375195811,0.00485550762957032,-0.0287416265630628,-0.0509743056521083,0.070274549869268,0.0855320604384383,-0.0958691077764721,-0.100691025262636,0.09972041904517,0.0930131258732439,-0.0809550009368725,-0.0642397205029658,0.0438288763109438,0.020896657405807,0.0032376982640911,0.0271857965799602,-0.0495699583813193,-0.0691024741877868,0.0846596831715428,0.0953466147871414,-0.100548474373974,-0.0999660108827997,0.0936327321021173,0.0819129770319872,-0.0654809562971174,-0.0452819663562203,0.0224780087652115,-0.00161905710673097,0.0256229823373537,0.0481528761718293,-0.0679126455002179,-0.0837655561208876,0.0947996264515605,0.100380091737619,-0.100185920612499,-0.0942282832955918,0.0828499089952217,0.0667053694835394,-0.0467234230839565,-0.0240535853353414
0.0224780087652043,-0.0438288763109379,-0.0629819809849981,0.0789769061426054,0.091011599447399,-0.0984825911245495,-0.101015254455225,0.0984825911245281,0.0910115994474032,-0.0789769061426143,-0.0629819809849963,0.0438288763109422,0.022478008765211,4.75288694040594e-16,0.0224780087652108,-0.0438288763109412,-0.0629819809849945,0.0789769061426099,0.091011599447393,-0.0984825911245491,-0.101015254455217,0.0984825911245439,0.0910115994473959,-0.0789769061426129,-0.0629819809849962,0.0438288763109443,0.022478008765212,-1.10120631215799e-15,0.0224780087652093,-0.0438288763109413,-0.062981980984994,0.0789769061426108,0.0910115994473956,-0.0984825911245449,-0.101015254455222,0.0984825911245429,0.0910115994473962,-0.0789769061426106,-0.0629819809849951,0.0438288763109426,0.0224780087652091,1.4078725580313e-15,0.0224780087652113,-0.0438288763109452,-0.0629819809849955,0.078976906142611,0.0910115994473962,-0.0984825911245407,-0.10101525445522,0.0984825911245452,0.0910115994473972,-0.0789769061426091,-0.0629819809849954,0.0438288763109431,0.0224780087652108,-1.21364183215162e-16,0.0224780087652111,-0.0438288763109435,-0.0629819809849958,0.0789769061426107,0.0910115994473968,-0.098482591124544,-0.10101525445522,0.098482591124544,0.0910115994473951,-0.0789769061426105,-0.0629819809849955,0.0438288763109451,0.0224780087652117,-1.4815090659264e-15,0.0224780087652096,-0.0438288763109419,-0.0629819809849954,0.0789769061426112,0.0910115994473955,-0.0984825911245449,-0.101015254455222,0.0984825911245445,0.0910115994473942,-0.0789769061426102,-0.0629819809849942,0.0438288763109423,0.02247800876521,4.99211045467191e-16,0.0224780087652112,-0.0438288763109433,-0.0629819809849954,0.0789769061426114,0.0910115994473956,-0.0984825911245439,-0.10101525445522,0.098482591124545,0.0910115994473953,-0.0789769061426108,-0.0629819809849956,0.0438288763109426,0.0224780087652101,3.82746206732071e-16,0.022478008765211,-0.0438288763109432,-0.0629819809849962,0.0789769061426113,0.091011599447396,-0.0984825911245431,-0.101015254455222,0.0984825911245444,0.0910115994473954,-0.0789769061426086,-0.0629819809849944,0.0438288763109414,0.022478008765209,1.2998024927757e-15,0.0224780087652117,-0.0438288763109434,-0.0629819809849956,0.0789769061426122,0.0910115994473955,-0.0984825911245443,-0.101015254455222,0.098482591124544,0.0910115994473958,-0.0789769061426116,-0.0629819809849962,0.0438288763109435,0.0224780087652111,-4.57086359718277e-16,0.02247800876521,-0.0438288763109426,-0.0629819809849954,0.0789769061426103,0.0910115994473942,-0.0984825911245444,-0.10101525445522,0.0984825911245436,0.0910115994473948,-0.0789769061426107,-0.0629819809849947,0.0438288763109431,0.0224780087652109,-4.99591522979828e-16,0.0224780087652098,-0.043828876310942,-0.0629819809849943,0.0789769061426098,0.0910115994473953,-0.0984825911245446,-0.101015254455222,0.0984825911245436,0.0910115994473959,-0.0789769061426115,-0.0629819809849958,0.0438288763109436,0.0224780087652114,-8.83585573463024e-16,0.0224780087652096,-0.0438288763109417,-0.0629819809849947,0.0789769061426103,0.0910115994473955,-0.0984825911245444,-0.101015254455221,0.0984825911245443,0.0910115994473944,-0.078976906142611,-0.0629819809849965,0.0438288763109435,0.022478008765211,-7.19834348549595e-16,0.0224780087652096,-0.0438288763109421,-0.0629819809849954,0.0789769061426093,0.0910115994473943,-0.0984825911245444,-0.101015254455222,0.0984825911245433,0.0910115994473973,-0.0789769061426117,-0.0629819809849954,0.0438288763109442,0.0224780087652125,-7.31616690421351e-16,0.0224780087652097,-0.0438288763109459,-0.062981980984994,0.07897690614261,0.0910115994473944,-0.0984825911245592,-0.101015254455214,0.0984825911245416,0.0910115994474006,-0.0789769061426088,-0.0629819809849905,0.0438288763109387,0.0224780087652077
0.0208966574058007,-0.0408892924047388,-0.0591129920272216,0.0747793702421588,0.0872106747820416,-0.0958691077764772,-0.100380091737629,0.100548474373959,0.0963669711867107,-0.0880164806086215,-0.0758582580522187,0.0604182874299172,0.0423645262591765,-0.0224780087652105,-0.00161905710673162,-0.0193099375195791,-0.0394035537476172,0.0577925100003119,0.0736812709837373,-0.0863824638005302,-0.0953466147871379,0.100185920612502,0.100691025262638,-0.0968400771125418,-0.088799674261979,0.076917657238559,0.0617080608670548,-0.0438288763109424,-0.024053585335345,0.00323769826409327,-0.0177182567481977,0.0379076919865383,0.0564571805921207,-0.0725642423878645,-0.0855320604384391,0.0947996264515447,0.099966010882799,-0.100807707781091,-0.0972883040090951,0.0895600545330913,0.0779572956326327,-0.0629819809849933,-0.0452819663562159,0.0256229823373524,0.00485550762957101,0.0161220240078235,0.0364020914209587,-0.0551073468599849,-0.0714285714285703,0.0846596831715436,0.0942282832955876,-0.0997204190451672,-0.100898491952616,0.0977115367231156,0.0902974260738777,-0.0789769061426126,-0.0642397205029657,0.0467234230839605,0.0271857965799602,-0.00647206957435281,0.0145216493840539,-0.0348871388523102,-0.053743355587536,0.0702745498692685,0.0837655561208879,-0.0936327321021162,-0.0994492081942229,0.100963354454001,0.0981096665225613,-0.0910115994473962,-0.0799762268219837,0.0654809562971168,0.0481528761718314,-0.028741626563064,-0.00808696879009601,-0.0129175440265722,-0.0333632234846336,0.0523655571955841,0.0691024741877881,-0.0828499089952243,-0.0930131258732418,0.0991524480063048,0.101002278621516,-0.098482591124544,-0.0917023911765043,0.080955000936872,0.0667053694835443,-0.0495699583813211,-0.0302900725808689,0.00969979039562474,-0.0113101200435211,0.0318307368245877,0.050974305652109,-0.067912645500219,-0.0819129770319887,0.0923696237910083,0.0988302147215991,-0.101015254455221,-0.098830214721599,0.0923696237910072,0.0819129770319877,-0.0679126455002181,-0.0509743056521082,0.031830736824586,0.0113101200435201,0.00969979039562606,0.0302900725808704,-0.0495699583813213,-0.0667053694835458,0.0809550009368726,0.0917023911765052,-0.0984825911245451,-0.101002278621515,0.0991524480063033,0.0930131258732414,-0.0828499089952245,-0.0691024741877877,0.0523655571955829,0.033363223484633,-0.0129175440265721,0.00808696879009592,-0.0287416265630635,-0.0481528761718305,0.0654809562971156,0.0799762268219825,-0.0910115994473957,-0.0981096665225621,0.100963354453998,0.099449208194224,-0.0936327321021168,-0.0837655561208876,0.0702745498692684,0.053743355587536,-0.0348871388523093,-0.0145216493840526,-0.0064720695743538,-0.0271857965799609,0.046723423083961,0.0642397205029655,-0.0789769061426098,-0.090297426073877,0.0977115367231151,0.100898491952616,-0.099720419045169,-0.0942282832955867,0.0846596831715441,0.0714285714285726,-0.0551073468599879,-0.0364020914209594,0.0161220240078242,-0.00485550762957059,0.0256229823373517,0.0452819663562171,-0.0629819809849947,-0.0779572956326337,0.0895600545330899,0.0972883040090947,-0.100807707781091,-0.0999660108827988,0.094799626451547,0.0855320604384391,-0.072564242387865,-0.0564571805921208,0.0379076919865389,0.0177182567481998,0.00323769826409137,0.0240535853353438,-0.0438288763109424,-0.0617080608670514,0.076917657238557,0.0887996742619785,-0.0968400771125376,-0.100691025262637,0.100185920612503,0.0953466147871422,-0.0863824638005253,-0.0736812709837407,0.0577925100003133,0.0394035537476183,-0.0193099375195811,0.00161905710673032,-0.02247800876521,-0.042364526259174,0.0604182874299215,0.0758582580522162,-0.0880164806086166,-0.0963669711867014,0.100548474373991,0.100380091737619,-0.0958691077764696,-0.0872106747820432,0.0747793702421625,0.0591129920272147,-0.0408892924047398,-0.0208966574058039
0.0193099375195747,-0.037907691986534,-0.0551073468599893,0.0702745498692627,0.0828499089952266,-0.0923696237910124,-0.0984825911245472,0.100963354453982,0.0997204190451777,-0.0947996264515502,-0.0863824638005266,0.0747793702421643,0.0604182874299194,-0.0438288763109432,-0.0256229823373525,0.00647206957435426,-0.0129175440265716,0.0318307368245874,0.0495699583813203,-0.0654809562971191,-0.0789769061426078,0.0895600545330905,0.0968400771125393,-0.100548474373979,-0.100548474373976,0.0968400771125393,0.0895600545330932,-0.0789769061426088,-0.065480956297116,0.0495699583813219,0.0318307368245885,-0.0129175440265729,0.0064720695743526,-0.0256229823373511,-0.0438288763109425,0.060418287429916,0.0747793702421649,-0.086382463800526,-0.0947996264515469,0.0997204190451702,0.100963354453998,-0.0984825911245426,-0.0923696237910065,0.0828499089952269,0.0702745498692682,-0.0551073468599878,-0.0379076919865394,0.0193099375195804,6.73733440421329e-16,0.0193099375195797,0.0379076919865388,-0.0551073468599859,-0.0702745498692681,0.0828499089952235,0.0923696237910082,-0.0984825911245466,-0.100963354453999,0.0997204190451698,0.094799626451546,-0.0863824638005248,-0.0747793702421646,0.0604182874299163,0.0438288763109415,-0.0256229823373515,-0.00647206957435371,-0.0129175440265717,-0.031830736824587,0.0495699583813211,0.065480956297114,-0.0789769061426102,-0.0895600545330916,0.0968400771125386,0.100548474373976,-0.100548474373976,-0.0968400771125389,0.0895600545330913,0.0789769061426111,-0.0654809562971155,-0.0495699583813199,0.0318307368245867,0.0129175440265713,0.00647206957435408,0.0256229823373527,-0.043828876310943,-0.0604182874299176,0.0747793702421645,0.0863824638005256,-0.0947996264515469,-0.0997204190451698,0.100963354453998,0.0984825911245433,-0.0923696237910091,-0.0828499089952239,0.0702745498692685,0.0551073468599878,-0.0379076919865386,-0.01930993751958,-2.80913747060593e-16,-0.0193099375195806,0.037907691986539,0.0551073468599882,-0.070274549869269,-0.0828499089952246,0.0923696237910074,0.0984825911245455,-0.100963354453999,-0.0997204190451701,0.0947996264515442,0.0863824638005254,-0.0747793702421633,-0.0604182874299163,0.0438288763109421,0.025622982337351,-0.00647206957435273,0.0129175440265723,-0.031830736824588,-0.049569958381321,0.0654809562971157,0.078976906142611,-0.0895600545330902,-0.0968400771125387,0.100548474373976,0.100548474373976,-0.0968400771125391,-0.0895600545330919,0.0789769061426115,0.0654809562971162,-0.0495699583813209,-0.0318307368245879,0.0129175440265721,-0.00647206957435356,0.0256229823373524,0.0438288763109428,-0.0604182874299173,-0.0747793702421645,0.0863824638005261,0.094799626451546,-0.09972041904517,-0.100963354453999,0.0984825911245436,0.0923696237910081,-0.0828499089952238,-0.0702745498692683,0.0551073468599876,0.0379076919865394,-0.0193099375195809,-7.0499764196645e-16,-0.0193099375195793,-0.0379076919865381,0.0551073468599871,0.0702745498692678,-0.0828499089952242,-0.0923696237910085,0.098482591124544,0.100963354453999,-0.0997204190451689,-0.0947996264515468,0.0863824638005267,0.0747793702421654,-0.0604182874299183,-0.0438288763109437,0.0256229823373528,0.00647206957435428,0.0129175440265718,0.0318307368245871,-0.0495699583813205,-0.0654809562971154,0.0789769061426105,0.0895600545330894,-0.0968400771125381,-0.100548474373976,0.100548474373975,0.0968400771125383,-0.0895600545330918,-0.0789769061426121,0.065480956297116,0.0495699583813229,-0.0318307368245887,-0.0129175440265731,-0.00647206957435317,-0.0256229823373515,0.0438288763109424,0.0604182874299157,-0.0747793702421692,-0.0863824638005238,0.094799626451545,0.099720419045168,-0.100963354454013,-0.0984825911245371,0.0923696237910053,0.0828499089952282,-0.0702745498692665,-0.055107346859983,0.037907691986535,0.0193099375195777
0.0177182567481939,-0.0348871388523052,-0.0509743056521101,0.0654809562971102,0.0779572956326365,-0.0880164806086209,-0.0953466147871434,0.0997204190451528,0.101002278621523,-0.0991524480063085,-0.0942282832955868,0.086382463800526,0.0758582580522202,-0.0629819809849959,-0.0481528761718313,0.0318307368245873,0.0145216493840528,0.00323769826409245,0.0208966574058066,-0.0379076919865404,-0.0537433555875342,0.067912645500218,0.0799762268219827,-0.0895600545330941,-0.096366971186703,0.100185920612503,0.100898491952619,-0.0984825911245415,-0.0930131258732422,0.0846596831715437,0.0736812709837396,-0.0604182874299189,-0.0452819663562193,0.0287416265630651,0.0113101200435223,0.00647206957435308,0.0240535853353445,-0.0408892924047439,-0.0564571805921216,0.070274549869269,0.0819129770319876,-0.0910115994473944,-0.0972883040090933,0.100548474373979,0.100691025262637,-0.0977115367231159,-0.0917023911765057,0.0828499089952212,0.071428571428571,-0.0577925100003131,-0.0423645262591765,0.0256229823373519,0.00808696879009644,0.00969979039562424,0.0271857965799603,-0.0438288763109436,-0.0591129920272199,0.072564242387865,0.0837655561208885,-0.092369623791008,-0.0981096665225634,0.10080770778109,0.100380091737624,-0.0968400771125383,-0.0902974260738774,0.0809550009368716,0.069102474187788,-0.0551073468599895,-0.0394035537476183,0.0224780087652117,0.00485550762957228,0.012917544026571,0.0302900725808688,-0.0467234230839613,-0.0617080608670532,0.0747793702421651,0.0855320604384395,-0.0936327321021175,-0.0988302147215987,0.100963354453999,0.099966010882797,-0.0958691077764725,-0.0887996742619784,0.0789769061426104,0.0667053694835439,-0.0523655571955833,-0.0364020914209584,0.0193099375195801,0.00161905710673139,0.0161220240078233,0.0333632234846327,-0.0495699583813216,-0.0642397205029659,0.0769176572385583,0.0872106747820394,-0.0947996264515464,-0.0994492081942233,0.101015254455221,0.0994492081942232,-0.0947996264515454,-0.0872106747820385,0.0769176572385576,0.0642397205029652,-0.0495699583813196,-0.0333632234846323,0.0161220240078223,-0.00161905710673279,0.0193099375195811,0.0364020914209598,-0.0523655571955842,-0.0667053694835454,0.0789769061426118,0.0887996742619781,-0.0958691077764716,-0.0999660108827971,0.100963354454,0.0988302147215989,-0.0936327321021163,-0.0855320604384387,0.0747793702421641,0.061708060867053,-0.0467234230839614,-0.0302900725808695,0.0129175440265723,-0.004855507629571,0.0224780087652103,0.0394035537476174,-0.0551073468599873,-0.0691024741877884,0.0809550009368718,0.0902974260738771,-0.0968400771125391,-0.100380091737626,0.10080770778109,0.098109666522562,-0.0923696237910086,-0.0837655561208878,0.0725642423878649,0.0591129920272198,-0.0438288763109428,-0.027185796579961,0.00969979039562519,-0.00808696879009561,0.0256229823373515,0.0423645262591749,-0.057792510000312,-0.0714285714285717,0.0828499089952228,0.091702391176505,-0.0977115367231162,-0.100691025262637,0.100548474373976,0.0972883040090954,-0.0910115994473956,-0.0819129770319883,0.0702745498692684,0.0564571805921218,-0.0408892924047447,-0.0240535853353454,0.00647206957435451,-0.0113101200435205,0.028741626563063,0.0452819663562166,-0.0604182874299176,-0.0736812709837391,0.0846596831715431,0.0930131258732422,-0.0984825911245445,-0.100898491952615,0.100185920612502,0.0963669711867036,-0.0895600545330908,-0.0799762268219822,0.0679126455002194,0.0537433555875377,-0.0379076919865393,-0.0208966574058082,0.0032376982640934,-0.0145216493840511,0.0318307368245872,0.0481528761718307,-0.062981980984995,-0.0758582580522157,0.0863824638005313,0.0942282832955839,-0.099152448006303,-0.101002278621513,0.099720419045184,0.0953466147871339,-0.0880164806086144,-0.0779572956326381,0.0654809562971139,0.0509743056521044,-0.0348871388523061,-0.0177182567481966
0.0161220240078187,-0.031830736824583,-0.0467234230839618,0.0604182874299117,0.0725642423878662,-0.0828499089952263,-0.0910115994473967,0.096840077112522,0.10018592061251,-0.100963354454002,-0.0991524480063051,0.0947996264515466,0.0880164806086205,-0.0789769061426116,-0.0679126455002195,0.0551073468599869,0.0408892924047434,-0.0256229823373514,-0.00969979039562399,-0.00647206957435375,-0.0224780087652092,0.0379076919865379,0.0523655571955832,-0.0654809562971179,-0.0769176572385577,0.0863824638005254,0.0936327321021181,-0.0984825911245409,-0.10080770778109,0.100548474373975,0.097711536723116,-0.0923696237910099,-0.084659683171545,0.0747793702421661,0.0629819809849972,-0.0495699583813209,-0.0348871388523104,0.0193099375195804,0.00323769826409192,0.012917544026572,0.0287416265630641,-0.0438288763109428,-0.0577925100003115,0.0702745498692711,0.0809550009368716,-0.0895600545330909,-0.0958691077764732,0.0997204190451657,0.10101525445522,-0.0997204190451703,-0.0958691077764745,0.0895600545330893,0.0809550009368721,-0.0702745498692687,-0.0577925100003125,0.0438288763109442,0.0287416265630639,-0.0129175440265716,0.00323769826409242,-0.0193099375195807,-0.0348871388523106,0.0495699583813212,0.0629819809849946,-0.0747793702421643,-0.0846596831715426,0.0923696237910078,0.0977115367231152,-0.100548474373977,-0.100807707781089,0.0984825911245447,0.093632732102118,-0.0863824638005263,-0.0769176572385586,0.0654809562971164,0.0523655571955832,-0.0379076919865386,-0.0224780087652103,0.00647206957435309,-0.00969979039562531,0.0256229823373526,0.0408892924047435,-0.0551073468599875,-0.0679126455002191,0.0789769061426105,0.0880164806086173,-0.0947996264515461,-0.0991524480063041,0.100963354453999,0.100185920612502,-0.0968400771125382,-0.0910115994473943,0.0828499089952244,0.0725642423878647,-0.0604182874299176,-0.0467234230839612,0.0318307368245873,0.0161220240078232,1.62365844487952e-16,0.0161220240078236,-0.0318307368245875,-0.0467234230839614,0.060418287429918,0.0725642423878653,-0.0828499089952231,-0.0910115994473966,0.0968400771125394,0.100185920612503,-0.100963354453997,-0.0991524480063048,0.0947996264515457,0.0880164806086171,-0.0789769061426106,-0.0679126455002176,0.0551073468599861,0.0408892924047428,-0.025622982337352,-0.00969979039562451,-0.0064720695743538,-0.0224780087652106,0.0379076919865382,0.0523655571955831,-0.065480956297116,-0.0769176572385582,0.0863824638005261,0.0936327321021175,-0.0984825911245451,-0.100807707781091,0.100548474373976,0.097711536723117,-0.0923696237910089,-0.0846596831715428,0.0747793702421647,0.0629819809849952,-0.0495699583813208,-0.0348871388523095,0.0193099375195803,0.00323769826409181,0.0129175440265719,0.0287416265630637,-0.0438288763109423,-0.0577925100003116,0.0702745498692678,0.0809550009368712,-0.0895600545330904,-0.095869107776473,0.0997204190451701,0.101015254455222,-0.0997204190451691,-0.0958691077764733,0.0895600545330918,0.0809550009368722,-0.0702745498692692,-0.057792510000313,0.0438288763109435,0.0287416265630644,-0.0129175440265725,0.00323769826409114,-0.0193099375195795,-0.0348871388523092,0.0495699583813205,0.062981980984995,-0.0747793702421638,-0.0846596831715419,0.0923696237910087,0.0977115367231166,-0.100548474373976,-0.100807707781091,0.0984825911245447,0.0936327321021154,-0.0863824638005257,-0.0769176572385588,0.065480956297116,0.0523655571955835,-0.0379076919865397,-0.0224780087652118,0.00647206957435478,-0.00969979039562358,0.0256229823373508,0.0408892924047415,-0.0551073468599878,-0.0679126455002195,0.0789769061426106,0.0880164806086153,-0.094799626451552,-0.0991524480063021,0.100963354453997,0.1001859206125,-0.0968400771125525,-0.0910115994473882,0.0828499089952206,0.0725642423878679,-0.0604182874299154,-0.0467234230839568,0.031830736824584,0.0161220240078212
0.0145216493840486,-0.0287416265630597,-0.0423645262591758,0.0551073468599818,0.0667053694835456,-0.0769176572385596,-0.0855320604384394,0.0923696237909924,0.0972883040091019,-0.100185920612506,-0.101002278621516,0.0997204190451702,0.0963669711867058,-0.0910115994473966,-0.0837655561208897,0.0747793702421633,0.0642397205029649,-0.0523655571955822,-0.0394035537476162,0.0256229823373535,0.011310120043521,0.00323769826409156,0.0177182567481989,-0.0318307368245885,-0.0452819663562175,0.0577925100003114,0.0691024741877886,-0.0789769061426076,-0.0872106747820371,0.093632732102116,0.0981096665225618,-0.100548474373977,-0.100898491952618,0.0991524480063062,0.0953466147871433,-0.0895600545330905,-0.0819129770319893,0.0725642423878653,0.0617080608670533,-0.0495699583813214,-0.0364020914209578,0.0224780087652097,0.00808696879009559,0.00647206957435404,0.0208966574058063,-0.0348871388523095,-0.0481528761718307,0.0604182874299147,0.0714285714285703,-0.0809550009368723,-0.0887996742619795,0.0947996264515442,0.0988302147215991,-0.100807707781091,-0.100691025262637,0.0984825911245469,0.0942282832955872,-0.088016480608618,-0.0799762268219821,0.0702745498692675,0.0591129920272196,-0.0467234230839601,-0.033363223484632,0.01930993751958,0.00485550762957159,0.00969979039562439,0.0240535853353438,-0.0379076919865386,-0.0509743056521072,0.0629819809849948,0.0736812709837391,-0.0828499089952237,-0.0902974260738788,0.0958691077764738,0.0994492081942239,-0.100963354454,-0.100380091737627,0.0977115367231162,0.0930131258732418,-0.0863824638005258,-0.0779572956326334,0.0679126455002184,0.056457180592121,-0.0438288763109427,-0.0302900725808686,0.0161220240078234,0.00161905710673154,0.012917544026572,0.0271857965799609,-0.0408892924047435,-0.053743355587536,0.0654809562971165,0.0758582580522181,-0.0846596831715438,-0.091702391176506,0.0968400771125388,0.099966010882798,-0.101015254455221,-0.0999660108827981,0.0968400771125378,0.0917023911765049,-0.0846596831715431,-0.0758582580522176,0.0654809562971142,0.053743355587536,-0.0408892924047428,-0.0271857965799598,0.0129175440265704,-0.00161905710673278,0.0161220240078245,0.0302900725808699,-0.043828876310944,-0.0564571805921213,0.067912645500218,0.0779572956326337,-0.0863824638005267,-0.093013125873242,0.097711536723115,0.100380091737626,-0.100963354453998,-0.0994492081942232,0.0958691077764731,0.0902974260738785,-0.0828499089952244,-0.0736812709837397,0.0629819809849961,0.0509743056521092,-0.0379076919865389,-0.0240535853353451,0.00969979039562515,-0.00485550762957099,0.0193099375195801,0.0333632234846326,-0.0467234230839606,-0.0591129920272194,0.0702745498692685,0.079976226821982,-0.0880164806086181,-0.0942282832955865,0.0984825911245434,0.100691025262637,-0.10080770778109,-0.0988302147215987,0.0947996264515458,0.0887996742619788,-0.0809550009368727,-0.0714285714285725,0.0604182874299175,0.0481528761718313,-0.0348871388523104,-0.0208966574058071,0.00647206957435421,-0.00808696879009552,0.0224780087652098,0.0364020914209578,-0.0495699583813199,-0.0617080608670523,0.0725642423878643,0.0819129770319879,-0.0895600545330912,-0.0953466147871414,0.0991524480063045,0.100898491952615,-0.100548474373976,-0.0981096665225632,0.0936327321021171,0.0872106747820383,-0.0789769061426112,-0.0691024741877872,0.0577925100003123,0.0452819663562186,-0.0318307368245879,-0.0177182567481996,0.00323769826409293,-0.0113101200435202,0.0256229823373507,0.0394035537476171,-0.0523655571955822,-0.0642397205029632,0.0747793702421653,0.0837655561208902,-0.0910115994473956,-0.0963669711867002,0.0997204190451759,0.101002278621513,-0.100185920612501,-0.0972883040090928,0.0923696237910216,0.0855320604384317,-0.0769176572385547,-0.0667053694835475,0.0551073468599856,0.0423645262591715,-0.0287416265630607,-0.0145216493840509
0.0129175440265679,-0.0256229823373484,-0.037907691986539,0.0495699583813155,0.060418287429918,-0.0702745498692697,-0.0789769061426113,0.0863824638005107,0.0923696237910152,-0.0968400771125423,-0.0997204190451702,0.100963354453999,0.100548474373979,-0.0984825911245458,-0.094799626451548,0.0895600545330897,0.082849908995223,-0.0747793702421631,-0.0654809562971137,0.0551073468599901,0.0438288763109413,-0.0318307368245873,-0.0193099375195805,0.00647206957435361,-0.00647206957435341,0.0193099375195794,0.0318307368245871,-0.0438288763109407,-0.0551073468599864,0.0654809562971148,0.0747793702421635,-0.0828499089952244,-0.0895600545330919,0.0947996264515472,0.0984825911245459,-0.100548474373974,-0.100963354454,0.0997204190451704,0.0968400771125396,-0.0923696237910093,-0.086382463800525,0.0789769061426092,0.0702745498692667,-0.0604182874299196,-0.0495699583813208,0.0379076919865388,0.0256229823373525,-0.0129175440265719,-4.31542555802742e-16,-0.0129175440265715,-0.0256229823373522,0.0379076919865375,0.0495699583813206,-0.0604182874299171,-0.0702745498692682,0.0789769061426126,0.0863824638005268,-0.092369623791009,-0.096840077112539,0.099720419045169,0.100963354454,-0.100548474373975,-0.0984825911245427,0.0947996264515458,0.0895600545330906,-0.0828499089952233,-0.0747793702421641,0.0654809562971177,0.0551073468599872,-0.0438288763109436,-0.0318307368245881,0.0193099375195807,0.00647206957435383,0.00647206957435395,0.0193099375195807,-0.031830736824588,-0.0438288763109439,0.0551073468599882,0.0654809562971158,-0.0747793702421647,-0.082849908995223,0.0895600545330908,0.0947996264515466,-0.0984825911245438,-0.100548474373975,0.100963354453999,0.0997204190451691,-0.0968400771125391,-0.0923696237910085,0.0863824638005254,0.0789769061426101,-0.070274549869269,-0.0604182874299176,0.0495699583813212,0.037907691986539,-0.0256229823373521,-0.0129175440265717,-1.66906092800282e-16,-0.0129175440265721,0.0256229823373524,0.0379076919865394,-0.0495699583813216,-0.0604182874299182,0.070274549869268,0.0789769061426122,-0.0863824638005268,-0.0923696237910096,0.0968400771125375,0.0997204190451701,-0.100963354453998,-0.100548474373975,0.0984825911245446,0.0947996264515455,-0.0895600545330894,-0.0828499089952225,0.0747793702421647,0.0654809562971153,-0.0551073468599869,-0.0438288763109428,0.0318307368245872,0.0193099375195803,-0.0064720695743539,0.00647206957435348,-0.01930993751958,-0.0318307368245872,0.0438288763109429,0.0551073468599872,-0.0654809562971156,-0.0747793702421649,0.0828499089952238,0.0895600545330904,-0.0947996264515467,-0.098482591124544,0.100548474373975,0.100963354453998,-0.0997204190451699,-0.0968400771125382,0.0923696237910089,0.0863824638005263,-0.0789769061426103,-0.0702745498692682,0.0604182874299176,0.049569958381321,-0.0379076919865388,-0.0256229823373527,0.0129175440265724,5.87783443926295e-16,0.0129175440265711,0.0256229823373516,-0.0379076919865383,-0.0495699583813204,0.0604182874299175,0.0702745498692681,-0.0789769061426101,-0.0863824638005253,0.0923696237910073,0.0968400771125386,-0.0997204190451697,-0.100963354453999,0.100548474373976,0.0984825911245448,-0.0947996264515464,-0.0895600545330902,0.0828499089952243,0.0747793702421655,-0.0654809562971162,-0.0551073468599876,0.0438288763109434,0.0318307368245871,-0.0193099375195806,-0.00647206957435431,-0.00647206957435269,-0.0193099375195794,0.0318307368245865,0.0438288763109423,-0.0551073468599859,-0.0654809562971159,0.0747793702421637,0.0828499089952216,-0.0895600545330925,-0.0947996264515489,0.098482591124545,0.100548474373974,-0.100963354454005,-0.0997204190451677,0.0968400771125372,0.0923696237910066,-0.0863824638005383,-0.0789769061426047,0.0702745498692656,0.0604182874299202,-0.0495699583813193,-0.0379076919865354,0.0256229823373494,0.01291754402657
0.0113101200435177,-0.0224780087652073,-0.0333632234846332,0.043828876310938,0.0537433555875368,-0.0629819809849964,-0.0714285714285718,0.078976906142597,0.0855320604384448,-0.0910115994473988,-0.0953466147871419,0.0984825911245454,0.10038009173763,-0.101015254455223,-0.100380091737628,0.0984825911245426,0.0953466147871403,-0.0910115994473939,-0.0855320604384359,0.0789769061426145,0.0714285714285687,-0.0629819809849951,-0.0537433555875367,0.0438288763109439,0.0333632234846332,-0.0224780087652112,-0.0113101200435219,5.03629756872299e-16,-0.0113101200435206,0.0224780087652097,0.0333632234846321,-0.043828876310943,-0.0537433555875366,0.0629819809849956,0.0714285714285723,-0.0789769061426099,-0.0855320604384398,0.0910115994473961,0.0953466147871422,-0.0984825911245452,-0.100380091737625,0.10101525445522,0.100380091737624,-0.0984825911245481,-0.0953466147871409,0.0910115994473955,0.0855320604384392,-0.0789769061426081,-0.071428571428571,0.0629819809849961,0.0537433555875377,-0.0438288763109422,-0.0333632234846332,0.0224780087652108,0.0113101200435213,-5.30363771265307e-17,0.0113101200435215,-0.022478008765211,-0.0333632234846334,0.043828876310943,0.0537433555875373,-0.0629819809849951,-0.0714285714285702,0.0789769061426102,0.0855320604384375,-0.0910115994473943,-0.0953466147871402,0.0984825911245459,0.100380091737624,-0.101015254455221,-0.100380091737627,0.0984825911245447,0.0953466147871424,-0.0910115994473965,-0.0855320604384389,0.0789769061426114,0.0714285714285722,-0.0629819809849955,-0.0537433555875358,0.0438288763109427,0.0333632234846324,-0.0224780087652104,-0.011310120043521,-9.76778261071329e-17,-0.0113101200435213,0.0224780087652106,0.0333632234846328,-0.0438288763109431,-0.0537433555875364,0.0629819809849949,0.0714285714285706,-0.0789769061426113,-0.0855320604384386,0.0910115994473957,0.0953466147871421,-0.0984825911245442,-0.100380091737626,0.101015254455221,0.100380091737626,-0.0984825911245434,-0.0953466147871415,0.0910115994473955,0.0855320604384386,-0.0789769061426092,-0.0714285714285715,0.0629819809849949,0.0537433555875359,-0.0438288763109412,-0.0333632234846319,0.0224780087652095,0.0113101200435201,9.0214864622904e-16,0.0113101200435219,-0.0224780087652108,-0.0333632234846329,0.0438288763109435,0.0537433555875362,-0.0629819809849948,-0.0714285714285713,0.0789769061426097,0.0855320604384382,-0.0910115994473954,-0.0953466147871415,0.0984825911245444,0.100380091737626,-0.101015254455222,-0.100380091737626,0.0984825911245441,0.0953466147871421,-0.0910115994473954,-0.0855320604384378,0.078976906142611,0.0714285714285712,-0.0629819809849951,-0.0537433555875362,0.043828876310943,0.0333632234846327,-0.0224780087652107,-0.0113101200435214,3.13552514779249e-16,-0.0113101200435207,0.02247800876521,0.0333632234846322,-0.0438288763109422,-0.0537433555875361,0.0629819809849952,0.0714285714285715,-0.0789769061426097,-0.0855320604384383,0.0910115994473954,0.0953466147871408,-0.0984825911245448,-0.100380091737626,0.101015254455221,0.100380091737626,-0.0984825911245435,-0.0953466147871414,0.0910115994473959,0.0855320604384392,-0.0789769061426114,-0.071428571428572,0.0629819809849956,0.0537433555875361,-0.0438288763109432,-0.0333632234846337,0.022478008765211,0.0113101200435215,-4.83455666537215e-16,0.0113101200435205,-0.0224780087652099,-0.0333632234846327,0.0438288763109416,0.0537433555875353,-0.0629819809849947,-0.0714285714285711,0.078976906142609,0.085532060438439,-0.091011599447395,-0.0953466147871392,0.0984825911245461,0.100380091737629,-0.101015254455222,-0.100380091737624,0.0984825911245509,0.0953466147871394,-0.0910115994473939,-0.0855320604384366,0.078976906142622,0.0714285714285658,-0.0629819809849928,-0.0537433555875387,0.0438288763109414,0.0333632234846299,-0.0224780087652081,-0.0113101200435196
0.00969979039562193,-0.0193099375195776,-0.0287416265630641,0.0379076919865346,0.0467234230839614,-0.0551073468599886,-0.0629819809849958,0.0702745498692565,0.0769176572385638,-0.0828499089952273,-0.0880164806086185,0.0923696237910097,0.0958691077764762,-0.098482591124546,-0.100185920612504,0.100963354453997,0.10080770778109,-0.0997204190451683,-0.097711536723113,0.0947996264515508,0.0910115994473917,-0.0863824638005253,-0.0809550009368723,0.0747793702421663,0.0679126455002187,-0.0604182874299177,-0.0523655571955843,0.0438288763109415,0.0348871388523094,-0.0256229823373523,-0.0161220240078237,0.00647206957435391,-0.00323769826409182,0.0129175440265716,0.0224780087652106,-0.0318307368245869,-0.0408892924047444,0.0495699583813214,0.0577925100003129,-0.0654809562971165,-0.0725642423878643,0.0789769061426098,0.0846596831715419,-0.0895600545330944,-0.0936327321021163,0.0968400771125386,0.0991524480063054,-0.100548474373972,-0.10101525445522,0.100548474373976,0.0991524480063068,-0.0968400771125368,-0.093632732102117,0.0895600545330915,0.0846596831715437,-0.0789769061426131,-0.0725642423878656,0.0654809562971164,0.0577925100003124,-0.0495699583813206,-0.0408892924047441,0.0318307368245871,0.0224780087652103,-0.012917544026572,-0.0032376982640925,-0.00647206957435315,-0.0161220240078227,0.0256229823373519,0.0348871388523085,-0.0438288763109424,-0.0523655571955835,0.0604182874299175,0.0679126455002195,-0.0747793702421655,-0.0809550009368728,0.086382463800527,0.0910115994473968,-0.0947996264515471,-0.0977115367231152,0.0997204190451698,0.10080770778109,-0.100963354453998,-0.100185920612503,0.0984825911245439,0.095869107776472,-0.0923696237910084,-0.0880164806086173,0.0828499089952243,0.076917657238558,-0.0702745498692681,-0.0629819809849948,0.055107346859988,0.046723423083961,-0.0379076919865389,-0.028741626563064,0.0193099375195804,0.00969979039562478,3.0984425268002e-17,0.00969979039562487,-0.0193099375195804,-0.0287416265630642,0.0379076919865392,0.0467234230839616,-0.0551073468599873,-0.0629819809849967,0.0702745498692695,0.0769176572385591,-0.0828499089952232,-0.0880164806086187,0.0923696237910087,0.0958691077764729,-0.098482591124545,-0.100185920612502,0.100963354453997,0.100807707781089,-0.0997204190451702,-0.0977115367231149,0.0947996264515454,0.0910115994473951,-0.086382463800525,-0.0809550009368716,0.0747793702421645,0.0679126455002188,-0.0604182874299175,-0.0523655571955835,0.0438288763109431,0.0348871388523097,-0.0256229823373519,-0.0161220240078235,0.00647206957435362,-0.00323769826409212,0.0129175440265721,0.0224780087652106,-0.0318307368245875,-0.0408892924047439,0.0495699583813213,0.0577925100003121,-0.0654809562971162,-0.0725642423878649,0.0789769061426098,0.0846596831715425,-0.0895600545330905,-0.0936327321021159,0.0968400771125379,0.0991524480063049,-0.100548474373976,-0.101015254455222,0.100548474373975,0.0991524480063051,-0.0968400771125391,-0.0936327321021167,0.0895600545330917,0.0846596831715437,-0.0789769061426108,-0.0725642423878648,0.0654809562971156,0.0577925100003127,-0.0495699583813215,-0.0408892924047444,0.0318307368245878,0.022478008765211,-0.0129175440265722,-0.00323769826409236,-0.0064720695743536,-0.0161220240078231,0.0256229823373518,0.0348871388523093,-0.0438288763109426,-0.052365557195582,0.0604182874299167,0.0679126455002186,-0.074779370242163,-0.0809550009368708,0.0863824638005255,0.0910115994473954,-0.0947996264515447,-0.0977115367231167,0.0997204190451695,0.100807707781089,-0.100963354454,-0.100185920612505,0.0984825911245452,0.0958691077764709,-0.0923696237910146,-0.088016480608616,0.0828499089952224,0.076917657238556,-0.0702745498692783,-0.0629819809849902,0.055107346859985,0.0467234230839626,-0.0379076919865372,-0.0287416265630609,0.019309937519578,0.0096997903956233
0.00808696879009384,-0.0161220240078212,-0.0240535853353448,0.031830736824584,0.0394035537476182,-0.0467234230839618,-0.0537433555875368,0.0604182874299073,0.0667053694835497,-0.0725642423878676,-0.077957295632635,0.0828499089952249,0.0872106747820414,-0.0910115994473967,-0.0942282832955876,0.0968400771125367,0.0988302147215981,-0.100185920612501,-0.100898491952614,0.100963354454003,0.100380091737622,-0.099152448006304,-0.0972883040090951,0.0947996264515488,0.0917023911765048,-0.0880164806086176,-0.0837655561208896,0.0789769061426079,0.0736812709837379,-0.0679126455002183,-0.0617080608670529,0.0551073468599881,0.0481528761718314,-0.0408892924047444,-0.0333632234846339,0.0256229823373521,0.0177182567481994,-0.00969979039562485,-0.00161905710673144,-0.00647206957435384,-0.0145216493840531,0.0224780087652106,0.0302900725808686,-0.0379076919865401,-0.0452819663562174,0.0523655571955831,0.0591129920272196,-0.065480956297113,-0.0714285714285704,0.0769176572385582,0.0819129770319894,-0.086382463800524,-0.0902974260738779,0.0936327321021171,0.096366971186703,-0.0984825911245473,-0.0999660108827997,0.100807707781092,0.101002278621516,-0.100548474373975,-0.0994492081942244,0.0977115367231151,0.0953466147871395,-0.0923696237910078,-0.0887996742619774,0.0846596831715426,0.0799762268219817,-0.074779370242166,-0.0691024741877872,0.0629819809849957,0.0564571805921218,-0.0495699583813215,-0.0423645262591759,0.0348871388523101,0.0271857965799609,-0.0193099375195803,-0.0113101200435212,0.00323769826409177,-0.00485550762957153,0.012917544026572,0.0208966574058064,-0.0287416265630636,-0.0364020914209587,0.0438288763109428,0.0509743056521086,-0.0577925100003122,-0.0642397205029652,0.0702745498692687,0.0758582580522179,-0.0809550009368715,-0.0855320604384375,0.0895600545330918,0.0930131258732428,-0.0958691077764731,-0.0981096665225632,0.0997204190451695,0.100691025262637,-0.101015254455221,-0.100691025262637,0.0997204190451688,0.0981096665225627,-0.095869107776473,-0.0930131258732429,0.0895600545330897,0.0855320604384391,-0.0809550009368722,-0.0758582580522181,0.0702745498692669,0.0642397205029653,-0.0577925100003116,-0.0509743056521082,0.0438288763109427,0.0364020914209578,-0.0287416265630629,-0.0208966574058061,0.0129175440265717,0.00485550762957121,0.00323769826409201,0.0113101200435212,-0.0193099375195799,-0.0271857965799607,0.0348871388523096,0.0423645262591752,-0.0495699583813209,-0.0564571805921212,0.0629819809849957,0.069102474187788,-0.0747793702421644,-0.0799762268219831,0.0846596831715436,0.0887996742619777,-0.0923696237910091,-0.0953466147871412,0.0977115367231158,0.0994492081942235,-0.100548474373976,-0.101002278621515,0.100807707781091,0.0999660108827986,-0.0984825911245435,-0.096366971186702,0.0936327321021165,0.0902974260738773,-0.0863824638005254,-0.0819129770319882,0.0769176572385583,0.0714285714285723,-0.0654809562971157,-0.0591129920272198,0.0523655571955838,0.045281966356218,-0.0379076919865392,-0.0302900725808694,0.0224780087652109,0.0145216493840533,-0.00647206957435407,0.00161905710673105,-0.00969979039562432,-0.0177182567481987,0.0256229823373519,0.0333632234846327,-0.0408892924047433,-0.0481528761718297,0.0551073468599876,0.0617080608670533,-0.0679126455002184,-0.0736812709837383,0.0789769061426106,0.0837655561208867,-0.0880164806086169,-0.0917023911765053,0.094799626451545,0.0972883040090937,-0.0991524480063047,-0.100380091737626,0.100963354453997,0.100898491952618,-0.100185920612502,-0.0988302147215975,0.0968400771125405,0.0942282832955892,-0.0910115994473961,-0.0872106747820366,0.0828499089952291,0.0779572956326326,-0.0725642423878631,-0.0667053694835427,0.0604182874299257,0.0537433555875318,-0.0467234230839585,-0.039403553747619,0.0318307368245859,0.0240535853353419,-0.0161220240078214,-0.00808696879009489
0.00647206957435197,-0.0129175440265703,-0.0193099375195809,0.0256229823373497,0.031830736824588,-0.0379076919865397,-0.0438288763109435,0.0495699583813129,0.055107346859992,-0.0604182874299201,-0.0654809562971165,0.0702745498692693,0.074779370242167,-0.0789769061426118,-0.0828499089952249,0.0863824638005238,0.0895600545330898,-0.0923696237910069,-0.0947996264515436,0.096840077112543,0.0984825911245402,-0.0997204190451686,-0.100548474373976,0.100963354454001,0.100963354453998,-0.100548474373975,-0.0997204190451708,0.0984825911245405,0.0968400771125373,-0.0947996264515456,-0.092369623791008,0.0895600545330919,0.0863824638005269,-0.082849908995225,-0.0789769061426123,0.0747793702421638,0.0702745498692697,-0.0654809562971164,-0.060418287429918,0.0551073468599879,0.0495699583813203,-0.043828876310942,-0.0379076919865378,0.0318307368245885,0.0256229823373521,-0.0193099375195804,-0.0129175440265721,0.00647206957435375,1.51756959467061e-16,0.00647206957435367,0.012917544026572,-0.0193099375195799,-0.0256229823373522,0.0318307368245875,0.037907691986539,-0.0438288763109444,-0.049569958381322,0.0551073468599882,0.0604182874299179,-0.0654809562971156,-0.0702745498692693,0.0747793702421638,0.0789769061426091,-0.0828499089952231,-0.0863824638005248,0.0895600545330899,0.0923696237910073,-0.0947996264515477,-0.0968400771125368,0.0984825911245443,0.0997204190451706,-0.100548474373976,-0.100963354454,0.100963354454,0.100548474373976,-0.0997204190451709,-0.0984825911245459,0.0968400771125394,0.0947996264515457,-0.0923696237910085,-0.0895600545330901,0.0863824638005256,0.0828499089952241,-0.0789769061426104,-0.074779370242164,0.0702745498692684,0.0654809562971157,-0.0604182874299178,-0.0551073468599877,0.0495699583813208,0.0438288763109426,-0.0379076919865391,-0.0318307368245875,0.0256229823373523,0.0193099375195805,-0.0129175440265719,-0.00647206957435375,-3.6159191583694e-17,-0.00647206957435381,0.0129175440265719,0.0193099375195806,-0.0256229823373526,-0.0318307368245879,0.0379076919865386,0.043828876310944,-0.0495699583813219,-0.0551073468599886,0.0604182874299172,0.0654809562971168,-0.0702745498692689,-0.0747793702421647,0.0789769061426115,0.0828499089952235,-0.0863824638005246,-0.0895600545330899,0.0923696237910089,0.0947996264515455,-0.0968400771125377,-0.098482591124544,0.0997204190451683,0.100548474373975,-0.100963354453999,-0.100963354453999,0.100548474373976,0.0997204190451702,-0.098482591124545,-0.0968400771125389,0.0947996264515464,0.0923696237910095,-0.0895600545330914,-0.0863824638005254,0.0828499089952243,0.0789769061426107,-0.0747793702421643,-0.0702745498692684,0.0654809562971161,0.0604182874299173,-0.0551073468599878,-0.0495699583813213,0.0438288763109427,0.0379076919865386,-0.0318307368245875,-0.0256229823373523,0.0193099375195804,0.0129175440265722,-0.00647206957435411,-3.9589629890597e-16,-0.00647206957435324,-0.0129175440265715,0.0193099375195799,0.0256229823373517,-0.0318307368245873,-0.0379076919865384,0.0438288763109424,0.0495699583813206,-0.0551073468599867,-0.0604182874299172,0.0654809562971158,0.0702745498692686,-0.0747793702421645,-0.0789769061426109,0.0828499089952236,0.0863824638005248,-0.0895600545330916,-0.0923696237910093,0.0947996264515465,0.0968400771125385,-0.0984825911245444,-0.0997204190451678,0.100548474373975,0.100963354453999,-0.100963354453997,-0.100548474373975,0.0997204190451698,0.0984825911245449,-0.0968400771125373,-0.0947996264515476,0.0923696237910086,0.0895600545330897,-0.0863824638005274,-0.0828499089952265,0.0789769061426115,0.074779370242163,-0.0702745498692729,-0.0654809562971145,0.0604182874299162,0.0551073468599859,-0.0495699583813276,-0.043828876310939,0.0379076919865367,0.0318307368245882,-0.0256229823373509,-0.0193099375195782,0.0129175440265702,0.00647206957435267
0.00485550762957011,-0.00969979039562375,-0.0145216493840535,0.0193099375195786,0.0240535853353451,-0.0287416265630647,-0.0333632234846335,0.0379076919865327,0.0423645262591788,-0.046723423083963,-0.0509743056521093,0.0551073468599882,0.0591129920272214,-0.0629819809849961,-0.0667053694835453,0.0702745498692666,0.0736812709837377,-0.0769176572385565,-0.07997622682198,0.0828499089952274,0.0855320604384348,-0.0880164806086167,-0.090297426073878,0.0923696237910108,0.0942282832955859,-0.095869107776472,-0.0972883040090958,0.0984825911245403,0.0994492081942216,-0.100185920612501,-0.100691025262637,0.100963354453999,0.101002278621516,-0.100807707781092,-0.100380091737628,0.0997204190451687,0.0988302147216009,-0.0977115367231166,-0.0963669711867034,0.094799626451547,0.0930131258732416,-0.0910115994473937,-0.0887996742619762,0.0863824638005288,0.0837655561208878,-0.0809550009368718,-0.0779572956326347,0.0747793702421614,0.0714285714285704,-0.0679126455002189,-0.0642397205029666,0.060418287429916,0.0564571805921209,-0.0523655571955834,-0.0481528761718307,0.0438288763109441,0.0394035537476181,-0.0348871388523098,-0.0302900725808689,0.0256229823373519,0.0208966574058067,-0.0161220240078232,-0.011310120043521,0.00647206957435373,0.00161905710673172,0.00323769826409176,0.00808696879009586,-0.0129175440265717,-0.0177182567481984,0.0224780087652103,0.027185796579961,-0.0318307368245873,-0.036402091420959,0.0408892924047443,0.0452819663562182,-0.0495699583813217,-0.0537433555875373,0.0577925100003128,0.0617080608670527,-0.0654809562971161,-0.0691024741877874,0.0725642423878645,0.0758582580522182,-0.0789769061426105,-0.0819129770319875,0.0846596831715433,0.0872106747820381,-0.0895600545330916,-0.091702391176505,0.0936327321021163,0.0953466147871402,-0.0968400771125395,-0.0981096665225624,0.0991524480063051,0.099966010882799,-0.100548474373975,-0.100898491952617,0.101015254455221,0.100898491952617,-0.100548474373975,-0.0999660108827987,0.0991524480063054,0.0981096665225629,-0.0968400771125375,-0.0953466147871424,0.0936327321021174,0.0917023911765058,-0.0895600545330896,-0.0872106747820386,0.0846596831715431,0.0819129770319876,-0.078976906142611,-0.075858258052217,0.0725642423878633,0.0691024741877869,-0.065480956297116,-0.0617080608670522,0.0577925100003116,0.0537433555875362,-0.0495699583813204,-0.0452819663562176,0.0408892924047439,0.0364020914209588,-0.0318307368245876,-0.0271857965799612,0.0224780087652109,0.0177182567481993,-0.0129175440265719,-0.00808696879009638,0.00323769826409212,-0.00161905710673146,0.00647206957435381,0.0113101200435212,-0.0161220240078234,-0.0208966574058067,0.0256229823373523,0.0302900725808689,-0.0348871388523097,-0.0394035537476177,0.0438288763109422,0.0481528761718299,-0.0523655571955826,-0.0564571805921201,0.0604182874299166,0.0642397205029653,-0.0679126455002185,-0.0714285714285716,0.0747793702421634,0.0779572956326342,-0.0809550009368719,-0.0837655561208879,0.0863824638005261,0.0887996742619781,-0.0910115994473949,-0.0930131258732422,0.0947996264515454,0.0963669711867026,-0.097711536723116,-0.0988302147215999,0.0997204190451701,0.100380091737626,-0.100807707781091,-0.101002278621514,0.100963354453999,0.100691025262639,-0.100185920612503,-0.0994492081942231,0.0984825911245446,0.0972883040090933,-0.0958691077764722,-0.0942282832955871,0.0923696237910076,0.0902974260738773,-0.0880164806086181,-0.0855320604384393,0.082849908995223,0.0799762268219837,-0.0769176572385582,-0.0736812709837378,0.0702745498692699,0.0667053694835469,-0.0629819809849961,-0.0591129920272183,0.055107346859991,0.0509743056521076,-0.0467234230839599,-0.042364526259174,0.0379076919865437,0.0333632234846299,-0.0287416265630621,-0.024053585335345,0.0193099375195793,0.0145216493840513,-0.00969979039562354,-0.00485550762957055
0.00323769826409127,-0.0064720695743532,-0.0096997903956254,0.012917544026571,0.0161220240078241,-0.0193099375195812,-0.0224780087652112,0.0256229823373483,0.0287416265630663,-0.031830736824589,-0.0348871388523102,0.0379076919865393,0.0408892924047451,-0.0438288763109436,-0.0467234230839615,0.0495699583813198,0.0523655571955826,-0.0551073468599867,-0.0577925100003108,0.0604182874299203,0.0629819809849929,-0.0654809562971154,-0.0679126455002189,0.0702745498692704,0.0725642423878646,-0.074779370242164,-0.0769176572385586,0.0789769061426075,0.0809550009368706,-0.0828499089952228,-0.0846596831715425,0.0863824638005263,0.0880164806086183,-0.0895600545330919,-0.0910115994473968,0.0923696237910075,0.0936327321021184,-0.0947996264515472,-0.0958691077764736,0.0968400771125396,0.0977115367231149,-0.0984825911245427,-0.0991524480063027,0.0997204190451731,0.100185920612502,-0.100548474373975,-0.100807707781091,0.100963354453994,0.10101525445522,-0.100963354453999,-0.100807707781093,0.100548474373973,0.100185920612503,-0.09972041904517,-0.0991524480063052,0.0984825911245473,0.0977115367231173,-0.0968400771125397,-0.0958691077764731,0.0947996264515459,0.0936327321021179,-0.0923696237910078,-0.0910115994473936,0.0895600545330903,0.0880164806086167,-0.0863824638005248,-0.0846596831715424,0.0828499089952252,0.0809550009368706,-0.0789769061426108,-0.0769176572385586,0.0747793702421647,0.0725642423878656,-0.0702745498692693,-0.0679126455002191,0.0654809562971165,0.0629819809849962,-0.0604182874299177,-0.0577925100003117,0.0551073468599874,0.0523655571955826,-0.0495699583813207,-0.0467234230839609,0.0438288763109426,0.0408892924047434,-0.0379076919865386,-0.0348871388523095,0.0318307368245874,0.0287416265630637,-0.025622982337352,-0.0224780087652103,0.0193099375195804,0.0161220240078234,-0.0129175440265719,-0.00969979039562484,0.0064720695743537,0.00323769826409196,4.01067398407315e-17,0.00323769826409206,-0.00647206957435378,-0.00969979039562495,0.012917544026572,0.0161220240078237,-0.0193099375195803,-0.0224780087652112,0.0256229823373527,0.0287416265630644,-0.0318307368245873,-0.0348871388523103,0.037907691986539,0.040889292404744,-0.0438288763109435,-0.0467234230839609,0.0495699583813203,0.0523655571955826,-0.0551073468599878,-0.0577925100003116,0.0604182874299166,0.062981980984995,-0.0654809562971149,-0.067912645500218,0.0702745498692681,0.0725642423878646,-0.0747793702421641,-0.0769176572385579,0.0789769061426109,0.0809550009368718,-0.0828499089952238,-0.0846596831715442,0.086382463800526,0.0880164806086172,-0.0895600545330917,-0.0910115994473954,0.0923696237910085,0.093632732102117,-0.0947996264515468,-0.0958691077764724,0.0968400771125392,0.097711536723116,-0.0984825911245431,-0.0991524480063037,0.0997204190451687,0.100185920612501,-0.100548474373975,-0.100807707781091,0.100963354453999,0.101015254455222,-0.100963354453998,-0.100807707781091,0.100548474373976,0.100185920612502,-0.0997204190451702,-0.0991524480063049,0.098482591124544,0.0977115367231155,-0.0968400771125378,-0.0958691077764727,0.0947996264515467,0.0936327321021174,-0.092369623791009,-0.0910115994473958,0.0895600545330912,0.0880164806086168,-0.0863824638005265,-0.0846596831715445,0.0828499089952242,0.080955000936872,-0.0789769061426112,-0.0769176572385567,0.0747793702421643,0.0725642423878655,-0.070274549869268,-0.0679126455002183,0.0654809562971163,0.062981980984996,-0.060418287429917,-0.0577925100003134,0.0551073468599879,0.0523655571955827,-0.0495699583813221,-0.0467234230839628,0.0438288763109436,0.0408892924047431,-0.0379076919865412,-0.0348871388523091,0.0318307368245867,0.0287416265630629,-0.0256229823373556,-0.0224780087652086,0.0193099375195793,0.0161220240078239,-0.0129175440265712,-0.00969979039562373,0.00647206957435291,0.00323769826409149
0.00161905710673112,-0.00323769826409171,-0.00485550762957162,0.00647206957435323,0.00808696879009647,-0.00969979039562517,-0.0113101200435215,0.0129175440265699,0.0145216493840543,-0.0161220240078243,-0.0177182567481993,0.0193099375195806,0.0208966574058074,-0.022478008765211,-0.0240535853353448,0.0256229823373516,0.0271857965799605,-0.0287416265630634,-0.0302900725808682,0.0318307368245889,0.0333632234846317,-0.0348871388523095,-0.0364020914209587,0.0379076919865398,0.0394035537476177,-0.0408892924047434,-0.0423645262591756,0.043828876310941,0.0452819663562169,-0.0467234230839602,-0.04815287617183,0.0495699583813211,0.050974305652109,-0.0523655571955836,-0.0537433555875371,0.0551073468599868,0.0564571805921218,-0.0577925100003127,-0.0591129920272199,0.0604182874299179,0.0617080608670523,-0.0629819809849943,-0.0642397205029642,0.0654809562971181,0.066705369483544,-0.0679126455002183,-0.0691024741877883,0.0702745498692654,0.0714285714285704,-0.072564242387865,-0.0736812709837402,0.0747793702421628,0.075858258052218,-0.0769176572385581,-0.0779572956326348,0.0789769061426133,0.0799762268219838,-0.0809550009368729,-0.0819129770319884,0.0828499089952236,0.0837655561208894,-0.0846596831715426,-0.0855320604384367,0.086382463800525,0.0872106747820373,-0.0880164806086165,-0.088799674261977,0.0895600545330924,0.0902974260738761,-0.0910115994473953,-0.0917023911765058,0.0923696237910089,0.0930131258732439,-0.0936327321021182,-0.0942282832955871,0.0947996264515475,0.0953466147871427,-0.0958691077764733,-0.096366971186702,0.0968400771125389,0.0972883040090937,-0.0977115367231154,-0.0981096665225624,0.0984825911245438,0.0988302147215986,-0.0991524480063045,-0.0994492081942226,0.0997204190451699,0.0999660108827981,-0.100185920612502,-0.100380091737625,0.100548474373976,0.100691025262637,-0.100807707781091,-0.100898491952618,0.100963354453999,0.101002278621515,-0.101015254455221,-0.101002278621515,0.100963354453998,0.100898491952617,-0.100807707781091,-0.100691025262638,0.100548474373974,0.100380091737627,-0.100185920612503,-0.0999660108827993,0.0997204190451683,0.099449208194224,-0.0991524480063048,-0.0988302147215993,0.098482591124545,0.0981096665225616,-0.0977115367231142,-0.0972883040090933,0.0968400771125392,0.0963669711867015,-0.0958691077764714,-0.0953466147871408,0.0947996264515451,0.0942282832955855,-0.0936327321021165,-0.0930131258732426,0.0923696237910082,0.0917023911765051,-0.0910115994473955,-0.0902974260738777,0.0895600545330909,0.0887996742619789,-0.0880164806086177,-0.0872106747820378,0.0863824638005263,0.0855320604384383,-0.0846596831715432,-0.0837655561208885,0.0828499089952243,0.0819129770319876,-0.0809550009368724,-0.0799762268219826,0.0789769061426099,0.0779572956326336,-0.0769176572385573,-0.0758582580522171,0.0747793702421637,0.0736812709837389,-0.0725642423878649,-0.071428571428572,0.0702745498692678,0.0691024741877882,-0.0679126455002187,-0.0667053694835444,0.0654809562971162,0.0642397205029656,-0.0629819809849952,-0.0617080608670528,0.060418287429917,0.0591129920272195,-0.0577925100003125,-0.0564571805921214,0.0551073468599879,0.0537433555875367,-0.0523655571955834,-0.0509743056521083,0.0495699583813214,0.0481528761718313,-0.0467234230839611,-0.0452819663562178,0.0438288763109431,0.0423645262591746,-0.0408892924047436,-0.0394035537476182,0.0379076919865385,0.0364020914209584,-0.0348871388523099,-0.0333632234846334,0.0318307368245871,0.0302900725808696,-0.028741626563064,-0.0271857965799606,0.0256229823373528,0.0240535853353453,-0.0224780087652109,-0.0208966574058063,0.0193099375195816,0.0177182567481987,-0.0161220240078231,-0.0145216493840525,0.0129175440265736,0.0113101200435202,-0.00969979039562428,-0.0080869687900964,0.00647206957435342,0.00485550762957084,-0.00323769826409161,-0.00161905710673126
